kind,code,name,quarter,round,channel,field,a,b,detail
NONMONOTONIC,KR0001,메리츠화재해상보험,2023.2Q,61,법인대리점_홈쇼핑,유지율,6.2,3.5,37회차 3.5 -> 61회차 6.2 상승
COMPANY_SUM,KR0001,메리츠화재해상보험,2023.2Q,13,ALL,유지율,84.9,84.9,채널합 8열 Σ유지계약액=1.16681e+06 Σ대상신계약액=1.37435e+06 차이=-0.000
COMPANY_SUM,KR0001,메리츠화재해상보험,2023.2Q,25,ALL,유지율,68.054,68.05,채널합 8열 Σ유지계약액=1.16711e+06 Σ대상신계약액=1.71499e+06 차이=+0.004
COMPANY_SUM,KR0001,메리츠화재해상보험,2023.2Q,37,ALL,유지율,61.215,61.22,채널합 8열 Σ유지계약액=1.19301e+06 Σ대상신계약액=1.94887e+06 차이=-0.005
COMPANY_SUM,KR0001,메리츠화재해상보험,2023.2Q,61,ALL,유지율,49.277,49.28,채널합 8열 Σ유지계약액=578008 Σ대상신계약액=1.17298e+06 차이=-0.003
COMPANY_SUM,KR0001,메리츠화재해상보험,2023.4Q,13,ALL,유지율,84.705,84.71,채널합 8열 Σ유지계약액=1.16542e+06 Σ대상신계약액=1.37586e+06 차이=-0.005
COMPANY_SUM,KR0001,메리츠화재해상보험,2023.4Q,25,ALL,유지율,66.518,66.52,채널합 8열 Σ유지계약액=992903 Σ대상신계약액=1.49269e+06 차이=-0.002
COMPANY_SUM,KR0001,메리츠화재해상보험,2023.4Q,37,ALL,유지율,57.902,57.9,채널합 8열 Σ유지계약액=989951 Σ대상신계약액=1.70971e+06 차이=+0.002
COMPANY_SUM,KR0001,메리츠화재해상보험,2023.4Q,61,ALL,유지율,50.008,50.01,채널합 8열 Σ유지계약액=713806 Σ대상신계약액=1.42739e+06 차이=-0.002
COMPANY_SUM,KR0001,메리츠화재해상보험,2024.2Q,13,ALL,유지율,84.873,84.87,채널합 8열 Σ유지계약액=1.20512e+06 Σ대상신계약액=1.41991e+06 차이=+0.003
COMPANY_SUM,KR0001,메리츠화재해상보험,2024.2Q,25,ALL,유지율,64.818,64.82,채널합 7열 Σ유지계약액=860655 Σ대상신계약액=1.3278e+06 차이=-0.002
COMPANY_SUM,KR0001,메리츠화재해상보험,2024.2Q,37,ALL,유지율,57.012,57.01,채널합 8열 Σ유지계약액=965083 Σ대상신계약액=1.69276e+06 차이=+0.002
COMPANY_SUM,KR0001,메리츠화재해상보험,2024.2Q,61,ALL,유지율,50.028,50.03,채널합 8열 Σ유지계약액=837554 Σ대상신계약액=1.67416e+06 차이=-0.002
COMPANY_SUM,KR0001,메리츠화재해상보험,2024.4Q,13,ALL,유지율,84.371,84.37,채널합 8열 Σ유지계약액=1.14297e+06 Σ대상신계약액=1.35469e+06 차이=+0.001
COMPANY_SUM,KR0001,메리츠화재해상보험,2024.4Q,25,ALL,유지율,64.575,64.57,채널합 7열 Σ유지계약액=887966 Σ대상신계약액=1.3751e+06 차이=+0.005
COMPANY_SUM,KR0001,메리츠화재해상보험,2024.4Q,37,ALL,유지율,54.908,54.91,채널합 7열 Σ유지계약액=794860 Σ대상신계약액=1.44761e+06 차이=-0.002
COMPANY_SUM,KR0001,메리츠화재해상보험,2024.4Q,61,ALL,유지율,49.897,49.9,채널합 8열 Σ유지계약액=1.01034e+06 Σ대상신계약액=2.02483e+06 차이=-0.003
COMPANY_SUM,KR0001,메리츠화재해상보험,2025.2Q,13,ALL,유지율,84.018,84.02,채널합 9열 Σ유지계약액=1.15221e+06 Σ대상신계약액=1.37139e+06 차이=-0.002
COMPANY_SUM,KR0001,메리츠화재해상보험,2025.2Q,25,ALL,유지율,64.194,64.19,채널합 9열 Σ유지계약액=911113 Σ대상신계약액=1.41931e+06 차이=+0.004
COMPANY_SUM,KR0001,메리츠화재해상보험,2025.2Q,37,ALL,유지율,52.646,52.65,채널합 8열 Σ유지계약액=679609 Σ대상신계약액=1.29091e+06 차이=-0.004
COMPANY_SUM,KR0001,메리츠화재해상보험,2025.2Q,61,ALL,유지율,47.227,47.23,채널합 8열 Σ유지계약액=893694 Σ대상신계약액=1.89232e+06 차이=-0.003
NONMONOTONIC,KR0001,메리츠화재해상보험,2025.4Q,25,법인대리점_금융기관,유지율,78.78,69.51,13회차 69.51 -> 25회차 78.78 상승
NONMONOTONIC,KR0001,메리츠화재해상보험,2025.4Q,25,중개사,유지율,100.0,99.66,13회차 99.66 -> 25회차 100.0 상승
NONMONOTONIC,KR0001,메리츠화재해상보험,2025.4Q,61,중개사,유지율,100.0,0.0,37회차 0.0 -> 61회차 100.0 상승
COMPANY_SUM,KR0001,메리츠화재해상보험,2025.4Q,13,ALL,유지율,84.396,84.4,채널합 11열 Σ유지계약액=1.25107e+06 Σ대상신계약액=1.48238e+06 차이=-0.004
COMPANY_SUM,KR0001,메리츠화재해상보험,2025.4Q,25,ALL,유지율,64.463,64.46,채널합 11열 Σ유지계약액=872998 Σ대상신계약액=1.35425e+06 차이=+0.003
COMPANY_SUM,KR0001,메리츠화재해상보험,2025.4Q,37,ALL,유지율,52.198,52.2,채널합 11열 Σ유지계약액=701056 Σ대상신계약액=1.34306e+06 차이=-0.002
COMPANY_SUM,KR0001,메리츠화재해상보험,2025.4Q,61,ALL,유지율,43.693,43.69,채널합 11열 Σ유지계약액=730355 Σ대상신계약액=1.67154e+06 차이=+0.003
NONMONOTONIC,KR0001,메리츠화재해상보험,2026.2Q,37,법인대리점_금융기관,유지율,75.13,68.19,25회차 68.19 -> 37회차 75.13 상승
NONMONOTONIC,KR0001,메리츠화재해상보험,2026.2Q,25,중개사,유지율,100.0,98.88,13회차 98.88 -> 25회차 100.0 상승
COMPANY_SUM,KR0001,메리츠화재해상보험,2026.2Q,13,ALL,유지율,84.225,84.23,채널합 8열 Σ유지계약액=1.24601e+06 Σ대상신계약액=1.47938e+06 차이=-0.005
COMPANY_SUM,KR0001,메리츠화재해상보험,2026.2Q,25,ALL,유지율,65.986,65.99,채널합 8열 Σ유지계약액=904679 Σ대상신계약액=1.37102e+06 차이=-0.004
COMPANY_SUM,KR0001,메리츠화재해상보험,2026.2Q,37,ALL,유지율,51.739,51.74,채널합 8열 Σ유지계약액=717986 Σ대상신계약액=1.3877e+06 차이=-0.001
COMPANY_SUM,KR0001,메리츠화재해상보험,2026.2Q,61,ALL,유지율,43.131,43.13,채널합 8열 Σ유지계약액=712853 Σ대상신계약액=1.65278e+06 차이=+0.001
REPAIR,KR0002,한화손해보험,2023.2Q,37,법인대리점_기타,,,,"R:63,43->63.43"
REPAIR,KR0002,한화손해보험,2023.2Q,61,법인대리점_기타,,,,"D:wrap['1,204,6', '34']->1,204,634"
NONMONOTONIC,KR0002,한화손해보험,2023.2Q,37,법인대리점_TM,유지율,65.81,62.34,25회차 62.34 -> 37회차 65.81 상승
NONMONOTONIC,KR0002,한화손해보험,2023.2Q,25,직영_복합,유지율,88.59,86.75,13회차 86.75 -> 25회차 88.59 상승
COMPANY_SUM,KR0002,한화손해보험,2023.2Q,13,ALL,유지율,85.19,85.15,채널합 7열 Σ유지계약액=2.0363e+06 Σ대상신계약액=2.39031e+06 차이=+0.040
COMPANY_SUM,KR0002,한화손해보험,2023.2Q,25,ALL,유지율,63.183,64.93,채널합 7열 Σ유지계약액=1.2711e+06 Σ대상신계약액=2.01178e+06 차이=-1.747
COMPANY_SUM,KR0002,한화손해보험,2023.2Q,37,ALL,유지율,55.841,55.25,채널합 7열 Σ유지계약액=1.39594e+06 Σ대상신계약액=2.49985e+06 차이=+0.591
COMPANY_SUM,KR0002,한화손해보험,2023.2Q,61,ALL,유지율,44.223,46.77,채널합 7열 Σ유지계약액=1.1509e+06 Σ대상신계약액=2.6025e+06 차이=-2.547
MALFORMED,KR0002,한화손해보험,2023.4Q,61,설계사,,,,"[""대상신계약액='319,76'""]"
REPAIR,KR0002,한화손해보험,2023.4Q,61,직영_다이렉트,,,,"R:39,77->39.77"
NONMONOTONIC,KR0002,한화손해보험,2023.4Q,37,법인대리점_금융기관,유지율,72.33,53.27,25회차 53.27 -> 37회차 72.33 상승
COMPANY_SUM,KR0002,한화손해보험,2023.4Q,13,ALL,유지율,84.921,84.92,채널합 7열 Σ유지계약액=514426 Σ대상신계약액=605771 차이=+0.001
COMPANY_SUM,KR0002,한화손해보험,2023.4Q,25,ALL,유지율,66.382,66.4,채널합 7열 Σ유지계약액=380602 Σ대상신계약액=573347 차이=-0.018
COMPANY_SUM,KR0002,한화손해보험,2023.4Q,37,ALL,유지율,51.588,51.61,채널합 7열 Σ유지계약액=258080 Σ대상신계약액=500271 차이=-0.022
COMPANY_SUM,KR0002,한화손해보험,2023.4Q,61,ALL,유지율,49.557,44.2,채널합 6열 Σ유지계약액=167753 Σ대상신계약액=338507 차이=+5.357
NONMONOTONIC,KR0002,한화손해보험,2024.2Q,61,직영_임직원,유지율,95.55,84.53,37회차 84.53 -> 61회차 95.55 상승
NONMONOTONIC,KR0002,한화손해보험,2024.2Q,37,직영_복합,유지율,83.24,77.08,25회차 77.08 -> 37회차 83.24 상승
NONMONOTONIC,KR0002,한화손해보험,2024.2Q,61,직영_복합,유지율,84.75,83.24,37회차 83.24 -> 61회차 84.75 상승
COMPANY_SUM,KR0002,한화손해보험,2024.2Q,13,ALL,유지율,85.482,85.48,채널합 8열 Σ유지계약액=623961 Σ대상신계약액=729936 차이=+0.002
COMPANY_SUM,KR0002,한화손해보험,2024.2Q,25,ALL,유지율,66.11,66.11,채널합 8열 Σ유지계약액=385266 Σ대상신계약액=582764 차이=+0.000
COMPANY_SUM,KR0002,한화손해보험,2024.2Q,37,ALL,유지율,53.242,53.24,채널합 8열 Σ유지계약액=268638 Σ대상신계약액=504556 차이=+0.002
COMPANY_SUM,KR0002,한화손해보험,2024.2Q,61,ALL,유지율,43.147,43.15,채널합 8열 Σ유지계약액=272170 Σ대상신계약액=630803 차이=-0.003
NONMONOTONIC,KR0002,한화손해보험,2024.4Q,61,법인대리점_금융기관,유지율,35.97,35.41,37회차 35.41 -> 61회차 35.97 상승
NONMONOTONIC,KR0002,한화손해보험,2024.4Q,61,법인대리점_TM,유지율,51.95,51.93,37회차 51.93 -> 61회차 51.95 상승
NONMONOTONIC,KR0002,한화손해보험,2024.4Q,61,법인대리점_홈쇼핑,유지율,65.0,46.67,37회차 46.67 -> 61회차 65.0 상승
NONMONOTONIC,KR0002,한화손해보험,2024.4Q,37,직영_임직원,유지율,95.43,86.14,25회차 86.14 -> 37회차 95.43 상승
COMPANY_SUM,KR0002,한화손해보험,2024.4Q,13,ALL,유지율,86.351,86.35,채널합 9열 Σ유지계약액=732815 Σ대상신계약액=848647 차이=+0.001
COMPANY_SUM,KR0002,한화손해보험,2024.4Q,25,ALL,유지율,67.524,67.52,채널합 9열 Σ유지계약액=408820 Σ대상신계약액=605446 차이=+0.004
COMPANY_SUM,KR0002,한화손해보험,2024.4Q,37,ALL,유지율,54.937,54.94,채널합 8열 Σ유지계약액=292419 Σ대상신계약액=532280 차이=-0.003
COMPANY_SUM,KR0002,한화손해보험,2024.4Q,61,ALL,유지율,44.077,44.08,채널합 9열 Σ유지계약액=281082 Σ대상신계약액=637705 차이=-0.003
NONMONOTONIC,KR0002,한화손해보험,2025.2Q,61,법인대리점_금융기관,유지율,49.94,41.54,37회차 41.54 -> 61회차 49.94 상승
NONMONOTONIC,KR0002,한화손해보험,2025.2Q,61,법인대리점_TM,유지율,55.46,48.42,37회차 48.42 -> 61회차 55.46 상승
NONMONOTONIC,KR0002,한화손해보험,2025.2Q,61,법인대리점_홈쇼핑,유지율,69.8,49.45,37회차 49.45 -> 61회차 69.8 상승
NONMONOTONIC,KR0002,한화손해보험,2025.2Q,37,직영_임직원,유지율,97.46,67.37,25회차 67.37 -> 37회차 97.46 상승
COMPANY_SUM,KR0002,한화손해보험,2025.2Q,13,ALL,유지율,85.747,85.27,채널합 9열 Σ유지계약액=787823 Σ대상신계약액=918778 차이=+0.477
COMPANY_SUM,KR0002,한화손해보험,2025.2Q,25,ALL,유지율,69.675,70.84,채널합 9열 Σ유지계약액=497305 Σ대상신계약액=713745 차이=-1.165
COMPANY_SUM,KR0002,한화손해보험,2025.2Q,37,ALL,유지율,54.003,54.5,채널합 8열 Σ유지계약액=293346 Σ대상신계약액=543206 차이=-0.497
COMPANY_SUM,KR0002,한화손해보험,2025.2Q,61,ALL,유지율,41.137,39.71,채널합 9열 Σ유지계약액=230212 Σ대상신계약액=559617 차이=+1.427
NONMONOTONIC,KR0002,한화손해보험,2025.4Q,61,법인대리점_금융기관,유지율,68.55,64.57,37회차 64.57 -> 61회차 68.55 상승
COMPANY_SUM,KR0002,한화손해보험,2025.4Q,13,ALL,유지율,85.111,85.11,채널합 10열 Σ유지계약액=806259 Σ대상신계약액=947306 차이=+0.001
COMPANY_SUM,KR0002,한화손해보험,2025.4Q,25,ALL,유지율,71.073,71.07,채널합 10열 Σ유지계약액=603786 Σ대상신계약액=849527 차이=+0.003
COMPANY_SUM,KR0002,한화손해보험,2025.4Q,37,ALL,유지율,55.822,55.82,채널합 10열 Σ유지계약액=317346 Σ대상신계약액=568495 차이=+0.002
COMPANY_SUM,KR0002,한화손해보험,2025.4Q,61,ALL,유지율,37.612,37.61,채널합 10열 Σ유지계약액=178410 Σ대상신계약액=474338 차이=+0.002
NONMONOTONIC,KR0002,한화손해보험,2026.2Q,37,법인대리점_금융기관,유지율,87.02,72.58,25회차 72.58 -> 37회차 87.02 상승
NONMONOTONIC,KR0002,한화손해보험,2026.2Q,25,직영_임직원,유지율,96.69,83.16,13회차 83.16 -> 25회차 96.69 상승
NONMONOTONIC,KR0002,한화손해보험,2026.2Q,37,중개사,유지율,100.0,19.72,25회차 19.72 -> 37회차 100.0 상승
COMPANY_SUM,KR0002,한화손해보험,2026.2Q,13,ALL,유지율,85.621,85.62,채널합 11열 Σ유지계약액=856039 Σ대상신계약액=999803 차이=+0.001
COMPANY_SUM,KR0002,한화손해보험,2026.2Q,25,ALL,유지율,71.185,71.19,채널합 11열 Σ유지계약액=655444 Σ대상신계약액=920756 차이=-0.005
COMPANY_SUM,KR0002,한화손해보험,2026.2Q,37,ALL,유지율,59.638,59.64,채널합 11열 Σ유지계약액=411839 Σ대상신계약액=690560 차이=-0.002
COMPANY_SUM,KR0002,한화손해보험,2026.2Q,61,ALL,유지율,40.119,40.12,채널합 11열 Σ유지계약액=188191 Σ대상신계약액=469087 차이=-0.001
NONMONOTONIC,KR0003,롯데손해보험,2023.2Q,61,직영_복합,유지율,76.0,68.0,37회차 68.0 -> 61회차 76.0 상승
NONMONOTONIC,KR0003,롯데손해보험,2023.2Q,25,직영_다이렉트,유지율,92.0,90.0,13회차 90.0 -> 25회차 92.0 상승
COMPANY_SUM,KR0003,롯데손해보험,2023.2Q,13,ALL,유지율,88.167,88.17,채널합 6열 Σ유지계약액=221205 Σ대상신계약액=250893 차이=-0.003
COMPANY_SUM,KR0003,롯데손해보험,2023.2Q,25,ALL,유지율,82.168,82.17,채널합 6열 Σ유지계약액=319475 Σ대상신계약액=388809 차이=-0.002
COMPANY_SUM,KR0003,롯데손해보험,2023.2Q,37,ALL,유지율,74.459,74.46,채널합 7열 Σ유지계약액=262273 Σ대상신계약액=352238 차이=-0.001
COMPANY_SUM,KR0003,롯데손해보험,2023.2Q,61,ALL,유지율,55.468,55.47,채널합 7열 Σ유지계약액=160294 Σ대상신계약액=288984 차이=-0.002
NONMONOTONIC,KR0003,롯데손해보험,2023.4Q,37,법인대리점_기타,유지율,78.0,77.0,25회차 77.0 -> 37회차 78.0 상승
NONMONOTONIC,KR0003,롯데손해보험,2023.4Q,61,직영_복합,유지율,78.0,68.0,37회차 68.0 -> 61회차 78.0 상승
NONMONOTONIC,KR0003,롯데손해보험,2023.4Q,25,직영_다이렉트,유지율,90.0,85.0,13회차 85.0 -> 25회차 90.0 상승
NONMONOTONIC,KR0003,롯데손해보험,2023.4Q,37,법인대리점_홈쇼핑,유지율,71.0,70.0,25회차 70.0 -> 37회차 71.0 상승
COMPANY_SUM,KR0003,롯데손해보험,2023.4Q,13,ALL,유지율,88.382,88.38,채널합 6열 Σ유지계약액=257480 Σ대상신계약액=291327 차이=+0.002
COMPANY_SUM,KR0003,롯데손해보험,2023.4Q,25,ALL,유지율,76.638,76.64,채널합 6열 Σ유지계약액=212916 Σ대상신계약액=277822 차이=-0.002
COMPANY_SUM,KR0003,롯데손해보험,2023.4Q,37,ALL,유지율,76.64,76.64,채널합 6열 Σ유지계약액=320526 Σ대상신계약액=418222 차이=+0.000
COMPANY_SUM,KR0003,롯데손해보험,2023.4Q,61,ALL,유지율,58.649,58.65,채널합 7열 Σ유지계약액=103234 Σ대상신계약액=176020 차이=-0.001
NONMONOTONIC,KR0003,롯데손해보험,2024.2Q,37,설계사,유지율,67.67,67.44,25회차 67.44 -> 37회차 67.67 상승
NONMONOTONIC,KR0003,롯데손해보험,2024.2Q,37,개인대리점,유지율,76.84,75.82,25회차 75.82 -> 37회차 76.84 상승
NONMONOTONIC,KR0003,롯데손해보험,2024.2Q,37,법인대리점_TM,유지율,75.13,62.47,25회차 62.47 -> 37회차 75.13 상승
NONMONOTONIC,KR0003,롯데손해보험,2024.2Q,61,법인대리점_TM,유지율,79.39,75.13,37회차 75.13 -> 61회차 79.39 상승
NONMONOTONIC,KR0003,롯데손해보험,2024.2Q,37,법인대리점_기타,유지율,75.42,71.6,25회차 71.6 -> 37회차 75.42 상승
NONMONOTONIC,KR0003,롯데손해보험,2024.2Q,61,직영_임직원,유지율,65.02,61.64,37회차 61.64 -> 61회차 65.02 상승
NONMONOTONIC,KR0003,롯데손해보험,2024.2Q,37,직영_복합,유지율,83.01,78.41,25회차 78.41 -> 37회차 83.01 상승
NONMONOTONIC,KR0003,롯데손해보험,2024.2Q,37,직영_다이렉트,유지율,81.33,81.01,25회차 81.01 -> 37회차 81.33 상승
NONMONOTONIC,KR0003,롯데손해보험,2024.2Q,37,법인대리점_홈쇼핑,유지율,69.01,68.16,25회차 68.16 -> 37회차 69.01 상승
COMPANY_SUM,KR0003,롯데손해보험,2024.2Q,13,ALL,유지율,87.781,87.78,채널합 8열 Σ유지계약액=346975 Σ대상신계약액=395272 차이=+0.001
COMPANY_SUM,KR0003,롯데손해보험,2024.2Q,25,ALL,유지율,71.897,71.9,채널합 8열 Σ유지계약액=181556 Σ대상신계약액=252521 차이=-0.003
COMPANY_SUM,KR0003,롯데손해보험,2024.2Q,37,ALL,유지율,74.936,74.94,채널합 8열 Σ유지계약액=293074 Σ대상신계약액=391098 차이=-0.004
COMPANY_SUM,KR0003,롯데손해보험,2024.2Q,61,ALL,유지율,63.621,63.62,채널합 9열 Σ유지계약액=107209 Σ대상신계약액=168513 차이=+0.001
REPAIR,KR0003,롯데손해보험,2024.4Q,13,법인대리점_기타,,,,D:378.787->378787
REPAIR,KR0003,롯데손해보험,2024.4Q,25,법인대리점_기타,,,,M:174.934->174934
NONMONOTONIC,KR0003,롯데손해보험,2024.4Q,37,설계사,유지율,60.69,59.94,25회차 59.94 -> 37회차 60.69 상승
NONMONOTONIC,KR0003,롯데손해보험,2024.4Q,37,법인대리점_TM,유지율,72.17,60.41,25회차 60.41 -> 37회차 72.17 상승
NONMONOTONIC,KR0003,롯데손해보험,2024.4Q,61,법인대리점_TM,유지율,78.58,72.17,37회차 72.17 -> 61회차 78.58 상승
NONMONOTONIC,KR0003,롯데손해보험,2024.4Q,61,법인대리점_기타,유지율,68.74,66.9,37회차 66.9 -> 61회차 68.74 상승
NONMONOTONIC,KR0003,롯데손해보험,2024.4Q,37,직영_복합,유지율,79.82,60.8,25회차 60.8 -> 37회차 79.82 상승
COMPANY_SUM,KR0003,롯데손해보험,2024.4Q,13,ALL,유지율,85.71,85.71,채널합 7열 Σ유지계약액=418627 Σ대상신계약액=488424 차이=-0.000
COMPANY_SUM,KR0003,롯데손해보험,2024.4Q,25,ALL,유지율,70.124,70.12,채널합 8열 Σ유지계약액=248892 Σ대상신계약액=354930 차이=+0.004
COMPANY_SUM,KR0003,롯데손해보험,2024.4Q,37,ALL,유지율,67.089,67.09,채널합 8열 Σ유지계약액=186818 Σ대상신계약액=278463 차이=-0.001
COMPANY_SUM,KR0003,롯데손해보험,2024.4Q,61,ALL,유지율,65.219,65.22,채널합 9열 Σ유지계약액=180469 Σ대상신계약액=276714 차이=-0.001
NONMONOTONIC,KR0003,롯데손해보험,2025.2Q,37,설계사,유지율,54.05,53.43,25회차 53.43 -> 37회차 54.05 상승
NONMONOTONIC,KR0003,롯데손해보험,2025.2Q,61,법인대리점_TM,유지율,72.11,54.36,37회차 54.36 -> 61회차 72.11 상승
NONMONOTONIC,KR0003,롯데손해보험,2025.2Q,61,법인대리점_기타,유지율,66.34,59.58,37회차 59.58 -> 61회차 66.34 상승
NONMONOTONIC,KR0003,롯데손해보험,2025.2Q,25,직영_복합,유지율,54.8,43.27,13회차 43.27 -> 25회차 54.8 상승
NONMONOTONIC,KR0003,롯데손해보험,2025.2Q,37,직영_복합,유지율,68.0,54.8,25회차 54.8 -> 37회차 68.0 상승
COMPANY_SUM,KR0003,롯데손해보험,2025.2Q,13,ALL,유지율,81.844,81.84,채널합 7열 Σ유지계약액=407358 Σ대상신계약액=497726 차이=+0.004
COMPANY_SUM,KR0003,롯데손해보험,2025.2Q,25,ALL,유지율,67.417,67.42,채널합 8열 Σ유지계약액=301788 Σ대상신계약액=447645 차이=-0.003
COMPANY_SUM,KR0003,롯데손해보험,2025.2Q,37,ALL,유지율,60.291,60.29,채널합 8열 Σ유지계약액=151842 Σ대상신계약액=251849 차이=+0.001
COMPANY_SUM,KR0003,롯데손해보험,2025.2Q,61,ALL,유지율,64.319,64.32,채널합 9열 Σ유지계약액=215854 Σ대상신계약액=335601 차이=-0.001
NONMONOTONIC,KR0003,롯데손해보험,2025.4Q,61,설계사,유지율,52.52,49.28,37회차 49.28 -> 61회차 52.52 상승
NONMONOTONIC,KR0003,롯데손해보험,2025.4Q,61,법인대리점_TM,유지율,69.15,47.67,37회차 47.67 -> 61회차 69.15 상승
NONMONOTONIC,KR0003,롯데손해보험,2025.4Q,61,법인대리점_기타,유지율,66.18,57.89,37회차 57.89 -> 61회차 66.18 상승
NONMONOTONIC,KR0003,롯데손해보험,2025.4Q,25,직영_복합,유지율,45.46,39.11,13회차 39.11 -> 25회차 45.46 상승
NONMONOTONIC,KR0003,롯데손해보험,2025.4Q,37,직영_복합,유지율,48.68,45.46,25회차 45.46 -> 37회차 48.68 상승
NONMONOTONIC,KR0003,롯데손해보험,2025.4Q,61,직영_복합,유지율,70.03,48.68,37회차 48.68 -> 61회차 70.03 상승
NONMONOTONIC,KR0003,롯데손해보험,2025.4Q,37,직영_다이렉트,유지율,71.09,69.2,25회차 69.2 -> 37회차 71.09 상승
COMPANY_SUM,KR0003,롯데손해보험,2025.4Q,13,ALL,유지율,79.96,79.96,채널합 7열 Σ유지계약액=377460 Σ대상신계약액=472061 차이=+0.000
COMPANY_SUM,KR0003,롯데손해보험,2025.4Q,25,ALL,유지율,64.943,64.94,채널합 7열 Σ유지계약액=314695 Σ대상신계약액=484569 차이=+0.003
COMPANY_SUM,KR0003,롯데손해보험,2025.4Q,37,ALL,유지율,59.118,59.12,채널합 8열 Σ유지계약액=209135 Σ대상신계약액=353761 차이=-0.002
COMPANY_SUM,KR0003,롯데손해보험,2025.4Q,61,ALL,유지율,64.994,64.99,채널합 8열 Σ유지계약액=270566 Σ대상신계약액=416296 차이=+0.004
NONMONOTONIC,KR0003,롯데손해보험,2026.2Q,61,설계사,유지율,53.18,45.25,37회차 45.25 -> 61회차 53.18 상승
NONMONOTONIC,KR0003,롯데손해보험,2026.2Q,61,법인대리점_TM,유지율,66.82,49.59,37회차 49.59 -> 61회차 66.82 상승
NONMONOTONIC,KR0003,롯데손해보험,2026.2Q,61,법인대리점_기타,유지율,63.24,57.09,37회차 57.09 -> 61회차 63.24 상승
NONMONOTONIC,KR0003,롯데손해보험,2026.2Q,37,직영_복합,유지율,47.13,28.13,25회차 28.13 -> 37회차 47.13 상승
NONMONOTONIC,KR0003,롯데손해보험,2026.2Q,61,직영_복합,유지율,69.27,47.13,37회차 47.13 -> 61회차 69.27 상승
NONMONOTONIC,KR0004,예별손해보험,2023.2Q,37,직영_복합,유지율,92.3,84.5,25회차 84.5 -> 37회차 92.3 상승
NONMONOTONIC,KR0004,예별손해보험,2023.2Q,37,직영_다이렉트,유지율,85.0,83.3,25회차 83.3 -> 37회차 85.0 상승
NONMONOTONIC,KR0004,예별손해보험,2023.2Q,37,법인대리점_금융기관,유지율,83.7,33.8,25회차 33.8 -> 37회차 83.7 상승
COMPANY_SUM,KR0004,예별손해보험,2023.2Q,13,ALL,유지율,85.952,84.43,채널합 6열 Σ유지계약액=84876 Σ대상신계약액=98748 차이=+1.522
COMPANY_SUM,KR0004,예별손해보험,2023.2Q,25,ALL,유지율,72.935,70.58,채널합 7열 Σ유지계약액=109395 Σ대상신계약액=149989 차이=+2.355
COMPANY_SUM,KR0004,예별손해보험,2023.2Q,37,ALL,유지율,68.566,71.27,채널합 7열 Σ유지계약액=93973 Σ대상신계약액=137054 차이=-2.704
COMPANY_SUM,KR0004,예별손해보험,2023.2Q,61,ALL,유지율,45.864,48.34,채널합 7열 Σ유지계약액=54970 Σ대상신계약액=119854 차이=-2.476
NONMONOTONIC,KR0004,예별손해보험,2023.4Q,25,법인대리점_금융기관,유지율,34.45,0.0,13회차 0.0 -> 25회차 34.45 상승
NONMONOTONIC,KR0004,예별손해보험,2023.4Q,61,법인대리점_금융기관,유지율,27.46,23.97,37회차 23.97 -> 61회차 27.46 상승
NONMONOTONIC,KR0004,예별손해보험,2023.4Q,37,직영_복합,유지율,90.0,84.09,25회차 84.09 -> 37회차 90.0 상승
NONMONOTONIC,KR0004,예별손해보험,2023.4Q,37,직영_다이렉트,유지율,83.48,75.84,25회차 75.84 -> 37회차 83.48 상승
COMPANY_SUM,KR0004,예별손해보험,2023.4Q,13,ALL,유지율,84.345,84.34,채널합 8열 Σ유지계약액=62831 Σ대상신계약액=74493 차이=+0.005
COMPANY_SUM,KR0004,예별손해보험,2023.4Q,25,ALL,유지율,71.474,71.47,채널합 8열 Σ유지계약액=86819 Σ대상신계약액=121470 차이=+0.004
COMPANY_SUM,KR0004,예별손해보험,2023.4Q,37,ALL,유지율,69.046,69.05,채널합 8열 Σ유지계약액=107714 Σ대상신계약액=156003 차이=-0.004
COMPANY_SUM,KR0004,예별손해보험,2023.4Q,61,ALL,유지율,55.448,55.45,채널합 8열 Σ유지계약액=67701 Σ대상신계약액=122098 차이=-0.002
NONMONOTONIC,KR0004,예별손해보험,2024.2Q,61,법인대리점_TM,유지율,72.88,72.18,37회차 72.18 -> 61회차 72.88 상승
NONMONOTONIC,KR0004,예별손해보험,2024.2Q,61,직영_임직원,유지율,92.02,82.74,37회차 82.74 -> 61회차 92.02 상승
NONMONOTONIC,KR0004,예별손해보험,2024.2Q,37,직영_다이렉트,유지율,77.15,76.06,25회차 76.06 -> 37회차 77.15 상승
NONMONOTONIC,KR0004,예별손해보험,2024.2Q,61,직영_다이렉트,유지율,81.11,77.15,37회차 77.15 -> 61회차 81.11 상승
NONMONOTONIC,KR0004,예별손해보험,2024.2Q,61,법인대리점_금융기관,유지율,33.12,21.96,37회차 21.96 -> 61회차 33.12 상승
NONMONOTONIC,KR0004,예별손해보험,2024.4Q,61,법인대리점_TM,유지율,72.88,67.63,37회차 67.63 -> 61회차 72.88 상승
NONMONOTONIC,KR0004,예별손해보험,2024.4Q,61,직영_임직원,유지율,91.01,80.33,37회차 80.33 -> 61회차 91.01 상승
NONMONOTONIC,KR0004,예별손해보험,2024.4Q,61,직영_다이렉트,유지율,78.77,68.99,37회차 68.99 -> 61회차 78.77 상승
COMPANY_SUM,KR0004,예별손해보험,2024.4Q,13,ALL,유지율,86.47,86.47,채널합 6열 Σ유지계약액=53231 Σ대상신계약액=61560 차이=+0.000
COMPANY_SUM,KR0004,예별손해보험,2024.4Q,25,ALL,유지율,68.251,68.25,채널합 6열 Σ유지계약액=49246 Σ대상신계약액=72154 차이=+0.001
COMPANY_SUM,KR0004,예별손해보험,2024.4Q,37,ALL,유지율,63.857,63.86,채널합 6열 Σ유지계약액=70372 Σ대상신계약액=110202 차이=-0.003
COMPANY_SUM,KR0004,예별손해보험,2024.4Q,61,ALL,유지율,60.059,60.06,채널합 7열 Σ유지계약액=80557 Σ대상신계약액=134130 차이=-0.001
NONMONOTONIC,KR0004,예별손해보험,2025.2Q,61,법인대리점_TM,유지율,68.67,62.57,37회차 62.57 -> 61회차 68.67 상승
NONMONOTONIC,KR0004,예별손해보험,2025.2Q,61,직영_임직원,유지율,89.8,79.32,37회차 79.32 -> 61회차 89.8 상승
NONMONOTONIC,KR0004,예별손해보험,2025.2Q,61,직영_다이렉트,유지율,75.55,65.51,37회차 65.51 -> 61회차 75.55 상승
COMPANY_SUM,KR0004,예별손해보험,2025.2Q,13,ALL,유지율,84.011,84.01,채널합 6열 Σ유지계약액=51261 Σ대상신계약액=61017 차이=+0.001
COMPANY_SUM,KR0004,예별손해보험,2025.2Q,25,ALL,유지율,66.748,66.75,채널합 6열 Σ유지계약액=41207 Σ대상신계약액=61735 차이=-0.002
COMPANY_SUM,KR0004,예별손해보험,2025.2Q,37,ALL,유지율,57.927,57.93,채널합 6열 Σ유지계약액=49259 Σ대상신계약액=85037 차이=-0.003
COMPANY_SUM,KR0004,예별손해보험,2025.2Q,61,ALL,유지율,57.507,57.51,채널합 7열 Σ유지계약액=80284 Σ대상신계약액=139607 차이=-0.003
NONMONOTONIC,KR0004,예별손해보험,2025.4Q,61,법인대리점_TM,유지율,61.8,59.45,37회차 59.45 -> 61회차 61.8 상승
NONMONOTONIC,KR0004,예별손해보험,2025.4Q,61,직영_임직원,유지율,84.22,76.43,37회차 76.43 -> 61회차 84.22 상승
NONMONOTONIC,KR0004,예별손해보험,2025.4Q,37,직영_다이렉트,유지율,56.64,52.28,25회차 52.28 -> 37회차 56.64 상승
NONMONOTONIC,KR0004,예별손해보험,2025.4Q,61,직영_다이렉트,유지율,65.84,56.64,37회차 56.64 -> 61회차 65.84 상승
COMPANY_SUM,KR0004,예별손해보험,2025.4Q,13,ALL,유지율,79.425,79.43,채널합 6열 Σ유지계약액=38623 Σ대상신계약액=48628 차이=-0.005
COMPANY_SUM,KR0004,예별손해보험,2025.4Q,25,ALL,유지율,62.46,62.46,채널합 6열 Σ유지계약액=38389 Σ대상신계약액=61462 차이=-0.000
COMPANY_SUM,KR0004,예별손해보험,2025.4Q,37,ALL,유지율,55.657,55.66,채널합 6열 Σ유지계약액=39846 Σ대상신계약액=71592 차이=-0.003
COMPANY_SUM,KR0004,예별손해보험,2025.4Q,61,ALL,유지율,53.675,53.68,채널합 7열 Σ유지계약액=85734 Σ대상신계약액=159727 차이=-0.005
NONMONOTONIC,KR0004,예별손해보험,2026.2Q,61,직영_임직원,유지율,78.35,73.31,37회차 73.31 -> 61회차 78.35 상승
NONMONOTONIC,KR0004,예별손해보험,2026.2Q,37,직영_다이렉트,유지율,15.08,15.06,25회차 15.06 -> 37회차 15.08 상승
NONMONOTONIC,KR0004,예별손해보험,2026.2Q,61,직영_다이렉트,유지율,32.28,15.08,37회차 15.08 -> 61회차 32.28 상승
COMPANY_SUM,KR0004,예별손해보험,2026.2Q,13,ALL,유지율,75.629,75.67,채널합 6열 Σ유지계약액=21.04 Σ대상신계약액=27.82 차이=-0.041
COMPANY_SUM,KR0004,예별손해보험,2026.2Q,25,ALL,유지율,59.455,59.45,채널합 6열 Σ유지계약액=36.22 Σ대상신계약액=60.92 차이=+0.005
COMPANY_SUM,KR0004,예별손해보험,2026.2Q,37,ALL,유지율,52.851,52.86,채널합 6열 Σ유지계약액=32.35 Σ대상신계약액=61.21 차이=-0.009
COMPANY_SUM,KR0004,예별손해보험,2026.2Q,61,ALL,유지율,50.219,50.22,채널합 7열 Σ유지계약액=74.64 Σ대상신계약액=148.63 차이=-0.001
NONMONOTONIC,KR0005,흥국화재,2023.2Q,61,개인대리점,유지율,39.9,37.19,37회차 37.19 -> 61회차 39.9 상승
COMPANY_SUM,KR0005,흥국화재,2023.2Q,13,ALL,유지율,88.013,88.01,채널합 8열 Σ유지계약액=206792 Σ대상신계약액=234956 차이=+0.003
COMPANY_SUM,KR0005,흥국화재,2023.2Q,25,ALL,유지율,76.022,76.02,채널합 8열 Σ유지계약액=200587 Σ대상신계약액=263855 차이=+0.002
COMPANY_SUM,KR0005,흥국화재,2023.2Q,37,ALL,유지율,65.871,65.87,채널합 8열 Σ유지계약액=178296 Σ대상신계약액=270674 차이=+0.001
COMPANY_SUM,KR0005,흥국화재,2023.2Q,61,ALL,유지율,40.099,40.09,채널합 8열 Σ유지계약액=90899 Σ대상신계약액=226687 차이=+0.009
NONMONOTONIC,KR0005,흥국화재,2023.4Q,61,개인대리점,유지율,55.42,45.19,37회차 45.19 -> 61회차 55.42 상승
NONMONOTONIC,KR0005,흥국화재,2023.4Q,37,직영_복합,유지율,0.16,0.0,25회차 0.0 -> 37회차 0.16 상승
NONMONOTONIC,KR0005,흥국화재,2023.4Q,61,직영_복합,유지율,0.37,0.16,37회차 0.16 -> 61회차 0.37 상승
COMPANY_SUM,KR0005,흥국화재,2023.4Q,13,ALL,유지율,87.991,87.99,채널합 8열 Σ유지계약액=156187 Σ대상신계약액=177504 차이=+0.001
COMPANY_SUM,KR0005,흥국화재,2023.4Q,25,ALL,유지율,76.632,76.63,채널합 8열 Σ유지계약액=206917 Σ대상신계약액=270014 차이=+0.002
COMPANY_SUM,KR0005,흥국화재,2023.4Q,37,ALL,유지율,66.744,66.74,채널합 8열 Σ유지계약액=181152 Σ대상신계약액=271413 차이=+0.004
COMPANY_SUM,KR0005,흥국화재,2023.4Q,61,ALL,유지율,46.538,46.54,채널합 8열 Σ유지계약액=106581 Σ대상신계약액=229017 차이=-0.002
NONMONOTONIC,KR0005,흥국화재,2024.2Q,61,개인대리점,유지율,54.84,42.42,37회차 42.42 -> 61회차 54.84 상승
NONMONOTONIC,KR0005,흥국화재,2024.2Q,37,법인대리점_금융기관,유지율,48.66,46.89,25회차 46.89 -> 37회차 48.66 상승
COMPANY_SUM,KR0005,흥국화재,2024.2Q,13,ALL,유지율,87.562,87.56,채널합 7열 Σ유지계약액=176168 Σ대상신계약액=201192 차이=+0.002
COMPANY_SUM,KR0005,흥국화재,2024.2Q,25,ALL,유지율,73.757,73.76,채널합 7열 Σ유지계약액=158396 Σ대상신계약액=214754 차이=-0.003
COMPANY_SUM,KR0005,흥국화재,2024.2Q,37,ALL,유지율,69.337,69.33,채널합 7열 Σ유지계약액=187313 Σ대상신계약액=270149 차이=+0.007
COMPANY_SUM,KR0005,흥국화재,2024.2Q,61,ALL,유지율,52.301,52.22,채널합 7열 Σ유지계약액=118547 Σ대상신계약액=226664 차이=+0.081
NONMONOTONIC,KR0005,흥국화재,2024.4Q,61,개인대리점,유지율,53.78,44.77,37회차 44.77 -> 61회차 53.78 상승
NONMONOTONIC,KR0005,흥국화재,2024.4Q,37,법인대리점_TM,유지율,76.54,76.29,25회차 76.29 -> 37회차 76.54 상승
NONMONOTONIC,KR0005,흥국화재,2025.2Q,25,개인대리점,유지율,90.57,87.6,13회차 87.6 -> 25회차 90.57 상승
NONMONOTONIC,KR0005,흥국화재,2025.2Q,25,법인대리점_금융기관,유지율,61.27,0.0,13회차 0.0 -> 25회차 61.27 상승
COMPANY_SUM,KR0005,흥국화재,2025.2Q,13,ALL,유지율,84.725,85.52,채널합 11열 Σ유지계약액=96072 Σ대상신계약액=113393 차이=-0.795
COMPANY_SUM,KR0005,흥국화재,2025.2Q,25,ALL,유지율,71.111,72.31,채널합 11열 Σ유지계약액=78908 Σ대상신계약액=110965 차이=-1.199
COMPANY_SUM,KR0005,흥국화재,2025.2Q,37,ALL,유지율,64.874,65.22,채널합 11열 Σ유지계약액=54352 Σ대상신계약액=83781 차이=-0.346
COMPANY_SUM,KR0005,흥국화재,2025.2Q,61,ALL,유지율,56.714,56.71,채널합 11열 Σ유지계약액=78473 Σ대상신계약액=138366 차이=+0.004
NONMONOTONIC,KR0005,흥국화재,2025.4Q,25,법인대리점_금융기관,유지율,63.74,0.0,13회차 0.0 -> 25회차 63.74 상승
COMPANY_SUM,KR0005,흥국화재,2025.4Q,13,ALL,유지율,86.044,86.04,채널합 11열 Σ유지계약액=258358 Σ대상신계약액=300263 차이=+0.004
COMPANY_SUM,KR0005,흥국화재,2025.4Q,25,ALL,유지율,71.117,71.12,채널합 11열 Σ유지계약액=167131 Σ대상신계약액=235008 차이=-0.003
COMPANY_SUM,KR0005,흥국화재,2025.4Q,37,ALL,유지율,64.995,65.0,채널합 11열 Σ유지계약액=113835 Σ대상신계약액=175143 차이=-0.005
COMPANY_SUM,KR0005,흥국화재,2025.4Q,61,ALL,유지율,56.374,56.37,채널합 11열 Σ유지계약액=150963 Σ대상신계약액=267787 차이=+0.004
NONMONOTONIC,KR0005,흥국화재,2026.2Q,25,법인대리점_금융기관,유지율,68.65,0.0,13회차 0.0 -> 25회차 68.65 상승
NONMONOTONIC,KR0005,흥국화재,2026.2Q,61,법인대리점_TM,유지율,68.97,64.77,37회차 64.77 -> 61회차 68.97 상승
COMPANY_SUM,KR0005,흥국화재,2026.2Q,13,ALL,유지율,85.805,85.81,채널합 11열 Σ유지계약액=333150 Σ대상신계약액=388263 차이=-0.005
COMPANY_SUM,KR0005,흥국화재,2026.2Q,25,ALL,유지율,71.076,71.08,채널합 11열 Σ유지계약액=170952 Σ대상신계약액=240520 차이=-0.004
COMPANY_SUM,KR0005,흥국화재,2026.2Q,37,ALL,유지율,64.069,64.07,채널합 11열 Σ유지계약액=131384 Σ대상신계약액=205067 차이=-0.001
COMPANY_SUM,KR0005,흥국화재,2026.2Q,61,ALL,유지율,60.248,60.25,채널합 11열 Σ유지계약액=164532 Σ대상신계약액=273090 차이=-0.002
NONMONOTONIC,KR0008,삼성화재해상보험,2023.2Q,37,법인대리점_홈쇼핑,유지율,27.04,0.0,25회차 0.0 -> 37회차 27.04 상승
NONMONOTONIC,KR0008,삼성화재해상보험,2023.2Q,61,법인대리점_홈쇼핑,유지율,54.3,27.04,37회차 27.04 -> 61회차 54.3 상승
COMPANY_SUM,KR0008,삼성화재해상보험,2023.2Q,13,ALL,유지율,86.61,86.23,채널합 8열 Σ유지계약액=1.74956e+06 Σ대상신계약액=2.02004e+06 차이=+0.380
COMPANY_SUM,KR0008,삼성화재해상보험,2023.2Q,25,ALL,유지율,68.563,70.29,채널합 8열 Σ유지계약액=1.45998e+06 Σ대상신계약액=2.12941e+06 차이=-1.727
COMPANY_SUM,KR0008,삼성화재해상보험,2023.2Q,37,ALL,유지율,58.257,62.26,채널합 8열 Σ유지계약액=1.36261e+06 Σ대상신계약액=2.33894e+06 차이=-4.003
COMPANY_SUM,KR0008,삼성화재해상보험,2023.2Q,61,ALL,유지율,31.281,32.56,채널합 8열 Σ유지계약액=444304 Σ대상신계약액=1.42038e+06 차이=-1.279
NONMONOTONIC,KR0008,삼성화재해상보험,2023.4Q,37,법인대리점_금융기관,유지율,66.58,50.17,25회차 50.17 -> 37회차 66.58 상승
NONMONOTONIC,KR0008,삼성화재해상보험,2023.4Q,61,법인대리점_홈쇼핑,유지율,57.12,53.52,25회차 53.52 -> 61회차 57.12 상승
COMPANY_SUM,KR0008,삼성화재해상보험,2023.4Q,13,ALL,유지율,86.271,86.27,채널합 8열 Σ유지계약액=1.73548e+06 Σ대상신계약액=2.01166e+06 차이=+0.001
COMPANY_SUM,KR0008,삼성화재해상보험,2023.4Q,25,ALL,유지율,68.488,68.49,채널합 8열 Σ유지계약액=1.39872e+06 Σ대상신계약액=2.0423e+06 차이=-0.002
COMPANY_SUM,KR0008,삼성화재해상보험,2023.4Q,37,ALL,유지율,58.226,58.23,채널합 8열 Σ유지계약액=1.24782e+06 Σ대상신계약액=2.14308e+06 차이=-0.004
COMPANY_SUM,KR0008,삼성화재해상보험,2023.4Q,61,ALL,유지율,33.179,33.18,채널합 8열 Σ유지계약액=515267 Σ대상신계약액=1.55301e+06 차이=-0.001
NONMONOTONIC,KR0008,삼성화재해상보험,2024.2Q,37,법인대리점_금융기관,유지율,49.06,46.89,25회차 46.89 -> 37회차 49.06 상승
NONMONOTONIC,KR0008,삼성화재해상보험,2024.2Q,37,법인대리점_홈쇼핑,유지율,54.93,50.17,25회차 50.17 -> 37회차 54.93 상승
NONMONOTONIC,KR0008,삼성화재해상보험,2024.2Q,61,직영_임직원,유지율,82.07,81.68,37회차 81.68 -> 61회차 82.07 상승
COMPANY_SUM,KR0008,삼성화재해상보험,2024.2Q,13,ALL,유지율,87.037,87.65,채널합 10열 Σ유지계약액=1.80645e+06 Σ대상신계약액=2.0755e+06 차이=-0.613
COMPANY_SUM,KR0008,삼성화재해상보험,2024.2Q,25,ALL,유지율,66.032,66.56,채널합 10열 Σ유지계약액=1.28189e+06 Σ대상신계약액=1.9413e+06 차이=-0.528
COMPANY_SUM,KR0008,삼성화재해상보험,2024.2Q,37,ALL,유지율,58.027,60.61,채널합 9열 Σ유지계약액=1.20232e+06 Σ대상신계약액=2.07198e+06 차이=-2.583
COMPANY_SUM,KR0008,삼성화재해상보험,2024.2Q,61,ALL,유지율,38.457,42.12,채널합 9열 Σ유지계약액=652206 Σ대상신계약액=1.69593e+06 차이=-3.663
NONMONOTONIC,KR0008,삼성화재해상보험,2024.4Q,61,법인대리점_홈쇼핑,유지율,54.31,38.73,37회차 38.73 -> 61회차 54.31 상승
NONMONOTONIC,KR0008,삼성화재해상보험,2024.4Q,61,직영_임직원,유지율,81.15,80.36,37회차 80.36 -> 61회차 81.15 상승
COMPANY_SUM,KR0008,삼성화재해상보험,2024.4Q,13,ALL,유지율,88.236,88.24,채널합 10열 Σ유지계약액=1.98648e+06 Σ대상신계약액=2.25132e+06 차이=-0.004
COMPANY_SUM,KR0008,삼성화재해상보험,2024.4Q,25,ALL,유지율,67.191,67.19,채널합 9열 Σ유지계약액=1.32566e+06 Σ대상신계약액=1.97296e+06 차이=+0.001
COMPANY_SUM,KR0008,삼성화재해상보험,2024.4Q,37,ALL,유지율,57.071,57.07,채널합 10열 Σ유지계약액=1.1098e+06 Σ대상신계약액=1.94461e+06 차이=+0.001
COMPANY_SUM,KR0008,삼성화재해상보험,2024.4Q,61,ALL,유지율,43.924,43.92,채널합 8열 Σ유지계약액=867023 Σ대상신계약액=1.97392e+06 차이=+0.004
NONMONOTONIC,KR0008,삼성화재해상보험,2025.2Q,61,법인대리점_금융기관,유지율,54.36,33.84,37회차 33.84 -> 61회차 54.36 상승
NONMONOTONIC,KR0008,삼성화재해상보험,2025.2Q,61,법인대리점_홈쇼핑,유지율,64.71,37.62,37회차 37.62 -> 61회차 64.71 상승
COMPANY_SUM,KR0008,삼성화재해상보험,2025.2Q,13,ALL,유지율,88.919,88.92,채널합 10열 Σ유지계약액=2.21724e+06 Σ대상신계약액=2.49356e+06 차이=-0.001
COMPANY_SUM,KR0008,삼성화재해상보험,2025.2Q,25,ALL,유지율,69.045,69.05,채널합 10열 Σ유지계약액=1.40591e+06 Σ대상신계약액=2.03621e+06 차이=-0.005
COMPANY_SUM,KR0008,삼성화재해상보험,2025.2Q,37,ALL,유지율,53.82,53.82,채널합 10열 Σ유지계약액=993088 Σ대상신계약액=1.84521e+06 차이=-0.000
COMPANY_SUM,KR0008,삼성화재해상보험,2025.2Q,61,ALL,유지율,46.758,46.76,채널합 9열 Σ유지계약액=948777 Σ대상신계약액=2.02913e+06 차이=-0.002
NONMONOTONIC,KR0008,삼성화재해상보험,2025.4Q,61,법인대리점_금융기관,유지율,66.68,43.92,37회차 43.92 -> 61회차 66.68 상승
COMPANY_SUM,KR0008,삼성화재해상보험,2025.4Q,13,ALL,유지율,89.489,89.49,채널합 10열 Σ유지계약액=2.42337e+06 Σ대상신계약액=2.70802e+06 차이=-0.001
COMPANY_SUM,KR0008,삼성화재해상보험,2025.4Q,25,ALL,유지율,72.434,72.43,채널합 10열 Σ유지계약액=1.60183e+06 Σ대상신계약액=2.21144e+06 차이=+0.004
COMPANY_SUM,KR0008,삼성화재해상보험,2025.4Q,37,ALL,유지율,55.294,55.29,채널합 9열 Σ유지계약액=1.03965e+06 Σ대상신계약액=1.88022e+06 차이=+0.004
COMPANY_SUM,KR0008,삼성화재해상보험,2025.4Q,61,ALL,유지율,44.816,44.82,채널합 8열 Σ유지계약액=842718 Σ대상신계약액=1.88038e+06 차이=-0.004
COMPANY_SUM,KR0008,삼성화재해상보험,2026.2Q,13,ALL,유지율,89.512,89.51,채널합 11열 Σ유지계약액=2.43573e+06 Σ대상신계약액=2.72113e+06 차이=+0.002
COMPANY_SUM,KR0008,삼성화재해상보험,2026.2Q,25,ALL,유지율,75.28,75.28,채널합 10열 Σ유지계약액=1.84655e+06 Σ대상신계약액=2.45291e+06 차이=-0.000
COMPANY_SUM,KR0008,삼성화재해상보험,2026.2Q,37,ALL,유지율,58.306,58.31,채널합 10열 Σ유지계약액=1.13574e+06 Σ대상신계약액=1.94791e+06 차이=-0.004
COMPANY_SUM,KR0008,삼성화재해상보험,2026.2Q,61,ALL,유지율,44.658,44.66,채널합 10열 Σ유지계약액=819901 Σ대상신계약액=1.83594e+06 차이=-0.002
NONMONOTONIC,KR0009,현대해상,2023.2Q,37,법인대리점_금융기관,유지율,77.0,49.3,25회차 49.3 -> 37회차 77.0 상승
COMPANY_SUM,KR0009,현대해상,2023.2Q,13,ALL,유지율,88.136,88.14,채널합 8열 Σ유지계약액=1.50798e+06 Σ대상신계약액=1.71097e+06 차이=-0.004
COMPANY_SUM,KR0009,현대해상,2023.2Q,25,ALL,유지율,75.506,75.52,채널합 8열 Σ유지계약액=1.27396e+06 Σ대상신계약액=1.68723e+06 차이=-0.014
COMPANY_SUM,KR0009,현대해상,2023.2Q,37,ALL,유지율,65.717,65.57,채널합 8열 Σ유지계약액=941775 Σ대상신계약액=1.43308e+06 차이=+0.147
COMPANY_SUM,KR0009,현대해상,2023.2Q,61,ALL,유지율,44.301,44.31,채널합 8열 Σ유지계약액=401504 Σ대상신계약액=906301 차이=-0.009
NONMONOTONIC,KR0009,현대해상,2023.4Q,37,법인대리점_금융기관,유지율,73.98,49.58,25회차 49.58 -> 37회차 73.98 상승
NONMONOTONIC,KR0009,현대해상,2023.4Q,37,직영_다이렉트,유지율,85.43,84.75,25회차 84.75 -> 37회차 85.43 상승
COMPANY_SUM,KR0009,현대해상,2023.4Q,13,ALL,유지율,87.038,87.04,채널합 8열 Σ유지계약액=1.55462e+06 Σ대상신계약액=1.78614e+06 차이=-0.002
COMPANY_SUM,KR0009,현대해상,2023.4Q,25,ALL,유지율,75.562,75.56,채널합 8열 Σ유지계약액=1.31922e+06 Σ대상신계약액=1.74588e+06 차이=+0.002
COMPANY_SUM,KR0009,현대해상,2023.4Q,37,ALL,유지율,65.153,65.15,채널합 8열 Σ유지계약액=1.02012e+06 Σ대상신계약액=1.56573e+06 차이=+0.003
COMPANY_SUM,KR0009,현대해상,2023.4Q,61,ALL,유지율,45.517,45.52,채널합 8열 Σ유지계약액=463093 Σ대상신계약액=1.01741e+06 차이=-0.003
NONMONOTONIC,KR0009,현대해상,2024.2Q,61,법인대리점_금융기관,유지율,37.3,35.8,37회차 35.8 -> 61회차 37.3 상승
NONMONOTONIC,KR0009,현대해상,2024.2Q,37,직영_다이렉트,유지율,85.1,80.6,25회차 80.6 -> 37회차 85.1 상승
NONMONOTONIC,KR0009,현대해상,2024.2Q,61,중개사,유지율,100.0,0.0,37회차 0.0 -> 61회차 100.0 상승
COMPANY_SUM,KR0009,현대해상,2024.2Q,13,ALL,유지율,87.008,87.01,채널합 11열 Σ유지계약액=1.67697e+06 Σ대상신계약액=1.92737e+06 차이=-0.002
COMPANY_SUM,KR0009,현대해상,2024.2Q,25,ALL,유지율,73.143,73.14,채널합 11열 Σ유지계약액=1.17676e+06 Σ대상신계약액=1.60886e+06 차이=+0.003
COMPANY_SUM,KR0009,현대해상,2024.2Q,37,ALL,유지율,67.698,67.7,채널합 11열 Σ유지계약액=1.1761e+06 Σ대상신계약액=1.73727e+06 차이=-0.002
COMPANY_SUM,KR0009,현대해상,2024.2Q,61,ALL,유지율,49.168,49.17,채널합 11열 Σ유지계약액=557592 Σ대상신계약액=1.13405e+06 차이=-0.002
NONMONOTONIC,KR0009,현대해상,2024.4Q,61,법인대리점_금융기관,유지율,62.3,25.5,37회차 25.5 -> 61회차 62.3 상승
NONMONOTONIC,KR0009,현대해상,2024.4Q,61,직영_다이렉트,유지율,82.2,80.9,37회차 80.9 -> 61회차 82.2 상승
NONMONOTONIC,KR0009,현대해상,2024.4Q,61,중개사,유지율,85.8,0.0,37회차 0.0 -> 61회차 85.8 상승
COMPANY_SUM,KR0009,현대해상,2024.4Q,13,ALL,유지율,87.099,87.1,채널합 11열 Σ유지계약액=1.63987e+06 Σ대상신계약액=1.88278e+06 차이=-0.001
COMPANY_SUM,KR0009,현대해상,2024.4Q,25,ALL,유지율,73.317,73.32,채널합 11열 Σ유지계약액=1.20876e+06 Σ대상신계약액=1.64867e+06 차이=-0.003
COMPANY_SUM,KR0009,현대해상,2024.4Q,37,ALL,유지율,66.673,66.67,채널합 11열 Σ유지계약액=1.12337e+06 Σ대상신계약액=1.6849e+06 차이=+0.003
COMPANY_SUM,KR0009,현대해상,2024.4Q,61,ALL,유지율,54.115,54.12,채널합 11열 Σ유지계약액=685791 Σ대상신계약액=1.26728e+06 차이=-0.005
NONMONOTONIC,KR0009,현대해상,2025.2Q,61,법인대리점_금융기관,유지율,75.4,38.2,37회차 38.2 -> 61회차 75.4 상승
NONMONOTONIC,KR0009,현대해상,2025.2Q,61,중개사,유지율,81.8,0.0,37회차 0.0 -> 61회차 81.8 상승
COMPANY_SUM,KR0009,현대해상,2025.2Q,13,ALL,유지율,86.697,86.7,채널합 9열 Σ유지계약액=1.58321e+06 Σ대상신계약액=1.82614e+06 차이=-0.003
COMPANY_SUM,KR0009,현대해상,2025.2Q,25,ALL,유지율,73.392,73.39,채널합 9열 Σ유지계약액=1.30658e+06 Σ대상신계약액=1.78028e+06 차이=+0.002
COMPANY_SUM,KR0009,현대해상,2025.2Q,37,ALL,유지율,63.13,63.13,채널합 8열 Σ유지계약액=966782 Σ대상신계약액=1.53141e+06 차이=+0.000
COMPANY_SUM,KR0009,현대해상,2025.2Q,61,ALL,유지율,54.357,54.36,채널합 9열 Σ유지계약액=736201 Σ대상신계약액=1.35439e+06 차이=-0.003
NONMONOTONIC,KR0009,현대해상,2025.4Q,61,법인대리점_금융기관,유지율,76.2,47.3,37회차 47.3 -> 61회차 76.2 상승
NONMONOTONIC,KR0009,현대해상,2025.4Q,61,중개사,유지율,100.0,0.0,37회차 0.0 -> 61회차 100.0 상승
COMPANY_SUM,KR0009,현대해상,2025.4Q,13,ALL,유지율,86.758,86.76,채널합 11열 Σ유지계약액=1.52598e+06 Σ대상신계약액=1.7589e+06 차이=-0.002
COMPANY_SUM,KR0009,현대해상,2025.4Q,25,ALL,유지율,73.368,73.37,채널합 11열 Σ유지계약액=1.34812e+06 Σ대상신계약액=1.83748e+06 차이=-0.002
COMPANY_SUM,KR0009,현대해상,2025.4Q,37,ALL,유지율,63.154,63.15,채널합 11열 Σ유지계약액=997277 Σ대상신계약액=1.57912e+06 차이=+0.004
COMPANY_SUM,KR0009,현대해상,2025.4Q,61,ALL,유지율,53.955,53.95,채널합 11열 Σ유지계약액=794360 Σ대상신계약액=1.47228e+06 차이=+0.005
NONMONOTONIC,KR0009,현대해상,2026.2Q,61,직영_다이렉트,유지율,82.42,80.41,37회차 80.41 -> 61회차 82.42 상승
COMPANY_SUM,KR0009,현대해상,2026.2Q,13,ALL,유지율,87.205,87.21,채널합 11열 Σ유지계약액=1.43133e+06 Σ대상신계약액=1.64133e+06 차이=-0.005
COMPANY_SUM,KR0009,현대해상,2026.2Q,25,ALL,유지율,73.926,73.93,채널합 11열 Σ유지계약액=1.31613e+06 Σ대상신계약액=1.78035e+06 차이=-0.004
COMPANY_SUM,KR0009,현대해상,2026.2Q,37,ALL,유지율,63.387,63.39,채널합 11열 Σ유지계약액=1.09286e+06 Σ대상신계약액=1.72409e+06 차이=-0.003
COMPANY_SUM,KR0009,현대해상,2026.2Q,61,ALL,유지율,57.365,57.37,채널합 11열 Σ유지계약액=961128 Σ대상신계약액=1.67546e+06 차이=-0.005
NONMONOTONIC,KR0010,KB손해보험,2023.2Q,61,법인대리점_홈쇼핑,유지율,29.1,0.0,37회차 0.0 -> 61회차 29.1 상승
COMPANY_SUM,KR0010,KB손해보험,2023.2Q,13,ALL,유지율,88.854,88.11,채널합 8열 Σ유지계약액=1.16359e+06 Σ대상신계약액=1.30955e+06 차이=+0.744
COMPANY_SUM,KR0010,KB손해보험,2023.2Q,25,ALL,유지율,73.985,75.67,채널합 8열 Σ유지계약액=970101 Σ대상신계약액=1.31122e+06 차이=-1.685
COMPANY_SUM,KR0010,KB손해보험,2023.2Q,37,ALL,유지율,60.101,60.64,채널합 8열 Σ유지계약액=624742 Σ대상신계약액=1.03948e+06 차이=-0.539
COMPANY_SUM,KR0010,KB손해보험,2023.2Q,61,ALL,유지율,42.983,43.53,채널합 8열 Σ유지계약액=348533 Σ대상신계약액=810866 차이=-0.547
REPAIR,KR0010,KB손해보험,2023.4Q,37,개인대리점,,,,"R:67,00->67"
NONMONOTONIC,KR0010,KB손해보험,2023.4Q,61,법인대리점_홈쇼핑,유지율,28.05,0.0,37회차 0.0 -> 61회차 28.05 상승
COMPANY_SUM,KR0010,KB손해보험,2023.4Q,13,ALL,유지율,87.596,87.6,채널합 8열 Σ유지계약액=1.14261e+06 Σ대상신계약액=1.30442e+06 차이=-0.004
COMPANY_SUM,KR0010,KB손해보험,2023.4Q,25,ALL,유지율,74.578,74.58,채널합 8열 Σ유지계약액=1.01029e+06 Σ대상신계약액=1.35466e+06 차이=-0.002
COMPANY_SUM,KR0010,KB손해보험,2023.4Q,37,ALL,유지율,61.311,61.31,채널합 8열 Σ유지계약액=693447 Σ대상신계약액=1.13104e+06 차이=+0.001
COMPANY_SUM,KR0010,KB손해보험,2023.4Q,61,ALL,유지율,42.98,42.98,채널합 8열 Σ유지계약액=370507 Σ대상신계약액=862036 차이=+0.000
NONMONOTONIC,KR0010,KB손해보험,2024.2Q,61,법인대리점_홈쇼핑,유지율,28.05,0.0,37회차 0.0 -> 61회차 28.05 상승
NONMONOTONIC,KR0010,KB손해보험,2024.2Q,37,중개사,유지율,100.0,79.71,25회차 79.71 -> 37회차 100.0 상승
COMPANY_SUM,KR0010,KB손해보험,2024.2Q,13,ALL,유지율,87.596,87.8,채널합 11열 Σ유지계약액=1.14261e+06 Σ대상신계약액=1.30442e+06 차이=-0.204
COMPANY_SUM,KR0010,KB손해보험,2024.2Q,25,ALL,유지율,74.578,71.57,채널합 11열 Σ유지계약액=1.01029e+06 Σ대상신계약액=1.35466e+06 차이=+3.008
COMPANY_SUM,KR0010,KB손해보험,2024.2Q,37,ALL,유지율,61.311,65.43,채널합 11열 Σ유지계약액=693447 Σ대상신계약액=1.13104e+06 차이=-4.119
COMPANY_SUM,KR0010,KB손해보험,2024.2Q,61,ALL,유지율,42.98,47.11,채널합 11열 Σ유지계약액=370507 Σ대상신계약액=862036 차이=-4.130
COMPANY_SUM,KR0010,KB손해보험,2024.4Q,13,ALL,유지율,88.126,88.13,채널합 9열 Σ유지계약액=1.41006e+06 Σ대상신계약액=1.60004e+06 차이=-0.004
COMPANY_SUM,KR0010,KB손해보험,2024.4Q,25,ALL,유지율,70.179,70.18,채널합 9열 Σ유지계약액=898656 Σ대상신계약액=1.28052e+06 차이=-0.001
COMPANY_SUM,KR0010,KB손해보험,2024.4Q,37,ALL,유지율,64.579,64.58,채널합 9열 Σ유지계약액=819399 Σ대상신계약액=1.26883e+06 차이=-0.001
COMPANY_SUM,KR0010,KB손해보험,2024.4Q,61,ALL,유지율,49.136,49.14,채널합 9열 Σ유지계약액=485298 Σ대상신계약액=987661 차이=-0.004
COMPANY_SUM,KR0010,KB손해보험,2025.2Q,13,ALL,유지율,88.169,88.17,채널합 8열 Σ유지계약액=1.52654e+06 Σ대상신계약액=1.73139e+06 차이=-0.001
COMPANY_SUM,KR0010,KB손해보험,2025.2Q,25,ALL,유지율,69.925,69.93,채널합 8열 Σ유지계약액=978304 Σ대상신계약액=1.39907e+06 차이=-0.005
COMPANY_SUM,KR0010,KB손해보험,2025.2Q,37,ALL,유지율,59.605,59.6,채널합 7열 Σ유지계약액=690866 Σ대상신계약액=1.15908e+06 차이=+0.005
COMPANY_SUM,KR0010,KB손해보험,2025.2Q,61,ALL,유지율,47.111,47.11,채널합 8열 Σ유지계약액=451041 Σ대상신계약액=957401 차이=+0.001
NONMONOTONIC,KR0011,DB손해보험,2023.2Q,37,법인대리점_금융기관,유지율,74.5,54.29,25회차 54.29 -> 37회차 74.5 상승
COMPANY_SUM,KR0011,DB손해보험,2023.2Q,13,ALL,유지율,89.214,88.7,채널합 8열 Σ유지계약액=1.45462e+06 Σ대상신계약액=1.6305e+06 차이=+0.514
COMPANY_SUM,KR0011,DB손해보험,2023.2Q,25,ALL,유지율,76.35,77.42,채널합 8열 Σ유지계약액=1.29655e+06 Σ대상신계약액=1.69817e+06 차이=-1.070
COMPANY_SUM,KR0011,DB손해보험,2023.2Q,37,ALL,유지율,64.506,64.36,채널합 8열 Σ유지계약액=953995 Σ대상신계약액=1.47892e+06 차이=+0.146
COMPANY_SUM,KR0011,DB손해보험,2023.2Q,61,ALL,유지율,38.631,41.14,채널합 8열 Σ유지계약액=359601 Σ대상신계약액=930868 차이=-2.509
NONMONOTONIC,KR0011,DB손해보험,2023.4Q,37,법인대리점_금융기관,유지율,60.15,55.72,25회차 55.72 -> 37회차 60.15 상승
COMPANY_SUM,KR0011,DB손해보험,2023.4Q,13,ALL,유지율,88.905,88.89,채널합 8열 Σ유지계약액=1.57641e+06 Σ대상신계약액=1.77313e+06 차이=+0.015
COMPANY_SUM,KR0011,DB손해보험,2023.4Q,25,ALL,유지율,75.784,75.83,채널합 8열 Σ유지계약액=1.27985e+06 Σ대상신계약액=1.68882e+06 차이=-0.046
COMPANY_SUM,KR0011,DB손해보험,2023.4Q,37,ALL,유지율,63.175,63.27,채널합 8열 Σ유지계약액=973020 Σ대상신계약액=1.54021e+06 차이=-0.095
COMPANY_SUM,KR0011,DB손해보험,2023.4Q,61,ALL,유지율,42.421,42.46,채널합 8열 Σ유지계약액=435180 Σ대상신계약액=1.02585e+06 차이=-0.039
NONMONOTONIC,KR0011,DB손해보험,2024.2Q,25,중개사,유지율,77.72,6.67,13회차 6.67 -> 25회차 77.72 상승
NONMONOTONIC,KR0011,DB손해보험,2024.2Q,37,중개사,유지율,78.36,77.72,25회차 77.72 -> 37회차 78.36 상승
COMPANY_SUM,KR0011,DB손해보험,2024.2Q,13,ALL,유지율,88.989,88.84,채널합 11열 Σ유지계약액=1.71471e+06 Σ대상신계약액=1.92687e+06 차이=+0.149
COMPANY_SUM,KR0011,DB손해보험,2024.2Q,25,ALL,유지율,73.521,73.73,채널합 11열 Σ유지계약액=1.1515e+06 Σ대상신계약액=1.56621e+06 차이=-0.209
COMPANY_SUM,KR0011,DB손해보험,2024.2Q,37,ALL,유지율,65.527,67.29,채널합 11열 Σ유지계약액=1.10362e+06 Σ대상신계약액=1.68421e+06 차이=-1.763
COMPANY_SUM,KR0011,DB손해보험,2024.2Q,61,ALL,유지율,47.867,51.31,채널합 11열 Σ유지계약액=553809 Σ대상신계약액=1.15697e+06 차이=-3.443
NONMONOTONIC,KR0011,DB손해보험,2024.4Q,61,법인대리점_금융기관,유지율,55.85,37.3,37회차 37.3 -> 61회차 55.85 상승
NONMONOTONIC,KR0011,DB손해보험,2024.4Q,25,직영_임직원,유지율,79.52,77.22,13회차 77.22 -> 25회차 79.52 상승
NONMONOTONIC,KR0011,DB손해보험,2024.4Q,37,중개사,유지율,69.61,32.69,25회차 32.69 -> 37회차 69.61 상승
COMPANY_SUM,KR0011,DB손해보험,2024.4Q,13,ALL,유지율,88.498,88.5,채널합 11열 Σ유지계약액=1.75341e+06 Σ대상신계약액=1.98129e+06 차이=-0.002
COMPANY_SUM,KR0011,DB손해보험,2024.4Q,25,ALL,유지율,74.09,74.09,채널합 11열 Σ유지계약액=1.29816e+06 Σ대상신계약액=1.75213e+06 차이=+0.000
COMPANY_SUM,KR0011,DB손해보험,2024.4Q,37,ALL,유지율,64.029,64.03,채널합 11열 Σ유지계약액=1.03009e+06 Σ대상신계약액=1.60878e+06 차이=-0.001
COMPANY_SUM,KR0011,DB손해보험,2024.4Q,61,ALL,유지율,52.461,52.46,채널합 11열 Σ유지계약액=703892 Σ대상신계약액=1.34174e+06 차이=+0.001
NONMONOTONIC,KR0011,DB손해보험,2025.2Q,61,법인대리점_금융기관,유지율,64.68,37.31,37회차 37.31 -> 61회차 64.68 상승
NONMONOTONIC,KR0011,DB손해보험,2025.2Q,37,중개사,유지율,100.0,6.67,25회차 6.67 -> 37회차 100.0 상승
COMPANY_SUM,KR0011,DB손해보험,2025.2Q,13,ALL,유지율,88.094,88.0,채널합 11열 Σ유지계약액=1.81474e+06 Σ대상신계약액=2.06e+06 차이=+0.094
COMPANY_SUM,KR0011,DB손해보험,2025.2Q,25,ALL,유지율,73.846,73.3,채널합 11열 Σ유지계약액=1.40279e+06 Σ대상신계약액=1.89961e+06 차이=+0.546
COMPANY_SUM,KR0011,DB손해보험,2025.2Q,37,ALL,유지율,60.442,60.88,채널합 11열 Σ유지계약액=891190 Σ대상신계약액=1.47445e+06 차이=-0.438
COMPANY_SUM,KR0011,DB손해보험,2025.2Q,61,ALL,유지율,51.06,48.66,채널합 11열 Σ유지계약액=721564 Σ대상신계약액=1.41317e+06 차이=+2.400
IDENTITY_BREAK,KR0011,DB손해보험,2025.4Q,13,직영_임직원,유지율,76.09,55.342,[원문오기:RATE_INCONSISTENT] 유지계약액=202.0 대상신계약액=365.0 편차=20.7475 [text]
NONMONOTONIC,KR0011,DB손해보험,2025.4Q,61,법인대리점_금융기관,유지율,40.75,40.61,37회차 40.61 -> 61회차 40.75 상승
NONMONOTONIC,KR0011,DB손해보험,2025.4Q,61,중개사,유지율,87.25,32.69,37회차 32.69 -> 61회차 87.25 상승
COMPANY_SUM,KR0011,DB손해보험,2025.4Q,13,ALL,유지율,88.83,88.83,채널합 11열 Σ유지계약액=1.90523e+06 Σ대상신계약액=2.1448e+06 차이=+0.000
COMPANY_SUM,KR0011,DB손해보험,2025.4Q,25,ALL,유지율,73.626,73.63,채널합 11열 Σ유지계약액=1.44267e+06 Σ대상신계약액=1.95946e+06 차이=-0.004
COMPANY_SUM,KR0011,DB손해보험,2025.4Q,37,ALL,유지율,61.478,61.48,채널합 11열 Σ유지계약액=1.01889e+06 Σ대상신계약액=1.65733e+06 차이=-0.002
COMPANY_SUM,KR0011,DB손해보험,2025.4Q,61,ALL,유지율,49.041,49.04,채널합 11열 Σ유지계약액=720927 Σ대상신계약액=1.47004e+06 차이=+0.001
NONMONOTONIC,KR0011,DB손해보험,2026.2Q,61,중개사,유지율,82.3,6.67,37회차 6.67 -> 61회차 82.3 상승
NONMONOTONIC,KR0029,AIG손해보험,2023.2Q,61,법인대리점_홈쇼핑,유지율,52.22,36.23,37회차 36.23 -> 61회차 52.22 상승
COMPANY_SUM,KR0029,AIG손해보험,2023.2Q,13,ALL,유지율,72.328,71.66,채널합 4열 Σ유지계약액=75713 Σ대상신계약액=104680 차이=+0.668
COMPANY_SUM,KR0029,AIG손해보험,2023.2Q,25,ALL,유지율,57.867,58.57,채널합 4열 Σ유지계약액=56252 Σ대상신계약액=97209 차이=-0.703
COMPANY_SUM,KR0029,AIG손해보험,2023.2Q,37,ALL,유지율,50.122,48.78,채널합 4열 Σ유지계약액=36336 Σ대상신계약액=72495 차이=+1.342
COMPANY_SUM,KR0029,AIG손해보험,2023.2Q,61,ALL,유지율,44.547,42.04,채널합 4열 Σ유지계약액=48898 Σ대상신계약액=109767 차이=+2.507
NONMONOTONIC,KR0029,AIG손해보험,2023.4Q,61,법인대리점_홈쇼핑,유지율,53.38,39.29,37회차 39.29 -> 61회차 53.38 상승
COMPANY_SUM,KR0029,AIG손해보험,2023.4Q,13,ALL,유지율,69.731,69.73,채널합 4열 Σ유지계약액=61540 Σ대상신계약액=88254 차이=+0.001
COMPANY_SUM,KR0029,AIG손해보험,2023.4Q,25,ALL,유지율,57.461,57.46,채널합 4열 Σ유지계약액=62657 Σ대상신계약액=109042 차이=+0.001
COMPANY_SUM,KR0029,AIG손해보험,2023.4Q,37,ALL,유지율,48.028,48.03,채널합 4열 Σ유지계약액=40630 Σ대상신계약액=84596 차이=-0.002
COMPANY_SUM,KR0029,AIG손해보험,2023.4Q,61,ALL,유지율,39.513,39.51,채널합 4열 Σ유지계약액=48550 Σ대상신계약액=122870 차이=+0.003
COMPANY_SUM,KR0029,AIG손해보험,2024.2Q,13,ALL,유지율,66.731,66.73,채널합 5열 Σ유지계약액=50471 Σ대상신계약액=75633 차이=+0.001
COMPANY_SUM,KR0029,AIG손해보험,2024.2Q,25,ALL,유지율,56.072,56.07,채널합 6열 Σ유지계약액=58669.5 Σ대상신계약액=104632 차이=+0.002
COMPANY_SUM,KR0029,AIG손해보험,2024.2Q,37,ALL,유지율,47.993,47.99,채널합 4열 Σ유지계약액=46638 Σ대상신계약액=97176 차이=+0.003
COMPANY_SUM,KR0029,AIG손해보험,2024.2Q,61,ALL,유지율,38.762,38.76,채널합 4열 Σ유지계약액=46640.8 Σ대상신계약액=120325 차이=+0.002
COMPANY_SUM,KR0029,AIG손해보험,2024.4Q,13,ALL,유지율,62.872,62.87,채널합 5열 Σ유지계약액=43665 Σ대상신계약액=69451 차이=+0.002
COMPANY_SUM,KR0029,AIG손해보험,2024.4Q,25,ALL,유지율,53.888,53.89,채널합 5열 Σ유지계약액=50512 Σ대상신계약액=93735 차이=-0.002
COMPANY_SUM,KR0029,AIG손해보험,2024.4Q,37,ALL,유지율,46.88,46.88,채널합 6열 Σ유지계약액=49499 Σ대상신계약액=105586 차이=+0.000
COMPANY_SUM,KR0029,AIG손해보험,2024.4Q,61,ALL,유지율,39.419,39.42,채널합 4열 Σ유지계약액=35379 Σ대상신계약액=89751 차이=-0.001
NONMONOTONIC,KR0029,AIG손해보험,2025.2Q,37,개인대리점,유지율,100.0,0.0,25회차 0.0 -> 37회차 100.0 상승
NONMONOTONIC,KR0029,AIG손해보험,2025.2Q,25,법인대리점_홈쇼핑,유지율,44.16,0.0,13회차 0.0 -> 25회차 44.16 상승
COMPANY_SUM,KR0029,AIG손해보험,2025.2Q,13,ALL,유지율,61.369,61.37,채널합 11열 Σ유지계약액=41282 Σ대상신계약액=67268 차이=-0.001
COMPANY_SUM,KR0029,AIG손해보험,2025.2Q,25,ALL,유지율,49.855,49.86,채널합 11열 Σ유지계약액=37697 Σ대상신계약액=75613 차이=-0.005
COMPANY_SUM,KR0029,AIG손해보험,2025.2Q,37,ALL,유지율,45.104,45.1,채널합 11열 Σ유지계약액=47175.5 Σ대상신계약액=104594 차이=+0.004
COMPANY_SUM,KR0029,AIG손해보험,2025.2Q,61,ALL,유지율,37.786,37.79,채널합 11열 Σ유지계약액=27370 Σ대상신계약액=72434 차이=-0.004
NONMONOTONIC,KR0029,AIG손해보험,2025.4Q,25,개인대리점,유지율,100.0,0.0,13회차 0.0 -> 25회차 100.0 상승
NONMONOTONIC,KR0029,AIG손해보험,2025.4Q,37,법인대리점_홈쇼핑,유지율,35.84,0.0,25회차 0.0 -> 37회차 35.84 상승
NONMONOTONIC,KR0029,AIG손해보험,2025.4Q,37,직영_다이렉트,유지율,50.9,48.63,25회차 48.63 -> 37회차 50.9 상승
COMPANY_SUM,KR0029,AIG손해보험,2025.4Q,13,ALL,유지율,60.821,60.82,채널합 11열 Σ유지계약액=34450 Σ대상신계약액=56642 차이=+0.001
COMPANY_SUM,KR0029,AIG손해보험,2025.4Q,25,ALL,유지율,46.028,46.03,채널합 11열 Σ유지계약액=31959.6 Σ대상신계약액=69435.6 차이=-0.002
COMPANY_SUM,KR0029,AIG손해보험,2025.4Q,37,ALL,유지율,43.345,43.35,채널합 11열 Σ유지계약액=40616 Σ대상신계약액=93703 차이=-0.005
COMPANY_SUM,KR0029,AIG손해보험,2025.4Q,61,ALL,유지율,35.273,35.27,채널합 11열 Σ유지계약액=29056 Σ대상신계약액=82375 차이=+0.003
NONMONOTONIC,KR0029,AIG손해보험,2026.2Q,25,개인대리점,유지율,100.0,0.0,13회차 0.0 -> 25회차 100.0 상승
NONMONOTONIC,KR0029,AIG손해보험,2026.2Q,37,법인대리점_TM,유지율,46.8,45.65,25회차 45.65 -> 37회차 46.8 상승
NONMONOTONIC,KR0029,AIG손해보험,2026.2Q,37,법인대리점_홈쇼핑,유지율,35.26,0.0,25회차 0.0 -> 37회차 35.26 상승
NONMONOTONIC,KR0029,AIG손해보험,2026.2Q,61,직영_다이렉트,유지율,45.06,45.01,37회차 45.01 -> 61회차 45.06 상승
NONMONOTONIC,KR0032,NH농협손해보험,2023.4Q,37,설계사,유지율,73.4,67.29,25회차 67.29 -> 37회차 73.4 상승
NONMONOTONIC,KR0032,NH농협손해보험,2023.4Q,37,법인대리점_금융기관,유지율,79.41,72.28,25회차 72.28 -> 37회차 79.41 상승
NONMONOTONIC,KR0032,NH농협손해보험,2023.4Q,37,법인대리점_기타,유지율,84.44,84.1,25회차 84.1 -> 37회차 84.44 상승
NONMONOTONIC,KR0032,NH농협손해보험,2023.4Q,37,직영_다이렉트,유지율,88.2,86.73,25회차 86.73 -> 37회차 88.2 상승
COMPANY_SUM,KR0032,NH농협손해보험,2023.4Q,13,ALL,유지율,81.018,81.02,채널합 6열 Σ유지계약액=300501 Σ대상신계약액=370905 차이=-0.002
COMPANY_SUM,KR0032,NH농협손해보험,2023.4Q,25,ALL,유지율,74.695,74.7,채널합 6열 Σ유지계약액=277777 Σ대상신계약액=371880 차이=-0.005
COMPANY_SUM,KR0032,NH농협손해보험,2023.4Q,37,ALL,유지율,80.626,80.63,채널합 6열 Σ유지계약액=447990 Σ대상신계약액=555639 차이=-0.004
COMPANY_SUM,KR0032,NH농협손해보험,2023.4Q,61,ALL,유지율,58.034,58.03,채널합 7열 Σ유지계약액=162619 Σ대상신계약액=280214 차이=+0.004
NONMONOTONIC,KR0032,NH농협손해보험,2024.2Q,37,설계사,유지율,69.4,67.0,25회차 67.0 -> 37회차 69.4 상승
NONMONOTONIC,KR0032,NH농협손해보험,2024.2Q,37,법인대리점_금융기관,유지율,72.7,70.2,25회차 70.2 -> 37회차 72.7 상승
NONMONOTONIC,KR0032,NH농협손해보험,2024.2Q,37,법인대리점_TM,유지율,85.3,81.8,25회차 81.8 -> 37회차 85.3 상승
NONMONOTONIC,KR0032,NH농협손해보험,2024.2Q,37,법인대리점_기타,유지율,82.0,81.7,25회차 81.7 -> 37회차 82.0 상승
NONMONOTONIC,KR0032,NH농협손해보험,2024.2Q,25,직영_복합,유지율,78.6,69.9,13회차 69.9 -> 25회차 78.6 상승
NONMONOTONIC,KR0032,NH농협손해보험,2024.2Q,61,직영_다이렉트,유지율,86.4,85.9,37회차 85.9 -> 61회차 86.4 상승
COMPANY_SUM,KR0032,NH농협손해보험,2024.2Q,13,ALL,유지율,81.584,81.58,채널합 7열 Σ유지계약액=281862 Σ대상신계약액=345488 차이=+0.004
COMPANY_SUM,KR0032,NH농협손해보험,2024.2Q,25,ALL,유지율,72.811,72.81,채널합 6열 Σ유지계약액=272811 Σ대상신계약액=374682 차이=+0.001
COMPANY_SUM,KR0032,NH농협손해보험,2024.2Q,37,ALL,유지율,75.037,75.04,채널합 7열 Σ유지계약액=311166 Σ대상신계약액=414682 차이=-0.003
COMPANY_SUM,KR0032,NH농협손해보험,2024.2Q,61,ALL,유지율,60.659,60.66,채널합 6열 Σ유지계약액=171914 Σ대상신계약액=283410 차이=-0.001
NONMONOTONIC,KR0032,NH농협손해보험,2024.4Q,37,법인대리점_TM,유지율,81.7,78.8,25회차 78.8 -> 37회차 81.7 상승
NONMONOTONIC,KR0032,NH농협손해보험,2024.4Q,25,직영_복합,유지율,67.3,65.3,13회차 65.3 -> 25회차 67.3 상승
NONMONOTONIC,KR0032,NH농협손해보험,2024.4Q,61,직영_다이렉트,유지율,86.0,82.8,37회차 82.8 -> 61회차 86.0 상승
COMPANY_SUM,KR0032,NH농협손해보험,2024.4Q,13,ALL,유지율,82.775,82.78,채널합 6열 Σ유지계약액=304600 Σ대상신계약액=367985 차이=-0.005
COMPANY_SUM,KR0032,NH농협손해보험,2024.4Q,25,ALL,유지율,71.57,71.57,채널합 6열 Σ유지계약액=264466 Σ대상신계약액=369522 차이=-0.000
COMPANY_SUM,KR0032,NH농협손해보험,2024.4Q,37,ALL,유지율,69.083,69.08,채널합 6열 Σ유지계약액=239929 Σ대상신계약액=347304 차이=+0.003
COMPANY_SUM,KR0032,NH농협손해보험,2024.4Q,61,ALL,유지율,62.853,62.85,채널합 6열 Σ유지계약액=180649 Σ대상신계약액=287415 차이=+0.003
NONMONOTONIC,KR0032,NH농협손해보험,2025.2Q,61,설계사,유지율,62.1,61.1,37회차 61.1 -> 61회차 62.1 상승
NONMONOTONIC,KR0032,NH농협손해보험,2025.2Q,61,법인대리점_금융기관,유지율,71.1,65.4,37회차 65.4 -> 61회차 71.1 상승
NONMONOTONIC,KR0032,NH농협손해보험,2025.2Q,61,법인대리점_TM,유지율,77.2,74.8,37회차 74.8 -> 61회차 77.2 상승
NONMONOTONIC,KR0032,NH농협손해보험,2025.2Q,37,법인대리점_기타,유지율,74.8,73.4,25회차 73.4 -> 37회차 74.8 상승
NONMONOTONIC,KR0032,NH농협손해보험,2025.2Q,61,법인대리점_기타,유지율,77.1,74.8,37회차 74.8 -> 61회차 77.1 상승
NONMONOTONIC,KR0032,NH농협손해보험,2025.2Q,37,직영_복합,유지율,64.6,59.7,25회차 59.7 -> 37회차 64.6 상승
NONMONOTONIC,KR0032,NH농협손해보험,2025.2Q,61,직영_다이렉트,유지율,84.3,82.2,37회차 82.2 -> 61회차 84.3 상승
COMPANY_SUM,KR0032,NH농협손해보험,2025.2Q,13,ALL,유지율,84.299,84.3,채널합 11열 Σ유지계약액=352552 Σ대상신계약액=418217 차이=-0.001
COMPANY_SUM,KR0032,NH농협손해보험,2025.2Q,25,ALL,유지율,71.414,71.41,채널합 11열 Σ유지계약액=245979 Σ대상신계약액=344441 차이=+0.004
COMPANY_SUM,KR0032,NH농협손해보험,2025.2Q,37,ALL,유지율,67.614,67.61,채널합 11열 Σ유지계약액=234718 Σ대상신계약액=347145 차이=+0.004
COMPANY_SUM,KR0032,NH농협손해보험,2025.2Q,61,ALL,유지율,72.549,72.55,채널합 11열 Σ유지계약액=327707 Σ대상신계약액=451706 차이=-0.001
NONMONOTONIC,KR0032,NH농협손해보험,2025.4Q,61,설계사,유지율,65.59,57.62,37회차 57.62 -> 61회차 65.59 상승
NONMONOTONIC,KR0032,NH농협손해보험,2025.4Q,61,법인대리점_금융기관,유지율,75.3,65.08,37회차 65.08 -> 61회차 75.3 상승
NONMONOTONIC,KR0032,NH농협손해보험,2025.4Q,61,법인대리점_TM,유지율,79.48,71.11,37회차 71.11 -> 61회차 79.48 상승
NONMONOTONIC,KR0032,NH농협손해보험,2025.4Q,61,법인대리점_기타,유지율,77.46,70.19,37회차 70.19 -> 61회차 77.46 상승
NONMONOTONIC,KR0032,NH농협손해보험,2025.4Q,37,직영_복합,유지율,61.52,59.32,25회차 59.32 -> 37회차 61.52 상승
NONMONOTONIC,KR0032,NH농협손해보험,2025.4Q,61,직영_복합,유지율,69.49,61.52,37회차 61.52 -> 61회차 69.49 상승
NONMONOTONIC,KR0032,NH농협손해보험,2025.4Q,61,직영_다이렉트,유지율,86.7,82.53,37회차 82.53 -> 61회차 86.7 상승
COMPANY_SUM,KR0032,NH농협손해보험,2025.4Q,13,ALL,유지율,85.627,85.63,채널합 11열 Σ유지계약액=326043 Σ대상신계약액=380770 차이=-0.003
COMPANY_SUM,KR0032,NH농협손해보험,2025.4Q,25,ALL,유지율,71.642,71.64,채널합 11열 Σ유지계약액=263102 Σ대상신계약액=367247 차이=+0.002
COMPANY_SUM,KR0032,NH농협손해보험,2025.4Q,37,ALL,유지율,66.191,66.19,채널합 11열 Σ유지계약액=224477 Σ대상신계약액=339134 차이=+0.001
COMPANY_SUM,KR0032,NH농협손해보험,2025.4Q,61,ALL,유지율,75.621,75.62,채널합 11열 Σ유지계약액=389944 Σ대상신계약액=515653 차이=+0.001
NONMONOTONIC,KR0032,NH농협손해보험,2026.2Q,61,설계사,유지율,62.19,57.47,37회차 57.47 -> 61회차 62.19 상승
NONMONOTONIC,KR0032,NH농협손해보험,2026.2Q,61,법인대리점_금융기관,유지율,67.16,66.16,37회차 66.16 -> 61회차 67.16 상승
NONMONOTONIC,KR0032,NH농협손해보험,2026.2Q,61,법인대리점_TM,유지율,78.8,68.38,37회차 68.38 -> 61회차 78.8 상승
NONMONOTONIC,KR0032,NH농협손해보험,2026.2Q,61,법인대리점_기타,유지율,74.77,64.55,37회차 64.55 -> 61회차 74.77 상승
NONMONOTONIC,KR0032,NH농협손해보험,2026.2Q,61,직영_복합,유지율,69.19,51.17,37회차 51.17 -> 61회차 69.19 상승
NONMONOTONIC,KR0032,NH농협손해보험,2026.2Q,37,직영_다이렉트,유지율,81.57,81.33,25회차 81.33 -> 37회차 81.57 상승
NONMONOTONIC,KR0032,NH농협손해보험,2026.2Q,61,직영_다이렉트,유지율,83.22,81.57,37회차 81.57 -> 61회차 83.22 상승
COMPANY_SUM,KR0032,NH농협손해보험,2026.2Q,13,ALL,유지율,87.056,87.06,채널합 11열 Σ유지계약액=318994 Σ대상신계약액=366424 차이=-0.004
COMPANY_SUM,KR0032,NH농협손해보험,2026.2Q,25,ALL,유지율,73.427,73.43,채널합 11열 Σ유지계약액=306559 Σ대상신계약액=417501 차이=-0.003
COMPANY_SUM,KR0032,NH농협손해보험,2026.2Q,37,ALL,유지율,65.575,65.57,채널합 11열 Σ유지계약액=209736 Σ대상신계약액=319842 차이=+0.005
COMPANY_SUM,KR0032,NH농협손해보험,2026.2Q,61,ALL,유지율,69.255,69.25,채널합 11열 Σ유지계약액=259816 Σ대상신계약액=375160 차이=+0.005
NONMONOTONIC,KR0049,악사손해보험,2023.2Q,25,법인대리점_TM,유지율,55.48,47.53,13회차 47.53 -> 25회차 55.48 상승
NONMONOTONIC,KR0049,악사손해보험,2023.2Q,61,법인대리점_TM,유지율,51.44,50.8,37회차 50.8 -> 61회차 51.44 상승
NONMONOTONIC,KR0049,악사손해보험,2023.2Q,37,법인대리점_홈쇼핑,유지율,47.12,21.65,25회차 21.65 -> 37회차 47.12 상승
COMPANY_SUM,KR0049,악사손해보험,2023.2Q,13,ALL,유지율,71.281,71.28,채널합 4열 Σ유지계약액=37040 Σ대상신계약액=51963 차이=+0.001
COMPANY_SUM,KR0049,악사손해보험,2023.2Q,25,ALL,유지율,63.272,63.27,채널합 4열 Σ유지계약액=50377 Σ대상신계약액=79620 차이=+0.002
COMPANY_SUM,KR0049,악사손해보험,2023.2Q,37,ALL,유지율,59.4,59.4,채널합 4열 Σ유지계약액=31969 Σ대상신계약액=53820 차이=-0.000
COMPANY_SUM,KR0049,악사손해보험,2023.2Q,61,ALL,유지율,44.698,44.71,채널합 3열 Σ유지계약액=6723 Σ대상신계약액=15041 차이=-0.012
NONMONOTONIC,KR0049,악사손해보험,2023.4Q,61,법인대리점_TM,유지율,50.92,47.53,37회차 47.53 -> 61회차 50.92 상승
NONMONOTONIC,KR0049,악사손해보험,2023.4Q,37,법인대리점_홈쇼핑,유지율,26.59,21.17,25회차 21.17 -> 37회차 26.59 상승
COMPANY_SUM,KR0049,악사손해보험,2023.4Q,13,ALL,유지율,75.598,75.6,채널합 4열 Σ유지계약액=38805 Σ대상신계약액=51331 차이=-0.002
COMPANY_SUM,KR0049,악사손해보험,2023.4Q,25,ALL,유지율,57.496,57.5,채널합 4열 Σ유지계약액=38719 Σ대상신계약액=67342 차이=-0.004
COMPANY_SUM,KR0049,악사손해보험,2023.4Q,37,ALL,유지율,56.564,56.56,채널합 4열 Σ유지계약액=39978 Σ대상신계약액=70678 차이=+0.004
COMPANY_SUM,KR0049,악사손해보험,2023.4Q,61,ALL,유지율,44.489,44.49,채널합 3열 Σ유지계약액=10935 Σ대상신계약액=24579 차이=-0.001
NONMONOTONIC,KR0049,악사손해보험,2024.2Q,37,법인대리점_TM,유지율,44.53,36.41,25회차 36.41 -> 37회차 44.53 상승
NONMONOTONIC,KR0049,악사손해보험,2024.2Q,61,법인대리점_TM,유지율,46.66,44.53,37회차 44.53 -> 61회차 46.66 상승
COMPANY_SUM,KR0049,악사손해보험,2024.2Q,13,ALL,유지율,73.346,73.35,채널합 11열 Σ유지계약액=45320 Σ대상신계약액=61789 차이=-0.004
COMPANY_SUM,KR0049,악사손해보험,2024.2Q,25,ALL,유지율,57.303,57.3,채널합 11열 Σ유지계약액=29462 Σ대상신계약액=51414 차이=+0.003
COMPANY_SUM,KR0049,악사손해보험,2024.2Q,37,ALL,유지율,52.604,52.6,채널합 11열 Σ유지계약액=41022 Σ대상신계약액=77983 차이=+0.004
COMPANY_SUM,KR0049,악사손해보험,2024.2Q,61,ALL,유지율,45.641,45.64,채널합 11열 Σ유지계약액=15167 Σ대상신계약액=33231 차이=+0.001
NONMONOTONIC,KR0049,악사손해보험,2024.4Q,61,법인대리점_금융기관,유지율,42.22,38.13,37회차 38.13 -> 61회차 42.22 상승
COMPANY_SUM,KR0049,악사손해보험,2024.4Q,13,ALL,유지율,72.099,72.1,채널합 11열 Σ유지계약액=47595 Σ대상신계약액=66013 차이=-0.001
COMPANY_SUM,KR0049,악사손해보험,2024.4Q,25,ALL,유지율,60.738,60.73,채널합 11열 Σ유지계약액=30749 Σ대상신계약액=50626 차이=+0.008
COMPANY_SUM,KR0049,악사손해보험,2024.4Q,37,ALL,유지율,47.622,47.62,채널합 11열 Σ유지계약액=31275 Σ대상신계약액=65673 차이=+0.002
COMPANY_SUM,KR0049,악사손해보험,2024.4Q,61,ALL,유지율,46.026,46.02,채널합 11열 Σ유지계약액=19251 Σ대상신계약액=41826 차이=+0.006
NONMONOTONIC,KR0049,악사손해보험,2025.2Q,61,법인대리점_금융기관,유지율,39.24,25.96,37회차 25.96 -> 61회차 39.24 상승
NONMONOTONIC,KR0049,악사손해보험,2025.2Q,25,법인대리점_홈쇼핑,유지율,43.61,0.0,13회차 0.0 -> 25회차 43.61 상승
NONMONOTONIC,KR0049,악사손해보험,2025.2Q,61,법인대리점_홈쇼핑,유지율,32.38,15.37,37회차 15.37 -> 61회차 32.38 상승
COMPANY_SUM,KR0049,악사손해보험,2025.2Q,13,ALL,유지율,71.942,71.94,채널합 11열 Σ유지계약액=47245 Σ대상신계약액=65671 차이=+0.002
COMPANY_SUM,KR0049,악사손해보험,2025.2Q,25,ALL,유지율,58.074,58.07,채널합 11열 Σ유지계약액=35390 Σ대상신계약액=60939 차이=+0.004
COMPANY_SUM,KR0049,악사손해보험,2025.2Q,37,ALL,유지율,47.04,47.04,채널합 11열 Σ유지계약액=23547 Σ대상신계약액=50057 차이=+0.000
COMPANY_SUM,KR0049,악사손해보험,2025.2Q,61,ALL,유지율,45.35,45.35,채널합 11열 Σ유지계약액=24121 Σ대상신계약액=53188 차이=+0.000
NONMONOTONIC,KR0049,악사손해보험,2025.4Q,61,법인대리점_금융기관,유지율,36.28,27.79,37회차 27.79 -> 61회차 36.28 상승
NONMONOTONIC,KR0049,악사손해보험,2025.4Q,25,법인대리점_홈쇼핑,유지율,50.3,0.0,13회차 0.0 -> 25회차 50.3 상승
NONMONOTONIC,KR0049,악사손해보험,2025.4Q,61,법인대리점_홈쇼핑,유지율,20.03,17.87,37회차 17.87 -> 61회차 20.03 상승
COMPANY_SUM,KR0049,악사손해보험,2025.4Q,13,ALL,유지율,70.929,70.93,채널합 11열 Σ유지계약액=44347 Σ대상신계약액=62523 차이=-0.001
COMPANY_SUM,KR0049,악사손해보험,2025.4Q,25,ALL,유지율,56.421,56.42,채널합 11열 Σ유지계약액=36764 Σ대상신계약액=65160 차이=+0.001
COMPANY_SUM,KR0049,악사손해보험,2025.4Q,37,ALL,유지율,49.889,49.89,채널합 11열 Σ유지계약액=24688 Σ대상신계약액=49486 차이=-0.001
COMPANY_SUM,KR0049,악사손해보험,2025.4Q,61,ALL,유지율,42.641,42.64,채널합 11열 Σ유지계약액=29732 Σ대상신계약액=69727 차이=+0.001
NONMONOTONIC,KR0049,악사손해보험,2026.2Q,61,법인대리점_금융기관,유지율,33.5,26.5,37회차 26.5 -> 61회차 33.5 상승
NONMONOTONIC,KR0049,악사손해보험,2026.2Q,37,법인대리점_홈쇼핑,유지율,33.1,0.0,25회차 0.0 -> 37회차 33.1 상승
COMPANY_SUM,KR0049,악사손해보험,2026.2Q,13,ALL,유지율,71.007,71.01,채널합 11열 Σ유지계약액=40383 Σ대상신계약액=56872 차이=-0.003
COMPANY_SUM,KR0049,악사손해보험,2026.2Q,25,ALL,유지율,56.415,56.42,채널합 11열 Σ유지계약액=36601 Σ대상신계약액=64878 차이=-0.005
COMPANY_SUM,KR0049,악사손해보험,2026.2Q,37,ALL,유지율,47.638,47.64,채널합 11열 Σ유지계약액=28594 Σ대상신계약액=60023 차이=-0.002
COMPANY_SUM,KR0049,악사손해보험,2026.2Q,61,ALL,유지율,39.287,39.29,채널합 11열 Σ유지계약액=30220 Σ대상신계약액=76922 차이=-0.003
NONMONOTONIC,KR0050,하나손해보험,2023.2Q,37,설계사,유지율,82.54,72.57,25회차 72.57 -> 37회차 82.54 상승
COMPANY_SUM,KR0050,하나손해보험,2023.2Q,13,ALL,유지율,88.336,88.99,채널합 8열 Σ유지계약액=32740 Σ대상신계약액=37063 차이=-0.654
COMPANY_SUM,KR0050,하나손해보험,2023.2Q,25,ALL,유지율,78.276,76.12,채널합 8열 Σ유지계약액=17025 Σ대상신계약액=21750 차이=+2.156
COMPANY_SUM,KR0050,하나손해보험,2023.2Q,37,ALL,유지율,71.502,71.83,채널합 8열 Σ유지계약액=21517 Σ대상신계약액=30093 차이=-0.328
COMPANY_SUM,KR0050,하나손해보험,2023.2Q,61,ALL,유지율,58.82,57.67,채널합 8열 Σ유지계약액=22174 Σ대상신계약액=37698 차이=+1.150
NONMONOTONIC,KR0050,하나손해보험,2023.4Q,37,설계사,유지율,76.97,70.12,25회차 70.12 -> 37회차 76.97 상승
NONMONOTONIC,KR0050,하나손해보험,2023.4Q,37,법인대리점_TM,유지율,60.84,52.48,25회차 52.48 -> 37회차 60.84 상승
COMPANY_SUM,KR0050,하나손해보험,2023.4Q,13,ALL,유지율,87.643,87.64,채널합 8열 Σ유지계약액=40150 Σ대상신계약액=45811 차이=+0.003
COMPANY_SUM,KR0050,하나손해보험,2023.4Q,25,ALL,유지율,75.226,75.23,채널합 8열 Σ유지계약액=20092 Σ대상신계약액=26709 차이=-0.004
COMPANY_SUM,KR0050,하나손해보험,2023.4Q,37,ALL,유지율,72.235,72.24,채널합 8열 Σ유지계약액=18571 Σ대상신계약액=25709 차이=-0.005
COMPANY_SUM,KR0050,하나손해보험,2023.4Q,61,ALL,유지율,57.257,57.26,채널합 8열 Σ유지계약액=19811 Σ대상신계약액=34600 차이=-0.003
NONMONOTONIC,KR0050,하나손해보험,2024.2Q,37,개인대리점,유지율,93.54,71.66,25회차 71.66 -> 37회차 93.54 상승
NONMONOTONIC,KR0050,하나손해보험,2024.2Q,61,개인대리점,유지율,100.0,93.54,37회차 93.54 -> 61회차 100.0 상승
COMPANY_SUM,KR0050,하나손해보험,2024.2Q,13,ALL,유지율,86.049,86.05,채널합 7열 Σ유지계약액=42583.6 Σ대상신계약액=49487.8 차이=-0.001
COMPANY_SUM,KR0050,하나손해보험,2024.2Q,25,ALL,유지율,75.999,76.0,채널합 7열 Σ유지계약액=28022 Σ대상신계약액=36871.7 차이=-0.001
COMPANY_SUM,KR0050,하나손해보험,2024.2Q,37,ALL,유지율,70.542,70.54,채널합 6열 Σ유지계약액=15327.9 Σ대상신계약액=21728.7 차이=+0.002
COMPANY_SUM,KR0050,하나손해보험,2024.2Q,61,ALL,유지율,56.381,56.38,채널합 5열 Σ유지계약액=18091.9 Σ대상신계약액=32088.6 차이=+0.001
NONMONOTONIC,KR0050,하나손해보험,2024.4Q,61,설계사,유지율,72.2,63.25,37회차 63.25 -> 61회차 72.2 상승
NONMONOTONIC,KR0050,하나손해보험,2024.4Q,61,개인대리점,유지율,86.06,75.33,37회차 75.33 -> 61회차 86.06 상승
NONMONOTONIC,KR0050,하나손해보험,2024.4Q,37,법인대리점_TM,유지율,75.23,74.73,25회차 74.73 -> 37회차 75.23 상승
COMPANY_SUM,KR0050,하나손해보험,2024.4Q,13,ALL,유지율,83.272,83.27,채널합 7열 Σ유지계약액=48461 Σ대상신계약액=58196 차이=+0.002
COMPANY_SUM,KR0050,하나손해보험,2024.4Q,25,ALL,유지율,76.661,76.67,채널합 7열 Σ유지계약액=34994 Σ대상신계약액=45648 차이=-0.009
COMPANY_SUM,KR0050,하나손해보험,2024.4Q,37,ALL,유지율,66.501,66.5,채널합 6열 Σ유지계약액=17656 Σ대상신계약액=26550 차이=+0.001
COMPANY_SUM,KR0050,하나손해보험,2024.4Q,61,ALL,유지율,57.657,57.65,채널합 5열 Σ유지계약액=19153 Σ대상신계약액=33219 차이=+0.007
NONMONOTONIC,KR0050,하나손해보험,2025.2Q,61,설계사,유지율,76.98,70.7,37회차 70.7 -> 61회차 76.98 상승
NONMONOTONIC,KR0050,하나손해보험,2025.2Q,61,개인대리점,유지율,70.16,52.31,37회차 52.31 -> 61회차 70.16 상승
NONMONOTONIC,KR0050,하나손해보험,2025.2Q,25,직영_임직원,유지율,100.0,31.6,13회차 31.6 -> 25회차 100.0 상승
COMPANY_SUM,KR0050,하나손해보험,2025.2Q,13,ALL,유지율,81.954,81.95,채널합 7열 Σ유지계약액=60193.2 Σ대상신계약액=73447.6 차이=+0.004
COMPANY_SUM,KR0050,하나손해보험,2025.2Q,25,ALL,유지율,73.592,73.59,채널합 7열 Σ유지계약액=36442 Σ대상신계약액=49519 차이=+0.002
COMPANY_SUM,KR0050,하나손해보험,2025.2Q,37,ALL,유지율,67.268,67.27,채널합 7열 Σ유지계약액=24822 Σ대상신계약액=36900 차이=-0.002
COMPANY_SUM,KR0050,하나손해보험,2025.2Q,61,ALL,유지율,59.591,59.59,채널합 5열 Σ유지계약액=17988 Σ대상신계약액=30186 차이=+0.001
NONMONOTONIC,KR0050,하나손해보험,2025.4Q,25,직영_임직원,유지율,100.0,51.43,13회차 51.43 -> 25회차 100.0 상승
COMPANY_SUM,KR0050,하나손해보험,2025.4Q,13,ALL,유지율,79.61,79.61,채널합 7열 Σ유지계약액=65279 Σ대상신계약액=81998 차이=+0.000
COMPANY_SUM,KR0050,하나손해보험,2025.4Q,25,ALL,유지율,69.658,69.66,채널합 7열 Σ유지계약액=40725 Σ대상신계약액=58464 차이=-0.002
COMPANY_SUM,KR0050,하나손해보험,2025.4Q,37,ALL,유지율,67.375,67.38,채널합 7열 Σ유지계약액=30894 Σ대상신계약액=45854 차이=-0.005
COMPANY_SUM,KR0050,하나손해보험,2025.4Q,61,ALL,유지율,60.782,60.77,채널합 6열 Σ유지계약액=15757 Σ대상신계약액=25924 차이=+0.012
NONMONOTONIC,KR0050,하나손해보험,2026.2Q,25,개인대리점,유지율,100.0,0.0,13회차 0.0 -> 25회차 100.0 상승
NONMONOTONIC,KR0050,하나손해보험,2026.2Q,25,법인대리점_TM,유지율,79.17,68.75,13회차 68.75 -> 25회차 79.17 상승
NONMONOTONIC,KR0050,하나손해보험,2026.2Q,37,직영_임직원,유지율,100.0,31.6,25회차 31.6 -> 37회차 100.0 상승
COMPANY_SUM,KR0050,하나손해보험,2026.2Q,13,ALL,유지율,75.207,75.21,채널합 11열 Σ유지계약액=70715 Σ대상신계약액=94027 차이=-0.003
COMPANY_SUM,KR0050,하나손해보험,2026.2Q,25,ALL,유지율,67.943,67.95,채널합 11열 Σ유지계약액=50012 Σ대상신계약액=73609 차이=-0.007
COMPANY_SUM,KR0050,하나손해보험,2026.2Q,37,ALL,유지율,63.951,63.95,채널합 11열 Σ유지계약액=31714 Σ대상신계약액=49591 차이=+0.001
COMPANY_SUM,KR0050,하나손해보험,2026.2Q,61,ALL,유지율,57.749,57.75,채널합 11열 Σ유지계약액=12583 Σ대상신계약액=21789 차이=-0.001
COMPANY_SUM,KR0051,신한이지손해보험,2023.2Q,37,ALL,유지율,46.988,47.17,채널합 1열 Σ유지계약액=39 Σ대상신계약액=83 차이=-0.182
COMPANY_SUM,KR0051,신한이지손해보험,2023.2Q,61,ALL,유지율,35.266,35.2,채널합 1열 Σ유지계약액=73 Σ대상신계약액=207 차이=+0.066
NONMONOTONIC,KR0051,신한이지손해보험,2024.4Q,61,설계사,유지율,74.9,68.1,13회차 68.1 -> 61회차 74.9 상승
COMPANY_SUM,KR0051,신한이지손해보험,2024.4Q,13,ALL,유지율,68.106,77.79,채널합 1열 Σ유지계약액=410 Σ대상신계약액=602 차이=-9.684
COMPANY_SUM,KR0051,신한이지손해보험,2024.4Q,61,ALL,유지율,74.891,39.47,채널합 1열 Σ유지계약액=343 Σ대상신계약액=458 차이=+35.421
COMPANY_SUM,KR0051,신한이지손해보험,2025.2Q,13,ALL,유지율,66.763,54.2,채널합 2열 Σ유지계약액=231 Σ대상신계약액=346 차이=+12.563
COMPANY_SUM,KR0051,신한이지손해보험,2025.2Q,25,ALL,유지율,57.143,57.04,채널합 1열 Σ유지계약액=96 Σ대상신계약액=168 차이=+0.103
COMPANY_SUM,KR0051,신한이지손해보험,2025.2Q,61,ALL,유지율,30.0,-55.6,채널합 1열 Σ유지계약액=24 Σ대상신계약액=80 차이=+85.600
NONMONOTONIC,KR0068,한화생명,2023.2Q,37,개인대리점,유지율,61.93,56.93,25회차 56.93 -> 37회차 61.93 상승
NONMONOTONIC,KR0068,한화생명,2023.2Q,61,개인대리점,유지율,75.67,61.93,37회차 61.93 -> 61회차 75.67 상승
NONMONOTONIC,KR0068,한화생명,2023.2Q,61,법인대리점_금융기관,유지율,44.11,42.35,37회차 42.35 -> 61회차 44.11 상승
COMPANY_SUM,KR0068,한화생명,2023.2Q,13,ALL,유지율,83.597,83.61,채널합 4열 Σ유지계약액=1.38683e+06 Σ대상신계약액=1.65894e+06 차이=-0.013
COMPANY_SUM,KR0068,한화생명,2023.2Q,25,ALL,유지율,63.185,63.3,채널합 4열 Σ유지계약액=1.00366e+06 Σ대상신계약액=1.58845e+06 차이=-0.115
COMPANY_SUM,KR0068,한화생명,2023.2Q,37,ALL,유지율,51.005,51.25,채널합 4열 Σ유지계약액=833556 Σ대상신계약액=1.63428e+06 차이=-0.245
COMPANY_SUM,KR0068,한화생명,2023.2Q,61,ALL,유지율,37.389,37.51,채널합 4열 Σ유지계약액=528724 Σ대상신계약액=1.41411e+06 차이=-0.121
NONMONOTONIC,KR0068,한화생명,2023.4Q,61,개인대리점,유지율,70.8,58.2,37회차 58.2 -> 61회차 70.8 상승
NONMONOTONIC,KR0068,한화생명,2023.4Q,61,법인대리점_금융기관,유지율,41.7,38.6,37회차 38.6 -> 61회차 41.7 상승
COMPANY_SUM,KR0068,한화생명,2023.4Q,13,ALL,유지율,87.642,87.64,채널합 5열 Σ유지계약액=2.22428e+06 Σ대상신계약액=2.5379e+06 차이=+0.002
COMPANY_SUM,KR0068,한화생명,2023.4Q,25,ALL,유지율,59.201,59.2,채널합 5열 Σ유지계약액=920600 Σ대상신계약액=1.55505e+06 차이=+0.001
COMPANY_SUM,KR0068,한화생명,2023.4Q,37,ALL,유지율,49.791,49.79,채널합 5열 Σ유지계약액=840314 Σ대상신계약액=1.68769e+06 차이=+0.001
COMPANY_SUM,KR0068,한화생명,2023.4Q,61,ALL,유지율,37.709,37.71,채널합 5열 Σ유지계약액=525960 Σ대상신계약액=1.39479e+06 차이=-0.001
NONMONOTONIC,KR0068,한화생명,2024.2Q,61,개인대리점,유지율,58.5,53.2,37회차 53.2 -> 61회차 58.5 상승
NONMONOTONIC,KR0068,한화생명,2024.2Q,37,직영_다이렉트,유지율,47.8,47.1,25회차 47.1 -> 37회차 47.8 상승
COMPANY_SUM,KR0068,한화생명,2024.2Q,13,ALL,유지율,89.791,89.79,채널합 11열 Σ유지계약액=3.09622e+06 Σ대상신계약액=3.44824e+06 차이=+0.001
COMPANY_SUM,KR0068,한화생명,2024.2Q,25,ALL,유지율,59.863,59.86,채널합 11열 Σ유지계약액=1.01761e+06 Σ대상신계약액=1.69991e+06 차이=+0.003
COMPANY_SUM,KR0068,한화생명,2024.2Q,37,ALL,유지율,49.36,49.36,채널합 11열 Σ유지계약액=711548 Σ대상신계약액=1.44156e+06 차이=-0.000
COMPANY_SUM,KR0068,한화생명,2024.2Q,61,ALL,유지율,42.753,42.75,채널합 11열 Σ유지계약액=674542 Σ대상신계약액=1.57777e+06 차이=+0.003
REPAIR,KR0068,한화생명,2024.4Q,61,법인대리점_금융기관,,,,"R:39,94->39.94"
NONMONOTONIC,KR0068,한화생명,2024.4Q,37,개인대리점,유지율,82.18,79.11,25회차 79.11 -> 37회차 82.18 상승
NONMONOTONIC,KR0068,한화생명,2024.4Q,61,법인대리점_금융기관,유지율,39.94,38.03,37회차 38.03 -> 61회차 39.94 상승
NONMONOTONIC,KR0068,한화생명,2024.4Q,61,직영_임직원,유지율,64.0,53.6,37회차 53.6 -> 61회차 64.0 상승
COMPANY_SUM,KR0068,한화생명,2024.4Q,13,ALL,유지율,87.997,88.0,채널합 5열 Σ유지계약액=2.70408e+06 Σ대상신계약액=3.07294e+06 차이=-0.003
COMPANY_SUM,KR0068,한화생명,2024.4Q,25,ALL,유지율,72.764,72.76,채널합 5열 Σ유지계약액=1.8411e+06 Σ대상신계약액=2.53024e+06 차이=+0.004
COMPANY_SUM,KR0068,한화생명,2024.4Q,37,ALL,유지율,44.866,44.87,채널합 5열 Σ유지계약액=685599 Σ대상신계약액=1.52811e+06 차이=-0.004
COMPANY_SUM,KR0068,한화생명,2024.4Q,61,ALL,유지율,42.273,42.27,채널합 6열 Σ유지계약액=683336 Σ대상신계약액=1.61648e+06 차이=+0.003
NONMONOTONIC,KR0068,한화생명,2025.2Q,37,개인대리점,유지율,81.52,80.61,25회차 80.61 -> 37회차 81.52 상승
COMPANY_SUM,KR0068,한화생명,2025.2Q,13,ALL,유지율,88.164,88.16,채널합 5열 Σ유지계약액=2.7326e+06 Σ대상신계약액=3.09944e+06 차이=+0.004
COMPANY_SUM,KR0068,한화생명,2025.2Q,25,ALL,유지율,77.329,77.33,채널합 5열 Σ유지계약액=2.65988e+06 Σ대상신계약액=3.4397e+06 차이=-0.001
COMPANY_SUM,KR0068,한화생명,2025.2Q,37,ALL,유지율,45.546,45.55,채널합 5열 Σ유지계약액=762869 Σ대상신계약액=1.67495e+06 차이=-0.004
COMPANY_SUM,KR0068,한화생명,2025.2Q,61,ALL,유지율,42.544,42.54,채널합 6열 Σ유지계약액=633754 Σ대상신계약액=1.48963e+06 차이=+0.004
NONMONOTONIC,KR0068,한화생명,2025.4Q,61,직영_임직원,유지율,90.6,80.9,37회차 80.9 -> 61회차 90.6 상승
COMPANY_SUM,KR0068,한화생명,2025.4Q,13,ALL,유지율,89.724,89.72,채널합 5열 Σ유지계약액=3.32366e+06 Σ대상신계약액=3.70432e+06 차이=+0.004
COMPANY_SUM,KR0068,한화생명,2025.4Q,25,ALL,유지율,75.113,75.11,채널합 5열 Σ유지계약액=2.30215e+06 Σ대상신계약액=3.06492e+06 차이=+0.003
COMPANY_SUM,KR0068,한화생명,2025.4Q,37,ALL,유지율,62.042,62.04,채널합 5열 Σ유지계약액=1.56136e+06 Σ대상신계약액=2.51663e+06 차이=+0.002
COMPANY_SUM,KR0068,한화생명,2025.4Q,61,ALL,유지율,41.184,41.18,채널합 6열 Σ유지계약액=604603 Σ대상신계약액=1.46806e+06 차이=+0.004
NONMONOTONIC,KR0068,한화생명,2026.2Q,61,직영_임직원,유지율,87.77,80.86,37회차 80.86 -> 61회차 87.77 상승
COMPANY_SUM,KR0068,한화생명,2026.2Q,13,ALL,유지율,89.699,89.7,채널합 5열 Σ유지계약액=3.24304e+06 Σ대상신계약액=3.61548e+06 차이=-0.001
COMPANY_SUM,KR0068,한화생명,2026.2Q,25,ALL,유지율,76.532,76.53,채널합 5열 Σ유지계약액=2.36412e+06 Σ대상신계약액=3.08906e+06 차이=+0.002
COMPANY_SUM,KR0068,한화생명,2026.2Q,37,ALL,유지율,67.254,67.25,채널합 5열 Σ유지계약액=2.30733e+06 Σ대상신계약액=3.43077e+06 차이=+0.004
COMPANY_SUM,KR0068,한화생명,2026.2Q,61,ALL,유지율,36.876,36.88,채널합 6열 Σ유지계약액=512102 Σ대상신계약액=1.3887e+06 차이=-0.004
NONMONOTONIC,KR0069,삼성생명보험,2023.2Q,37,법인대리점_금융기관,유지율,66.0,64.4,25회차 64.4 -> 37회차 66.0 상승
NONMONOTONIC,KR0069,삼성생명보험,2023.2Q,37,직영_다이렉트,유지율,59.5,54.1,25회차 54.1 -> 37회차 59.5 상승
COMPANY_SUM,KR0069,삼성생명보험,2023.2Q,13,ALL,유지율,86.412,86.84,채널합 5열 Σ유지계약액=2.14687e+06 Σ대상신계약액=2.48445e+06 차이=-0.428
COMPANY_SUM,KR0069,삼성생명보험,2023.2Q,25,ALL,유지율,68.676,69.34,채널합 5열 Σ유지계약액=1.83112e+06 Σ대상신계약액=2.6663e+06 차이=-0.664
COMPANY_SUM,KR0069,삼성생명보험,2023.2Q,37,ALL,유지율,62.039,62.13,채널합 6열 Σ유지계약액=1.39257e+06 Σ대상신계약액=2.24469e+06 차이=-0.091
COMPANY_SUM,KR0069,삼성생명보험,2023.2Q,61,ALL,유지율,44.235,43.46,채널합 6열 Σ유지계약액=921066 Σ대상신계약액=2.0822e+06 차이=+0.775
NONMONOTONIC,KR0069,삼성생명보험,2023.4Q,61,법인대리점_금융기관,유지율,50.2,46.0,37회차 46.0 -> 61회차 50.2 상승
NONMONOTONIC,KR0069,삼성생명보험,2023.4Q,37,직영_복합,유지율,90.5,70.8,25회차 70.8 -> 37회차 90.5 상승
NONMONOTONIC,KR0069,삼성생명보험,2023.4Q,37,직영_다이렉트,유지율,62.2,56.3,25회차 56.3 -> 37회차 62.2 상승
COMPANY_SUM,KR0069,삼성생명보험,2023.4Q,13,ALL,유지율,85.404,85.4,채널합 6열 Σ유지계약액=2.37681e+09 Σ대상신계약액=2.78302e+09 차이=+0.004
COMPANY_SUM,KR0069,삼성생명보험,2023.4Q,25,ALL,유지율,65.53,65.53,채널합 6열 Σ유지계약액=1.80345e+09 Σ대상신계약액=2.75211e+09 차이=-0.000
COMPANY_SUM,KR0069,삼성생명보험,2023.4Q,37,ALL,유지율,60.481,60.48,채널합 6열 Σ유지계약액=1.47824e+09 Σ대상신계약액=2.44416e+09 차이=+0.001
COMPANY_SUM,KR0069,삼성생명보험,2023.4Q,61,ALL,유지율,43.887,43.89,채널합 7열 Σ유지계약액=1.00206e+09 Σ대상신계약액=2.2833e+09 차이=-0.003
NONMONOTONIC,KR0069,삼성생명보험,2024.2Q,61,법인대리점_금융기관,유지율,51.1,35.8,37회차 35.8 -> 61회차 51.1 상승
NONMONOTONIC,KR0069,삼성생명보험,2024.2Q,37,직영_다이렉트,유지율,63.1,55.7,25회차 55.7 -> 37회차 63.1 상승
COMPANY_SUM,KR0069,삼성생명보험,2024.2Q,13,ALL,유지율,88.128,88.1,채널합 6열 Σ유지계약액=2.80182e+06 Σ대상신계약액=3.17927e+06 차이=+0.028
COMPANY_SUM,KR0069,삼성생명보험,2024.2Q,25,ALL,유지율,66.259,66.3,채널합 6열 Σ유지계약액=1.67852e+06 Σ대상신계약액=2.53327e+06 차이=-0.041
COMPANY_SUM,KR0069,삼성생명보험,2024.2Q,37,ALL,유지율,55.069,55.1,채널합 6열 Σ유지계약액=1.51045e+06 Σ대상신계약액=2.74286e+06 차이=-0.031
COMPANY_SUM,KR0069,삼성생명보험,2024.2Q,61,ALL,유지율,45.8,45.8,채널합 7열 Σ유지계약액=1.0803e+06 Σ대상신계약액=2.35872e+06 차이=+0.000
NONMONOTONIC,KR0069,삼성생명보험,2024.4Q,61,법인대리점_금융기관,유지율,50.03,37.26,37회차 37.26 -> 61회차 50.03 상승
NONMONOTONIC,KR0069,삼성생명보험,2024.4Q,25,직영_임직원,유지율,97.73,97.44,13회차 97.44 -> 25회차 97.73 상승
NONMONOTONIC,KR0069,삼성생명보험,2024.4Q,37,직영_다이렉트,유지율,63.26,57.43,25회차 57.43 -> 37회차 63.26 상승
COMPANY_SUM,KR0069,삼성생명보험,2024.4Q,13,ALL,유지율,89.651,89.65,채널합 6열 Σ유지계약액=2.79354e+06 Σ대상신계약액=3.11603e+06 차이=+0.001
COMPANY_SUM,KR0069,삼성생명보험,2024.4Q,25,ALL,유지율,68.865,68.86,채널합 6열 Σ유지계약액=1.90484e+06 Σ대상신계약액=2.76607e+06 차이=+0.005
COMPANY_SUM,KR0069,삼성생명보험,2024.4Q,37,ALL,유지율,52.823,52.82,채널합 6열 Σ유지계약액=1.41938e+06 Σ대상신계약액=2.68702e+06 차이=+0.003
COMPANY_SUM,KR0069,삼성생명보험,2024.4Q,61,ALL,유지율,48.098,48.1,채널합 7열 Σ유지계약액=1.1282e+06 Σ대상신계약액=2.34563e+06 차이=-0.002
NONMONOTONIC,KR0069,삼성생명보험,2025.2Q,61,법인대리점_금융기관,유지율,48.1,41.2,37회차 41.2 -> 61회차 48.1 상승
NONMONOTONIC,KR0069,삼성생명보험,2025.2Q,37,직영_다이렉트,유지율,62.5,59.3,25회차 59.3 -> 37회차 62.5 상승
COMPANY_SUM,KR0069,삼성생명보험,2025.2Q,13,ALL,유지율,88.98,89.0,채널합 6열 Σ유지계약액=2.88175e+06 Σ대상신계약액=3.23866e+06 차이=-0.020
COMPANY_SUM,KR0069,삼성생명보험,2025.2Q,25,ALL,유지율,74.85,74.8,채널합 6열 Σ유지계약액=2.36416e+06 Σ대상신계약액=3.15853e+06 차이=+0.050
COMPANY_SUM,KR0069,삼성생명보험,2025.2Q,37,ALL,유지율,53.513,53.5,채널합 6열 Σ유지계약액=1.32442e+06 Σ대상신계약액=2.47493e+06 차이=+0.013
COMPANY_SUM,KR0069,삼성생명보험,2025.2Q,61,ALL,유지율,49.75,49.7,채널합 7열 Σ유지계약액=1.13444e+06 Σ대상신계약액=2.28029e+06 차이=+0.050
NONMONOTONIC,KR0069,삼성생명보험,2025.4Q,37,직영_임직원,유지율,96.07,93.53,25회차 93.53 -> 37회차 96.07 상승
NONMONOTONIC,KR0069,삼성생명보험,2025.4Q,25,직영_다이렉트,유지율,59.77,51.3,13회차 51.3 -> 25회차 59.77 상승
NONMONOTONIC,KR0069,삼성생명보험,2025.4Q,37,직영_다이렉트,유지율,63.39,59.77,25회차 59.77 -> 37회차 63.39 상승
COMPANY_SUM,KR0069,삼성생명보험,2025.4Q,13,ALL,유지율,88.02,88.02,채널합 6열 Σ유지계약액=3.37487e+06 Σ대상신계약액=3.83419e+06 차이=+0.000
COMPANY_SUM,KR0069,삼성생명보험,2025.4Q,25,ALL,유지율,77.236,77.24,채널합 6열 Σ유지계약액=2.39032e+06 Σ대상신계약액=3.09484e+06 차이=-0.004
COMPANY_SUM,KR0069,삼성생명보험,2025.4Q,37,ALL,유지율,58.294,58.29,채널합 6열 Σ유지계약액=1.59191e+06 Σ대상신계약액=2.73082e+06 차이=+0.004
COMPANY_SUM,KR0069,삼성생명보험,2025.4Q,61,ALL,유지율,48.754,48.75,채널합 6열 Σ유지계약액=1.17029e+06 Σ대상신계약액=2.40041e+06 차이=+0.004
NONMONOTONIC,KR0069,삼성생명보험,2026.2Q,37,직영_다이렉트,유지율,59.94,54.63,25회차 54.63 -> 37회차 59.94 상승
COMPANY_SUM,KR0069,삼성생명보험,2026.2Q,13,ALL,유지율,88.027,88.03,채널합 6열 Σ유지계약액=3.19106e+06 Σ대상신계약액=3.62511e+06 차이=-0.003
COMPANY_SUM,KR0069,삼성생명보험,2026.2Q,25,ALL,유지율,76.998,77.0,채널합 6열 Σ유지계약액=2.4768e+06 Σ대상신계약액=3.21673e+06 차이=-0.002
COMPANY_SUM,KR0069,삼성생명보험,2026.2Q,37,ALL,유지율,66.815,66.81,채널합 6열 Σ유지계약액=2.08915e+06 Σ대상신계약액=3.1268e+06 차이=+0.005
COMPANY_SUM,KR0069,삼성생명보험,2026.2Q,61,ALL,유지율,44.199,44.2,채널합 6열 Σ유지계약액=1.12209e+06 Σ대상신계약액=2.53875e+06 차이=-0.001
COMPANY_SUM,KR0070,에이비엘생명보험,2023.2Q,13,ALL,유지율,82.901,82.92,채널합 5열 Σ유지계약액=298237 Σ대상신계약액=359751 차이=-0.019
COMPANY_SUM,KR0070,에이비엘생명보험,2023.2Q,25,ALL,유지율,62.093,62.17,채널합 5열 Σ유지계약액=299395 Σ대상신계약액=482169 차이=-0.077
COMPANY_SUM,KR0070,에이비엘생명보험,2023.2Q,37,ALL,유지율,52.571,52.66,채널합 5열 Σ유지계약액=214817 Σ대상신계약액=408626 차이=-0.089
COMPANY_SUM,KR0070,에이비엘생명보험,2023.2Q,61,ALL,유지율,32.108,32.2,채널합 5열 Σ유지계약액=154399 Σ대상신계약액=480867 차이=-0.092
NONMONOTONIC,KR0070,에이비엘생명보험,2023.4Q,37,직영_복합,유지율,75.63,70.33,25회차 70.33 -> 37회차 75.63 상승
NONMONOTONIC,KR0070,에이비엘생명보험,2023.4Q,25,직영_다이렉트,유지율,63.58,59.43,13회차 59.43 -> 25회차 63.58 상승
COMPANY_SUM,KR0070,에이비엘생명보험,2023.4Q,13,ALL,유지율,85.789,85.79,채널합 5열 Σ유지계약액=303369 Σ대상신계약액=353621 차이=-0.001
COMPANY_SUM,KR0070,에이비엘생명보험,2023.4Q,25,ALL,유지율,58.143,58.14,채널합 5열 Σ유지계약액=243611 Σ대상신계약액=418983 차이=+0.003
COMPANY_SUM,KR0070,에이비엘생명보험,2023.4Q,37,ALL,유지율,49.448,49.45,채널합 5열 Σ유지계약액=195804 Σ대상신계약액=395978 차이=-0.002
COMPANY_SUM,KR0070,에이비엘생명보험,2023.4Q,61,ALL,유지율,33.917,33.92,채널합 5열 Σ유지계약액=155464 Σ대상신계약액=458370 차이=-0.003
NONMONOTONIC,KR0070,에이비엘생명보험,2024.2Q,61,법인대리점_금융기관,유지율,40.06,35.6,37회차 35.6 -> 61회차 40.06 상승
NONMONOTONIC,KR0070,에이비엘생명보험,2024.2Q,37,직영_임직원,유지율,71.08,68.07,25회차 68.07 -> 37회차 71.08 상승
COMPANY_SUM,KR0070,에이비엘생명보험,2024.2Q,13,ALL,유지율,89.471,89.47,채널합 5열 Σ유지계약액=362331 Σ대상신계약액=404970 차이=+0.001
COMPANY_SUM,KR0070,에이비엘생명보험,2024.2Q,25,ALL,유지율,58.575,58.57,채널합 5열 Σ유지계약액=203096 Σ대상신계약액=346729 차이=+0.005
COMPANY_SUM,KR0070,에이비엘생명보험,2024.2Q,37,ALL,유지율,47.166,47.17,채널합 5열 Σ유지계약액=180755 Σ대상신계약액=383229 차이=-0.004
COMPANY_SUM,KR0070,에이비엘생명보험,2024.2Q,61,ALL,유지율,42.377,42.38,채널합 5열 Σ유지계약액=170380 Σ대상신계약액=402062 차이=-0.003
NONMONOTONIC,KR0070,에이비엘생명보험,2024.4Q,61,법인대리점_금융기관,유지율,36.19,34.71,37회차 34.71 -> 61회차 36.19 상승
NONMONOTONIC,KR0070,에이비엘생명보험,2024.4Q,61,법인대리점_기타,유지율,38.63,37.43,37회차 37.43 -> 61회차 38.63 상승
NONMONOTONIC,KR0070,에이비엘생명보험,2024.4Q,61,직영_임직원,유지율,66.96,58.34,37회차 58.34 -> 61회차 66.96 상승
COMPANY_SUM,KR0070,에이비엘생명보험,2024.4Q,13,ALL,유지율,89.581,89.58,채널합 5열 Σ유지계약액=377989 Σ대상신계약액=421952 차이=+0.001
COMPANY_SUM,KR0070,에이비엘생명보험,2024.4Q,25,ALL,유지율,69.017,69.02,채널합 5열 Σ유지계약액=243588 Σ대상신계약액=352941 차이=-0.003
COMPANY_SUM,KR0070,에이비엘생명보험,2024.4Q,37,ALL,유지율,44.857,44.86,채널합 5열 Σ유지계약액=169566 Σ대상신계약액=378011 차이=-0.003
COMPANY_SUM,KR0070,에이비엘생명보험,2024.4Q,61,ALL,유지율,42.653,42.65,채널합 5열 Σ유지계약액=170618 Σ대상신계약액=400011 차이=+0.003
NONMONOTONIC,KR0070,에이비엘생명보험,2025.2Q,61,직영_임직원,유지율,59.1,57.89,37회차 57.89 -> 61회차 59.1 상승
COMPANY_SUM,KR0070,에이비엘생명보험,2025.2Q,13,ALL,유지율,90.121,90.12,채널합 5열 Σ유지계약액=432380 Σ대상신계약액=479779 차이=+0.001
COMPANY_SUM,KR0070,에이비엘생명보험,2025.2Q,25,ALL,유지율,77.551,77.55,채널합 5열 Σ유지계약액=313437 Σ대상신계약액=404168 차이=+0.001
COMPANY_SUM,KR0070,에이비엘생명보험,2025.2Q,37,ALL,유지율,45.17,45.17,채널합 5열 Σ유지계약액=148789 Σ대상신계약액=329399 차이=-0.000
COMPANY_SUM,KR0070,에이비엘생명보험,2025.2Q,61,ALL,유지율,38.313,38.31,채널합 5열 Σ유지계약액=156815 Σ대상신계약액=409295 차이=+0.003
IDENTITY_BREAK,KR0070,에이비엘생명보험,2025.4Q,13,법인대리점_기타,유지율,87.88,113.791,[원문오기:AMOUNT_ROWS_SWAPPED] 유지계약액=199441.0 대상신계약액=175269.0 편차=-25.9114 [text]
RANGE,KR0070,에이비엘생명보험,2025.4Q,13,법인대리점_기타,유지계약액,199441.0,175269.0,유지계약액 > 대상신계약액
IDENTITY_BREAK,KR0070,에이비엘생명보험,2025.4Q,13,직영_임직원,유지율,98.89,101.071,[원문오기:AMOUNT_ROWS_SWAPPED] 유지계약액=566.0 대상신계약액=560.0 편차=-2.1814 [text]
RANGE,KR0070,에이비엘생명보험,2025.4Q,13,직영_임직원,유지계약액,566.0,560.0,유지계약액 > 대상신계약액
NONMONOTONIC,KR0070,에이비엘생명보험,2025.4Q,25,직영_다이렉트,유지율,61.34,55.06,13회차 55.06 -> 25회차 61.34 상승
COMPANY_SUM,KR0070,에이비엘생명보험,2025.4Q,13,ALL,유지율,99.501,90.55,채널합 5열 Σ유지계약액=512112 Σ대상신계약액=514680 차이=+8.951
COMPANY_SUM,KR0070,에이비엘생명보험,2025.4Q,25,ALL,유지율,79.078,79.08,채널합 5열 Σ유지계약액=333104 Σ대상신계약액=421236 차이=-0.002
COMPANY_SUM,KR0070,에이비엘생명보험,2025.4Q,37,ALL,유지율,58.622,58.62,채널합 5열 Σ유지계약액=204064 Σ대상신계약액=348101 차이=+0.002
COMPANY_SUM,KR0070,에이비엘생명보험,2025.4Q,61,ALL,유지율,36.192,36.19,채널합 5열 Σ유지계약액=141063 Σ대상신계약액=389765 차이=+0.002
NONMONOTONIC,KR0070,에이비엘생명보험,2026.2Q,37,직영_임직원,유지율,95.52,94.29,25회차 94.29 -> 37회차 95.52 상승
NONMONOTONIC,KR0070,에이비엘생명보험,2026.2Q,25,직영_다이렉트,유지율,51.19,42.47,13회차 42.47 -> 25회차 51.19 상승
NONMONOTONIC,KR0070,에이비엘생명보험,2026.2Q,37,직영_다이렉트,유지율,51.94,51.19,25회차 51.19 -> 37회차 51.94 상승
COMPANY_SUM,KR0070,에이비엘생명보험,2026.2Q,13,ALL,유지율,89.885,89.89,채널합 5열 Σ유지계약액=494231 Σ대상신계약액=549846 차이=-0.005
COMPANY_SUM,KR0070,에이비엘생명보험,2026.2Q,25,ALL,유지율,80.44,80.44,채널합 5열 Σ유지계약액=387004 Σ대상신계약액=481108 차이=+0.000
COMPANY_SUM,KR0070,에이비엘생명보험,2026.2Q,37,ALL,유지율,69.698,69.7,채널합 5열 Σ유지계약액=280625 Σ대상신계약액=402632 차이=-0.002
COMPANY_SUM,KR0070,에이비엘생명보험,2026.2Q,61,ALL,유지율,30.796,30.8,채널합 5열 Σ유지계약액=116185 Σ대상신계약액=377273 차이=-0.004
NONMONOTONIC,KR0071,흥국생명보험,2023.2Q,61,법인대리점_금융기관,유지율,21.82,18.18,37회차 18.18 -> 61회차 21.82 상승
COMPANY_SUM,KR0071,흥국생명보험,2023.2Q,13,ALL,유지율,72.584,71.96,채널합 5열 Σ유지계약액=23629 Σ대상신계약액=32554 차이=+0.624
COMPANY_SUM,KR0071,흥국생명보험,2023.2Q,25,ALL,유지율,52.011,41.76,채널합 5열 Σ유지계약액=19046 Σ대상신계약액=36619 차이=+10.251
COMPANY_SUM,KR0071,흥국생명보험,2023.2Q,37,ALL,유지율,47.265,56.36,채널합 5열 Σ유지계약액=11771 Σ대상신계약액=24904 차이=-9.095
COMPANY_SUM,KR0071,흥국생명보험,2023.2Q,61,ALL,유지율,31.721,29.71,채널합 5열 Σ유지계약액=7410 Σ대상신계약액=23360 차이=+2.011
COMPANY_SUM,KR0071,흥국생명보험,2023.4Q,13,ALL,유지율,76.226,76.15,채널합 5열 Σ유지계약액=18093 Σ대상신계약액=23736 차이=+0.076
COMPANY_SUM,KR0071,흥국생명보험,2023.4Q,25,ALL,유지율,45.431,45.54,채널합 5열 Σ유지계약액=17387 Σ대상신계약액=38271 차이=-0.109
COMPANY_SUM,KR0071,흥국생명보험,2023.4Q,37,ALL,유지율,51.031,48.37,채널합 5열 Σ유지계약액=12572 Σ대상신계약액=24636 차이=+2.661
COMPANY_SUM,KR0071,흥국생명보험,2023.4Q,61,ALL,유지율,34.016,32.38,채널합 5열 Σ유지계약액=9217 Σ대상신계약액=27096 차이=+1.636
NONMONOTONIC,KR0071,흥국생명보험,2024.2Q,37,직영_임직원,유지율,97.96,89.27,25회차 89.27 -> 37회차 97.96 상승
NONMONOTONIC,KR0071,흥국생명보험,2024.2Q,37,기타,유지율,63.24,49.66,25회차 49.66 -> 37회차 63.24 상승
COMPANY_SUM,KR0071,흥국생명보험,2024.2Q,13,ALL,유지율,78.593,83.1,채널합 6열 Σ유지계약액=14788 Σ대상신계약액=18816 차이=-4.507
COMPANY_SUM,KR0071,흥국생명보험,2024.2Q,25,ALL,유지율,48.101,49.09,채널합 6열 Σ유지계약액=16982 Σ대상신계약액=35305 차이=-0.989
COMPANY_SUM,KR0071,흥국생명보험,2024.2Q,37,ALL,유지율,42.887,42.34,채널합 6열 Σ유지계약액=12845 Σ대상신계약액=29951 차이=+0.547
COMPANY_SUM,KR0071,흥국생명보험,2024.2Q,61,ALL,유지율,34.583,34.95,채널합 6열 Σ유지계약액=13177 Σ대상신계약액=38102 차이=-0.367
NONMONOTONIC,KR0071,흥국생명보험,2024.4Q,25,직영_임직원,유지율,96.61,91.38,13회차 91.38 -> 25회차 96.61 상승
NONMONOTONIC,KR0071,흥국생명보험,2024.4Q,61,직영_임직원,유지율,87.0,69.88,37회차 69.88 -> 61회차 87.0 상승
NONMONOTONIC,KR0071,흥국생명보험,2024.4Q,61,개인대리점,유지율,65.84,35.36,37회차 35.36 -> 61회차 65.84 상승
NONMONOTONIC,KR0071,흥국생명보험,2025.2Q,25,법인대리점_금융기관,유지율,73.43,53.55,13회차 53.55 -> 25회차 73.43 상승
NONMONOTONIC,KR0071,흥국생명보험,2025.2Q,37,법인대리점_홈쇼핑,유지율,63.66,63.65,25회차 63.65 -> 37회차 63.66 상승
NONMONOTONIC,KR0071,흥국생명보험,2025.2Q,25,직영_임직원,유지율,90.08,73.96,13회차 73.96 -> 25회차 90.08 상승
NONMONOTONIC,KR0071,흥국생명보험,2025.2Q,61,직영_임직원,유지율,87.16,86.37,37회차 86.37 -> 61회차 87.16 상승
COMPANY_SUM,KR0071,흥국생명보험,2025.2Q,13,ALL,유지율,82.201,82.2,채널합 6열 Σ유지계약액=178406 Σ대상신계약액=217035 차이=+0.001
COMPANY_SUM,KR0071,흥국생명보험,2025.2Q,25,ALL,유지율,71.731,71.73,채널합 6열 Σ유지계약액=292116 Σ대상신계약액=407239 차이=+0.001
COMPANY_SUM,KR0071,흥국생명보험,2025.2Q,37,ALL,유지율,42.424,42.42,채널합 7열 Σ유지계약액=168440 Σ대상신계약액=397044 차이=+0.004
COMPANY_SUM,KR0071,흥국생명보험,2025.2Q,61,ALL,유지율,36.012,36.01,채널합 7열 Σ유지계약액=123154 Σ대상신계약액=341980 차이=+0.002
NONMONOTONIC,KR0071,흥국생명보험,2025.4Q,61,설계사,유지율,52.77,52.4,37회차 52.4 -> 61회차 52.77 상승
NONMONOTONIC,KR0071,흥국생명보험,2025.4Q,25,직영_임직원,유지율,90.48,77.89,13회차 77.89 -> 25회차 90.48 상승
NONMONOTONIC,KR0071,흥국생명보험,2025.4Q,37,직영_임직원,유지율,95.29,90.48,25회차 90.48 -> 37회차 95.29 상승
COMPANY_SUM,KR0071,흥국생명보험,2025.4Q,13,ALL,유지율,84.864,84.86,채널합 6열 Σ유지계약액=199493 Σ대상신계약액=235073 차이=+0.004
COMPANY_SUM,KR0071,흥국생명보험,2025.4Q,25,ALL,유지율,72.77,72.77,채널합 6열 Σ유지계약액=207764 Σ대상신계약액=285508 차이=-0.000
COMPANY_SUM,KR0071,흥국생명보험,2025.4Q,37,ALL,유지율,54.411,54.41,채널합 7열 Σ유지계약액=214779 Σ대상신계약액=394736 차이=+0.001
COMPANY_SUM,KR0071,흥국생명보험,2025.4Q,61,ALL,유지율,38.129,38.13,채널합 7열 Σ유지계약액=127478 Σ대상신계약액=334336 차이=-0.001
NONMONOTONIC,KR0071,흥국생명보험,2026.2Q,37,법인대리점_금융기관,유지율,70.7,43.2,25회차 43.2 -> 37회차 70.7 상승
NONMONOTONIC,KR0071,흥국생명보험,2026.2Q,37,직영_임직원,유지율,88.32,73.67,25회차 73.67 -> 37회차 88.32 상승
COMPANY_SUM,KR0071,흥국생명보험,2026.2Q,13,ALL,유지율,86.012,86.01,채널합 6열 Σ유지계약액=255977 Σ대상신계약액=297606 차이=+0.002
COMPANY_SUM,KR0071,흥국생명보험,2026.2Q,25,ALL,유지율,66.648,66.65,채널합 6열 Σ유지계약액=144036 Σ대상신계약액=216114 차이=-0.002
COMPANY_SUM,KR0071,흥국생명보험,2026.2Q,37,ALL,유지율,65.723,65.72,채널합 6열 Σ유지계약액=265917 Σ대상신계약액=404604 차이=+0.003
COMPANY_SUM,KR0071,흥국생명보험,2026.2Q,61,ALL,유지율,32.457,32.46,채널합 7열 Σ유지계약액=114940 Σ대상신계약액=354132 차이=-0.003
COMPANY_SUM,KR0072,케이디비생명보험,2023.2Q,13,ALL,유지율,86.109,86.19,채널합 8열 Σ유지계약액=176262 Σ대상신계약액=204696 차이=-0.081
COMPANY_SUM,KR0072,케이디비생명보험,2023.2Q,25,ALL,유지율,70.279,70.4,채널합 8열 Σ유지계약액=201482 Σ대상신계약액=286687 차이=-0.121
COMPANY_SUM,KR0072,케이디비생명보험,2023.2Q,37,ALL,유지율,57.996,56.42,채널합 8열 Σ유지계약액=170324 Σ대상신계약액=293684 차이=+1.576
COMPANY_SUM,KR0072,케이디비생명보험,2023.2Q,61,ALL,유지율,43.24,40.5,채널합 8열 Σ유지계약액=107997 Σ대상신계약액=249764 차이=+2.740
COMPANY_SUM,KR0072,케이디비생명보험,2023.4Q,13,ALL,유지율,87.354,87.35,채널합 6열 Σ유지계약액=235098 Σ대상신계약액=269132 차이=+0.004
COMPANY_SUM,KR0072,케이디비생명보험,2023.4Q,25,ALL,유지율,69.593,69.59,채널합 6열 Σ유지계약액=169506 Σ대상신계약액=243566 차이=+0.003
COMPANY_SUM,KR0072,케이디비생명보험,2023.4Q,37,ALL,유지율,57.09,57.09,채널합 6열 Σ유지계약액=159779 Σ대상신계약액=279870 차이=+0.000
COMPANY_SUM,KR0072,케이디비생명보험,2023.4Q,61,ALL,유지율,41.176,41.18,채널합 7열 Σ유지계약액=116659 Σ대상신계약액=283320 차이=-0.004
NONMONOTONIC,KR0072,케이디비생명보험,2024.2Q,37,직영_임직원,유지율,85.39,76.77,25회차 76.77 -> 37회차 85.39 상승
COMPANY_SUM,KR0072,케이디비생명보험,2024.2Q,13,ALL,유지율,88.745,88.7,채널합 6열 Σ유지계약액=259494 Σ대상신계약액=292403 차이=+0.045
COMPANY_SUM,KR0072,케이디비생명보험,2024.2Q,25,ALL,유지율,70.439,70.4,채널합 6열 Σ유지계약액=144589 Σ대상신계약액=205269 차이=+0.039
COMPANY_SUM,KR0072,케이디비생명보험,2024.2Q,37,ALL,유지율,55.965,56.0,채널합 6열 Σ유지계약액=157767 Σ대상신계약액=281902 차이=-0.035
COMPANY_SUM,KR0072,케이디비생명보험,2024.2Q,61,ALL,유지율,41.854,41.9,채널합 6열 Σ유지계약액=133535 Σ대상신계약액=319047 차이=-0.046
NONMONOTONIC,KR0072,케이디비생명보험,2024.4Q,37,직영_임직원,유지율,80.33,74.33,25회차 74.33 -> 37회차 80.33 상승
COMPANY_SUM,KR0072,케이디비생명보험,2024.4Q,13,ALL,유지율,89.342,89.35,채널합 6열 Σ유지계약액=258549 Σ대상신계약액=289392 차이=-0.008
COMPANY_SUM,KR0072,케이디비생명보험,2024.4Q,25,ALL,유지율,74.334,74.34,채널합 6열 Σ유지계약액=199935 Σ대상신계약액=268967 차이=-0.006
COMPANY_SUM,KR0072,케이디비생명보험,2024.4Q,37,ALL,유지율,57.228,57.23,채널합 6열 Σ유지계약액=136087 Σ대상신계약액=237796 차이=-0.002
COMPANY_SUM,KR0072,케이디비생명보험,2024.4Q,61,ALL,유지율,42.557,42.56,채널합 6열 Σ유지계약액=134729 Σ대상신계약액=316584 차이=-0.003
NONMONOTONIC,KR0072,케이디비생명보험,2025.2Q,25,법인대리점_금융기관,유지율,83.8,75.53,13회차 75.53 -> 25회차 83.8 상승
NONMONOTONIC,KR0072,케이디비생명보험,2025.2Q,61,법인대리점_금융기관,유지율,53.54,52.81,37회차 52.81 -> 61회차 53.54 상승
NONMONOTONIC,KR0072,케이디비생명보험,2025.2Q,25,직영_임직원,유지율,59.3,48.37,13회차 48.37 -> 25회차 59.3 상승
COMPANY_SUM,KR0072,케이디비생명보험,2025.2Q,13,ALL,유지율,90.343,90.34,채널합 6열 Σ유지계약액=369701 Σ대상신계약액=409220 차이=+0.003
COMPANY_SUM,KR0072,케이디비생명보험,2025.2Q,25,ALL,유지율,76.484,76.48,채널합 6열 Σ유지계약액=223256 Σ대상신계약액=291898 차이=+0.004
COMPANY_SUM,KR0072,케이디비생명보험,2025.2Q,37,ALL,유지율,59.01,59.01,채널합 6열 Σ유지계약액=118060 Σ대상신계약액=200068 차이=-0.000
COMPANY_SUM,KR0072,케이디비생명보험,2025.2Q,61,ALL,유지율,41.772,41.77,채널합 6열 Σ유지계약액=120097 Σ대상신계약액=287503 차이=+0.002
NONMONOTONIC,KR0072,케이디비생명보험,2025.4Q,37,법인대리점_금융기관,유지율,75.67,63.27,25회차 63.27 -> 37회차 75.67 상승
NONMONOTONIC,KR0072,케이디비생명보험,2025.4Q,25,직영_임직원,유지율,46.57,26.07,13회차 26.07 -> 25회차 46.57 상승
NONMONOTONIC,KR0072,케이디비생명보험,2025.4Q,61,직영_임직원,유지율,47.96,31.35,37회차 31.35 -> 61회차 47.96 상승
COMPANY_SUM,KR0072,케이디비생명보험,2025.4Q,13,ALL,유지율,90.481,90.48,채널합 6열 Σ유지계약액=408746 Σ대상신계약액=451746 차이=+0.001
COMPANY_SUM,KR0072,케이디비생명보험,2025.4Q,25,ALL,유지율,77.564,77.56,채널합 6열 Σ유지계약액=223980 Σ대상신계약액=288769 차이=+0.004
COMPANY_SUM,KR0072,케이디비생명보험,2025.4Q,37,ALL,유지율,64.265,64.26,채널합 6열 Σ유지계약액=171565 Σ대상신계약액=266964 차이=+0.005
COMPANY_SUM,KR0072,케이디비생명보험,2025.4Q,61,ALL,유지율,40.765,40.77,채널합 6열 Σ유지계약액=110001 Σ대상신계약액=269839 차이=-0.005
NONMONOTONIC,KR0072,케이디비생명보험,2026.2Q,37,법인대리점_금융기관,유지율,75.19,56.44,25회차 56.44 -> 37회차 75.19 상승
NONMONOTONIC,KR0072,케이디비생명보험,2026.2Q,61,직영_임직원,유지율,71.86,7.79,37회차 7.79 -> 61회차 71.86 상승
COMPANY_SUM,KR0072,케이디비생명보험,2026.2Q,13,ALL,유지율,89.555,89.56,채널합 6열 Σ유지계약액=343445 Σ대상신계약액=383500 차이=-0.005
COMPANY_SUM,KR0072,케이디비생명보험,2026.2Q,25,ALL,유지율,81.142,81.14,채널합 6열 Σ유지계약액=331237 Σ대상신계약액=408220 차이=+0.002
COMPANY_SUM,KR0072,케이디비생명보험,2026.2Q,37,ALL,유지율,65.997,66.0,채널합 6열 Σ유지계약액=192085 Σ대상신계약액=291052 차이=-0.003
COMPANY_SUM,KR0072,케이디비생명보험,2026.2Q,61,ALL,유지율,39.483,39.48,채널합 6열 Σ유지계약액=108934 Σ대상신계약액=275901 차이=+0.003
NONMONOTONIC,KR0073,교보생명보험,2023.2Q,37,개인대리점,유지율,94.01,84.36,25회차 84.36 -> 37회차 94.01 상승
NONMONOTONIC,KR0073,교보생명보험,2023.2Q,61,법인대리점_금융기관,유지율,53.93,39.45,37회차 39.45 -> 61회차 53.93 상승
NONMONOTONIC,KR0073,교보생명보험,2023.2Q,61,법인대리점_홈쇼핑,유지율,22.49,0.0,37회차 0.0 -> 61회차 22.49 상승
COMPANY_SUM,KR0073,교보생명보험,2023.2Q,13,ALL,유지율,64.289,64.35,채널합 8열 Σ유지계약액=1.19825e+06 Σ대상신계약액=1.86385e+06 차이=-0.061
COMPANY_SUM,KR0073,교보생명보험,2023.2Q,25,ALL,유지율,53.939,54.02,채널합 8열 Σ유지계약액=1.09222e+06 Σ대상신계약액=2.02493e+06 차이=-0.081
COMPANY_SUM,KR0073,교보생명보험,2023.2Q,37,ALL,유지율,51.984,52.11,채널합 8열 Σ유지계약액=681076 Σ대상신계약액=1.31016e+06 차이=-0.126
COMPANY_SUM,KR0073,교보생명보험,2023.2Q,61,ALL,유지율,41.705,41.81,채널합 8열 Σ유지계약액=459121 Σ대상신계약액=1.10087e+06 차이=-0.105
NONMONOTONIC,KR0073,교보생명보험,2023.4Q,37,법인대리점_금융기관,유지율,27.84,26.0,25회차 26.0 -> 37회차 27.84 상승
NONMONOTONIC,KR0073,교보생명보험,2023.4Q,61,법인대리점_금융기관,유지율,48.56,27.84,37회차 27.84 -> 61회차 48.56 상승
NONMONOTONIC,KR0073,교보생명보험,2023.4Q,61,법인대리점_홈쇼핑,유지율,25.08,0.0,37회차 0.0 -> 61회차 25.08 상승
COMPANY_SUM,KR0073,교보생명보험,2023.4Q,13,ALL,유지율,76.368,76.37,채널합 8열 Σ유지계약액=1.86728e+06 Σ대상신계약액=2.44509e+06 차이=-0.002
COMPANY_SUM,KR0073,교보생명보험,2023.4Q,25,ALL,유지율,46.827,46.83,채널합 8열 Σ유지계약액=866532 Σ대상신계약액=1.85051e+06 차이=-0.003
COMPANY_SUM,KR0073,교보생명보험,2023.4Q,37,ALL,유지율,45.56,45.56,채널합 8열 Σ유지계약액=757273 Σ대상신계약액=1.66213e+06 차이=+0.000
COMPANY_SUM,KR0073,교보생명보험,2023.4Q,61,ALL,유지율,38.908,38.91,채널합 8열 Σ유지계약액=433860 Σ대상신계약액=1.11509e+06 차이=-0.002
NONMONOTONIC,KR0073,교보생명보험,2024.2Q,61,법인대리점_금융기관,유지율,47.04,22.72,37회차 22.72 -> 61회차 47.04 상승
NONMONOTONIC,KR0073,교보생명보험,2024.2Q,37,법인대리점_TM,유지율,22.41,17.84,25회차 17.84 -> 37회차 22.41 상승
NONMONOTONIC,KR0073,교보생명보험,2024.2Q,61,법인대리점_홈쇼핑,유지율,25.13,0.0,37회차 0.0 -> 61회차 25.13 상승
COMPANY_SUM,KR0073,교보생명보험,2024.2Q,13,ALL,유지율,88.716,88.72,채널합 11열 Σ유지계약액=2.12605e+06 Σ대상신계약액=2.39647e+06 차이=-0.004
COMPANY_SUM,KR0073,교보생명보험,2024.2Q,25,ALL,유지율,45.738,45.74,채널합 11열 Σ유지계약액=809294 Σ대상신계약액=1.76942e+06 차이=-0.002
COMPANY_SUM,KR0073,교보생명보험,2024.2Q,37,ALL,유지율,41.788,41.79,채널합 11열 Σ유지계약액=719917 Σ대상신계약액=1.72278e+06 차이=-0.002
COMPANY_SUM,KR0073,교보생명보험,2024.2Q,61,ALL,유지율,42.111,42.11,채널합 11열 Σ유지계약액=473024 Σ대상신계약액=1.12327e+06 차이=+0.001
NONMONOTONIC,KR0073,교보생명보험,2024.4Q,61,법인대리점_금융기관,유지율,47.08,18.9,37회차 18.9 -> 61회차 47.08 상승
NONMONOTONIC,KR0073,교보생명보험,2024.4Q,37,법인대리점_TM,유지율,19.11,16.71,25회차 16.71 -> 37회차 19.11 상승
NONMONOTONIC,KR0073,교보생명보험,2024.4Q,61,법인대리점_홈쇼핑,유지율,27.45,0.0,37회차 0.0 -> 61회차 27.45 상승
COMPANY_SUM,KR0073,교보생명보험,2024.4Q,13,ALL,유지율,88.209,88.21,채널합 11열 Σ유지계약액=1.59623e+06 Σ대상신계약액=1.80959e+06 차이=-0.001
COMPANY_SUM,KR0073,교보생명보험,2024.4Q,25,ALL,유지율,64.733,64.73,채널합 11열 Σ유지계약액=1.57715e+06 Σ대상신계약액=2.4364e+06 차이=+0.003
COMPANY_SUM,KR0073,교보생명보험,2024.4Q,37,ALL,유지율,38.499,38.5,채널합 11열 Σ유지계약액=631307 Σ대상신계약액=1.6398e+06 차이=-0.001
COMPANY_SUM,KR0073,교보생명보험,2024.4Q,61,ALL,유지율,45.391,45.39,채널합 11열 Σ유지계약액=484458 Σ대상신계약액=1.0673e+06 차이=+0.001
NONMONOTONIC,KR0073,교보생명보험,2025.2Q,61,법인대리점_금융기관,유지율,46.91,19.59,37회차 19.59 -> 61회차 46.91 상승
COMPANY_SUM,KR0073,교보생명보험,2025.2Q,13,ALL,유지율,89.987,89.99,채널합 11열 Σ유지계약액=1.84575e+06 Σ대상신계약액=2.05113e+06 차이=-0.003
COMPANY_SUM,KR0073,교보생명보험,2025.2Q,25,ALL,유지율,78.003,78.0,채널합 11열 Σ유지계약액=1.86211e+06 Σ대상신계약액=2.38722e+06 차이=+0.003
COMPANY_SUM,KR0073,교보생명보험,2025.2Q,37,ALL,유지율,37.055,37.05,채널합 11열 Σ유지계약액=605595 Σ대상신계약액=1.63431e+06 차이=+0.005
COMPANY_SUM,KR0073,교보생명보험,2025.2Q,61,ALL,유지율,45.444,45.44,채널합 11열 Σ유지계약액=473069 Σ대상신계약액=1.04099e+06 차이=+0.004
NONMONOTONIC,KR0073,교보생명보험,2025.4Q,61,법인대리점_TM,유지율,15.34,15.19,37회차 15.19 -> 61회차 15.34 상승
COMPANY_SUM,KR0073,교보생명보험,2025.4Q,13,ALL,유지율,90.24,90.24,채널합 11열 Σ유지계약액=1.8004e+06 Σ대상신계약액=1.99512e+06 차이=+0.000
COMPANY_SUM,KR0073,교보생명보험,2025.4Q,25,ALL,유지율,74.975,74.97,채널합 11열 Σ유지계약액=1.3515e+06 Σ대상신계약액=1.80261e+06 차이=+0.005
COMPANY_SUM,KR0073,교보생명보험,2025.4Q,37,ALL,유지율,57.5,57.5,채널합 11열 Σ유지계약액=1.35568e+06 Σ대상신계약액=2.35769e+06 차이=+0.000
COMPANY_SUM,KR0073,교보생명보험,2025.4Q,61,ALL,유지율,44.455,44.45,채널합 11열 Σ유지계약액=497508 Σ대상신계약액=1.11913e+06 차이=+0.005
COMPANY_SUM,KR0073,교보생명보험,2026.2Q,13,ALL,유지율,89.708,89.71,채널합 11열 Σ유지계약액=1.66179e+06 Σ대상신계약액=1.85244e+06 차이=-0.002
COMPANY_SUM,KR0073,교보생명보험,2026.2Q,25,ALL,유지율,78.177,78.18,채널합 11열 Σ유지계약액=1.59829e+06 Σ대상신계약액=2.04444e+06 차이=-0.003
COMPANY_SUM,KR0073,교보생명보험,2026.2Q,37,ALL,유지율,69.047,69.05,채널합 11열 Σ유지계약액=1.639e+06 Σ대상신계약액=2.37374e+06 차이=-0.003
COMPANY_SUM,KR0073,교보생명보험,2026.2Q,61,ALL,유지율,41.749,41.75,채널합 11열 Σ유지계약액=464111 Σ대상신계약액=1.11168e+06 차이=-0.001
NONMONOTONIC,KR0074,라이나생명보험,2023.2Q,37,법인대리점_금융기관,유지율,86.74,78.33,25회차 78.33 -> 37회차 86.74 상승
NONMONOTONIC,KR0074,라이나생명보험,2023.2Q,37,법인대리점_기타,유지율,77.73,77.37,25회차 77.37 -> 37회차 77.73 상승
COMPANY_SUM,KR0074,라이나생명보험,2023.2Q,13,ALL,유지율,83.813,83.81,채널합 5열 Σ유지계약액=225467 Σ대상신계약액=269011 차이=+0.003
COMPANY_SUM,KR0074,라이나생명보험,2023.2Q,25,ALL,유지율,74.47,74.47,채널합 5열 Σ유지계약액=187067 Σ대상신계약액=251199 차이=-0.000
COMPANY_SUM,KR0074,라이나생명보험,2023.2Q,37,ALL,유지율,71.428,71.43,채널합 5열 Σ유지계약액=270809 Σ대상신계약액=379135 차이=-0.002
COMPANY_SUM,KR0074,라이나생명보험,2023.2Q,61,ALL,유지율,44.045,44.05,채널합 5열 Σ유지계약액=108668 Σ대상신계약액=246719 차이=-0.005
NONMONOTONIC,KR0074,라이나생명보험,2023.4Q,37,법인대리점_금융기관,유지율,88.75,75.38,25회차 75.38 -> 37회차 88.75 상승
COMPANY_SUM,KR0074,라이나생명보험,2023.4Q,13,ALL,유지율,83.883,83.88,채널합 5열 Σ유지계약액=465121 Σ대상신계약액=554485 차이=+0.003
COMPANY_SUM,KR0074,라이나생명보험,2023.4Q,25,ALL,유지율,74.263,74.26,채널합 5열 Σ유지계약액=383508 Σ대상신계약액=516420 차이=+0.003
COMPANY_SUM,KR0074,라이나생명보험,2023.4Q,37,ALL,유지율,69.89,69.89,채널합 5열 Σ유지계약액=453595 Σ대상신계약액=649014 차이=-0.000
COMPANY_SUM,KR0074,라이나생명보험,2023.4Q,61,ALL,유지율,44.606,44.61,채널합 5열 Σ유지계약액=203483 Σ대상신계약액=456182 차이=-0.004
NONMONOTONIC,KR0074,라이나생명보험,2024.2Q,37,법인대리점_금융기관,유지율,67.21,60.63,25회차 60.63 -> 37회차 67.21 상승
NONMONOTONIC,KR0074,라이나생명보험,2024.2Q,61,기타,유지율,67.83,63.43,37회차 63.43 -> 61회차 67.83 상승
COMPANY_SUM,KR0074,라이나생명보험,2024.2Q,13,ALL,유지율,82.186,82.19,채널합 7열 Σ유지계약액=480679 Σ대상신계약액=584867 차이=-0.004
COMPANY_SUM,KR0074,라이나생명보험,2024.2Q,25,ALL,유지율,72.315,72.32,채널합 7열 Σ유지계약액=386164 Σ대상신계약액=534004 차이=-0.005
COMPANY_SUM,KR0074,라이나생명보험,2024.2Q,37,ALL,유지율,66.597,66.6,채널합 7열 Σ유지계약액=355397 Σ대상신계약액=533650 차이=-0.003
COMPANY_SUM,KR0074,라이나생명보험,2024.2Q,61,ALL,유지율,45.128,45.13,채널합 6열 Σ유지계약액=207165 Σ대상신계약액=459064 차이=-0.002
NONMONOTONIC,KR0074,라이나생명보험,2024.4Q,61,기타,유지율,68.84,67.84,37회차 67.84 -> 61회차 68.84 상승
COMPANY_SUM,KR0074,라이나생명보험,2024.4Q,13,ALL,유지율,82.31,82.31,채널합 7열 Σ유지계약액=509986 Σ대상신계약액=619592 차이=-0.000
COMPANY_SUM,KR0074,라이나생명보험,2024.4Q,25,ALL,유지율,70.754,70.75,채널합 7열 Σ유지계약액=389060 Σ대상신계약액=549875 차이=+0.004
COMPANY_SUM,KR0074,라이나생명보험,2024.4Q,37,ALL,유지율,64.201,64.2,채널합 7열 Σ유지계약액=329544 Σ대상신계약액=513297 차이=+0.001
COMPANY_SUM,KR0074,라이나생명보험,2024.4Q,61,ALL,유지율,51.423,51.42,채널합 6열 Σ유지계약액=280953 Σ대상신계약액=546355 차이=+0.003
NONMONOTONIC,KR0074,라이나생명보험,2025.2Q,61,법인대리점_금융기관,유지율,58.52,51.39,37회차 51.39 -> 61회차 58.52 상승
NONMONOTONIC,KR0074,라이나생명보험,2025.2Q,61,법인대리점_기타,유지율,68.62,66.12,37회차 66.12 -> 61회차 68.62 상승
COMPANY_SUM,KR0074,라이나생명보험,2025.2Q,13,ALL,유지율,81.757,81.76,채널합 7열 Σ유지계약액=520443 Σ대상신계약액=636575 차이=-0.003
COMPANY_SUM,KR0074,라이나생명보험,2025.2Q,25,ALL,유지율,69.928,69.93,채널합 7열 Σ유지계약액=404995 Σ대상신계약액=579164 차이=-0.002
COMPANY_SUM,KR0074,라이나생명보험,2025.2Q,37,ALL,유지율,62.69,62.69,채널합 7열 Σ유지계약액=332489 Σ대상신계약액=530369 차이=+0.000
COMPANY_SUM,KR0074,라이나생명보험,2025.2Q,61,ALL,유지율,56.173,56.17,채널합 7열 Σ유지계약액=352700 Σ대상신계약액=627885 차이=+0.003
NONMONOTONIC,KR0074,라이나생명보험,2025.4Q,61,법인대리점_금융기관,유지율,62.78,50.64,37회차 50.64 -> 61회차 62.78 상승
COMPANY_SUM,KR0074,라이나생명보험,2025.4Q,13,ALL,유지율,81.81,81.81,채널합 7열 Σ유지계약액=566281 Σ대상신계약액=692191 차이=-0.000
COMPANY_SUM,KR0074,라이나생명보험,2025.4Q,25,ALL,유지율,70.36,70.36,채널합 7열 Σ유지계약액=431632 Σ대상신계약액=613462 차이=+0.000
COMPANY_SUM,KR0074,라이나생명보험,2025.4Q,37,ALL,유지율,60.919,60.92,채널합 7열 Σ유지계약액=332540 Σ대상신계약액=545869 차이=-0.001
COMPANY_SUM,KR0074,라이나생명보험,2025.4Q,61,ALL,유지율,53.45,53.45,채널합 7열 Σ유지계약액=307940 Σ대상신계약액=576127 차이=+0.000
NONMONOTONIC,KR0074,라이나생명보험,2026.2Q,61,법인대리점_금융기관,유지율,55.5,50.49,37회차 50.49 -> 61회차 55.5 상승
COMPANY_SUM,KR0074,라이나생명보험,2026.2Q,13,ALL,유지율,80.967,80.97,채널합 7열 Σ유지계약액=557027 Σ대상신계약액=687969 차이=-0.003
COMPANY_SUM,KR0074,라이나생명보험,2026.2Q,25,ALL,유지율,70.147,70.15,채널합 7열 Σ유지계약액=442194 Σ대상신계약액=630379 차이=-0.003
COMPANY_SUM,KR0074,라이나생명보험,2026.2Q,37,ALL,유지율,60.392,60.39,채널합 7열 Σ유지계약액=346892 Σ대상신계약액=574401 차이=+0.002
COMPANY_SUM,KR0074,라이나생명보험,2026.2Q,61,ALL,유지율,47.531,47.53,채널합 7열 Σ유지계약액=223062 Σ대상신계약액=469302 차이=+0.001
NONMONOTONIC,KR0075,비엔피파리바카디프생명보험,2023.2Q,61,법인대리점_금융기관,유지율,46.5,20.0,37회차 20.0 -> 61회차 46.5 상승
NONMONOTONIC,KR0075,비엔피파리바카디프생명보험,2023.2Q,61,법인대리점_기타,유지율,26.71,26.27,37회차 26.27 -> 61회차 26.71 상승
COMPANY_SUM,KR0075,비엔피파리바카디프생명보험,2023.2Q,13,ALL,유지율,78.297,78.3,채널합 8열 Σ유지계약액=83588 Σ대상신계약액=106758 차이=-0.003
COMPANY_SUM,KR0075,비엔피파리바카디프생명보험,2023.2Q,25,ALL,유지율,54.785,54.8,채널합 8열 Σ유지계약액=69816 Σ대상신계약액=127437 차이=-0.015
COMPANY_SUM,KR0075,비엔피파리바카디프생명보험,2023.2Q,37,ALL,유지율,22.205,22.2,채널합 8열 Σ유지계약액=14574 Σ대상신계약액=65634 차이=+0.005
COMPANY_SUM,KR0075,비엔피파리바카디프생명보험,2023.2Q,61,ALL,유지율,46.364,46.3,채널합 8열 Σ유지계약액=13925 Σ대상신계약액=30034 차이=+0.064
NONMONOTONIC,KR0075,비엔피파리바카디프생명보험,2023.4Q,61,법인대리점_금융기관,유지율,32.2,26.4,37회차 26.4 -> 61회차 32.2 상승
NONMONOTONIC,KR0075,비엔피파리바카디프생명보험,2023.4Q,37,직영_복합,유지율,41.6,40.3,25회차 40.3 -> 37회차 41.6 상승
COMPANY_SUM,KR0075,비엔피파리바카디프생명보험,2023.4Q,13,ALL,유지율,77.053,77.05,채널합 8열 Σ유지계약액=56038.2 Σ대상신계약액=72726.9 차이=+0.003
COMPANY_SUM,KR0075,비엔피파리바카디프생명보험,2023.4Q,25,ALL,유지율,59.248,59.25,채널합 8열 Σ유지계약액=67923.3 Σ대상신계약액=114643 차이=-0.002
COMPANY_SUM,KR0075,비엔피파리바카디프생명보험,2023.4Q,37,ALL,유지율,29.826,29.83,채널합 8열 Σ유지계약액=32923.3 Σ대상신계약액=110386 차이=-0.004
COMPANY_SUM,KR0075,비엔피파리바카디프생명보험,2023.4Q,61,ALL,유지율,32.097,32.1,채널합 8열 Σ유지계약액=16218.9 Σ대상신계약액=50531 차이=-0.003
NONMONOTONIC,KR0075,비엔피파리바카디프생명보험,2024.4Q,37,직영_다이렉트,유지율,45.23,39.13,25회차 39.13 -> 37회차 45.23 상승
COMPANY_SUM,KR0075,비엔피파리바카디프생명보험,2024.4Q,13,ALL,유지율,84.473,84.47,채널합 4열 Σ유지계약액=153408 Σ대상신계약액=181607 차이=+0.003
COMPANY_SUM,KR0075,비엔피파리바카디프생명보험,2024.4Q,25,ALL,유지율,49.052,49.05,채널합 4열 Σ유지계약액=35667 Σ대상신계약액=72712 차이=+0.002
COMPANY_SUM,KR0075,비엔피파리바카디프생명보험,2024.4Q,37,ALL,유지율,35.883,35.88,채널합 4열 Σ유지계약액=40981 Σ대상신계약액=114206 차이=+0.003
COMPANY_SUM,KR0075,비엔피파리바카디프생명보험,2024.4Q,61,ALL,유지율,14.631,14.63,채널합 3열 Σ유지계약액=13942 Σ대상신계약액=95288 차이=+0.001
REPAIR,KR0075,비엔피파리바카디프생명보험,2025.2Q,61,법인대리점_금융기관,,,,R:10..00->10
COMPANY_SUM,KR0075,비엔피파리바카디프생명보험,2025.2Q,13,ALL,유지율,78.975,64.66,채널합 4열 Σ유지계약액=134093 Σ대상신계약액=169792 차이=+14.315
COMPANY_SUM,KR0075,비엔피파리바카디프생명보험,2025.2Q,25,ALL,유지율,60.283,64.53,채널합 4열 Σ유지계약액=55008 Σ대상신계약액=91249 차이=-4.247
COMPANY_SUM,KR0075,비엔피파리바카디프생명보험,2025.2Q,37,ALL,유지율,31.688,28.33,채널합 4열 Σ유지계약액=33745 Σ대상신계약액=106490 차이=+3.358
COMPANY_SUM,KR0075,비엔피파리바카디프생명보험,2025.2Q,61,ALL,유지율,10.3,9.33,채널합 3열 Σ유지계약액=6754 Σ대상신계약액=65571 차이=+0.970
NONMONOTONIC,KR0075,비엔피파리바카디프생명보험,2025.4Q,25,법인대리점_금융기관,유지율,72.13,55.73,13회차 55.73 -> 25회차 72.13 상승
COMPANY_SUM,KR0075,비엔피파리바카디프생명보험,2025.4Q,13,ALL,유지율,68.534,68.53,채널합 4열 Σ유지계약액=107634 Σ대상신계약액=157053 차이=+0.004
COMPANY_SUM,KR0075,비엔피파리바카디프생명보험,2025.4Q,25,ALL,유지율,69.373,69.37,채널합 4열 Σ유지계약액=125893 Σ대상신계약액=181472 차이=+0.003
COMPANY_SUM,KR0075,비엔피파리바카디프생명보험,2025.4Q,37,ALL,유지율,29.338,29.34,채널합 4열 Σ유지계약액=21181 Σ대상신계약액=72197 차이=-0.002
COMPANY_SUM,KR0075,비엔피파리바카디프생명보험,2025.4Q,61,ALL,유지율,14.295,14.3,채널합 3열 Σ유지계약액=15626 Σ대상신계약액=109308 차이=-0.005
NONMONOTONIC,KR0075,비엔피파리바카디프생명보험,2026.2Q,25,법인대리점_금융기관,유지율,63.28,54.46,13회차 54.46 -> 25회차 63.28 상승
COMPANY_SUM,KR0075,비엔피파리바카디프생명보험,2026.2Q,13,ALL,유지율,69.937,69.11,채널합 4열 Σ유지계약액=120833 Σ대상신계약액=172775 차이=+0.827
COMPANY_SUM,KR0075,비엔피파리바카디프생명보험,2026.2Q,25,ALL,유지율,61.996,39.52,채널합 4열 Σ유지계약액=105201 Σ대상신계약액=169691 차이=+22.476
COMPANY_SUM,KR0075,비엔피파리바카디프생명보험,2026.2Q,37,ALL,유지율,46.808,53.52,채널합 4열 Σ유지계약액=42518 Σ대상신계약액=90835 차이=-6.712
COMPANY_SUM,KR0075,비엔피파리바카디프생명보험,2026.2Q,61,ALL,유지율,16.568,16.29,채널합 3열 Σ유지계약액=20747 Σ대상신계약액=125222 차이=+0.278
NONMONOTONIC,KR0076,아이엠라이프생명보험,2023.2Q,25,개인대리점,유지율,87.37,87.02,13회차 87.02 -> 25회차 87.37 상승
NONMONOTONIC,KR0076,아이엠라이프생명보험,2023.2Q,37,개인대리점,유지율,90.93,87.37,25회차 87.37 -> 37회차 90.93 상승
NONMONOTONIC,KR0076,아이엠라이프생명보험,2023.2Q,61,법인대리점_금융기관,유지율,63.76,60.86,37회차 60.86 -> 61회차 63.76 상승
NONMONOTONIC,KR0076,아이엠라이프생명보험,2023.2Q,25,직영_다이렉트,유지율,76.8,0.0,13회차 0.0 -> 25회차 76.8 상승
COMPANY_SUM,KR0076,아이엠라이프생명보험,2023.2Q,13,ALL,유지율,89.826,89.83,채널합 8열 Σ유지계약액=135222 Σ대상신계약액=150538 차이=-0.004
COMPANY_SUM,KR0076,아이엠라이프생명보험,2023.2Q,25,ALL,유지율,74.922,74.91,채널합 8열 Σ유지계약액=134432 Σ대상신계약액=179429 차이=+0.012
COMPANY_SUM,KR0076,아이엠라이프생명보험,2023.2Q,37,ALL,유지율,65.504,65.5,채널합 8열 Σ유지계약액=77707 Σ대상신계약액=118630 차이=+0.004
COMPANY_SUM,KR0076,아이엠라이프생명보험,2023.2Q,61,ALL,유지율,44.747,44.75,채널합 8열 Σ유지계약액=42362 Σ대상신계약액=94670 차이=-0.003
NONMONOTONIC,KR0076,아이엠라이프생명보험,2023.4Q,37,개인대리점,유지율,92.88,76.4,25회차 76.4 -> 37회차 92.88 상승
NONMONOTONIC,KR0076,아이엠라이프생명보험,2023.4Q,61,법인대리점_금융기관,유지율,77.64,65.01,37회차 65.01 -> 61회차 77.64 상승
NONMONOTONIC,KR0076,아이엠라이프생명보험,2023.4Q,25,직영_복합,유지율,93.55,0.0,13회차 0.0 -> 25회차 93.55 상승
NONMONOTONIC,KR0076,아이엠라이프생명보험,2023.4Q,25,직영_다이렉트,유지율,74.41,0.0,13회차 0.0 -> 25회차 74.41 상승
COMPANY_SUM,KR0076,아이엠라이프생명보험,2023.4Q,13,ALL,유지율,88.21,88.22,채널합 8열 Σ유지계약액=95805 Σ대상신계약액=108610 차이=-0.010
COMPANY_SUM,KR0076,아이엠라이프생명보험,2023.4Q,25,ALL,유지율,77.456,77.45,채널합 8열 Σ유지계약액=141935 Σ대상신계약액=183245 차이=+0.006
COMPANY_SUM,KR0076,아이엠라이프생명보험,2023.4Q,37,ALL,유지율,64.867,64.87,채널합 8열 Σ유지계약액=97078 Σ대상신계약액=149656 차이=-0.003
COMPANY_SUM,KR0076,아이엠라이프생명보험,2023.4Q,61,ALL,유지율,50.048,50.05,채널합 8열 Σ유지계약액=63137 Σ대상신계약액=126154 차이=-0.002
NONMONOTONIC,KR0076,아이엠라이프생명보험,2024.2Q,61,직영_임직원,유지율,64.22,46.03,37회차 46.03 -> 61회차 64.22 상승
NONMONOTONIC,KR0076,아이엠라이프생명보험,2024.2Q,25,직영_복합,유지율,100.0,0.0,13회차 0.0 -> 25회차 100.0 상승
NONMONOTONIC,KR0076,아이엠라이프생명보험,2024.2Q,37,직영_다이렉트,유지율,68.7,0.0,25회차 0.0 -> 37회차 68.7 상승
COMPANY_SUM,KR0076,아이엠라이프생명보험,2024.2Q,13,ALL,유지율,91.014,91.01,채널합 11열 Σ유지계약액=191409 Σ대상신계약액=210308 차이=+0.004
COMPANY_SUM,KR0076,아이엠라이프생명보험,2024.2Q,25,ALL,유지율,72.701,72.7,채널합 11열 Σ유지계약액=103822 Σ대상신계약액=142807 차이=+0.001
COMPANY_SUM,KR0076,아이엠라이프생명보험,2024.2Q,37,ALL,유지율,61.713,61.71,채널합 11열 Σ유지계약액=112807 Σ대상신계약액=182794 차이=+0.003
COMPANY_SUM,KR0076,아이엠라이프생명보험,2024.2Q,61,ALL,유지율,45.302,45.3,채널합 11열 Σ유지계약액=61407 Σ대상신계약액=135549 차이=+0.002
NONMONOTONIC,KR0076,아이엠라이프생명보험,2024.4Q,37,개인대리점,유지율,76.51,76.35,25회차 76.35 -> 37회차 76.51 상승
NONMONOTONIC,KR0076,아이엠라이프생명보험,2024.4Q,61,개인대리점,유지율,85.34,76.51,37회차 76.51 -> 61회차 85.34 상승
NONMONOTONIC,KR0076,아이엠라이프생명보험,2024.4Q,61,직영_임직원,유지율,78.37,54.35,37회차 54.35 -> 61회차 78.37 상승
NONMONOTONIC,KR0076,아이엠라이프생명보험,2024.4Q,37,직영_복합,유지율,78.72,0.0,25회차 0.0 -> 37회차 78.72 상승
NONMONOTONIC,KR0076,아이엠라이프생명보험,2024.4Q,37,직영_다이렉트,유지율,58.85,0.0,25회차 0.0 -> 37회차 58.85 상승
COMPANY_SUM,KR0076,아이엠라이프생명보험,2024.4Q,13,ALL,유지율,91.641,-1.27,채널합 11열 Σ유지계약액=261272 Σ대상신계약액=285105 차이=+92.911
COMPANY_SUM,KR0076,아이엠라이프생명보험,2024.4Q,25,ALL,유지율,67.42,3.42,채널합 11열 Σ유지계약액=70631 Σ대상신계약액=104763 차이=+64.000
COMPANY_SUM,KR0076,아이엠라이프생명보험,2024.4Q,37,ALL,유지율,61.326,-10.03,채널합 11열 Σ유지계약액=111295 Σ대상신계약액=181482 차이=+71.356
COMPANY_SUM,KR0076,아이엠라이프생명보험,2024.4Q,61,ALL,유지율,51.512,-1.47,채널합 11열 Σ유지계약액=60624 Σ대상신계약액=117688 차이=+52.982
REPAIR,KR0076,아이엠라이프생명보험,2025.2Q,37,법인대리점_금융기관,,,,D:10.293->10293
NONMONOTONIC,KR0076,아이엠라이프생명보험,2025.2Q,37,개인대리점,유지율,80.02,63.73,25회차 63.73 -> 37회차 80.02 상승
NONMONOTONIC,KR0076,아이엠라이프생명보험,2025.2Q,61,개인대리점,유지율,87.06,80.02,37회차 80.02 -> 61회차 87.06 상승
NONMONOTONIC,KR0076,아이엠라이프생명보험,2025.2Q,37,법인대리점_금융기관,유지율,59.48,56.51,25회차 56.51 -> 37회차 59.48 상승
NONMONOTONIC,KR0076,아이엠라이프생명보험,2025.2Q,61,직영_임직원,유지율,100.0,62.79,37회차 62.79 -> 61회차 100.0 상승
NONMONOTONIC,KR0076,아이엠라이프생명보험,2025.2Q,37,직영_복합,유지율,91.66,0.0,25회차 0.0 -> 37회차 91.66 상승
NONMONOTONIC,KR0076,아이엠라이프생명보험,2025.2Q,61,직영_다이렉트,유지율,55.63,0.0,37회차 0.0 -> 61회차 55.63 상승
NONMONOTONIC,KR0076,아이엠라이프생명보험,2025.2Q,25,기타,유지율,80.47,79.67,13회차 79.67 -> 25회차 80.47 상승
COMPANY_SUM,KR0076,아이엠라이프생명보험,2025.2Q,13,ALL,유지율,91.905,91.91,채널합 11열 Σ유지계약액=232415 Σ대상신계약액=252885 차이=-0.005
COMPANY_SUM,KR0076,아이엠라이프생명보험,2025.2Q,25,ALL,유지율,76.484,76.48,채널합 11열 Σ유지계약액=126292 Σ대상신계약액=165123 차이=+0.004
COMPANY_SUM,KR0076,아이엠라이프생명보험,2025.2Q,37,ALL,유지율,55.768,55.77,채널합 11열 Σ유지계약액=83905 Σ대상신계약액=150453 차이=-0.002
COMPANY_SUM,KR0076,아이엠라이프생명보험,2025.2Q,61,ALL,유지율,52.414,52.41,채널합 11열 Σ유지계약액=61633 Σ대상신계약액=117589 차이=+0.004
NONMONOTONIC,KR0076,아이엠라이프생명보험,2025.4Q,37,개인대리점,유지율,76.35,73.01,25회차 73.01 -> 37회차 76.35 상승
NONMONOTONIC,KR0076,아이엠라이프생명보험,2025.4Q,61,개인대리점,유지율,84.48,76.35,37회차 76.35 -> 61회차 84.48 상승
NONMONOTONIC,KR0076,아이엠라이프생명보험,2025.4Q,61,법인대리점_기타,유지율,48.15,42.66,37회차 42.66 -> 61회차 48.15 상승
NONMONOTONIC,KR0076,아이엠라이프생명보험,2025.4Q,61,직영_임직원,유지율,100.0,53.87,37회차 53.87 -> 61회차 100.0 상승
NONMONOTONIC,KR0076,아이엠라이프생명보험,2025.4Q,61,직영_복합,유지율,56.08,0.0,37회차 0.0 -> 61회차 56.08 상승
NONMONOTONIC,KR0076,아이엠라이프생명보험,2025.4Q,61,직영_다이렉트,유지율,58.52,0.0,37회차 0.0 -> 61회차 58.52 상승
NONMONOTONIC,KR0076,아이엠라이프생명보험,2025.4Q,25,기타,유지율,85.02,76.8,13회차 76.8 -> 25회차 85.02 상승
COMPANY_SUM,KR0076,아이엠라이프생명보험,2025.4Q,13,ALL,유지율,91.76,91.76,채널합 11열 Σ유지계약액=190559 Σ대상신계약액=207670 차이=+0.000
COMPANY_SUM,KR0076,아이엠라이프생명보험,2025.4Q,25,ALL,유지율,81.435,81.44,채널합 11열 Σ유지계약액=229337 Σ대상신계약액=281618 차이=-0.005
COMPANY_SUM,KR0076,아이엠라이프생명보험,2025.4Q,37,ALL,유지율,43.777,43.78,채널합 11열 Σ유지계약액=44291 Σ대상신계약액=101175 차이=-0.003
COMPANY_SUM,KR0076,아이엠라이프생명보험,2025.4Q,61,ALL,유지율,49.267,49.27,채널합 11열 Σ유지계약액=72055 Σ대상신계약액=146254 차이=-0.003
IDENTITY_BREAK,KR0076,아이엠라이프생명보험,2026.2Q,25,법인대리점_금융기관,유지율,61.22,163.328,[원문오기:AMOUNT_ROWS_SWAPPED] 유지계약액=6556.0 대상신계약액=4014.0 편차=-102.1084 [text]
RANGE,KR0076,아이엠라이프생명보험,2026.2Q,25,법인대리점_금융기관,유지계약액,6556.0,4014.0,유지계약액 > 대상신계약액
IDENTITY_BREAK,KR0076,아이엠라이프생명보험,2026.2Q,61,기타,유지율,46.13,59.091,[원문오기:RATE_INCONSISTENT] 유지계약액=13.0 대상신계약액=22.0 편차=-12.9609 [text]
NONMONOTONIC,KR0076,아이엠라이프생명보험,2026.2Q,61,설계사,유지율,70.88,61.07,37회차 61.07 -> 61회차 70.88 상승
NONMONOTONIC,KR0076,아이엠라이프생명보험,2026.2Q,61,개인대리점,유지율,77.09,59.11,37회차 59.11 -> 61회차 77.09 상승
NONMONOTONIC,KR0076,아이엠라이프생명보험,2026.2Q,25,기타,유지율,84.19,75.76,13회차 75.76 -> 25회차 84.19 상승
COMPANY_SUM,KR0076,아이엠라이프생명보험,2026.2Q,13,ALL,유지율,91.002,91.0,채널합 6열 Σ유지계약액=222528 Σ대상신계약액=244531 차이=+0.002
COMPANY_SUM,KR0076,아이엠라이프생명보험,2026.2Q,25,ALL,유지율,83.411,81.55,채널합 6열 Σ유지계약액=207104 Σ대상신계약액=248293 차이=+1.861
COMPANY_SUM,KR0076,아이엠라이프생명보험,2026.2Q,37,ALL,유지율,61.86,61.86,채널합 6열 Σ유지계약액=101922 Σ대상신계약액=164762 차이=+0.000
COMPANY_SUM,KR0076,아이엠라이프생명보험,2026.2Q,61,ALL,유지율,46.123,46.13,채널합 8열 Σ유지계약액=81677 Σ대상신계약액=177084 차이=-0.007
NONMONOTONIC,KR0079,미래에셋생명보험,2024.2Q,25,법인대리점_금융기관,유지율,61.96,53.75,13회차 53.75 -> 25회차 61.96 상승
NONMONOTONIC,KR0079,미래에셋생명보험,2024.2Q,37,직영_임직원,유지율,76.64,75.55,25회차 75.55 -> 37회차 76.64 상승
NONMONOTONIC,KR0079,미래에셋생명보험,2024.4Q,25,개인대리점,유지율,100.0,71.45,13회차 71.45 -> 25회차 100.0 상승
NONMONOTONIC,KR0079,미래에셋생명보험,2024.4Q,37,법인대리점_금융기관,유지율,40.65,35.09,25회차 35.09 -> 37회차 40.65 상승
NONMONOTONIC,KR0079,미래에셋생명보험,2024.4Q,37,직영_임직원,유지율,75.79,71.81,25회차 71.81 -> 37회차 75.79 상승
NONMONOTONIC,KR0079,미래에셋생명보험,2025.2Q,25,개인대리점,유지율,100.0,94.9,13회차 94.9 -> 25회차 100.0 상승
NONMONOTONIC,KR0079,미래에셋생명보험,2025.2Q,37,법인대리점_금융기관,유지율,35.2,22.5,25회차 22.5 -> 37회차 35.2 상승
NONMONOTONIC,KR0079,미래에셋생명보험,2025.4Q,37,개인대리점,유지율,100.0,71.4,25회차 71.4 -> 37회차 100.0 상승
NONMONOTONIC,KR0079,미래에셋생명보험,2025.4Q,37,법인대리점_금융기관,유지율,23.6,22.4,25회차 22.4 -> 37회차 23.6 상승
NONMONOTONIC,KR0079,미래에셋생명보험,2026.2Q,37,개인대리점,유지율,100.0,94.9,25회차 94.9 -> 37회차 100.0 상승
NONMONOTONIC,KR0079,미래에셋생명보험,2026.2Q,61,법인대리점_금융기관,유지율,18.1,17.3,37회차 17.3 -> 61회차 18.1 상승
NONMONOTONIC,KR0079,미래에셋생명보험,2026.2Q,25,직영_임직원,유지율,92.2,87.4,13회차 87.4 -> 25회차 92.2 상승
COMPANY_SUM,KR0080,에이아이에이생명보험,2023.2Q,13,ALL,유지율,80.124,80.12,채널합 8열 Σ유지계약액=161302 Σ대상신계약액=201315 차이=+0.004
COMPANY_SUM,KR0080,에이아이에이생명보험,2023.2Q,25,ALL,유지율,65.989,65.99,채널합 8열 Σ유지계약액=128420 Σ대상신계약액=194607 차이=-0.001
COMPANY_SUM,KR0080,에이아이에이생명보험,2023.2Q,37,ALL,유지율,55.335,55.34,채널합 8열 Σ유지계약액=116500 Σ대상신계약액=210536 차이=-0.005
COMPANY_SUM,KR0080,에이아이에이생명보험,2023.2Q,61,ALL,유지율,40.277,40.29,채널합 8열 Σ유지계약액=91012 Σ대상신계약액=225964 차이=-0.013
IDENTITY_BREAK,KR0080,에이아이에이생명보험,2023.4Q,61,법인대리점_금융기관,유지율,38.8,16.199,[원문오기:AMOUNT_INCONSISTENT] 유지계약액=10245.0 대상신계약액=63244.0 편차=22.6008 [text]
IDENTITY_BREAK,KR0080,에이아이에이생명보험,2023.4Q,61,법인대리점_TM,유지율,31.1,181.49,[원문오기:AMOUNT_INCONSISTENT] 유지계약액=17227.0 대상신계약액=9492.0 편차=-150.3897 [text]
RANGE,KR0080,에이아이에이생명보험,2023.4Q,61,법인대리점_TM,유지계약액,17227.0,9492.0,유지계약액 > 대상신계약액
COMPANY_SUM,KR0080,에이아이에이생명보험,2023.4Q,13,ALL,유지율,80.269,80.27,채널합 8열 Σ유지계약액=157456 Σ대상신계약액=196161 차이=-0.001
COMPANY_SUM,KR0080,에이아이에이생명보험,2023.4Q,25,ALL,유지율,64.484,64.49,채널합 8열 Σ유지계약액=125264 Σ대상신계약액=194256 차이=-0.006
COMPANY_SUM,KR0080,에이아이에이생명보험,2023.4Q,37,ALL,유지율,55.633,55.64,채널합 8열 Σ유지계약액=111276 Σ대상신계약액=200017 차이=-0.007
COMPANY_SUM,KR0080,에이아이에이생명보험,2023.4Q,61,ALL,유지율,39.826,39.83,채널합 8열 Σ유지계약액=91328 Σ대상신계약액=229320 차이=-0.004
NONMONOTONIC,KR0080,에이아이에이생명보험,2024.2Q,25,직영_임직원,유지율,99.64,89.27,13회차 89.27 -> 25회차 99.64 상승
COMPANY_SUM,KR0080,에이아이에이생명보험,2024.2Q,13,ALL,유지율,79.705,79.71,채널합 10열 Σ유지계약액=153537 Σ대상신계약액=192631 차이=-0.005
COMPANY_SUM,KR0080,에이아이에이생명보험,2024.2Q,25,ALL,유지율,64.453,64.45,채널합 10열 Σ유지계약액=128806 Σ대상신계약액=199844 차이=+0.003
COMPANY_SUM,KR0080,에이아이에이생명보험,2024.2Q,37,ALL,유지율,55.127,55.13,채널합 10열 Σ유지계약액=106698 Σ대상신계약액=193551 차이=-0.003
COMPANY_SUM,KR0080,에이아이에이생명보험,2024.2Q,61,ALL,유지율,39.634,39.63,채널합 9열 Σ유지계약액=94903 Σ대상신계약액=239447 차이=+0.004
NONMONOTONIC,KR0080,에이아이에이생명보험,2024.4Q,25,직영_임직원,유지율,100.0,97.11,13회차 97.11 -> 25회차 100.0 상승
NONMONOTONIC,KR0080,에이아이에이생명보험,2024.4Q,61,기타,유지율,69.75,69.28,37회차 69.28 -> 61회차 69.75 상승
NONMONOTONIC,KR0080,에이아이에이생명보험,2025.2Q,37,직영_임직원,유지율,99.64,89.27,25회차 89.27 -> 37회차 99.64 상승
NONMONOTONIC,KR0080,에이아이에이생명보험,2025.2Q,61,직영_복합,유지율,26.74,0.0,37회차 0.0 -> 61회차 26.74 상승
NONMONOTONIC,KR0080,에이아이에이생명보험,2025.2Q,61,기타,유지율,72.75,66.35,37회차 66.35 -> 61회차 72.75 상승
NONMONOTONIC,KR0080,에이아이에이생명보험,2025.4Q,61,법인대리점_TM,유지율,42.55,42.1,37회차 42.1 -> 61회차 42.55 상승
NONMONOTONIC,KR0080,에이아이에이생명보험,2025.4Q,37,직영_임직원,유지율,100.0,97.11,25회차 97.11 -> 37회차 100.0 상승
NONMONOTONIC,KR0080,에이아이에이생명보험,2025.4Q,61,직영_복합,유지율,27.87,0.0,37회차 0.0 -> 61회차 27.87 상승
NONMONOTONIC,KR0080,에이아이에이생명보험,2025.4Q,61,기타,유지율,67.17,66.91,37회차 66.91 -> 61회차 67.17 상승
NONMONOTONIC,KR0080,에이아이에이생명보험,2026.2Q,61,법인대리점_TM,유지율,41.03,40.09,37회차 40.09 -> 61회차 41.03 상승
COMPANY_SUM,KR0080,에이아이에이생명보험,2026.2Q,13,ALL,유지율,81.625,81.62,채널합 7열 Σ유지계약액=284693 Σ대상신계약액=348783 차이=+0.005
COMPANY_SUM,KR0080,에이아이에이생명보험,2026.2Q,25,ALL,유지율,66.935,66.94,채널합 7열 Σ유지계약액=182658 Σ대상신계약액=272887 차이=-0.005
COMPANY_SUM,KR0080,에이아이에이생명보험,2026.2Q,37,ALL,유지율,53.261,53.26,채널합 7열 Σ유지계약액=102293 Σ대상신계약액=192058 차이=+0.001
COMPANY_SUM,KR0080,에이아이에이생명보험,2026.2Q,61,ALL,유지율,42.178,42.18,채널합 7열 Σ유지계약액=81917.6 Σ대상신계약액=194219 차이=-0.002
COMPANY_SUM,KR0082,DB생명보험,2023.2Q,13,ALL,유지율,87.426,87.37,채널합 7열 Σ유지계약액=238287 Σ대상신계약액=272560 차이=+0.056
COMPANY_SUM,KR0082,DB생명보험,2023.2Q,25,ALL,유지율,66.41,66.76,채널합 7열 Σ유지계약액=148758 Σ대상신계약액=224001 차이=-0.350
COMPANY_SUM,KR0082,DB생명보험,2023.2Q,37,ALL,유지율,59.244,59.51,채널합 7열 Σ유지계약액=184082 Σ대상신계약액=310716 차이=-0.266
COMPANY_SUM,KR0082,DB생명보험,2023.2Q,61,ALL,유지율,38.302,39.29,채널합 7열 Σ유지계약액=123382 Σ대상신계약액=322127 차이=-0.988
COMPANY_SUM,KR0082,DB생명보험,2023.4Q,13,ALL,유지율,87.492,87.49,채널합 7열 Σ유지계약액=252630 Σ대상신계약액=288745 차이=+0.002
COMPANY_SUM,KR0082,DB생명보험,2023.4Q,25,ALL,유지율,69.236,69.24,채널합 7열 Σ유지계약액=155033 Σ대상신계약액=223919 차이=-0.004
COMPANY_SUM,KR0082,DB생명보험,2023.4Q,37,ALL,유지율,57.866,57.87,채널합 7열 Σ유지계약액=154372 Σ대상신계약액=266774 차이=-0.004
COMPANY_SUM,KR0082,DB생명보험,2023.4Q,61,ALL,유지율,41.806,41.81,채널합 7열 Σ유지계약액=154231 Σ대상신계약액=368917 차이=-0.004
COMPANY_SUM,KR0082,DB생명보험,2024.2Q,13,ALL,유지율,89.418,89.42,채널합 8열 Σ유지계약액=307030 Σ대상신계약액=343366 차이=-0.002
COMPANY_SUM,KR0082,DB생명보험,2024.2Q,25,ALL,유지율,71.766,71.77,채널합 8열 Σ유지계약액=198465 Σ대상신계약액=276543 차이=-0.004
COMPANY_SUM,KR0082,DB생명보험,2024.2Q,37,ALL,유지율,56.86,56.86,채널합 8열 Σ유지계약액=128222 Σ대상신계약액=225503 차이=+0.000
COMPANY_SUM,KR0082,DB생명보험,2024.2Q,61,ALL,유지율,45.738,45.74,채널합 8열 Σ유지계약액=171050 Σ대상신계약액=373976 차이=-0.002
NONMONOTONIC,KR0082,DB생명보험,2024.4Q,37,개인대리점,유지율,82.09,79.29,25회차 79.29 -> 37회차 82.09 상승
NONMONOTONIC,KR0082,DB생명보험,2024.4Q,37,직영_임직원,유지율,88.96,87.54,25회차 87.54 -> 37회차 88.96 상승
COMPANY_SUM,KR0082,DB생명보험,2024.4Q,13,ALL,유지율,90.332,90.33,채널합 8열 Σ유지계약액=397744 Σ대상신계약액=440315 차이=+0.002
COMPANY_SUM,KR0082,DB생명보험,2024.4Q,25,ALL,유지율,71.979,71.98,채널합 8열 Σ유지계약액=207331 Σ대상신계약액=288042 차이=-0.001
COMPANY_SUM,KR0082,DB생명보험,2024.4Q,37,ALL,유지율,59.628,59.63,채널합 8열 Σ유지계약액=133293 Σ대상신계약액=223540 차이=-0.002
COMPANY_SUM,KR0082,DB생명보험,2024.4Q,61,ALL,유지율,46.093,46.09,채널합 8열 Σ유지계약액=155805 Σ대상신계약액=338025 차이=+0.003
COMPANY_SUM,KR0082,DB생명보험,2025.2Q,13,ALL,유지율,90.897,90.9,채널합 8열 Σ유지계약액=423875 Σ대상신계약액=466325 차이=-0.003
COMPANY_SUM,KR0082,DB생명보험,2025.2Q,25,ALL,유지율,75.673,75.67,채널합 8열 Σ유지계약액=258792 Σ대상신계약액=341988 차이=+0.003
COMPANY_SUM,KR0082,DB생명보험,2025.2Q,37,ALL,유지율,62.138,62.14,채널합 8열 Σ유지계약액=171572 Σ대상신계약액=276113 차이=-0.002
COMPANY_SUM,KR0082,DB생명보험,2025.2Q,61,ALL,유지율,44.649,44.65,채널합 8열 Σ유지계약액=136494 Σ대상신계약액=305704 차이=-0.001
NONMONOTONIC,KR0082,DB생명보험,2025.4Q,37,직영_다이렉트,유지율,73.51,72.68,25회차 72.68 -> 37회차 73.51 상승
COMPANY_SUM,KR0082,DB생명보험,2025.4Q,13,ALL,유지율,91.129,91.13,채널합 8열 Σ유지계약액=455828 Σ대상신계약액=500202 차이=-0.001
COMPANY_SUM,KR0082,DB생명보험,2025.4Q,25,ALL,유지율,77.822,77.82,채널합 8열 Σ유지계약액=341436 Σ대상신계약액=438738 차이=+0.002
COMPANY_SUM,KR0082,DB생명보험,2025.4Q,37,ALL,유지율,62.125,62.13,채널합 8열 Σ유지계약액=178539 Σ대상신계약액=287385 차이=-0.005
COMPANY_SUM,KR0082,DB생명보험,2025.4Q,61,ALL,유지율,43.593,43.59,채널합 8열 Σ유지계약액=115817 Σ대상신계약액=265680 차이=+0.003
COMPANY_SUM,KR0082,DB생명보험,2026.2Q,13,ALL,유지율,89.274,89.27,채널합 8열 Σ유지계약액=426413 Σ대상신계약액=477644 차이=+0.004
COMPANY_SUM,KR0082,DB생명보험,2026.2Q,25,ALL,유지율,80.047,80.05,채널합 8열 Σ유지계약액=372340 Σ대상신계약액=465154 차이=-0.003
COMPANY_SUM,KR0082,DB생명보험,2026.2Q,37,ALL,유지율,67.017,67.02,채널합 8열 Σ유지계약액=228454 Σ대상신계약액=340890 차이=-0.003
COMPANY_SUM,KR0082,DB생명보험,2026.2Q,61,ALL,유지율,43.33,43.33,채널합 8열 Σ유지계약액=97124 Σ대상신계약액=224152 차이=-0.000
NONMONOTONIC,KR0083,푸본현대생명보험,2023.2Q,37,설계사,유지율,71.1,69.5,25회차 69.5 -> 37회차 71.1 상승
COMPANY_SUM,KR0083,푸본현대생명보험,2023.2Q,13,ALL,유지율,89.569,89.5,채널합 5열 Σ유지계약액=92729 Σ대상신계약액=103528 차이=+0.069
COMPANY_SUM,KR0083,푸본현대생명보험,2023.2Q,25,ALL,유지율,83.388,83.3,채널합 4열 Σ유지계약액=241381 Σ대상신계약액=289466 차이=+0.088
COMPANY_SUM,KR0083,푸본현대생명보험,2023.2Q,37,ALL,유지율,60.297,60.2,채널합 3열 Σ유지계약액=134978 Σ대상신계약액=223855 차이=+0.097
COMPANY_SUM,KR0083,푸본현대생명보험,2023.2Q,61,ALL,유지율,37.45,37.4,채널합 5열 Σ유지계약액=20036 Σ대상신계약액=53501 차이=+0.050
NONMONOTONIC,KR0083,푸본현대생명보험,2023.4Q,25,법인대리점_TM,유지율,41.4,0.0,13회차 0.0 -> 25회차 41.4 상승
NONMONOTONIC,KR0083,푸본현대생명보험,2023.4Q,37,법인대리점_TM,유지율,48.2,41.4,25회차 41.4 -> 37회차 48.2 상승
NONMONOTONIC,KR0083,푸본현대생명보험,2023.4Q,61,직영_다이렉트,유지율,100.0,0.0,37회차 0.0 -> 61회차 100.0 상승
COMPANY_SUM,KR0083,푸본현대생명보험,2023.4Q,13,ALL,유지율,78.088,78.09,채널합 8열 Σ유지계약액=49734 Σ대상신계약액=63690 차이=-0.002
COMPANY_SUM,KR0083,푸본현대생명보험,2023.4Q,25,ALL,유지율,64.57,64.57,채널합 8열 Σ유지계약액=32525 Σ대상신계약액=50372 차이=-0.000
COMPANY_SUM,KR0083,푸본현대생명보험,2023.4Q,37,ALL,유지율,27.984,27.98,채널합 8열 Σ유지계약액=49111 Σ대상신계약액=175497 차이=+0.004
COMPANY_SUM,KR0083,푸본현대생명보험,2023.4Q,61,ALL,유지율,29.822,29.82,채널합 8열 Σ유지계약액=7881 Σ대상신계약액=26427 차이=+0.002
NONMONOTONIC,KR0083,푸본현대생명보험,2024.2Q,61,직영_임직원,유지율,79.9,79.4,37회차 79.4 -> 61회차 79.9 상승
NONMONOTONIC,KR0083,푸본현대생명보험,2024.2Q,37,법인대리점_TM,유지율,48.2,38.9,25회차 38.9 -> 37회차 48.2 상승
COMPANY_SUM,KR0083,푸본현대생명보험,2024.2Q,13,ALL,유지율,81.867,81.8,채널합 5열 Σ유지계약액=71837 Σ대상신계약액=87748 차이=+0.067
COMPANY_SUM,KR0083,푸본현대생명보험,2024.2Q,25,ALL,유지율,58.526,58.5,채널합 6열 Σ유지계약액=26865 Σ대상신계약액=45903 차이=+0.026
COMPANY_SUM,KR0083,푸본현대생명보험,2024.2Q,37,ALL,유지율,37.546,37.5,채널합 5열 Σ유지계약액=37521 Σ대상신계약액=99934 차이=+0.046
COMPANY_SUM,KR0083,푸본현대생명보험,2024.2Q,61,ALL,유지율,32.736,32.7,채널합 4열 Σ유지계약액=9802 Σ대상신계약액=29943 차이=+0.036
NONMONOTONIC,KR0083,푸본현대생명보험,2024.4Q,37,법인대리점_금융기관,유지율,64.1,63.8,25회차 63.8 -> 37회차 64.1 상승
COMPANY_SUM,KR0083,푸본현대생명보험,2024.4Q,13,ALL,유지율,87.554,87.55,채널합 5열 Σ유지계약액=131872 Σ대상신계약액=150618 차이=+0.004
COMPANY_SUM,KR0083,푸본현대생명보험,2024.4Q,25,ALL,유지율,60.333,60.33,채널합 5열 Σ유지계약액=38293 Σ대상신계약액=63469 차이=+0.003
COMPANY_SUM,KR0083,푸본현대생명보험,2024.4Q,37,ALL,유지율,54.294,54.29,채널합 5열 Σ유지계약액=27353 Σ대상신계약액=50379 차이=+0.004
COMPANY_SUM,KR0083,푸본현대생명보험,2024.4Q,61,ALL,유지율,33.508,33.5,채널합 4열 Σ유지계약액=12436 Σ대상신계약액=37114 차이=+0.008
COMPANY_SUM,KR0083,푸본현대생명보험,2025.2Q,13,ALL,유지율,87.947,87.95,채널합 5열 Σ유지계약액=167088 Σ대상신계약액=189987 차이=-0.003
COMPANY_SUM,KR0083,푸본현대생명보험,2025.2Q,25,ALL,유지율,67.419,67.42,채널합 5열 Σ유지계약액=59019 Σ대상신계약액=87540 차이=-0.001
COMPANY_SUM,KR0083,푸본현대생명보험,2025.2Q,37,ALL,유지율,47.421,47.42,채널합 5열 Σ유지계약액=21848 Σ대상신계약액=46072 차이=+0.001
COMPANY_SUM,KR0083,푸본현대생명보험,2025.2Q,61,ALL,유지율,28.734,28.73,채널합 4열 Σ유지계약액=12737 Σ대상신계약액=44328 차이=+0.004
NONMONOTONIC,KR0083,푸본현대생명보험,2025.4Q,25,직영_임직원,유지율,95.18,94.39,13회차 94.39 -> 25회차 95.18 상승
COMPANY_SUM,KR0083,푸본현대생명보험,2025.4Q,13,ALL,유지율,87.348,87.35,채널합 5열 Σ유지계약액=181380 Σ대상신계약액=207653 차이=-0.002
COMPANY_SUM,KR0083,푸본현대생명보험,2025.4Q,25,ALL,유지율,77.663,77.66,채널합 5열 Σ유지계약액=116921 Σ대상신계약액=150549 차이=+0.003
COMPANY_SUM,KR0083,푸본현대생명보험,2025.4Q,37,ALL,유지율,48.507,48.51,채널합 5열 Σ유지계약액=30857 Σ대상신계약액=63613 차이=-0.003
COMPANY_SUM,KR0083,푸본현대생명보험,2025.4Q,61,ALL,유지율,31.303,31.3,채널합 4열 Σ유지계약액=16969 Σ대상신계약액=54209 차이=+0.003
NONMONOTONIC,KR0083,푸본현대생명보험,2026.2Q,37,직영_임직원,유지율,93.27,92.47,25회차 92.47 -> 37회차 93.27 상승
COMPANY_SUM,KR0083,푸본현대생명보험,2026.2Q,13,ALL,유지율,91.822,91.82,채널합 5열 Σ유지계약액=336131 Σ대상신계약액=366068 차이=+0.002
COMPANY_SUM,KR0083,푸본현대생명보험,2026.2Q,25,ALL,유지율,77.773,77.77,채널합 5열 Σ유지계약액=147592 Σ대상신계약액=189772 차이=+0.003
COMPANY_SUM,KR0083,푸본현대생명보험,2026.2Q,37,ALL,유지율,57.267,57.27,채널합 5열 Σ유지계약액=50094 Σ대상신계약액=87474 차이=-0.003
COMPANY_SUM,KR0083,푸본현대생명보험,2026.2Q,61,ALL,유지율,40.142,40.14,채널합 4열 Σ유지계약액=22955 Σ대상신계약액=57185 차이=+0.002
NONMONOTONIC,KR0087,동양생명,2023.2Q,37,법인대리점_금융기관,유지율,57.71,56.97,25회차 56.97 -> 37회차 57.71 상승
NONMONOTONIC,KR0087,동양생명,2023.4Q,37,법인대리점_금융기관,유지율,53.46,45.8,25회차 45.8 -> 37회차 53.46 상승
NONMONOTONIC,KR0087,동양생명,2023.4Q,25,법인대리점_TM,유지율,47.82,46.8,13회차 46.8 -> 25회차 47.82 상승
COMPANY_SUM,KR0087,동양생명,2023.4Q,13,ALL,유지율,87.815,87.82,채널합 7열 Σ유지계약액=1.17748e+06 Σ대상신계약액=1.34086e+06 차이=-0.005
COMPANY_SUM,KR0087,동양생명,2023.4Q,25,ALL,유지율,59.165,59.16,채널합 7열 Σ유지계약액=359196 Σ대상신계약액=607108 차이=+0.005
COMPANY_SUM,KR0087,동양생명,2023.4Q,37,ALL,유지율,54.466,54.46,채널합 7열 Σ유지계약액=397745 Σ대상신계약액=730262 차이=+0.006
COMPANY_SUM,KR0087,동양생명,2023.4Q,61,ALL,유지율,38.85,38.87,채널합 7열 Σ유지계약액=264676 Σ대상신계약액=681268 차이=-0.020
NONMONOTONIC,KR0087,동양생명,2024.2Q,25,법인대리점_홈쇼핑,유지율,72.06,66.29,13회차 66.29 -> 25회차 72.06 상승
NONMONOTONIC,KR0087,동양생명,2024.2Q,37,직영_임직원,유지율,56.05,53.21,25회차 53.21 -> 37회차 56.05 상승
NONMONOTONIC,KR0087,동양생명,2024.4Q,37,법인대리점_TM,유지율,34.29,19.41,25회차 19.41 -> 37회차 34.29 상승
NONMONOTONIC,KR0087,동양생명,2024.4Q,25,법인대리점_홈쇼핑,유지율,76.83,55.35,13회차 55.35 -> 25회차 76.83 상승
NONMONOTONIC,KR0087,동양생명,2024.4Q,61,직영_임직원,유지율,63.93,55.7,37회차 55.7 -> 61회차 63.93 상승
COMPANY_SUM,KR0087,동양생명,2024.4Q,13,ALL,유지율,88.791,88.79,채널합 9열 Σ유지계약액=658410 Σ대상신계약액=741525 차이=+0.001
COMPANY_SUM,KR0087,동양생명,2024.4Q,25,ALL,유지율,78.268,78.27,채널합 9열 Σ유지계약액=1.04686e+06 Σ대상신계약액=1.33752e+06 차이=-0.002
COMPANY_SUM,KR0087,동양생명,2024.4Q,37,ALL,유지율,54.214,54.21,채널합 9열 Σ유지계약액=249964 Σ대상신계약액=461065 차이=+0.004
NONMONOTONIC,KR0087,동양생명,2025.2Q,37,법인대리점_TM,유지율,23.69,19.12,25회차 19.12 -> 37회차 23.69 상승
NONMONOTONIC,KR0087,동양생명,2025.2Q,61,직영_임직원,유지율,59.6,52.31,37회차 52.31 -> 61회차 59.6 상승
NONMONOTONIC,KR0087,동양생명,2025.4Q,61,법인대리점_TM,유지율,25.87,15.12,37회차 15.12 -> 61회차 25.87 상승
NONMONOTONIC,KR0087,동양생명,2025.4Q,37,법인대리점_홈쇼핑,유지율,67.21,52.51,25회차 52.51 -> 37회차 67.21 상승
NONMONOTONIC,KR0087,동양생명,2025.4Q,37,직영_임직원,유지율,65.38,58.11,25회차 58.11 -> 37회차 65.38 상승
NONMONOTONIC,KR0087,동양생명,2025.4Q,37,직영_다이렉트,유지율,50.93,50.71,25회차 50.71 -> 37회차 50.93 상승
COMPANY_SUM,KR0087,동양생명,2025.4Q,13,ALL,유지율,89.867,89.87,채널합 8열 Σ유지계약액=832972 Σ대상신계약액=926898 차이=-0.003
COMPANY_SUM,KR0087,동양생명,2025.4Q,25,ALL,유지율,78.553,78.55,채널합 8열 Σ유지계약액=579388 Σ대상신계약액=737579 차이=+0.003
COMPANY_SUM,KR0087,동양생명,2025.4Q,37,ALL,유지율,71.803,71.8,채널합 8열 Σ유지계약액=895104 Σ대상신계약액=1.24661e+06 차이=+0.003
COMPANY_SUM,KR0087,동양생명,2025.4Q,61,ALL,유지율,39.817,39.82,채널합 8열 Σ유지계약액=278615 Σ대상신계약액=699732 차이=-0.003
NONMONOTONIC,KR0087,동양생명,2026.2Q,61,법인대리점_TM,유지율,27.57,17.61,37회차 17.61 -> 61회차 27.57 상승
NONMONOTONIC,KR0087,동양생명,2026.2Q,25,직영_임직원,유지율,93.41,87.89,13회차 87.89 -> 25회차 93.41 상승
NONMONOTONIC,KR0094,신한라이프생명보험,2023.2Q,37,개인대리점,유지율,83.63,70.19,25회차 70.19 -> 37회차 83.63 상승
NONMONOTONIC,KR0094,신한라이프생명보험,2023.2Q,61,법인대리점_금융기관,유지율,38.22,30.7,37회차 30.7 -> 61회차 38.22 상승
COMPANY_SUM,KR0094,신한라이프생명보험,2023.2Q,13,ALL,유지율,83.283,83.29,채널합 8열 Σ유지계약액=603522 Σ대상신계약액=724667 차이=-0.007
COMPANY_SUM,KR0094,신한라이프생명보험,2023.2Q,25,ALL,유지율,60.7,60.74,채널합 8열 Σ유지계약액=502532 Σ대상신계약액=827899 차이=-0.040
COMPANY_SUM,KR0094,신한라이프생명보험,2023.2Q,37,ALL,유지율,50.232,50.31,채널합 8열 Σ유지계약액=416685 Σ대상신계약액=829521 차이=-0.078
COMPANY_SUM,KR0094,신한라이프생명보험,2023.2Q,61,ALL,유지율,36.543,36.58,채널합 8열 Σ유지계약액=358171 Σ대상신계약액=980143 차이=-0.037
NONMONOTONIC,KR0094,신한라이프생명보험,2023.4Q,61,법인대리점_금융기관,유지율,36.25,23.84,37회차 23.84 -> 61회차 36.25 상승
COMPANY_SUM,KR0094,신한라이프생명보험,2023.4Q,13,ALL,유지율,84.058,84.06,채널합 8열 Σ유지계약액=613173 Σ대상신계약액=729466 차이=-0.002
COMPANY_SUM,KR0094,신한라이프생명보험,2023.4Q,25,ALL,유지율,63.017,63.02,채널합 8열 Σ유지계약액=467836 Σ대상신계약액=742397 차이=-0.003
COMPANY_SUM,KR0094,신한라이프생명보험,2023.4Q,37,ALL,유지율,49.292,49.29,채널합 8열 Σ유지계약액=409866 Σ대상신계약액=831499 차이=+0.002
COMPANY_SUM,KR0094,신한라이프생명보험,2023.4Q,61,ALL,유지율,35.661,35.66,채널합 8열 Σ유지계약액=315730 Σ대상신계약액=885373 차이=+0.001
NONMONOTONIC,KR0094,신한라이프생명보험,2024.2Q,61,개인대리점,유지율,68.39,67.92,37회차 67.92 -> 61회차 68.39 상승
NONMONOTONIC,KR0094,신한라이프생명보험,2024.2Q,61,법인대리점_금융기관,유지율,28.06,21.6,37회차 21.6 -> 61회차 28.06 상승
COMPANY_SUM,KR0094,신한라이프생명보험,2024.2Q,13,ALL,유지율,86.1,86.1,채널합 9열 Σ유지계약액=722354 Σ대상신계약액=838972 차이=-0.000
COMPANY_SUM,KR0094,신한라이프생명보험,2024.2Q,25,ALL,유지율,66.669,66.67,채널합 9열 Σ유지계약액=476415 Σ대상신계약액=714597 차이=-0.001
COMPANY_SUM,KR0094,신한라이프생명보험,2024.2Q,37,ALL,유지율,49.314,49.31,채널합 9열 Σ유지계약액=360739 Σ대상신계약액=731520 차이=+0.004
COMPANY_SUM,KR0094,신한라이프생명보험,2024.2Q,61,ALL,유지율,37.223,37.22,채널합 9열 Σ유지계약액=321120 Σ대상신계약액=862696 차이=+0.003
NONMONOTONIC,KR0094,신한라이프생명보험,2024.4Q,37,개인대리점,유지율,88.3,82.39,25회차 82.39 -> 37회차 88.3 상승
NONMONOTONIC,KR0094,신한라이프생명보험,2024.4Q,25,법인대리점_금융기관,유지율,79.82,78.21,13회차 78.21 -> 25회차 79.82 상승
COMPANY_SUM,KR0094,신한라이프생명보험,2024.4Q,13,ALL,유지율,87.001,87.0,채널합 9열 Σ유지계약액=789045 Σ대상신계약액=906943 차이=+0.001
COMPANY_SUM,KR0094,신한라이프생명보험,2024.4Q,25,ALL,유지율,69.392,69.39,채널합 9열 Σ유지계약액=497470 Σ대상신계약액=716899 차이=+0.002
COMPANY_SUM,KR0094,신한라이프생명보험,2024.4Q,37,ALL,유지율,51.359,51.36,채널합 9열 Σ유지계약액=353712 Σ대상신계약액=688702 차이=-0.001
COMPANY_SUM,KR0094,신한라이프생명보험,2024.4Q,61,ALL,유지율,39.415,39.41,채널합 9열 Σ유지계약액=325285 Σ대상신계약액=825285 차이=+0.005
NONMONOTONIC,KR0094,신한라이프생명보험,2025.2Q,37,직영_임직원,유지율,71.7,71.44,25회차 71.44 -> 37회차 71.7 상승
NONMONOTONIC,KR0094,신한라이프생명보험,2025.2Q,61,직영_임직원,유지율,72.7,71.7,37회차 71.7 -> 61회차 72.7 상승
COMPANY_SUM,KR0094,신한라이프생명보험,2025.2Q,13,ALL,유지율,88.168,88.17,채널합 9열 Σ유지계약액=1.11722e+06 Σ대상신계약액=1.26715e+06 차이=-0.002
COMPANY_SUM,KR0094,신한라이프생명보험,2025.2Q,25,ALL,유지율,73.517,73.52,채널합 9열 Σ유지계약액=606384 Σ대상신계약액=824827 차이=-0.003
COMPANY_SUM,KR0094,신한라이프생명보험,2025.2Q,37,ALL,유지율,52.447,52.45,채널합 9열 Σ유지계약액=365073 Σ대상신계약액=696074 차이=-0.003
COMPANY_SUM,KR0094,신한라이프생명보험,2025.2Q,61,ALL,유지율,39.239,39.24,채널합 9열 Σ유지계약액=297780 Σ대상신계약액=758897 차이=-0.001
NONMONOTONIC,KR0094,신한라이프생명보험,2025.4Q,37,법인대리점_금융기관,유지율,72.15,57.75,25회차 57.75 -> 37회차 72.15 상승
NONMONOTONIC,KR0094,신한라이프생명보험,2025.4Q,37,직영_임직원,유지율,77.65,49.65,25회차 49.65 -> 37회차 77.65 상승
NONMONOTONIC,KR0094,신한라이프생명보험,2025.4Q,61,직영_임직원,유지율,80.9,77.65,37회차 77.65 -> 61회차 80.9 상승
COMPANY_SUM,KR0094,신한라이프생명보험,2025.4Q,13,ALL,유지율,88.136,88.14,채널합 9열 Σ유지계약액=1.37784e+06 Σ대상신계약액=1.56331e+06 차이=-0.004
COMPANY_SUM,KR0094,신한라이프생명보험,2025.4Q,25,ALL,유지율,75.609,75.61,채널합 9열 Σ유지계약액=674982 Σ대상신계약액=892730 차이=-0.001
COMPANY_SUM,KR0094,신한라이프생명보험,2025.4Q,37,ALL,유지율,53.713,53.72,채널합 9열 Σ유지계약액=373111 Σ대상신계약액=694634 차이=-0.007
COMPANY_SUM,KR0094,신한라이프생명보험,2025.4Q,61,ALL,유지율,38.199,38.2,채널합 9열 Σ유지계약액=284762 Σ대상신계약액=745477 차이=-0.001
NONMONOTONIC,KR0094,신한라이프생명보험,2026.2Q,25,개인대리점,유지율,92.68,90.51,13회차 90.51 -> 25회차 92.68 상승
NONMONOTONIC,KR0094,신한라이프생명보험,2026.2Q,37,법인대리점_금융기관,유지율,76.36,71.57,25회차 71.57 -> 37회차 76.36 상승
NONMONOTONIC,KR0094,신한라이프생명보험,2026.2Q,25,직영_임직원,유지율,97.84,97.22,13회차 97.22 -> 25회차 97.84 상승
COMPANY_SUM,KR0094,신한라이프생명보험,2026.2Q,13,ALL,유지율,85.911,85.91,채널합 9열 Σ유지계약액=1.24966e+06 Σ대상신계약액=1.45459e+06 차이=+0.001
COMPANY_SUM,KR0094,신한라이프생명보험,2026.2Q,25,ALL,유지율,78.512,78.51,채널합 9열 Σ유지계약액=992151 Σ대상신계약액=1.26369e+06 차이=+0.002
COMPANY_SUM,KR0094,신한라이프생명보험,2026.2Q,37,ALL,유지율,59.29,59.29,채널합 9열 Σ유지계약액=485176 Σ대상신계약액=818316 차이=-0.000
COMPANY_SUM,KR0094,신한라이프생명보험,2026.2Q,61,ALL,유지율,36.697,36.7,채널합 9열 Σ유지계약액=246908 Σ대상신계약액=672834 차이=-0.003
NONMONOTONIC,KR0095,메트라이프생명보험,2023.2Q,37,법인대리점_금융기관,유지율,41.4,23.5,25회차 23.5 -> 37회차 41.4 상승
COMPANY_SUM,KR0095,메트라이프생명보험,2023.2Q,13,ALL,유지율,83.448,83.45,채널합 3열 Σ유지계약액=403929 Σ대상신계약액=484047 차이=-0.002
COMPANY_SUM,KR0095,메트라이프생명보험,2023.2Q,25,ALL,유지율,70.785,70.78,채널합 3열 Σ유지계약액=380016 Σ대상신계약액=536857 차이=+0.005
COMPANY_SUM,KR0095,메트라이프생명보험,2023.2Q,37,ALL,유지율,50.256,50.26,채널합 3열 Σ유지계약액=239777 Σ대상신계약액=477109 차이=-0.004
COMPANY_SUM,KR0095,메트라이프생명보험,2023.2Q,61,ALL,유지율,34.253,34.25,채널합 2열 Σ유지계약액=167847 Σ대상신계약액=490021 차이=+0.003
NONMONOTONIC,KR0095,메트라이프생명보험,2023.4Q,37,법인대리점_금융기관,유지율,31.0,8.0,25회차 8.0 -> 37회차 31.0 상승
COMPANY_SUM,KR0095,메트라이프생명보험,2023.4Q,13,ALL,유지율,85.884,85.88,채널합 3열 Σ유지계약액=352171 Σ대상신계약액=410053 차이=+0.004
COMPANY_SUM,KR0095,메트라이프생명보험,2023.4Q,25,ALL,유지율,68.786,68.79,채널합 3열 Σ유지계약액=396220 Σ대상신계약액=576017 차이=-0.004
COMPANY_SUM,KR0095,메트라이프생명보험,2023.4Q,37,ALL,유지율,54.429,54.43,채널합 3열 Σ유지계약액=247209 Σ대상신계약액=454188 차이=-0.001
COMPANY_SUM,KR0095,메트라이프생명보험,2023.4Q,61,ALL,유지율,37.248,37.25,채널합 2열 Σ유지계약액=160071 Σ대상신계약액=429745 차이=-0.002
NONMONOTONIC,KR0095,메트라이프생명보험,2024.2Q,37,법인대리점_금융기관,유지율,13.1,6.4,25회차 6.4 -> 37회차 13.1 상승
NONMONOTONIC,KR0095,메트라이프생명보험,2024.2Q,61,법인대리점_금융기관,유지율,36.9,13.1,37회차 13.1 -> 61회차 36.9 상승
COMPANY_SUM,KR0095,메트라이프생명보험,2024.2Q,13,ALL,유지율,87.024,87.02,채널합 3열 Σ유지계약액=405395 Σ대상신계약액=465844 차이=+0.004
COMPANY_SUM,KR0095,메트라이프생명보험,2024.2Q,25,ALL,유지율,67.298,67.3,채널합 3열 Σ유지계약액=324573 Σ대상신계약액=482290 차이=-0.002
COMPANY_SUM,KR0095,메트라이프생명보험,2024.2Q,37,ALL,유지율,55.144,55.14,채널합 3열 Σ유지계약액=295878 Σ대상신계약액=536559 차이=+0.004
COMPANY_SUM,KR0095,메트라이프생명보험,2024.2Q,61,ALL,유지율,38.406,38.41,채널합 3열 Σ유지계약액=152871 Σ대상신계약액=398039 차이=-0.004
NONMONOTONIC,KR0095,메트라이프생명보험,2024.4Q,61,법인대리점_금융기관,유지율,26.1,5.0,37회차 5.0 -> 61회차 26.1 상승
COMPANY_SUM,KR0095,메트라이프생명보험,2024.4Q,13,ALL,유지율,88.047,88.05,채널합 3열 Σ유지계약액=468165 Σ대상신계약액=531721 차이=-0.003
COMPANY_SUM,KR0095,메트라이프생명보험,2024.4Q,25,ALL,유지율,68.634,68.63,채널합 3열 Σ유지계약액=281034 Σ대상신계약액=409468 차이=+0.004
COMPANY_SUM,KR0095,메트라이프생명보험,2024.4Q,37,ALL,유지율,51.208,51.21,채널합 3열 Σ유지계약액=295148 Σ대상신계약액=576376 차이=-0.002
COMPANY_SUM,KR0095,메트라이프생명보험,2024.4Q,61,ALL,유지율,35.567,35.57,채널합 3열 Σ유지계약액=164865 Σ대상신계약액=463539 차이=-0.003
NONMONOTONIC,KR0095,메트라이프생명보험,2025.2Q,61,법인대리점_금융기관,유지율,24.84,4.85,37회차 4.85 -> 61회차 24.84 상승
COMPANY_SUM,KR0095,메트라이프생명보험,2025.2Q,13,ALL,유지율,87.562,87.56,채널합 3열 Σ유지계약액=443973 Σ대상신계약액=507040 차이=+0.002
COMPANY_SUM,KR0095,메트라이프생명보험,2025.2Q,25,ALL,유지율,72.076,72.08,채널합 3열 Σ유지계약액=335172 Σ대상신계약액=465024 차이=-0.004
COMPANY_SUM,KR0095,메트라이프생명보험,2025.2Q,37,ALL,유지율,48.612,48.61,채널합 3열 Σ유지계약액=234625 Σ대상신계약액=482652 차이=+0.002
COMPANY_SUM,KR0095,메트라이프생명보험,2025.2Q,61,ALL,유지율,34.973,34.97,채널합 3열 Σ유지계약액=166604 Σ대상신계약액=476373 차이=+0.003
COMPANY_SUM,KR0095,메트라이프생명보험,2025.4Q,13,ALL,유지율,88.391,88.39,채널합 3열 Σ유지계약액=464215 Σ대상신계약액=525184 차이=+0.001
COMPANY_SUM,KR0095,메트라이프생명보험,2025.4Q,25,ALL,유지율,75.954,75.95,채널합 3열 Σ유지계약액=403251 Σ대상신계약액=530914 차이=+0.004
COMPANY_SUM,KR0095,메트라이프생명보험,2025.4Q,37,ALL,유지율,49.244,49.24,채널합 3열 Σ유지계약액=201622 Σ대상신계약액=409434 차이=+0.004
COMPANY_SUM,KR0095,메트라이프생명보험,2025.4Q,61,ALL,유지율,37.341,37.34,채널합 3열 Σ유지계약액=168974 Σ대상신계약액=452520 차이=+0.001
NONMONOTONIC,KR0095,메트라이프생명보험,2026.2Q,37,법인대리점_금융기관,유지율,73.4,62.5,25회차 62.5 -> 37회차 73.4 상승
COMPANY_SUM,KR0095,메트라이프생명보험,2026.2Q,13,ALL,유지율,89.493,89.49,채널합 3열 Σ유지계약액=610206 Σ대상신계약액=681849 차이=+0.003
COMPANY_SUM,KR0095,메트라이프생명보험,2026.2Q,25,ALL,유지율,75.473,75.47,채널합 3열 Σ유지계약액=382090 Σ대상신계약액=506258 차이=+0.003
COMPANY_SUM,KR0095,메트라이프생명보험,2026.2Q,37,ALL,유지율,57.715,57.72,채널합 3열 Σ유지계약액=268147 Σ대상신계약액=464602 차이=-0.005
COMPANY_SUM,KR0095,메트라이프생명보험,2026.2Q,61,ALL,유지율,35.024,35.02,채널합 3열 Σ유지계약액=186611 Σ대상신계약액=532804 차이=+0.004
COMPANY_SUM,KR0097,하나생명보험,2023.2Q,13,ALL,유지율,83.954,83.95,채널합 2열 Σ유지계약액=150475 Σ대상신계약액=179236 차이=+0.004
COMPANY_SUM,KR0097,하나생명보험,2023.2Q,25,ALL,유지율,72.206,72.21,채널합 2열 Σ유지계약액=78138 Σ대상신계약액=108216 차이=-0.004
COMPANY_SUM,KR0097,하나생명보험,2023.2Q,37,ALL,유지율,66.383,66.39,채널합 2열 Σ유지계약액=72261 Σ대상신계약액=108855 차이=-0.007
COMPANY_SUM,KR0097,하나생명보험,2023.2Q,61,ALL,유지율,51.803,51.96,채널합 2열 Σ유지계약액=32015 Σ대상신계약액=61801 차이=-0.157
NONMONOTONIC,KR0097,하나생명보험,2023.4Q,37,법인대리점_금융기관,유지율,66.3,62.6,25회차 62.6 -> 37회차 66.3 상승
COMPANY_SUM,KR0097,하나생명보험,2023.4Q,13,ALL,유지율,82.436,82.43,채널합 4열 Σ유지계약액=151127 Σ대상신계약액=183327 차이=+0.006
COMPANY_SUM,KR0097,하나생명보험,2023.4Q,25,ALL,유지율,62.657,62.66,채널합 2열 Σ유지계약액=99128.6 Σ대상신계약액=158208 차이=-0.003
COMPANY_SUM,KR0097,하나생명보험,2023.4Q,37,ALL,유지율,65.822,65.83,채널합 2열 Σ유지계약액=75257.9 Σ대상신계약액=114335 차이=-0.008
COMPANY_SUM,KR0097,하나생명보험,2023.4Q,61,ALL,유지율,48.802,48.82,채널합 2열 Σ유지계약액=34214 Σ대상신계약액=70107.9 차이=-0.018
IDENTITY_BREAK,KR0097,하나생명보험,2024.4Q,37,설계사,유지율,61.0,60.916,[원문오기:RATE_INCONSISTENT] 유지계약액=1372.8 대상신계약액=2253.6 편차=0.0841 [vision]
NONMONOTONIC,KR0097,하나생명보험,2024.4Q,61,법인대리점_금융기관,유지율,48.3,47.4,37회차 47.4 -> 61회차 48.3 상승
NONMONOTONIC,KR0097,하나생명보험,2025.2Q,61,법인대리점_금융기관,유지율,45.9,45.8,37회차 45.8 -> 61회차 45.9 상승
COMPANY_SUM,KR0097,하나생명보험,2025.2Q,13,ALL,유지율,90.521,90.52,채널합 4열 Σ유지계약액=430731 Σ대상신계약액=475835 차이=+0.001
COMPANY_SUM,KR0097,하나생명보험,2025.2Q,25,ALL,유지율,70.664,70.66,채널합 4열 Σ유지계약액=144114 Σ대상신계약액=203944 차이=+0.004
COMPANY_SUM,KR0097,하나생명보험,2025.2Q,37,ALL,유지율,45.786,45.79,채널합 3열 Σ유지계약액=78729.8 Σ대상신계약액=171950 차이=-0.004
COMPANY_SUM,KR0097,하나생명보험,2025.2Q,61,ALL,유지율,45.424,45.42,채널합 4열 Σ유지계약액=33642.3 Σ대상신계약액=74062.9 차이=+0.004
IDENTITY_BREAK,KR0097,하나생명보험,2025.4Q,25,직영_다이렉트,유지율,45.0,45.225,[원문오기:RATE_INCONSISTENT] 유지계약액=341.9 대상신계약액=756.0 편차=-0.2249 [text]
COMPANY_SUM,KR0097,하나생명보험,2025.4Q,13,ALL,유지율,88.618,88.62,채널합 4열 Σ유지계약액=432758 Σ대상신계약액=488339 차이=-0.002
COMPANY_SUM,KR0097,하나생명보험,2025.4Q,25,ALL,유지율,80.357,80.36,채널합 4열 Σ유지계약액=243625 Σ대상신계약액=303180 차이=-0.003
COMPANY_SUM,KR0097,하나생명보험,2025.4Q,37,ALL,유지율,54.594,54.59,채널합 4열 Σ유지계약액=95288.3 Σ대상신계약액=174539 차이=+0.004
COMPANY_SUM,KR0097,하나생명보험,2025.4Q,61,ALL,유지율,42.598,42.6,채널합 4열 Σ유지계약액=33105.7 Σ대상신계약액=77716.4 차이=-0.002
NONMONOTONIC,KR0097,하나생명보험,2026.2Q,25,직영_다이렉트,유지율,66.6,55.4,13회차 55.4 -> 25회차 66.6 상승
COMPANY_SUM,KR0097,하나생명보험,2026.2Q,13,ALL,유지율,88.285,88.29,채널합 4열 Σ유지계약액=468610 Σ대상신계약액=530792 차이=-0.005
COMPANY_SUM,KR0097,하나생명보험,2026.2Q,25,ALL,유지율,80.988,80.99,채널합 4열 Σ유지계약액=386102 Σ대상신계약액=476743 차이=-0.002
COMPANY_SUM,KR0097,하나생명보험,2026.2Q,37,ALL,유지율,62.504,62.5,채널합 4열 Σ유지계약액=123889 Σ대상신계약액=198208 차이=+0.004
COMPANY_SUM,KR0097,하나생명보험,2026.2Q,61,ALL,유지율,37.546,37.55,채널합 4열 Σ유지계약액=28947.1 Σ대상신계약액=77097 차이=-0.004
NONMONOTONIC,KR0099,KB라이프생명,2023.2Q,25,개인대리점,유지율,77.5,75.2,13회차 75.2 -> 25회차 77.5 상승
NONMONOTONIC,KR0099,KB라이프생명,2023.2Q,37,법인대리점_금융기관,유지율,41.5,27.1,25회차 27.1 -> 37회차 41.5 상승
NONMONOTONIC,KR0099,KB라이프생명,2023.2Q,61,법인대리점_금융기관,유지율,44.5,41.5,37회차 41.5 -> 61회차 44.5 상승
NONMONOTONIC,KR0099,KB라이프생명,2023.2Q,25,직영_다이렉트,유지율,74.7,71.2,13회차 71.2 -> 25회차 74.7 상승
COMPANY_SUM,KR0099,KB라이프생명,2023.2Q,13,ALL,유지율,80.578,80.5,채널합 7열 Σ유지계약액=751139 Σ대상신계약액=932186 차이=+0.078
COMPANY_SUM,KR0099,KB라이프생명,2023.2Q,25,ALL,유지율,51.898,52.0,채널합 7열 Σ유지계약액=488646 Σ대상신계약액=941544 차이=-0.102
COMPANY_SUM,KR0099,KB라이프생명,2023.2Q,37,ALL,유지율,53.893,53.9,채널합 7열 Σ유지계약액=364927 Σ대상신계약액=677138 차이=-0.007
COMPANY_SUM,KR0099,KB라이프생명,2023.2Q,61,ALL,유지율,41.515,41.5,채널합 7열 Σ유지계약액=178805 Σ대상신계약액=430695 차이=+0.015
NONMONOTONIC,KR0099,KB라이프생명,2023.4Q,37,개인대리점,유지율,73.7,53.4,25회차 53.4 -> 37회차 73.7 상승
NONMONOTONIC,KR0099,KB라이프생명,2023.4Q,61,법인대리점_금융기관,유지율,44.9,25.5,37회차 25.5 -> 61회차 44.9 상승
NONMONOTONIC,KR0099,KB라이프생명,2023.4Q,37,직영_다이렉트,유지율,73.3,67.9,25회차 67.9 -> 37회차 73.3 상승
COMPANY_SUM,KR0099,KB라이프생명,2023.4Q,13,ALL,유지율,78.113,78.1,채널합 7열 Σ유지계약액=746214 Σ대상신계약액=955300 차이=+0.013
COMPANY_SUM,KR0099,KB라이프생명,2023.4Q,25,ALL,유지율,55.337,55.3,채널합 7열 Σ유지계약액=459366 Σ대상신계약액=830121 차이=+0.037
COMPANY_SUM,KR0099,KB라이프생명,2023.4Q,37,ALL,유지율,44.838,44.8,채널합 7열 Σ유지계약액=364968 Σ대상신계약액=813964 차이=+0.038
COMPANY_SUM,KR0099,KB라이프생명,2023.4Q,61,ALL,유지율,41.655,41.7,채널합 7열 Σ유지계약액=176839 Σ대상신계약액=424530 차이=-0.045
NONMONOTONIC,KR0099,KB라이프생명,2024.2Q,61,법인대리점_금융기관,유지율,44.5,14.6,37회차 14.6 -> 61회차 44.5 상승
NONMONOTONIC,KR0099,KB라이프생명,2024.2Q,37,직영_다이렉트,유지율,67.6,38.6,25회차 38.6 -> 37회차 67.6 상승
COMPANY_SUM,KR0099,KB라이프생명,2024.2Q,13,ALL,유지율,85.984,82.4,채널합 6열 Σ유지계약액=587037 Σ대상신계약액=682730 차이=+3.584
COMPANY_SUM,KR0099,KB라이프생명,2024.2Q,25,ALL,유지율,64.29,63.3,채널합 6열 Σ유지계약액=600142 Σ대상신계약액=933497 차이=+0.990
COMPANY_SUM,KR0099,KB라이프생명,2024.2Q,37,ALL,유지율,39.903,39.8,채널합 5열 Σ유지계약액=368582 Σ대상신계약액=923685 차이=+0.103
COMPANY_SUM,KR0099,KB라이프생명,2024.2Q,61,ALL,유지율,43.474,42.4,채널합 6열 Σ유지계약액=200897 Σ대상신계약액=462112 차이=+1.074
NONMONOTONIC,KR0099,KB라이프생명,2024.4Q,61,법인대리점_금융기관,유지율,41.2,18.1,37회차 18.1 -> 61회차 41.2 상승
NONMONOTONIC,KR0099,KB라이프생명,2024.4Q,37,직영_다이렉트,유지율,62.2,35.9,25회차 35.9 -> 37회차 62.2 상승
COMPANY_SUM,KR0099,KB라이프생명,2024.4Q,13,ALL,유지율,89.916,89.92,채널합 6열 Σ유지계약액=619663 Σ대상신계약액=689156 차이=-0.004
COMPANY_SUM,KR0099,KB라이프생명,2024.4Q,25,ALL,유지율,61.198,61.2,채널합 6열 Σ유지계약액=588287 Σ대상신계약액=961283 차이=-0.002
COMPANY_SUM,KR0099,KB라이프생명,2024.4Q,37,ALL,유지율,41.346,41.35,채널합 5열 Σ유지계약액=342047 Σ대상신계약액=827279 차이=-0.004
COMPANY_SUM,KR0099,KB라이프생명,2024.4Q,61,ALL,유지율,43.911,43.91,채널합 6열 Σ유지계약액=229494 Σ대상신계약액=522635 차이=+0.001
NONMONOTONIC,KR0099,KB라이프생명,2025.2Q,37,법인대리점_금융기관,유지율,44.87,44.0,25회차 44.0 -> 37회차 44.87 상승
NONMONOTONIC,KR0099,KB라이프생명,2025.2Q,61,직영_복합,유지율,58.04,52.71,37회차 52.71 -> 61회차 58.04 상승
NONMONOTONIC,KR0099,KB라이프생명,2025.2Q,61,직영_다이렉트,유지율,55.4,36.29,37회차 36.29 -> 61회차 55.4 상승
COMPANY_SUM,KR0099,KB라이프생명,2025.2Q,13,ALL,유지율,88.846,86.12,채널합 5열 Σ유지계약액=646646 Σ대상신계약액=727832 차이=+2.726
COMPANY_SUM,KR0099,KB라이프생명,2025.2Q,25,ALL,유지율,66.036,74.56,채널합 6열 Σ유지계약액=439190 Σ대상신계약액=665077 차이=-8.524
COMPANY_SUM,KR0099,KB라이프생명,2025.2Q,37,ALL,유지율,49.792,51.79,채널합 6열 Σ유지계약액=462148 Σ대상신계약액=928165 차이=-1.998
COMPANY_SUM,KR0099,KB라이프생명,2025.2Q,61,ALL,유지율,37.285,32.09,채널합 6열 Σ유지계약액=248112 Σ대상신계약액=665451 차이=+5.195
NONMONOTONIC,KR0099,KB라이프생명,2025.4Q,25,설계사,유지율,74.38,71.1,13회차 71.1 -> 25회차 74.38 상승
NONMONOTONIC,KR0099,KB라이프생명,2025.4Q,61,직영_복합,유지율,56.95,54.67,37회차 54.67 -> 61회차 56.95 상승
NONMONOTONIC,KR0099,KB라이프생명,2025.4Q,61,직영_다이렉트,유지율,46.65,32.16,37회차 32.16 -> 61회차 46.65 상승
COMPANY_SUM,KR0099,KB라이프생명,2025.4Q,13,ALL,유지율,86.533,86.53,채널합 5열 Σ유지계약액=683349 Σ대상신계약액=789699 차이=+0.003
COMPANY_SUM,KR0099,KB라이프생명,2025.4Q,25,ALL,유지율,75.726,75.73,채널합 6열 Σ유지계약액=520838 Σ대상신계약액=687792 차이=-0.004
COMPANY_SUM,KR0099,KB라이프생명,2025.4Q,37,ALL,유지율,50.086,50.09,채널합 6열 Σ유지계약액=478494 Σ대상신계약액=955338 차이=-0.004
COMPANY_SUM,KR0099,KB라이프생명,2025.4Q,61,ALL,유지율,29.219,29.22,채널합 5열 Σ유지계약액=236176 Σ대상신계약액=808298 차이=-0.001
COMPANY_SUM,KR0099,KB라이프생명,2026.2Q,13,ALL,유지율,88.686,90.29,채널합 5열 Σ유지계약액=837040 Σ대상신계약액=943826 차이=-1.604
COMPANY_SUM,KR0099,KB라이프생명,2026.2Q,25,ALL,유지율,69.32,61.32,채널합 5열 Σ유지계약액=503575 Σ대상신계약액=726451 차이=+8.000
COMPANY_SUM,KR0099,KB라이프생명,2026.2Q,37,ALL,유지율,55.409,65.01,채널합 5열 Σ유지계약액=364141 Σ대상신계약액=657184 차이=-9.601
COMPANY_SUM,KR0099,KB라이프생명,2026.2Q,61,ALL,유지율,24.849,23.68,채널합 5열 Σ유지계약액=223430 Σ대상신계약액=899157 차이=+1.169
COMPANY_SUM,KR0100,처브라이프생명보험,2023.2Q,13,ALL,유지율,76.306,76.31,채널합 4열 Σ유지계약액=22604 Σ대상신계약액=29623 차이=-0.004
COMPANY_SUM,KR0100,처브라이프생명보험,2023.2Q,25,ALL,유지율,57.163,57.16,채널합 4열 Σ유지계약액=18331 Σ대상신계약액=32068 차이=+0.003
COMPANY_SUM,KR0100,처브라이프생명보험,2023.2Q,37,ALL,유지율,20.446,20.45,채널합 5열 Σ유지계약액=8215 Σ대상신계약액=40179 차이=-0.004
COMPANY_SUM,KR0100,처브라이프생명보험,2023.2Q,61,ALL,유지율,12.897,12.9,채널합 4열 Σ유지계약액=12142 Σ대상신계약액=94145 차이=-0.003
NONMONOTONIC,KR0100,처브라이프생명보험,2023.4Q,37,설계사,유지율,62.34,54.98,25회차 54.98 -> 37회차 62.34 상승
NONMONOTONIC,KR0100,처브라이프생명보험,2023.4Q,61,법인대리점_금융기관,유지율,7.91,0.0,37회차 0.0 -> 61회차 7.91 상승
NONMONOTONIC,KR0100,처브라이프생명보험,2023.4Q,25,직영_다이렉트,유지율,97.78,95.97,13회차 95.97 -> 25회차 97.78 상승
NONMONOTONIC,KR0100,처브라이프생명보험,2023.4Q,61,직영_다이렉트,유지율,87.66,77.92,37회차 77.92 -> 61회차 87.66 상승
COMPANY_SUM,KR0100,처브라이프생명보험,2023.4Q,13,ALL,유지율,81.924,81.93,채널합 4열 Σ유지계약액=24147.5 Σ대상신계약액=29475.6 차이=-0.006
COMPANY_SUM,KR0100,처브라이프생명보험,2023.4Q,25,ALL,유지율,61.978,61.98,채널합 4열 Σ유지계약액=23045.4 Σ대상신계약액=37183.4 차이=-0.002
COMPANY_SUM,KR0100,처브라이프생명보험,2023.4Q,37,ALL,유지율,39.864,39.86,채널합 5열 Σ유지계약액=9855.68 Σ대상신계약액=24723 차이=+0.004
COMPANY_SUM,KR0100,처브라이프생명보험,2023.4Q,61,ALL,유지율,12.562,12.56,채널합 4열 Σ유지계약액=11137.5 Σ대상신계약액=88657.8 차이=+0.002
NONMONOTONIC,KR0100,처브라이프생명보험,2024.2Q,37,설계사,유지율,54.2,50.24,25회차 50.24 -> 37회차 54.2 상승
NONMONOTONIC,KR0100,처브라이프생명보험,2024.2Q,37,직영_다이렉트,유지율,93.97,91.64,25회차 91.64 -> 37회차 93.97 상승
COMPANY_SUM,KR0100,처브라이프생명보험,2024.2Q,13,ALL,유지율,85.24,85.24,채널합 4열 Σ유지계약액=23753.7 Σ대상신계약액=27866.7 차이=+0.000
COMPANY_SUM,KR0100,처브라이프생명보험,2024.2Q,25,ALL,유지율,60.502,60.5,채널합 4열 Σ유지계약액=17209.6 Σ대상신계약액=28444.7 차이=+0.002
COMPANY_SUM,KR0100,처브라이프생명보험,2024.2Q,37,ALL,유지율,49.356,49.36,채널합 4열 Σ유지계약액=16533.9 Σ대상신계약액=33499 차이=-0.004
COMPANY_SUM,KR0100,처브라이프생명보험,2024.2Q,61,ALL,유지율,11.613,11.61,채널합 4열 Σ유지계약액=9707.73 Σ대상신계약액=83593.6 차이=+0.003
NONMONOTONIC,KR0100,처브라이프생명보험,2024.4Q,61,설계사,유지율,45.56,44.07,37회차 44.07 -> 61회차 45.56 상승
COMPANY_SUM,KR0100,처브라이프생명보험,2024.4Q,13,ALL,유지율,89.399,89.4,채널합 2열 Σ유지계약액=16352 Σ대상신계약액=18291 차이=-0.001
COMPANY_SUM,KR0100,처브라이프생명보험,2024.4Q,25,ALL,유지율,68.793,68.8,채널합 4열 Σ유지계약액=20192.5 Σ대상신계약액=29352.6 차이=-0.007
COMPANY_SUM,KR0100,처브라이프생명보험,2024.4Q,37,ALL,유지율,52.37,52.37,채널합 4열 Σ유지계약액=19425.3 Σ대상신계약액=37092.4 차이=-0.000
COMPANY_SUM,KR0100,처브라이프생명보험,2024.4Q,61,ALL,유지율,10.999,11.0,채널합 4열 Σ유지계약액=7173.14 Σ대상신계약액=65214.6 차이=-0.001
NONMONOTONIC,KR0100,처브라이프생명보험,2025.2Q,61,설계사,유지율,48.96,37.55,37회차 37.55 -> 61회차 48.96 상승
COMPANY_SUM,KR0100,처브라이프생명보험,2025.2Q,13,ALL,유지율,91.395,91.4,채널합 2열 Σ유지계약액=13224 Σ대상신계약액=14469 차이=-0.005
COMPANY_SUM,KR0100,처브라이프생명보험,2025.2Q,25,ALL,유지율,74.424,74.42,채널합 4열 Σ유지계약액=20727.1 Σ대상신계약액=27850.1 차이=+0.004
COMPANY_SUM,KR0100,처브라이프생명보험,2025.2Q,37,ALL,유지율,50.318,50.32,채널합 4열 Σ유지계약액=14270.6 Σ대상신계약액=28360.7 차이=-0.002
COMPANY_SUM,KR0100,처브라이프생명보험,2025.2Q,61,ALL,유지율,14.426,14.42,채널합 5열 Σ유지계약액=5549.76 Σ대상신계약액=38469.4 차이=+0.006
NONMONOTONIC,KR0100,처브라이프생명보험,2025.4Q,61,설계사,유지율,47.86,39.0,37회차 39.0 -> 61회차 47.86 상승
COMPANY_SUM,KR0100,처브라이프생명보험,2025.4Q,13,ALL,유지율,91.707,91.71,채널합 2열 Σ유지계약액=22306 Σ대상신계약액=24323 차이=-0.003
COMPANY_SUM,KR0100,처브라이프생명보험,2025.4Q,25,ALL,유지율,80.115,80.12,채널합 2열 Σ유지계약액=14641 Σ대상신계약액=18275 차이=-0.005
COMPANY_SUM,KR0100,처브라이프생명보험,2025.4Q,37,ALL,유지율,60.589,60.59,채널합 4열 Σ유지계약액=17768.5 Σ대상신계약액=29326.6 차이=-0.001
COMPANY_SUM,KR0100,처브라이프생명보험,2025.4Q,61,ALL,유지율,29.974,29.97,채널합 5열 Σ유지계약액=7405.67 Σ대상신계약액=24707 차이=+0.004
NONMONOTONIC,KR0100,처브라이프생명보험,2026.2Q,25,설계사,유지율,98.37,85.51,13회차 85.51 -> 25회차 98.37 상승
NONMONOTONIC,KR0100,처브라이프생명보험,2026.2Q,61,직영_다이렉트,유지율,93.72,75.45,37회차 75.45 -> 61회차 93.72 상승
COMPANY_SUM,KR0100,처브라이프생명보험,2026.2Q,13,ALL,유지율,87.572,87.57,채널합 3열 Σ유지계약액=31730 Σ대상신계약액=36233 차이=+0.002
COMPANY_SUM,KR0100,처브라이프생명보험,2026.2Q,25,ALL,유지율,83.062,83.06,채널합 2열 Σ유지계약액=12005 Σ대상신계약액=14453 차이=+0.002
COMPANY_SUM,KR0100,처브라이프생명보험,2026.2Q,37,ALL,유지율,68.591,68.59,채널합 4열 Σ유지계약액=19084 Σ대상신계약액=27823.1 차이=+0.001
COMPANY_SUM,KR0100,처브라이프생명보험,2026.2Q,61,ALL,유지율,40.652,40.65,채널합 4열 Σ유지계약액=13610.9 Σ대상신계약액=33481 차이=+0.002
NONMONOTONIC,KR0104,농협생명보험,2023.2Q,61,직영_다이렉트,유지율,76.8,49.5,37회차 49.5 -> 61회차 76.8 상승
COMPANY_SUM,KR0104,농협생명보험,2023.2Q,13,ALL,유지율,83.126,83.1,채널합 5열 Σ유지계약액=383001 Σ대상신계약액=460750 차이=+0.026
COMPANY_SUM,KR0104,농협생명보험,2023.2Q,25,ALL,유지율,72.099,72.1,채널합 5열 Σ유지계약액=380633 Σ대상신계약액=527933 차이=-0.001
COMPANY_SUM,KR0104,농협생명보험,2023.2Q,37,ALL,유지율,64.379,64.4,채널합 5열 Σ유지계약액=409720 Σ대상신계약액=636417 차이=-0.021
COMPANY_SUM,KR0104,농협생명보험,2023.2Q,61,ALL,유지율,50.652,50.7,채널합 6열 Σ유지계약액=317260 Σ대상신계약액=626348 차이=-0.048
IDENTITY_BREAK,KR0104,농협생명보험,2023.4Q,25,직영_복합,유지율,78.81,78.714,[원문오기:RATE_INCONSISTENT] 유지계약액=4678.0 대상신계약액=5943.0 편차=0.0955 [text]
IDENTITY_BREAK,KR0104,농협생명보험,2023.4Q,37,직영_복합,유지율,73.62,73.485,[원문오기:RATE_INCONSISTENT] 유지계약액=4645.0 대상신계약액=6321.0 편차=0.1348 [text]
IDENTITY_BREAK,KR0104,농협생명보험,2023.4Q,61,설계사,유지율,47.4,41.103,[원문오기:RATE_INCONSISTENT] 유지계약액=26218.0 대상신계약액=63786.0 편차=6.2969 [text]
IDENTITY_BREAK,KR0104,농협생명보험,2023.4Q,61,법인대리점_금융기관,유지율,69.29,52.707,[원문오기:RATE_INCONSISTENT] 유지계약액=205908.0 대상신계약액=390666.0 편차=16.5831 [text]
IDENTITY_BREAK,KR0104,농협생명보험,2023.4Q,61,법인대리점_홈쇼핑,유지율,24.88,28.272,[원문오기:RATE_INCONSISTENT] 유지계약액=108.0 대상신계약액=382.0 편차=-3.3923 [text]
IDENTITY_BREAK,KR0104,농협생명보험,2023.4Q,61,법인대리점_기타,유지율,50.95,42.687,[원문오기:RATE_INCONSISTENT] 유지계약액=59227.0 대상신계약액=138746.0 편차=8.2626 [text]
IDENTITY_BREAK,KR0104,농협생명보험,2023.4Q,61,직영_복합,유지율,58.67,63.178,[원문오기:RATE_INCONSISTENT] 유지계약액=5602.0 대상신계약액=8867.0 편차=-4.5081 [text]
IDENTITY_BREAK,KR0104,농협생명보험,2023.4Q,61,직영_다이렉트,유지율,46.79,64.162,[원문오기:RATE_INCONSISTENT] 유지계약액=1298.0 대상신계약액=2023.0 편차=-17.3721 [text]
NONMONOTONIC,KR0104,농협생명보험,2023.4Q,25,직영_다이렉트,유지율,56.46,55.09,13회차 55.09 -> 25회차 56.46 상승
NONMONOTONIC,KR0104,농협생명보험,2023.4Q,61,직영_다이렉트,유지율,46.79,44.69,37회차 44.69 -> 61회차 46.79 상승
COMPANY_SUM,KR0104,농협생명보험,2023.4Q,13,ALL,유지율,82.865,82.87,채널합 5열 Σ유지계약액=379701 Σ대상신계약액=458217 차이=-0.005
COMPANY_SUM,KR0104,농협생명보험,2023.4Q,25,ALL,유지율,69.05,69.05,채널합 5열 Σ유지계약액=278395 Σ대상신계약액=403181 차이=-0.000
COMPANY_SUM,KR0104,농협생명보험,2023.4Q,37,ALL,유지율,65.468,65.47,채널합 5열 Σ유지계약액=362959 Σ대상신계약액=554410 차이=-0.002
COMPANY_SUM,KR0104,농협생명보험,2023.4Q,61,ALL,유지율,49.359,49.36,채널합 6열 Σ유지계약액=298361 Σ대상신계약액=604470 차이=-0.001
NONMONOTONIC,KR0104,농협생명보험,2024.2Q,25,직영_임직원,유지율,94.98,82.35,13회차 82.35 -> 25회차 94.98 상승
NONMONOTONIC,KR0104,농협생명보험,2024.2Q,37,직영_임직원,유지율,96.09,94.98,25회차 94.98 -> 37회차 96.09 상승
NONMONOTONIC,KR0104,농협생명보험,2024.2Q,25,직영_다이렉트,유지율,49.45,44.12,13회차 44.12 -> 25회차 49.45 상승
NONMONOTONIC,KR0104,농협생명보험,2024.2Q,37,직영_다이렉트,유지율,52.93,49.45,25회차 49.45 -> 37회차 52.93 상승
COMPANY_SUM,KR0104,농협생명보험,2024.2Q,13,ALL,유지율,86.654,86.65,채널합 6열 Σ유지계약액=372300 Σ대상신계약액=429639 차이=+0.004
COMPANY_SUM,KR0104,농협생명보험,2024.2Q,25,ALL,유지율,73.128,73.13,채널합 6열 Σ유지계약액=340560 Σ대상신계약액=465704 차이=-0.002
COMPANY_SUM,KR0104,농협생명보험,2024.2Q,37,ALL,유지율,61.304,61.3,채널합 6열 Σ유지계약액=286524 Σ대상신계약액=467384 차이=+0.004
COMPANY_SUM,KR0104,농협생명보험,2024.2Q,61,ALL,유지율,54.081,54.08,채널합 7열 Σ유지계약액=371036 Σ대상신계약액=686079 차이=+0.001
NONMONOTONIC,KR0104,농협생명보험,2024.4Q,61,법인대리점_금융기관,유지율,63.42,61.77,37회차 61.77 -> 61회차 63.42 상승
NONMONOTONIC,KR0104,농협생명보험,2024.4Q,25,직영_임직원,유지율,90.82,83.51,13회차 83.51 -> 25회차 90.82 상승
NONMONOTONIC,KR0104,농협생명보험,2024.4Q,37,직영_임직원,유지율,94.48,90.82,25회차 90.82 -> 37회차 94.48 상승
NONMONOTONIC,KR0104,농협생명보험,2024.4Q,25,직영_다이렉트,유지율,46.53,43.94,13회차 43.94 -> 25회차 46.53 상승
NONMONOTONIC,KR0104,농협생명보험,2024.4Q,37,직영_다이렉트,유지율,49.26,46.53,25회차 46.53 -> 37회차 49.26 상승
COMPANY_SUM,KR0104,농협생명보험,2024.4Q,13,ALL,유지율,88.766,88.77,채널합 6열 Σ유지계약액=481496 Σ대상신계약액=542432 차이=-0.004
COMPANY_SUM,KR0104,농협생명보험,2024.4Q,25,ALL,유지율,74.633,74.63,채널합 6열 Σ유지계약액=340807 Σ대상신계약액=456642 차이=+0.003
COMPANY_SUM,KR0104,농협생명보험,2024.4Q,37,ALL,유지율,59.223,59.22,채널합 6열 Σ유지계약액=220732 Σ대상신계약액=372711 차이=+0.003
COMPANY_SUM,KR0104,농협생명보험,2024.4Q,61,ALL,유지율,56.07,56.07,채널합 7열 Σ유지계약액=378197 Σ대상신계약액=674507 차이=+0.000
NONMONOTONIC,KR0104,농협생명보험,2025.2Q,37,직영_임직원,유지율,90.64,82.18,25회차 82.18 -> 37회차 90.64 상승
NONMONOTONIC,KR0104,농협생명보험,2025.2Q,25,직영_다이렉트,유지율,37.54,33.56,13회차 33.56 -> 25회차 37.54 상승
NONMONOTONIC,KR0104,농협생명보험,2025.2Q,37,직영_다이렉트,유지율,43.9,37.54,25회차 37.54 -> 37회차 43.9 상승
COMPANY_SUM,KR0104,농협생명보험,2025.2Q,13,ALL,유지율,92.227,92.23,채널합 6열 Σ유지계약액=1.03653e+06 Σ대상신계약액=1.1239e+06 차이=-0.003
COMPANY_SUM,KR0104,농협생명보험,2025.2Q,25,ALL,유지율,80.772,80.77,채널합 6열 Σ유지계약액=346205 Σ대상신계약액=428618 차이=+0.002
COMPANY_SUM,KR0104,농협생명보험,2025.2Q,37,ALL,유지율,67.079,67.08,채널합 6열 Σ유지계약액=302380 Σ대상신계약액=450783 차이=-0.001
COMPANY_SUM,KR0104,농협생명보험,2025.2Q,61,ALL,유지율,55.578,55.58,채널합 6열 Σ유지계약액=304855 Σ대상신계약액=548516 차이=-0.002
NONMONOTONIC,KR0104,농협생명보험,2025.4Q,37,직영_임직원,유지율,88.81,82.72,25회차 82.72 -> 37회차 88.81 상승
NONMONOTONIC,KR0104,농협생명보험,2025.4Q,61,직영_임직원,유지율,97.27,88.81,37회차 88.81 -> 61회차 97.27 상승
NONMONOTONIC,KR0104,농협생명보험,2025.4Q,25,직영_다이렉트,유지율,37.29,32.98,13회차 32.98 -> 25회차 37.29 상승
NONMONOTONIC,KR0104,농협생명보험,2025.4Q,37,직영_다이렉트,유지율,40.1,37.29,25회차 37.29 -> 37회차 40.1 상승
COMPANY_SUM,KR0104,농협생명보험,2025.4Q,13,ALL,유지율,92.565,92.56,채널합 11열 Σ유지계약액=1.11156e+06 Σ대상신계약액=1.20084e+06 차이=+0.005
COMPANY_SUM,KR0104,농협생명보험,2025.4Q,25,ALL,유지율,83.615,83.62,채널합 11열 Σ유지계약액=452651 Σ대상신계약액=541349 차이=-0.005
COMPANY_SUM,KR0104,농협생명보험,2025.4Q,37,ALL,유지율,69.084,69.08,채널합 11열 Σ유지계약액=309949 Σ대상신계약액=448653 차이=+0.004
COMPANY_SUM,KR0104,농협생명보험,2025.4Q,61,ALL,유지율,58.127,58.13,채널합 11열 Σ유지계약액=292676 Σ대상신계약액=503513 차이=-0.003
NONMONOTONIC,KR0104,농협생명보험,2026.2Q,61,직영_임직원,유지율,93.15,81.52,37회차 81.52 -> 61회차 93.15 상승
NONMONOTONIC,KR0104,농협생명보험,2026.2Q,37,직영_다이렉트,유지율,31.69,28.21,25회차 28.21 -> 37회차 31.69 상승
NONMONOTONIC,KR0104,농협생명보험,2026.2Q,61,직영_다이렉트,유지율,41.51,31.69,37회차 31.69 -> 61회차 41.51 상승
COMPANY_SUM,KR0104,농협생명보험,2026.2Q,13,ALL,유지율,92.879,92.88,채널합 6열 Σ유지계약액=1.28935e+06 Σ대상신계약액=1.38821e+06 차이=-0.001
COMPANY_SUM,KR0104,농협생명보험,2026.2Q,25,ALL,유지율,88.069,88.07,채널합 6열 Σ유지계약액=987721 Σ대상신계약액=1.12154e+06 차이=-0.001
COMPANY_SUM,KR0104,농협생명보험,2026.2Q,37,ALL,유지율,76.376,76.38,채널합 6열 Σ유지계약액=323830 Σ대상신계약액=423992 차이=-0.004
COMPANY_SUM,KR0104,농협생명보험,2026.2Q,61,ALL,유지율,53.347,53.35,채널합 6열 Σ유지계약액=226284 Σ대상신계약액=424173 차이=-0.003
NONMONOTONIC,KR1010,교보라이프플래닛생명보험,2023.2Q,37,법인대리점_금융기관,유지율,48.23,29.39,25회차 29.39 -> 37회차 48.23 상승
NONMONOTONIC,KR1010,교보라이프플래닛생명보험,2023.2Q,37,직영_다이렉트,유지율,63.05,62.74,25회차 62.74 -> 37회차 63.05 상승
COMPANY_SUM,KR1010,교보라이프플래닛생명보험,2023.2Q,13,ALL,유지율,56.469,71.7,채널합 2열 Σ유지계약액=31762 Σ대상신계약액=56247 차이=-15.231
COMPANY_SUM,KR1010,교보라이프플래닛생명보험,2023.2Q,25,ALL,유지율,36.044,31.08,채널합 2열 Σ유지계약액=40964 Σ대상신계약액=113649 차이=+4.964
COMPANY_SUM,KR1010,교보라이프플래닛생명보험,2023.2Q,37,ALL,유지율,54.098,60.78,채널합 2열 Σ유지계약액=14567 Σ대상신계약액=26927 차이=-6.682
COMPANY_SUM,KR1010,교보라이프플래닛생명보험,2023.2Q,61,ALL,유지율,44.119,50.44,채널합 2열 Σ유지계약액=9141 Σ대상신계약액=20719 차이=-6.321
NONMONOTONIC,KR1010,교보라이프플래닛생명보험,2023.4Q,37,법인대리점_금융기관,유지율,51.6,22.56,25회차 22.56 -> 37회차 51.6 상승
COMPANY_SUM,KR1010,교보라이프플래닛생명보험,2023.4Q,13,ALL,유지율,64.993,64.99,채널합 2열 Σ유지계약액=26759 Σ대상신계약액=41172 차이=+0.003
COMPANY_SUM,KR1010,교보라이프플래닛생명보험,2023.4Q,25,ALL,유지율,28.36,28.36,채널합 2열 Σ유지계약액=35437 Σ대상신계약액=124956 차이=-0.000
COMPANY_SUM,KR1010,교보라이프플래닛생명보험,2023.4Q,37,ALL,유지율,57.009,57.01,채널합 2열 Σ유지계약액=16142 Σ대상신계약액=28315 차이=-0.001
COMPANY_SUM,KR1010,교보라이프플래닛생명보험,2023.4Q,61,ALL,유지율,42.3,42.3,채널합 2열 Σ유지계약액=10256 Σ대상신계약액=24246 차이=-0.000
NONMONOTONIC,KR1010,교보라이프플래닛생명보험,2024.2Q,37,법인대리점_금융기관,유지율,43.65,26.28,25회차 26.28 -> 37회차 43.65 상승
COMPANY_SUM,KR1010,교보라이프플래닛생명보험,2024.2Q,13,ALL,유지율,79.797,79.8,채널합 2열 Σ유지계약액=58859 Σ대상신계약액=73761 차이=-0.003
COMPANY_SUM,KR1010,교보라이프플래닛생명보험,2024.2Q,25,ALL,유지율,35.023,35.02,채널합 2열 Σ유지계약액=14071 Σ대상신계약액=40176 차이=+0.003
COMPANY_SUM,KR1010,교보라이프플래닛생명보험,2024.2Q,37,ALL,유지율,54.206,54.2,채널합 2열 Σ유지계약액=17842 Σ대상신계약액=32915 차이=+0.006
COMPANY_SUM,KR1010,교보라이프플래닛생명보험,2024.2Q,61,ALL,유지율,40.359,40.36,채널합 2열 Σ유지계약액=14093 Σ대상신계약액=34919 차이=-0.001
COMPANY_SUM,KR1010,교보라이프플래닛생명보험,2024.4Q,13,ALL,유지율,91.941,91.94,채널합 2열 Σ유지계약액=40000 Σ대상신계약액=43506 차이=+0.001
COMPANY_SUM,KR1010,교보라이프플래닛생명보험,2024.4Q,25,ALL,유지율,57.049,57.05,채널합 2열 Σ유지계약액=23407 Σ대상신계약액=41030 차이=-0.001
COMPANY_SUM,KR1010,교보라이프플래닛생명보험,2024.4Q,37,ALL,유지율,55.674,55.67,채널합 2열 Σ유지계약액=14418 Σ대상신계약액=25897 차이=+0.004
COMPANY_SUM,KR1010,교보라이프플래닛생명보험,2024.4Q,61,ALL,유지율,44.671,44.67,채널합 2열 Σ유지계약액=13929 Σ대상신계약액=31181 차이=+0.001
NONMONOTONIC,KR1010,교보라이프플래닛생명보험,2025.2Q,25,법인대리점_금융기관,유지율,74.59,62.7,13회차 62.7 -> 25회차 74.59 상승
COMPANY_SUM,KR1010,교보라이프플래닛생명보험,2025.2Q,13,ALL,유지율,78.712,78.7,채널합 2열 Σ유지계약액=6123 Σ대상신계약액=7779 차이=+0.012
COMPANY_SUM,KR1010,교보라이프플래닛생명보험,2025.2Q,25,ALL,유지율,74.617,74.62,채널합 2열 Σ유지계약액=54956 Σ대상신계약액=73651 차이=-0.003
COMPANY_SUM,KR1010,교보라이프플래닛생명보험,2025.2Q,37,ALL,유지율,61.085,61.09,채널합 2열 Σ유지계약액=7726 Σ대상신계약액=12648 차이=-0.005
COMPANY_SUM,KR1010,교보라이프플래닛생명보험,2025.2Q,61,ALL,유지율,51.026,51.03,채널합 2열 Σ유지계약액=11214 Σ대상신계약액=21977 차이=-0.004
NONMONOTONIC,KR1010,교보라이프플래닛생명보험,2025.4Q,25,법인대리점_금융기관,유지율,89.74,85.67,13회차 85.67 -> 25회차 89.74 상승
COMPANY_SUM,KR1010,교보라이프플래닛생명보험,2025.4Q,13,ALL,유지율,84.961,84.96,채널합 2열 Σ유지계약액=10169 Σ대상신계약액=11969 차이=+0.001
COMPANY_SUM,KR1010,교보라이프플래닛생명보험,2025.4Q,25,ALL,유지율,88.189,88.19,채널합 2열 Σ유지계약액=38268 Σ대상신계약액=43393 차이=-0.001
COMPANY_SUM,KR1010,교보라이프플래닛생명보험,2025.4Q,37,ALL,유지율,65.028,65.03,채널합 2열 Σ유지계약액=5489 Σ대상신계약액=8441 차이=-0.002
COMPANY_SUM,KR1010,교보라이프플래닛생명보험,2025.4Q,61,ALL,유지율,50.959,50.96,채널합 2열 Σ유지계약액=12830 Σ대상신계약액=25177 차이=-0.001
COMPANY_SUM,KR1010,교보라이프플래닛생명보험,2026.2Q,13,ALL,유지율,86.687,86.69,채널합 2열 Σ유지계약액=14227 Σ대상신계약액=16412 차이=-0.003
COMPANY_SUM,KR1010,교보라이프플래닛생명보험,2026.2Q,25,ALL,유지율,69.871,69.89,채널합 2열 Σ유지계약액=5357 Σ대상신계약액=7667 차이=-0.019
COMPANY_SUM,KR1010,교보라이프플래닛생명보험,2026.2Q,37,ALL,유지율,66.614,66.6,채널합 2열 Σ유지계약액=4615 Σ대상신계약액=6928 차이=+0.014
COMPANY_SUM,KR1010,교보라이프플래닛생명보험,2026.2Q,61,ALL,유지율,50.097,50.1,채널합 2열 Σ유지계약액=13968 Σ대상신계약액=27882 차이=-0.003
NONMONOTONIC,KR1011,IBK연금보험,2023.2Q,25,법인대리점_금융기관,유지율,77.19,75.0,13회차 75.0 -> 25회차 77.19 상승
COMPANY_SUM,KR1011,IBK연금보험,2023.2Q,13,ALL,유지율,76.515,76.52,채널합 5열 Σ유지계약액=152417 Σ대상신계약액=199198 차이=-0.005
COMPANY_SUM,KR1011,IBK연금보험,2023.2Q,25,ALL,유지율,74.942,74.94,채널합 5열 Σ유지계약액=133825 Σ대상신계약액=178571 차이=+0.002
COMPANY_SUM,KR1011,IBK연금보험,2023.2Q,37,ALL,유지율,66.077,66.08,채널합 5열 Σ유지계약액=93026 Σ대상신계약액=140784 차이=-0.003
COMPANY_SUM,KR1011,IBK연금보험,2023.2Q,61,ALL,유지율,52.599,52.6,채널합 5열 Σ유지계약액=87906 Σ대상신계약액=167126 차이=-0.001
NONMONOTONIC,KR1011,IBK연금보험,2023.4Q,37,직영_복합,유지율,77.28,59.45,25회차 59.45 -> 37회차 77.28 상승
COMPANY_SUM,KR1011,IBK연금보험,2023.4Q,13,ALL,유지율,76.078,76.08,채널합 5열 Σ유지계약액=302362 Σ대상신계약액=397437 차이=-0.002
COMPANY_SUM,KR1011,IBK연금보험,2023.4Q,25,ALL,유지율,67.78,67.78,채널합 5열 Σ유지계약액=126820 Σ대상신계약액=187104 차이=+0.000
COMPANY_SUM,KR1011,IBK연금보험,2023.4Q,37,ALL,유지율,65.446,65.45,채널합 5열 Σ유지계약액=93164 Σ대상신계약액=142352 차이=-0.004
COMPANY_SUM,KR1011,IBK연금보험,2023.4Q,61,ALL,유지율,50.97,50.97,채널합 5열 Σ유지계약액=108523 Σ대상신계약액=212916 차이=-0.000
NONMONOTONIC,KR1011,IBK연금보험,2024.2Q,37,법인대리점_금융기관,유지율,61.1,58.12,25회차 58.12 -> 37회차 61.1 상승
NONMONOTONIC,KR1011,IBK연금보험,2024.2Q,37,직영_임직원,유지율,60.17,26.44,25회차 26.44 -> 37회차 60.17 상승
COMPANY_SUM,KR1011,IBK연금보험,2024.2Q,13,ALL,유지율,80.722,80.72,채널합 5열 Σ유지계약액=266336 Σ대상신계약액=329942 차이=+0.002
COMPANY_SUM,KR1011,IBK연금보험,2024.2Q,25,ALL,유지율,60.056,60.06,채널합 5열 Σ유지계약액=126381 Σ대상신계약액=210440 차이=-0.004
COMPANY_SUM,KR1011,IBK연금보험,2024.2Q,37,ALL,유지율,58.86,58.86,채널합 5열 Σ유지계약액=107167 Σ대상신계약액=182072 차이=-0.000
COMPANY_SUM,KR1011,IBK연금보험,2024.2Q,61,ALL,유지율,49.002,49.0,채널합 5열 Σ유지계약액=106354 Σ대상신계약액=217041 차이=+0.002
NONMONOTONIC,KR1011,IBK연금보험,2024.4Q,37,직영_임직원,유지율,59.45,47.44,25회차 47.44 -> 37회차 59.45 상승
NONMONOTONIC,KR1011,IBK연금보험,2024.4Q,61,직영_임직원,유지율,77.71,59.45,37회차 59.45 -> 61회차 77.71 상승
COMPANY_SUM,KR1011,IBK연금보험,2024.4Q,13,ALL,유지율,87.793,87.79,채널합 5열 Σ유지계약액=185812 Σ대상신계약액=211648 차이=+0.003
COMPANY_SUM,KR1011,IBK연금보험,2024.4Q,25,ALL,유지율,65.028,65.03,채널합 5열 Σ유지계약액=257950 Σ대상신계약액=396677 차이=-0.002
COMPANY_SUM,KR1011,IBK연금보험,2024.4Q,37,ALL,유지율,52.006,52.01,채널합 5열 Σ유지계약액=97095 Σ대상신계약액=186700 차이=-0.004
COMPANY_SUM,KR1011,IBK연금보험,2024.4Q,61,ALL,유지율,47.624,47.62,채널합 5열 Σ유지계약액=82352 Σ대상신계약액=172922 차이=+0.004
NONMONOTONIC,KR1011,IBK연금보험,2025.2Q,61,법인대리점_금융기관,유지율,50.59,42.96,37회차 42.96 -> 61회차 50.59 상승
NONMONOTONIC,KR1011,IBK연금보험,2025.2Q,25,직영_임직원,유지율,100.0,38.46,13회차 38.46 -> 25회차 100.0 상승
NONMONOTONIC,KR1011,IBK연금보험,2025.2Q,61,직영_임직원,유지율,76.83,12.16,37회차 12.16 -> 61회차 76.83 상승
NONMONOTONIC,KR1011,IBK연금보험,2025.2Q,37,직영_다이렉트,유지율,72.46,70.77,25회차 70.77 -> 37회차 72.46 상승
COMPANY_SUM,KR1011,IBK연금보험,2025.2Q,13,ALL,유지율,88.742,88.74,채널합 5열 Σ유지계약액=245699 Σ대상신계약액=276869 차이=+0.002
COMPANY_SUM,KR1011,IBK연금보험,2025.2Q,25,ALL,유지율,69.605,69.6,채널합 5열 Σ유지계약액=229252 Σ대상신계약액=329363 차이=+0.005
COMPANY_SUM,KR1011,IBK연금보험,2025.2Q,37,ALL,유지율,45.426,45.43,채널합 5열 Σ유지계약액=95507 Σ대상신계약액=210249 차이=-0.004
COMPANY_SUM,KR1011,IBK연금보험,2025.2Q,61,ALL,유지율,48.153,48.15,채널합 5열 Σ유지계약액=68734 Σ대상신계약액=142740 차이=+0.003
NONMONOTONIC,KR1011,IBK연금보험,2025.4Q,25,법인대리점_TM,유지율,79.23,75.16,13회차 75.16 -> 25회차 79.23 상승
NONMONOTONIC,KR1011,IBK연금보험,2025.4Q,25,직영_임직원,유지율,100.0,33.33,13회차 33.33 -> 25회차 100.0 상승
NONMONOTONIC,KR1011,IBK연금보험,2025.4Q,61,직영_임직원,유지율,63.38,25.65,37회차 25.65 -> 61회차 63.38 상승
COMPANY_SUM,KR1011,IBK연금보험,2025.4Q,13,ALL,유지율,91.197,91.2,채널합 5열 Σ유지계약액=209387 Σ대상신계약액=229598 차이=-0.003
COMPANY_SUM,KR1011,IBK연금보험,2025.4Q,25,ALL,유지율,73.296,73.3,채널합 5열 Σ유지계약액=154624 Σ대상신계약액=210957 차이=-0.004
COMPANY_SUM,KR1011,IBK연금보험,2025.4Q,37,ALL,유지율,53.456,53.46,채널합 5열 Σ유지계약액=211861 Σ대상신계약액=396328 차이=-0.004
COMPANY_SUM,KR1011,IBK연금보험,2025.4Q,61,ALL,유지율,48.481,48.48,채널합 5열 Σ유지계약액=68072 Σ대상신계약액=140409 차이=+0.001
NONMONOTONIC,KR1011,IBK연금보험,2026.2Q,37,직영_임직원,유지율,69.23,38.46,25회차 38.46 -> 37회차 69.23 상승
COMPANY_SUM,KR1011,IBK연금보험,2026.2Q,13,ALL,유지율,90.567,90.57,채널합 4열 Σ유지계약액=235709 Σ대상신계약액=260259 차이=-0.003
COMPANY_SUM,KR1011,IBK연금보험,2026.2Q,25,ALL,유지율,74.79,74.79,채널합 5열 Σ유지계약액=206113 Σ대상신계약액=275590 차이=-0.000
COMPANY_SUM,KR1011,IBK연금보험,2026.2Q,37,ALL,유지율,58.131,58.13,채널합 5열 Σ유지계약액=191249 Σ대상신계약액=328995 차이=+0.001
COMPANY_SUM,KR1011,IBK연금보험,2026.2Q,61,ALL,유지율,42.556,42.56,채널합 5열 Σ유지계약액=76433 Σ대상신계약액=179606 차이=-0.004
COMPANY_SUM,KR1098,카카오페이손해보험,2025.2Q,13,ALL,유지율,76.423,75.92,채널합 1열 Σ유지계약액=94 Σ대상신계약액=123 차이=+0.503
COMPANY_SUM,KR1098,카카오페이손해보험,2025.4Q,13,ALL,유지율,76.047,76.03,채널합 1열 Σ유지계약액=1289 Σ대상신계약액=1695 차이=+0.017
COMPANY_SUM,KR1098,카카오페이손해보험,2026.2Q,13,ALL,유지율,75.246,75.24,채널합 1열 Σ유지계약액=3207 Σ대상신계약액=4262 차이=+0.006
SCALE_OUTLIER,KR0004,예별손해보험,2026.2Q,,ALL,대상신계약액,298.58,410082.5,[등재:UNIT_SCALE_MISPRINT] Σ대상신계약액(백만원 환산) / 같은 회사 다른 분기 중앙값 = 0.0007281배 (밴드 0.25~4.0) 표 머리 단위=백만원
UNIT_LABEL,KR0009,현대해상,2023.4Q,,ALL,대상신계약액,6115155.0,6487923.0,[자동플래그] Σ대상신계약액(백만원 환산) / 같은 회사 다른 분기 중앙값 = 0.9425배 (밴드 0.25~4.0) 표 머리 단위=건 -- 단위 라벨은 금액 단위가 아닌데 규모는 백만원 (라벨 오기 추정)
UNIT_LABEL,KR0050,하나손해보험,2023.2Q,,ALL,대상신계약액,126604.0,176832.805,[자동플래그] Σ대상신계약액(백만원 환산) / 같은 회사 다른 분기 중앙값 = 0.716배 (밴드 0.25~4.0) 표 머리 단위=건 -- 단위 라벨은 금액 단위가 아닌데 규모는 백만원 (라벨 오기 추정)
SCALE_OUTLIER,KR0071,흥국생명보험,2023.2Q,,ALL,대상신계약액,117437.0,1261056.0,[등재:AMOUNT_BASIS_DIFFERS] Σ대상신계약액(백만원 환산) / 같은 회사 다른 분기 중앙값 = 0.09313배 (밴드 0.25~4.0) 표 머리 단위=백만원
SCALE_OUTLIER,KR0071,흥국생명보험,2023.4Q,,ALL,대상신계약액,113739.0,1261056.0,[등재:AMOUNT_BASIS_DIFFERS] Σ대상신계약액(백만원 환산) / 같은 회사 다른 분기 중앙값 = 0.09019배 (밴드 0.25~4.0) 표 머리 단위=백만원
SCALE_OUTLIER,KR0071,흥국생명보험,2024.2Q,,ALL,대상신계약액,122174.0,1261056.0,[등재:AMOUNT_BASIS_DIFFERS] Σ대상신계약액(백만원 환산) / 같은 회사 다른 분기 중앙값 = 0.09688배 (밴드 0.25~4.0) 표 머리 단위=백만원
