원보험사코드,원수사명,티커,생손보여부,항목번호,항목명,섹션,레벨,공시분기,값
KR0001,메리츠화재해상보험,000060,손해보험,1,자산총계,자산,1,2023.1Q,34036356.02922
KR0001,메리츠화재해상보험,000060,손해보험,1,자산총계,자산,1,2023.2Q,35574272.946589
KR0001,메리츠화재해상보험,000060,손해보험,1,자산총계,자산,1,2023.3Q,35812118.533129
KR0001,메리츠화재해상보험,000060,손해보험,1,자산총계,자산,1,2023.4Q,39403862.443763
KR0001,메리츠화재해상보험,000060,손해보험,1,자산총계,자산,1,2024.1Q,39273881.010051
KR0001,메리츠화재해상보험,000060,손해보험,1,자산총계,자산,1,2024.2Q,40579833.89354
KR0001,메리츠화재해상보험,000060,손해보험,1,자산총계,자산,1,2024.3Q,43019407.119973
KR0001,메리츠화재해상보험,000060,손해보험,1,자산총계,자산,1,2024.4Q,43358482.458819
KR0001,메리츠화재해상보험,000060,손해보험,1,자산총계,자산,1,2025.1Q,44426134.909558
KR0001,메리츠화재해상보험,000060,손해보험,1,자산총계,자산,1,2025.2Q,44466739.671615
KR0001,메리츠화재해상보험,000060,손해보험,1,자산총계,자산,1,2025.3Q,44532796.285194
KR0001,메리츠화재해상보험,000060,손해보험,1,자산총계,자산,1,2025.4Q,44242792.244563
KR0001,메리츠화재해상보험,000060,손해보험,1,자산총계,자산,1,2026.1Q,43115899.748228
KR0001,메리츠화재해상보험,000060,손해보험,1,자산총계,자산,1,2026.2Q,43134931.607073
KR0001,메리츠화재해상보험,000060,손해보험,2,부채총계,부채,1,2023.1Q,30274482.845662
KR0001,메리츠화재해상보험,000060,손해보험,2,부채총계,부채,1,2023.2Q,31288542.202086
KR0001,메리츠화재해상보험,000060,손해보험,2,부채총계,부채,1,2023.3Q,30545017.022144
KR0001,메리츠화재해상보험,000060,손해보험,2,부채총계,부채,1,2023.4Q,33931288.79078
KR0001,메리츠화재해상보험,000060,손해보험,2,부채총계,부채,1,2024.1Q,34426440.643039
KR0001,메리츠화재해상보험,000060,손해보험,2,부채총계,부채,1,2024.2Q,35308336.870151
KR0001,메리츠화재해상보험,000060,손해보험,2,부채총계,부채,1,2024.3Q,37488673.170045
KR0001,메리츠화재해상보험,000060,손해보험,2,부채총계,부채,1,2024.4Q,37618396.153772
KR0001,메리츠화재해상보험,000060,손해보험,2,부채총계,부채,1,2025.1Q,39173541.920856
KR0001,메리츠화재해상보험,000060,손해보험,2,부채총계,부채,1,2025.2Q,38752729.105954
KR0001,메리츠화재해상보험,000060,손해보험,2,부채총계,부채,1,2025.3Q,38937420.158409
KR0001,메리츠화재해상보험,000060,손해보험,2,부채총계,부채,1,2025.4Q,38388473.445768
KR0001,메리츠화재해상보험,000060,손해보험,2,부채총계,부채,1,2026.1Q,37264179.477233
KR0001,메리츠화재해상보험,000060,손해보험,2,부채총계,부채,1,2026.2Q,36457508.742668
KR0001,메리츠화재해상보험,000060,손해보험,3,자본총계,자본,1,2023.1Q,3761873.183558
KR0001,메리츠화재해상보험,000060,손해보험,3,자본총계,자본,1,2023.2Q,4285730.744503
KR0001,메리츠화재해상보험,000060,손해보험,3,자본총계,자본,1,2023.3Q,5267101.510985
KR0001,메리츠화재해상보험,000060,손해보험,3,자본총계,자본,1,2023.4Q,5472573.652983
KR0001,메리츠화재해상보험,000060,손해보험,3,자본총계,자본,1,2024.1Q,4847440.367012
KR0001,메리츠화재해상보험,000060,손해보험,3,자본총계,자본,1,2024.2Q,5271497.023389
KR0001,메리츠화재해상보험,000060,손해보험,3,자본총계,자본,1,2024.3Q,5530733.949928
KR0001,메리츠화재해상보험,000060,손해보험,3,자본총계,자본,1,2024.4Q,5740086.305047
KR0001,메리츠화재해상보험,000060,손해보험,3,자본총계,자본,1,2025.1Q,5252592.988702
KR0001,메리츠화재해상보험,000060,손해보험,3,자본총계,자본,1,2025.2Q,5714010.565661
KR0001,메리츠화재해상보험,000060,손해보험,3,자본총계,자본,1,2025.3Q,5595376.126785
KR0001,메리츠화재해상보험,000060,손해보험,3,자본총계,자본,1,2025.4Q,5854318.798795
KR0001,메리츠화재해상보험,000060,손해보험,3,자본총계,자본,1,2026.1Q,5851720.270995
KR0001,메리츠화재해상보험,000060,손해보험,3,자본총계,자본,1,2026.2Q,6677422.864405
KR0001,메리츠화재해상보험,000060,손해보험,4,기타포괄손익 누계액,자본,2,2023.1Q,-39799.228691
KR0001,메리츠화재해상보험,000060,손해보험,4,기타포괄손익 누계액,자본,2,2023.2Q,52157.353633
KR0001,메리츠화재해상보험,000060,손해보험,4,기타포괄손익 누계액,자본,2,2023.3Q,542744.589286
KR0001,메리츠화재해상보험,000060,손해보험,4,기타포괄손익 누계액,자본,2,2023.4Q,479733.856213
KR0001,메리츠화재해상보험,000060,손해보험,4,기타포괄손익 누계액,자본,2,2024.1Q,675.847128
KR0001,메리츠화재해상보험,000060,손해보험,4,기타포괄손익 누계액,자본,2,2024.2Q,-80817.805029
KR0001,메리츠화재해상보험,000060,손해보험,4,기타포괄손익 누계액,자본,2,2024.3Q,-165395.197055
KR0001,메리츠화재해상보험,000060,손해보험,4,기타포괄손익 누계액,자본,2,2024.4Q,-171377.796805
KR0001,메리츠화재해상보험,000060,손해보험,4,기타포괄손익 누계액,자본,2,2025.1Q,-605835.305993
KR0001,메리츠화재해상보험,000060,손해보험,4,기타포괄손익 누계액,자본,2,2025.2Q,-666728.796239
KR0001,메리츠화재해상보험,000060,손해보험,4,기타포괄손익 누계액,자본,2,2025.3Q,-904649.531873
KR0001,메리츠화재해상보험,000060,손해보험,4,기타포괄손익 누계액,자본,2,2025.4Q,-759257.610688
KR0001,메리츠화재해상보험,000060,손해보험,4,기타포괄손익 누계액,자본,2,2026.1Q,-736298.871021
KR0001,메리츠화재해상보험,000060,손해보험,4,기타포괄손익 누계액,자본,2,2026.2Q,-467740.668832
KR0001,메리츠화재해상보험,000060,손해보험,5,해약환급금준비금 적립액,준비금,2,2023.3Q,1010068.765998
KR0001,메리츠화재해상보험,000060,손해보험,5,해약환급금준비금 적립액,준비금,2,2023.4Q,1031254.904425
KR0001,메리츠화재해상보험,000060,손해보험,5,해약환급금준비금 적립액,준비금,2,2024.1Q,1344392.328921
KR0001,메리츠화재해상보험,000060,손해보험,5,해약환급금준비금 적립액,준비금,2,2024.2Q,1693542.135065
KR0001,메리츠화재해상보험,000060,손해보험,5,해약환급금준비금 적립액,준비금,2,2024.3Q,2015681.47164
KR0001,메리츠화재해상보험,000060,손해보험,5,해약환급금준비금 적립액,준비금,2,2024.4Q,1793089.349103
KR0001,메리츠화재해상보험,000060,손해보험,5,해약환급금준비금 적립액,준비금,2,2025.1Q,2019070.605177
KR0001,메리츠화재해상보험,000060,손해보험,5,해약환급금준비금 적립액,준비금,2,2025.2Q,2234057.342324
KR0001,메리츠화재해상보험,000060,손해보험,5,해약환급금준비금 적립액,준비금,2,2025.3Q,2490007.295932
KR0001,메리츠화재해상보험,000060,손해보험,5,해약환급금준비금 적립액,준비금,2,2025.4Q,2976566.402034
KR0001,메리츠화재해상보험,000060,손해보험,5,해약환급금준비금 적립액,준비금,2,2026.1Q,3225230.700506
KR0001,메리츠화재해상보험,000060,손해보험,5,해약환급금준비금 적립액,준비금,2,2026.2Q,3536425.366514
KR0001,메리츠화재해상보험,000060,손해보험,6,비상위험준비금 적립액,준비금,2,2021.4Q,301971.0
KR0001,메리츠화재해상보험,000060,손해보험,6,비상위험준비금 적립액,준비금,2,2022.4Q,321055.0
KR0001,메리츠화재해상보험,000060,손해보험,6,비상위험준비금 적립액,준비금,2,2023.1Q,328904.0
KR0001,메리츠화재해상보험,000060,손해보험,6,비상위험준비금 적립액,준비금,2,2023.2Q,335893.0
KR0001,메리츠화재해상보험,000060,손해보험,6,비상위험준비금 적립액,준비금,2,2023.3Q,343211.482423
KR0001,메리츠화재해상보험,000060,손해보험,6,비상위험준비금 적립액,준비금,2,2023.4Q,352611.801664
KR0001,메리츠화재해상보험,000060,손해보험,6,비상위험준비금 적립액,준비금,2,2024.1Q,359567.402726
KR0001,메리츠화재해상보험,000060,손해보험,6,비상위험준비금 적립액,준비금,2,2024.2Q,368056.779252
KR0001,메리츠화재해상보험,000060,손해보험,6,비상위험준비금 적립액,준비금,2,2024.3Q,376113.963978
KR0001,메리츠화재해상보험,000060,손해보험,6,비상위험준비금 적립액,준비금,2,2024.4Q,384383.51846
KR0001,메리츠화재해상보험,000060,손해보험,6,비상위험준비금 적립액,준비금,2,2025.1Q,393673.251029
KR0001,메리츠화재해상보험,000060,손해보험,6,비상위험준비금 적립액,준비금,2,2025.2Q,403005.466723
KR0001,메리츠화재해상보험,000060,손해보험,6,비상위험준비금 적립액,준비금,2,2025.3Q,411541.741599
KR0001,메리츠화재해상보험,000060,손해보험,6,비상위험준비금 적립액,준비금,2,2025.4Q,405810.303982
KR0001,메리츠화재해상보험,000060,손해보험,6,비상위험준비금 적립액,준비금,2,2026.1Q,412047.808073
KR0001,메리츠화재해상보험,000060,손해보험,6,비상위험준비금 적립액,준비금,2,2026.2Q,419808.450231
KR0001,메리츠화재해상보험,000060,손해보험,7,대손준비금 적립액,준비금,2,2021.4Q,33839.0
KR0001,메리츠화재해상보험,000060,손해보험,7,대손준비금 적립액,준비금,2,2022.4Q,50364.0
KR0001,메리츠화재해상보험,000060,손해보험,7,대손준비금 적립액,준비금,2,2023.1Q,63276.0
KR0001,메리츠화재해상보험,000060,손해보험,7,대손준비금 적립액,준비금,2,2023.2Q,59792.0
KR0001,메리츠화재해상보험,000060,손해보험,7,대손준비금 적립액,준비금,2,2023.3Q,72030.985669
KR0001,메리츠화재해상보험,000060,손해보험,7,대손준비금 적립액,준비금,2,2023.4Q,60394.349736
KR0001,메리츠화재해상보험,000060,손해보험,7,대손준비금 적립액,준비금,2,2024.1Q,76594.827031
KR0001,메리츠화재해상보험,000060,손해보험,7,대손준비금 적립액,준비금,2,2024.2Q,108831.089692
KR0001,메리츠화재해상보험,000060,손해보험,7,대손준비금 적립액,준비금,2,2024.3Q,136449.44059
KR0001,메리츠화재해상보험,000060,손해보험,7,대손준비금 적립액,준비금,2,2024.4Q,195650.349399
KR0001,메리츠화재해상보험,000060,손해보험,7,대손준비금 적립액,준비금,2,2025.1Q,480034.757171
KR0001,메리츠화재해상보험,000060,손해보험,7,대손준비금 적립액,준비금,2,2025.2Q,477545.845613
KR0001,메리츠화재해상보험,000060,손해보험,7,대손준비금 적립액,준비금,2,2025.3Q,447379.325948
KR0001,메리츠화재해상보험,000060,손해보험,7,대손준비금 적립액,준비금,2,2025.4Q,451943.366535
KR0001,메리츠화재해상보험,000060,손해보험,7,대손준비금 적립액,준비금,2,2026.1Q,486249.536131
KR0001,메리츠화재해상보험,000060,손해보험,7,대손준비금 적립액,준비금,2,2026.2Q,606287.494122
KR0001,메리츠화재해상보험,000060,손해보험,10,현금및현금성자산,자산,2,2023.1Q,643016.258141
KR0001,메리츠화재해상보험,000060,손해보험,10,현금및현금성자산,자산,2,2023.2Q,816285.895014
KR0001,메리츠화재해상보험,000060,손해보험,10,현금및현금성자산,자산,2,2023.3Q,50007.0
KR0001,메리츠화재해상보험,000060,손해보험,10,현금및현금성자산,자산,2,2023.4Q,590151.486302
KR0001,메리츠화재해상보험,000060,손해보험,10,현금및현금성자산,자산,2,2024.1Q,150151.486302
KR0001,메리츠화재해상보험,000060,손해보험,10,현금및현금성자산,자산,2,2024.2Q,402106.34176
KR0001,메리츠화재해상보험,000060,손해보험,10,현금및현금성자산,자산,2,2024.3Q,80131.764549
KR0001,메리츠화재해상보험,000060,손해보험,10,현금및현금성자산,자산,2,2024.4Q,183541.595015
KR0001,메리츠화재해상보험,000060,손해보험,10,현금및현금성자산,자산,2,2025.1Q,50742.377464
KR0001,메리츠화재해상보험,000060,손해보험,10,현금및현금성자산,자산,2,2025.2Q,330129.697145
KR0001,메리츠화재해상보험,000060,손해보험,10,현금및현금성자산,자산,2,2025.3Q,178636.725402
KR0001,메리츠화재해상보험,000060,손해보험,10,현금및현금성자산,자산,2,2025.4Q,530092.763563
KR0001,메리츠화재해상보험,000060,손해보험,10,현금및현금성자산,자산,2,2026.1Q,205200.58372
KR0001,메리츠화재해상보험,000060,손해보험,10,현금및현금성자산,자산,2,2026.2Q,420768.070107
KR0001,메리츠화재해상보험,000060,손해보험,11,당기손익-공정가치측정금융자산,자산,2,2023.1Q,7385736.034356
KR0001,메리츠화재해상보험,000060,손해보험,11,당기손익-공정가치측정금융자산,자산,2,2023.2Q,6833838.592728
KR0001,메리츠화재해상보험,000060,손해보험,11,당기손익-공정가치측정금융자산,자산,2,2023.3Q,7381983.972874
KR0001,메리츠화재해상보험,000060,손해보험,11,당기손익-공정가치측정금융자산,자산,2,2023.4Q,8052071.734624
KR0001,메리츠화재해상보험,000060,손해보험,11,당기손익-공정가치측정금융자산,자산,2,2024.1Q,7732625.877123
KR0001,메리츠화재해상보험,000060,손해보험,11,당기손익-공정가치측정금융자산,자산,2,2024.2Q,6821562.61617
KR0001,메리츠화재해상보험,000060,손해보험,11,당기손익-공정가치측정금융자산,자산,2,2024.3Q,7867413.660626
KR0001,메리츠화재해상보험,000060,손해보험,11,당기손익-공정가치측정금융자산,자산,2,2024.4Q,7043831.964924
KR0001,메리츠화재해상보험,000060,손해보험,11,당기손익-공정가치측정금융자산,자산,2,2025.1Q,8243793.422945
KR0001,메리츠화재해상보험,000060,손해보험,11,당기손익-공정가치측정금융자산,자산,2,2025.2Q,8911786.237605
KR0001,메리츠화재해상보험,000060,손해보험,11,당기손익-공정가치측정금융자산,자산,2,2025.3Q,8567141.443325
KR0001,메리츠화재해상보험,000060,손해보험,11,당기손익-공정가치측정금융자산,자산,2,2025.4Q,7569926.137527
KR0001,메리츠화재해상보험,000060,손해보험,11,당기손익-공정가치측정금융자산,자산,2,2026.1Q,6939552.440989
KR0001,메리츠화재해상보험,000060,손해보험,11,당기손익-공정가치측정금융자산,자산,2,2026.2Q,6823216.974936
KR0001,메리츠화재해상보험,000060,손해보험,12,기타포괄손익-공정가치측정금융자산,자산,2,2023.1Q,22697912.714458
KR0001,메리츠화재해상보험,000060,손해보험,12,기타포괄손익-공정가치측정금융자산,자산,2,2023.2Q,23937866.463657
KR0001,메리츠화재해상보험,000060,손해보험,12,기타포괄손익-공정가치측정금융자산,자산,2,2023.3Q,24417318.07264
KR0001,메리츠화재해상보험,000060,손해보험,12,기타포괄손익-공정가치측정금융자산,자산,2,2023.4Q,26102575.035676
KR0001,메리츠화재해상보험,000060,손해보험,12,기타포괄손익-공정가치측정금융자산,자산,2,2024.1Q,27086763.152889
KR0001,메리츠화재해상보험,000060,손해보험,12,기타포괄손익-공정가치측정금융자산,자산,2,2024.2Q,28612087.224099
KR0001,메리츠화재해상보험,000060,손해보험,12,기타포괄손익-공정가치측정금융자산,자산,2,2024.3Q,29983445.342899
KR0001,메리츠화재해상보험,000060,손해보험,12,기타포괄손익-공정가치측정금융자산,자산,2,2024.4Q,31071033.527892
KR0001,메리츠화재해상보험,000060,손해보험,12,기타포괄손익-공정가치측정금융자산,자산,2,2025.1Q,30918911.814647
KR0001,메리츠화재해상보험,000060,손해보험,12,기타포괄손익-공정가치측정금융자산,자산,2,2025.2Q,30307679.529424
KR0001,메리츠화재해상보험,000060,손해보험,12,기타포괄손익-공정가치측정금융자산,자산,2,2025.3Q,31228382.89197
KR0001,메리츠화재해상보험,000060,손해보험,12,기타포괄손익-공정가치측정금융자산,자산,2,2025.4Q,31560738.837675
KR0001,메리츠화재해상보험,000060,손해보험,12,기타포괄손익-공정가치측정금융자산,자산,2,2026.1Q,31912573.007467
KR0001,메리츠화재해상보험,000060,손해보험,12,기타포괄손익-공정가치측정금융자산,자산,2,2026.2Q,31454776.43976
KR0001,메리츠화재해상보험,000060,손해보험,13,상각후원가측정금융자산,자산,2,2023.3Q,824298.847094
KR0001,메리츠화재해상보험,000060,손해보험,13,상각후원가측정금융자산,자산,2,2023.4Q,836352.512865
KR0001,메리츠화재해상보험,000060,손해보험,13,상각후원가측정금융자산,자산,2,2024.1Q,999701.295417
KR0001,메리츠화재해상보험,000060,손해보험,13,상각후원가측정금융자산,자산,2,2024.2Q,949329.122957
KR0001,메리츠화재해상보험,000060,손해보험,13,상각후원가측정금융자산,자산,2,2024.3Q,1055767.183097
KR0001,메리츠화재해상보험,000060,손해보험,13,상각후원가측정금융자산,자산,2,2024.4Q,1066670.381695
KR0001,메리츠화재해상보험,000060,손해보험,13,상각후원가측정금융자산,자산,2,2025.1Q,1060581.17563
KR0001,메리츠화재해상보험,000060,손해보험,13,상각후원가측정금융자산,자산,2,2025.2Q,963575.911104
KR0001,메리츠화재해상보험,000060,손해보험,13,상각후원가측정금융자산,자산,2,2025.3Q,587884.112636
KR0001,메리츠화재해상보험,000060,손해보험,13,상각후원가측정금융자산,자산,2,2025.4Q,530913.802201
KR0001,메리츠화재해상보험,000060,손해보험,13,상각후원가측정금융자산,자산,2,2026.1Q,517609.561299
KR0001,메리츠화재해상보험,000060,손해보험,13,상각후원가측정금융자산,자산,2,2026.2Q,658933.166056
KR0001,메리츠화재해상보험,000060,손해보험,14,재보험계약자산,자산,2,2023.1Q,1013687.829186
KR0001,메리츠화재해상보험,000060,손해보험,14,재보험계약자산,자산,2,2023.2Q,1006509.938828
KR0001,메리츠화재해상보험,000060,손해보험,14,재보험계약자산,자산,2,2023.3Q,852681.083199
KR0001,메리츠화재해상보험,000060,손해보험,14,재보험계약자산,자산,2,2023.4Q,921131.674571
KR0001,메리츠화재해상보험,000060,손해보험,14,재보험계약자산,자산,2,2024.1Q,897052.298001
KR0001,메리츠화재해상보험,000060,손해보험,14,재보험계약자산,자산,2,2024.2Q,910428.164453
KR0001,메리츠화재해상보험,000060,손해보험,14,재보험계약자산,자산,2,2024.3Q,931674.885023
KR0001,메리츠화재해상보험,000060,손해보험,14,재보험계약자산,자산,2,2024.4Q,949547.316975
KR0001,메리츠화재해상보험,000060,손해보험,14,재보험계약자산,자산,2,2025.1Q,970775.380583
KR0001,메리츠화재해상보험,000060,손해보험,14,재보험계약자산,자산,2,2025.2Q,1006806.128241
KR0001,메리츠화재해상보험,000060,손해보험,14,재보험계약자산,자산,2,2025.3Q,1037278.210624
KR0001,메리츠화재해상보험,000060,손해보험,14,재보험계약자산,자산,2,2025.4Q,958975.156161
KR0001,메리츠화재해상보험,000060,손해보험,14,재보험계약자산,자산,2,2026.1Q,897957.626642
KR0001,메리츠화재해상보험,000060,손해보험,14,재보험계약자산,자산,2,2026.2Q,908317.041842
KR0001,메리츠화재해상보험,000060,손해보험,15,유형자산,자산,2,2023.1Q,714563.124708
KR0001,메리츠화재해상보험,000060,손해보험,15,유형자산,자산,2,2023.2Q,732071.654992
KR0001,메리츠화재해상보험,000060,손해보험,15,유형자산,자산,2,2023.3Q,761431.895098
KR0001,메리츠화재해상보험,000060,손해보험,15,유형자산,자산,2,2023.4Q,767301.263435
KR0001,메리츠화재해상보험,000060,손해보험,15,유형자산,자산,2,2024.1Q,789090.593455
KR0001,메리츠화재해상보험,000060,손해보험,15,유형자산,자산,2,2024.2Q,929786.505175
KR0001,메리츠화재해상보험,000060,손해보험,15,유형자산,자산,2,2024.3Q,923574.824504
KR0001,메리츠화재해상보험,000060,손해보험,15,유형자산,자산,2,2024.4Q,923251.471168
KR0001,메리츠화재해상보험,000060,손해보험,15,유형자산,자산,2,2025.1Q,946038.199147
KR0001,메리츠화재해상보험,000060,손해보험,15,유형자산,자산,2,2025.2Q,943450.957336
KR0001,메리츠화재해상보험,000060,손해보험,15,유형자산,자산,2,2025.3Q,941475.975085
KR0001,메리츠화재해상보험,000060,손해보험,15,유형자산,자산,2,2025.4Q,945602.996261
KR0001,메리츠화재해상보험,000060,손해보험,15,유형자산,자산,2,2026.1Q,949964.89052
KR0001,메리츠화재해상보험,000060,손해보험,15,유형자산,자산,2,2026.2Q,951865.333419
KR0001,메리츠화재해상보험,000060,손해보험,20,보험계약부채,부채,2,2023.1Q,20475433.637643
KR0001,메리츠화재해상보험,000060,손해보험,20,보험계약부채,부채,2,2023.2Q,20248951.221777
KR0001,메리츠화재해상보험,000060,손해보험,20,보험계약부채,부채,2,2023.3Q,19016341.549222
KR0001,메리츠화재해상보험,000060,손해보험,20,보험계약부채,부채,2,2023.4Q,21549324.737068
KR0001,메리츠화재해상보험,000060,손해보험,20,보험계약부채,부채,2,2024.1Q,21869375.968414
KR0001,메리츠화재해상보험,000060,손해보험,20,보험계약부채,부채,2,2024.2Q,22760808.740293
KR0001,메리츠화재해상보험,000060,손해보험,20,보험계약부채,부채,2,2024.3Q,24062799.270256
KR0001,메리츠화재해상보험,000060,손해보험,20,보험계약부채,부채,2,2024.4Q,24357752.492165
KR0001,메리츠화재해상보험,000060,손해보험,20,보험계약부채,부채,2,2025.1Q,25971651.582767
KR0001,메리츠화재해상보험,000060,손해보험,20,보험계약부채,부채,2,2025.2Q,25472225.285432
KR0001,메리츠화재해상보험,000060,손해보험,20,보험계약부채,부채,2,2025.3Q,25520745.511828
KR0001,메리츠화재해상보험,000060,손해보험,20,보험계약부채,부채,2,2025.4Q,23715710.921184
KR0001,메리츠화재해상보험,000060,손해보험,20,보험계약부채,부채,2,2026.1Q,22092105.191429
KR0001,메리츠화재해상보험,000060,손해보험,20,보험계약부채,부채,2,2026.2Q,20801103.966123
KR0001,메리츠화재해상보험,000060,손해보험,21,재보험계약부채,부채,2,2023.4Q,715.860724
KR0001,메리츠화재해상보험,000060,손해보험,21,재보험계약부채,부채,2,2024.1Q,0.0
KR0001,메리츠화재해상보험,000060,손해보험,21,재보험계약부채,부채,2,2024.2Q,613.505521
KR0001,메리츠화재해상보험,000060,손해보험,21,재보험계약부채,부채,2,2024.3Q,546.375209
KR0001,메리츠화재해상보험,000060,손해보험,21,재보험계약부채,부채,2,2024.4Q,385.162305
KR0001,메리츠화재해상보험,000060,손해보험,21,재보험계약부채,부채,2,2025.1Q,386.67206
KR0001,메리츠화재해상보험,000060,손해보험,21,재보험계약부채,부채,2,2025.2Q,266.142083
KR0001,메리츠화재해상보험,000060,손해보험,21,재보험계약부채,부채,2,2025.3Q,12013.379435
KR0001,메리츠화재해상보험,000060,손해보험,21,재보험계약부채,부채,2,2025.4Q,57481.152108
KR0001,메리츠화재해상보험,000060,손해보험,21,재보험계약부채,부채,2,2026.1Q,73572.60241
KR0001,메리츠화재해상보험,000060,손해보험,21,재보험계약부채,부채,2,2026.2Q,88095.114159
KR0001,메리츠화재해상보험,000060,손해보험,22,투자계약부채,부채,2,2023.1Q,7159706.990272
KR0001,메리츠화재해상보험,000060,손해보험,22,투자계약부채,부채,2,2023.2Q,8420610.194953
KR0001,메리츠화재해상보험,000060,손해보험,22,투자계약부채,부채,2,2023.3Q,8433880.771099
KR0001,메리츠화재해상보험,000060,손해보험,22,투자계약부채,부채,2,2023.4Q,9340209.124993
KR0001,메리츠화재해상보험,000060,손해보험,22,투자계약부채,부채,2,2024.1Q,9589602.672835
KR0001,메리츠화재해상보험,000060,손해보험,22,투자계약부채,부채,2,2024.2Q,9784301.47687
KR0001,메리츠화재해상보험,000060,손해보험,22,투자계약부채,부채,2,2024.3Q,10088071.606161
KR0001,메리츠화재해상보험,000060,손해보험,22,투자계약부채,부채,2,2024.4Q,9877036.858285
KR0001,메리츠화재해상보험,000060,손해보험,22,투자계약부채,부채,2,2025.1Q,10044039.60986
KR0001,메리츠화재해상보험,000060,손해보험,22,투자계약부채,부채,2,2025.2Q,10226829.640394
KR0001,메리츠화재해상보험,000060,손해보험,22,투자계약부채,부채,2,2025.3Q,10274888.582311
KR0001,메리츠화재해상보험,000060,손해보험,22,투자계약부채,부채,2,2025.4Q,10891756.07455
KR0001,메리츠화재해상보험,000060,손해보험,22,투자계약부채,부채,2,2026.1Q,11138887.34215
KR0001,메리츠화재해상보험,000060,손해보험,22,투자계약부채,부채,2,2026.2Q,11128307.329488
KR0001,메리츠화재해상보험,000060,손해보험,23,차입부채,부채,2,2023.3Q,1243901.719446
KR0001,메리츠화재해상보험,000060,손해보험,23,차입부채,부채,2,2023.4Q,1244145.655569
KR0001,메리츠화재해상보험,000060,손해보험,23,차입부채,부채,2,2024.1Q,1244391.778155
KR0001,메리츠화재해상보험,000060,손해보험,23,차입부채,부채,2,2024.2Q,1144119.331132
KR0001,메리츠화재해상보험,000060,손해보험,23,차입부채,부채,2,2024.3Q,1791863.296835
KR0001,메리츠화재해상보험,000060,손해보험,23,차입부채,부채,2,2024.4Q,1542175.25663
KR0001,메리츠화재해상보험,000060,손해보험,23,차입부채,부채,2,2025.1Q,1691561.772463
KR0001,메리츠화재해상보험,000060,손해보험,23,차입부채,부채,2,2025.2Q,1691866.20615
KR0001,메리츠화재해상보험,000060,손해보험,23,차입부채,부채,2,2025.3Q,1692172.593497
KR0001,메리츠화재해상보험,000060,손해보험,23,차입부채,부채,2,2025.4Q,1797155.311695
KR0001,메리츠화재해상보험,000060,손해보험,23,차입부채,부채,2,2026.1Q,1797481.938809
KR0001,메리츠화재해상보험,000060,손해보험,23,차입부채,부채,2,2026.2Q,1587775.106452
KR0001,메리츠화재해상보험,000060,손해보험,24,기타부채,부채,2,2023.1Q,793918.291955
KR0001,메리츠화재해상보험,000060,손해보험,24,기타부채,부채,2,2023.2Q,853722.375065
KR0001,메리츠화재해상보험,000060,손해보험,24,기타부채,부채,2,2023.3Q,792522.618988
KR0001,메리츠화재해상보험,000060,손해보험,24,기타부채,부채,2,2023.4Q,891799.259329
KR0001,메리츠화재해상보험,000060,손해보험,24,기타부채,부채,2,2024.1Q,765745.950925
KR0001,메리츠화재해상보험,000060,손해보험,24,기타부채,부채,2,2024.2Q,718435.518758
KR0001,메리츠화재해상보험,000060,손해보험,24,기타부채,부채,2,2024.3Q,728980.124047
KR0001,메리츠화재해상보험,000060,손해보험,24,기타부채,부채,2,2024.4Q,888259.364158
KR0001,메리츠화재해상보험,000060,손해보험,24,기타부채,부채,2,2025.1Q,675182.871648
KR0001,메리츠화재해상보험,000060,손해보험,24,기타부채,부채,2,2025.2Q,634118.171062
KR0001,메리츠화재해상보험,000060,손해보험,24,기타부채,부채,2,2025.3Q,639365.913853
KR0001,메리츠화재해상보험,000060,손해보험,24,기타부채,부채,2,2025.4Q,858665.788189
KR0001,메리츠화재해상보험,000060,손해보험,24,기타부채,부채,2,2026.1Q,648702.952391
KR0001,메리츠화재해상보험,000060,손해보험,24,기타부채,부채,2,2026.2Q,638656.517549
KR0001,메리츠화재해상보험,000060,손해보험,30,자본금,자본,2,2023.1Q,60312.5
KR0001,메리츠화재해상보험,000060,손해보험,30,자본금,자본,2,2023.2Q,60312.5
KR0001,메리츠화재해상보험,000060,손해보험,30,자본금,자본,2,2023.3Q,60312.5
KR0001,메리츠화재해상보험,000060,손해보험,30,자본금,자본,2,2023.4Q,60312.5
KR0001,메리츠화재해상보험,000060,손해보험,30,자본금,자본,2,2024.1Q,60312.5
KR0001,메리츠화재해상보험,000060,손해보험,30,자본금,자본,2,2024.2Q,60312.5
KR0001,메리츠화재해상보험,000060,손해보험,30,자본금,자본,2,2024.3Q,60312.5
KR0001,메리츠화재해상보험,000060,손해보험,30,자본금,자본,2,2024.4Q,60312.5
KR0001,메리츠화재해상보험,000060,손해보험,30,자본금,자본,2,2025.1Q,60312.5
KR0001,메리츠화재해상보험,000060,손해보험,30,자본금,자본,2,2025.2Q,60312.5
KR0001,메리츠화재해상보험,000060,손해보험,30,자본금,자본,2,2025.3Q,60312.5
KR0001,메리츠화재해상보험,000060,손해보험,30,자본금,자본,2,2025.4Q,60312.5
KR0001,메리츠화재해상보험,000060,손해보험,30,자본금,자본,2,2026.1Q,60312.5
KR0001,메리츠화재해상보험,000060,손해보험,30,자본금,자본,2,2026.2Q,60312.5
KR0001,메리츠화재해상보험,000060,손해보험,31,이익잉여금,자본,2,2023.3Q,4279226.123293
KR0001,메리츠화재해상보험,000060,손해보험,31,이익잉여금,자본,2,2023.4Q,4547708.998364
KR0001,메리츠화재해상보험,000060,손해보험,31,이익잉여금,자본,2,2024.1Q,4401633.721478
KR0001,메리츠화재해상보험,000060,손해보험,31,이익잉여금,자본,2,2024.2Q,4907184.030012
KR0001,메리츠화재해상보험,000060,손해보험,31,이익잉여금,자본,2,2024.3Q,5250998.348577
KR0001,메리츠화재해상보험,000060,손해보험,31,이익잉여금,자본,2,2024.4Q,5466333.303446
KR0001,메리츠화재해상보험,000060,손해보험,31,이익잉여금,자본,2,2025.1Q,5413297.496289
KR0001,메리츠화재해상보험,000060,손해보험,31,이익잉여금,자본,2,2025.2Q,5935608.563494
KR0001,메리츠화재해상보험,000060,손해보험,31,이익잉여금,자본,2,2025.3Q,6054894.860252
KR0001,메리츠화재해상보험,000060,손해보험,31,이익잉여금,자본,2,2025.4Q,6272973.47037
KR0001,메리츠화재해상보험,000060,손해보험,31,이익잉여금,자본,2,2026.1Q,6247416.202903
KR0001,메리츠화재해상보험,000060,손해보험,31,이익잉여금,자본,2,2026.2Q,6804560.594124
KR0002,한화손해보험,000370,손해보험,1,자산총계,자산,1,2023.3Q,17042147.917214
KR0002,한화손해보험,000370,손해보험,1,자산총계,자산,1,2023.4Q,17997699.392918
KR0002,한화손해보험,000370,손해보험,1,자산총계,자산,1,2024.1Q,17899438.307879
KR0002,한화손해보험,000370,손해보험,1,자산총계,자산,1,2024.2Q,18351110.984373
KR0002,한화손해보험,000370,손해보험,1,자산총계,자산,1,2024.3Q,19487526.989326
KR0002,한화손해보험,000370,손해보험,1,자산총계,자산,1,2024.4Q,19752680.294004
KR0002,한화손해보험,000370,손해보험,1,자산총계,자산,1,2025.1Q,20923175.478903
KR0002,한화손해보험,000370,손해보험,1,자산총계,자산,1,2025.2Q,20796725.958
KR0002,한화손해보험,000370,손해보험,1,자산총계,자산,1,2025.3Q,20880369.571
KR0002,한화손해보험,000370,손해보험,1,자산총계,자산,1,2025.4Q,20279051.505
KR0002,한화손해보험,000370,손해보험,1,자산총계,자산,1,2026.1Q,19717772.896
KR0002,한화손해보험,000370,손해보험,1,자산총계,자산,1,2026.2Q,19803699.697
KR0002,한화손해보험,000370,손해보험,2,부채총계,부채,1,2023.3Q,13510726.630454
KR0002,한화손해보험,000370,손해보험,2,부채총계,부채,1,2023.4Q,14592105.488936
KR0002,한화손해보험,000370,손해보험,2,부채총계,부채,1,2024.1Q,14741061.275187
KR0002,한화손해보험,000370,손해보험,2,부채총계,부채,1,2024.2Q,15314748.844076
KR0002,한화손해보험,000370,손해보험,2,부채총계,부채,1,2024.3Q,16432473.960612
KR0002,한화손해보험,000370,손해보험,2,부채총계,부채,1,2024.4Q,16673294.404551
KR0002,한화손해보험,000370,손해보험,2,부채총계,부채,1,2025.1Q,17962324.060026
KR0002,한화손해보험,000370,손해보험,2,부채총계,부채,1,2025.2Q,17749893.949
KR0002,한화손해보험,000370,손해보험,2,부채총계,부채,1,2025.3Q,17839712.541
KR0002,한화손해보험,000370,손해보험,2,부채총계,부채,1,2025.4Q,17558925.048
KR0002,한화손해보험,000370,손해보험,2,부채총계,부채,1,2026.1Q,16814995.564
KR0002,한화손해보험,000370,손해보험,2,부채총계,부채,1,2026.2Q,16650185.617
KR0002,한화손해보험,000370,손해보험,3,자본총계,자본,1,2023.3Q,3531421.28676
KR0002,한화손해보험,000370,손해보험,3,자본총계,자본,1,2023.4Q,3405593.903982
KR0002,한화손해보험,000370,손해보험,3,자본총계,자본,1,2024.1Q,3158377.032692
KR0002,한화손해보험,000370,손해보험,3,자본총계,자본,1,2024.2Q,3036362.140297
KR0002,한화손해보험,000370,손해보험,3,자본총계,자본,1,2024.3Q,3055053.028714
KR0002,한화손해보험,000370,손해보험,3,자본총계,자본,1,2024.4Q,3079385.889453
KR0002,한화손해보험,000370,손해보험,3,자본총계,자본,1,2025.1Q,2960851.418877
KR0002,한화손해보험,000370,손해보험,3,자본총계,자본,1,2025.2Q,3046832.009
KR0002,한화손해보험,000370,손해보험,3,자본총계,자본,1,2025.3Q,3040657.03
KR0002,한화손해보험,000370,손해보험,3,자본총계,자본,1,2025.4Q,2720126.457
KR0002,한화손해보험,000370,손해보험,3,자본총계,자본,1,2026.1Q,2902777.332
KR0002,한화손해보험,000370,손해보험,3,자본총계,자본,1,2026.2Q,3153514.08
KR0002,한화손해보험,000370,손해보험,4,기타포괄손익 누계액,자본,2,2023.3Q,178245.567329
KR0002,한화손해보험,000370,손해보험,4,기타포괄손익 누계액,자본,2,2023.4Q,19042.621961
KR0002,한화손해보험,000370,손해보험,4,기타포괄손익 누계액,자본,2,2024.1Q,-313615.66313
KR0002,한화손해보험,000370,손해보험,4,기타포괄손익 누계액,자본,2,2024.2Q,-557768.405856
KR0002,한화손해보험,000370,손해보험,4,기타포괄손익 누계액,자본,2,2024.3Q,-626498.287775
KR0002,한화손해보험,000370,손해보험,4,기타포괄손익 누계액,자본,2,2024.4Q,-633632.125106
KR0002,한화손해보험,000370,손해보험,4,기타포괄손익 누계액,자본,2,2025.1Q,-893117.178971
KR0002,한화손해보험,000370,손해보험,4,기타포괄손익 누계액,자본,2,2025.2Q,-885369.18
KR0002,한화손해보험,000370,손해보험,4,기타포괄손익 누계액,자본,2,2025.3Q,-959580.0
KR0002,한화손해보험,000370,손해보험,4,기타포괄손익 누계액,자본,2,2025.4Q,-999499.804
KR0002,한화손해보험,000370,손해보험,4,기타포괄손익 누계액,자본,2,2026.1Q,-913464.239
KR0002,한화손해보험,000370,손해보험,4,기타포괄손익 누계액,자본,2,2026.2Q,-779862.333
KR0002,한화손해보험,000370,손해보험,5,해약환급금준비금 적립액,준비금,2,2023.1Q,1570354.799
KR0002,한화손해보험,000370,손해보험,5,해약환급금준비금 적립액,준비금,2,2023.2Q,1635025.589
KR0002,한화손해보험,000370,손해보험,5,해약환급금준비금 적립액,준비금,2,2023.3Q,1700349.531885
KR0002,한화손해보험,000370,손해보험,5,해약환급금준비금 적립액,준비금,2,2023.4Q,1790004.911989
KR0002,한화손해보험,000370,손해보험,5,해약환급금준비금 적립액,준비금,2,2024.1Q,1913102.985873
KR0002,한화손해보험,000370,손해보험,5,해약환급금준비금 적립액,준비금,2,2024.2Q,2011000.259861
KR0002,한화손해보험,000370,손해보험,5,해약환급금준비금 적립액,준비금,2,2024.3Q,2122985.953232
KR0002,한화손해보험,000370,손해보험,5,해약환급금준비금 적립액,준비금,2,2024.4Q,2034261.607149
KR0002,한화손해보험,000370,손해보험,5,해약환급금준비금 적립액,준비금,2,2025.1Q,2191436.660494
KR0002,한화손해보험,000370,손해보험,5,해약환급금준비금 적립액,준비금,2,2025.2Q,2096768.937
KR0002,한화손해보험,000370,손해보험,5,해약환급금준비금 적립액,준비금,2,2025.3Q,2249426.828
KR0002,한화손해보험,000370,손해보험,5,해약환급금준비금 적립액,준비금,2,2025.4Q,2416289.677
KR0002,한화손해보험,000370,손해보험,5,해약환급금준비금 적립액,준비금,2,2026.1Q,2613224.04
KR0002,한화손해보험,000370,손해보험,5,해약환급금준비금 적립액,준비금,2,2026.2Q,2804218.376
KR0002,한화손해보험,000370,손해보험,6,비상위험준비금 적립액,준비금,2,2023.1Q,221709.315
KR0002,한화손해보험,000370,손해보험,6,비상위험준비금 적립액,준비금,2,2023.2Q,221709.315
KR0002,한화손해보험,000370,손해보험,6,비상위험준비금 적립액,준비금,2,2023.3Q,242592.625074
KR0002,한화손해보험,000370,손해보험,6,비상위험준비금 적립액,준비금,2,2023.4Q,246667.188039
KR0002,한화손해보험,000370,손해보험,6,비상위험준비금 적립액,준비금,2,2024.1Q,254643.089523
KR0002,한화손해보험,000370,손해보험,6,비상위험준비금 적립액,준비금,2,2024.2Q,262245.971329
KR0002,한화손해보험,000370,손해보험,6,비상위험준비금 적립액,준비금,2,2024.3Q,269011.545524
KR0002,한화손해보험,000370,손해보험,6,비상위험준비금 적립액,준비금,2,2024.4Q,274785.312178
KR0002,한화손해보험,000370,손해보험,6,비상위험준비금 적립액,준비금,2,2025.1Q,282784.683232
KR0002,한화손해보험,000370,손해보험,6,비상위험준비금 적립액,준비금,2,2025.2Q,291142.998
KR0002,한화손해보험,000370,손해보험,6,비상위험준비금 적립액,준비금,2,2025.3Q,298564.304
KR0002,한화손해보험,000370,손해보험,6,비상위험준비금 적립액,준비금,2,2025.4Q,296441.195
KR0002,한화손해보험,000370,손해보험,6,비상위험준비금 적립액,준비금,2,2026.1Q,303272.819
KR0002,한화손해보험,000370,손해보험,6,비상위험준비금 적립액,준비금,2,2026.2Q,310024.0
KR0002,한화손해보험,000370,손해보험,7,대손준비금 적립액,준비금,2,2023.1Q,26722.749
KR0002,한화손해보험,000370,손해보험,7,대손준비금 적립액,준비금,2,2023.2Q,26722.749
KR0002,한화손해보험,000370,손해보험,7,대손준비금 적립액,준비금,2,2023.3Q,24777.938127
KR0002,한화손해보험,000370,손해보험,7,대손준비금 적립액,준비금,2,2023.4Q,23535.76783
KR0002,한화손해보험,000370,손해보험,7,대손준비금 적립액,준비금,2,2024.1Q,20508.021404
KR0002,한화손해보험,000370,손해보험,7,대손준비금 적립액,준비금,2,2024.2Q,22155.297762
KR0002,한화손해보험,000370,손해보험,7,대손준비금 적립액,준비금,2,2024.3Q,22083.27324
KR0002,한화손해보험,000370,손해보험,7,대손준비금 적립액,준비금,2,2024.4Q,23470.312175
KR0002,한화손해보험,000370,손해보험,7,대손준비금 적립액,준비금,2,2025.1Q,24452.774364
KR0002,한화손해보험,000370,손해보험,7,대손준비금 적립액,준비금,2,2025.2Q,24855.075
KR0002,한화손해보험,000370,손해보험,7,대손준비금 적립액,준비금,2,2025.3Q,26007.912
KR0002,한화손해보험,000370,손해보험,7,대손준비금 적립액,준비금,2,2025.4Q,28136.614
KR0002,한화손해보험,000370,손해보험,7,대손준비금 적립액,준비금,2,2026.1Q,27073.801
KR0002,한화손해보험,000370,손해보험,7,대손준비금 적립액,준비금,2,2026.2Q,26610.986
KR0002,한화손해보험,000370,손해보험,10,현금및현금성자산,자산,2,2023.3Q,365210.383242
KR0002,한화손해보험,000370,손해보험,10,현금및현금성자산,자산,2,2023.4Q,231223.995581
KR0002,한화손해보험,000370,손해보험,10,현금및현금성자산,자산,2,2024.1Q,228696.988112
KR0002,한화손해보험,000370,손해보험,10,현금및현금성자산,자산,2,2024.2Q,274880.813782
KR0002,한화손해보험,000370,손해보험,10,현금및현금성자산,자산,2,2024.3Q,257169.279158
KR0002,한화손해보험,000370,손해보험,10,현금및현금성자산,자산,2,2024.4Q,280689.27864
KR0002,한화손해보험,000370,손해보험,10,현금및현금성자산,자산,2,2025.1Q,234392.539703
KR0002,한화손해보험,000370,손해보험,10,현금및현금성자산,자산,2,2025.2Q,336695.295
KR0002,한화손해보험,000370,손해보험,10,현금및현금성자산,자산,2,2025.3Q,280461.837
KR0002,한화손해보험,000370,손해보험,10,현금및현금성자산,자산,2,2025.4Q,291185.247
KR0002,한화손해보험,000370,손해보험,10,현금및현금성자산,자산,2,2026.1Q,298043.012
KR0002,한화손해보험,000370,손해보험,10,현금및현금성자산,자산,2,2026.2Q,372710.243
KR0002,한화손해보험,000370,손해보험,11,당기손익-공정가치측정금융자산,자산,2,2023.3Q,5026342.967217
KR0002,한화손해보험,000370,손해보험,11,당기손익-공정가치측정금융자산,자산,2,2023.4Q,4745722.526945
KR0002,한화손해보험,000370,손해보험,11,당기손익-공정가치측정금융자산,자산,2,2024.1Q,4810640.930315
KR0002,한화손해보험,000370,손해보험,11,당기손익-공정가치측정금융자산,자산,2,2024.2Q,4707119.990017
KR0002,한화손해보험,000370,손해보험,11,당기손익-공정가치측정금융자산,자산,2,2024.3Q,4859164.128019
KR0002,한화손해보험,000370,손해보험,11,당기손익-공정가치측정금융자산,자산,2,2024.4Q,4376802.391138
KR0002,한화손해보험,000370,손해보험,11,당기손익-공정가치측정금융자산,자산,2,2025.1Q,4761582.082932
KR0002,한화손해보험,000370,손해보험,11,당기손익-공정가치측정금융자산,자산,2,2025.2Q,4557339.526
KR0002,한화손해보험,000370,손해보험,11,당기손익-공정가치측정금융자산,자산,2,2025.3Q,4491122.109
KR0002,한화손해보험,000370,손해보험,11,당기손익-공정가치측정금융자산,자산,2,2025.4Q,4736147.03
KR0002,한화손해보험,000370,손해보험,11,당기손익-공정가치측정금융자산,자산,2,2026.1Q,4721275.282
KR0002,한화손해보험,000370,손해보험,11,당기손익-공정가치측정금융자산,자산,2,2026.2Q,4548015.213
KR0002,한화손해보험,000370,손해보험,12,기타포괄손익-공정가치측정금융자산,자산,2,2023.3Q,8701374.09762
KR0002,한화손해보험,000370,손해보험,12,기타포괄손익-공정가치측정금융자산,자산,2,2023.4Q,9988442.76925
KR0002,한화손해보험,000370,손해보험,12,기타포괄손익-공정가치측정금융자산,자산,2,2024.1Q,9939809.120959
KR0002,한화손해보험,000370,손해보험,12,기타포괄손익-공정가치측정금융자산,자산,2,2024.2Q,10502925.574556
KR0002,한화손해보험,000370,손해보험,12,기타포괄손익-공정가치측정금융자산,자산,2,2024.3Q,11462528.134572
KR0002,한화손해보험,000370,손해보험,12,기타포괄손익-공정가치측정금융자산,자산,2,2024.4Q,12242335.764924
KR0002,한화손해보험,000370,손해보험,12,기타포괄손익-공정가치측정금융자산,자산,2,2025.1Q,13017861.769282
KR0002,한화손해보험,000370,손해보험,12,기타포괄손익-공정가치측정금융자산,자산,2,2025.2Q,12699752.351
KR0002,한화손해보험,000370,손해보험,12,기타포괄손익-공정가치측정금융자산,자산,2,2025.3Q,12958072.992
KR0002,한화손해보험,000370,손해보험,12,기타포괄손익-공정가치측정금융자산,자산,2,2025.4Q,12235137.169
KR0002,한화손해보험,000370,손해보험,12,기타포괄손익-공정가치측정금융자산,자산,2,2026.1Q,11616747.404
KR0002,한화손해보험,000370,손해보험,12,기타포괄손익-공정가치측정금융자산,자산,2,2026.2Q,11207116.903
KR0002,한화손해보험,000370,손해보험,13,상각후원가측정금융자산,자산,2,2023.3Q,1793475.598067
KR0002,한화손해보험,000370,손해보험,13,상각후원가측정금융자산,자산,2,2023.4Q,1681247.311558
KR0002,한화손해보험,000370,손해보험,13,상각후원가측정금융자산,자산,2,2024.1Q,1638102.617143
KR0002,한화손해보험,000370,손해보험,13,상각후원가측정금융자산,자산,2,2024.2Q,1547265.672759
KR0002,한화손해보험,000370,손해보험,13,상각후원가측정금융자산,자산,2,2024.3Q,1520347.451503
KR0002,한화손해보험,000370,손해보험,13,상각후원가측정금융자산,자산,2,2024.4Q,1492963.489347
KR0002,한화손해보험,000370,손해보험,13,상각후원가측정금융자산,자산,2,2025.1Q,1459166.489835
KR0002,한화손해보험,000370,손해보험,13,상각후원가측정금융자산,자산,2,2025.2Q,1525296.111
KR0002,한화손해보험,000370,손해보험,13,상각후원가측정금융자산,자산,2,2025.3Q,1491164.863
KR0002,한화손해보험,000370,손해보험,13,상각후원가측정금융자산,자산,2,2025.4Q,1456054.505
KR0002,한화손해보험,000370,손해보험,13,상각후원가측정금융자산,자산,2,2026.1Q,1511390.41
KR0002,한화손해보험,000370,손해보험,13,상각후원가측정금융자산,자산,2,2026.2Q,1822074.17
KR0002,한화손해보험,000370,손해보험,14,재보험계약자산,자산,2,2023.3Q,453453.700498
KR0002,한화손해보험,000370,손해보험,14,재보험계약자산,자산,2,2023.4Q,422620.591555
KR0002,한화손해보험,000370,손해보험,14,재보험계약자산,자산,2,2024.1Q,375953.143828
KR0002,한화손해보험,000370,손해보험,14,재보험계약자산,자산,2,2024.2Q,371009.292801
KR0002,한화손해보험,000370,손해보험,14,재보험계약자산,자산,2,2024.3Q,379883.470416
KR0002,한화손해보험,000370,손해보험,14,재보험계약자산,자산,2,2024.4Q,368138.193015
KR0002,한화손해보험,000370,손해보험,14,재보험계약자산,자산,2,2025.1Q,361819.554005
KR0002,한화손해보험,000370,손해보험,14,재보험계약자산,자산,2,2025.2Q,465355.414
KR0002,한화손해보험,000370,손해보험,14,재보험계약자산,자산,2,2025.3Q,474434.198
KR0002,한화손해보험,000370,손해보험,14,재보험계약자산,자산,2,2025.4Q,750807.229
KR0002,한화손해보험,000370,손해보험,14,재보험계약자산,자산,2,2026.1Q,730074.324
KR0002,한화손해보험,000370,손해보험,14,재보험계약자산,자산,2,2026.2Q,835420.965
KR0002,한화손해보험,000370,손해보험,15,유형자산,자산,2,2023.3Q,260579.644125
KR0002,한화손해보험,000370,손해보험,15,유형자산,자산,2,2023.4Q,262507.100423
KR0002,한화손해보험,000370,손해보험,15,유형자산,자산,2,2024.1Q,260811.077329
KR0002,한화손해보험,000370,손해보험,15,유형자산,자산,2,2024.2Q,310128.118499
KR0002,한화손해보험,000370,손해보험,15,유형자산,자산,2,2024.3Q,306979.712774
KR0002,한화손해보험,000370,손해보험,15,유형자산,자산,2,2024.4Q,259170.712839
KR0002,한화손해보험,000370,손해보험,15,유형자산,자산,2,2025.1Q,258860.946491
KR0002,한화손해보험,000370,손해보험,15,유형자산,자산,2,2025.2Q,260624.539
KR0002,한화손해보험,000370,손해보험,15,유형자산,자산,2,2025.3Q,264605.779
KR0002,한화손해보험,000370,손해보험,15,유형자산,자산,2,2025.4Q,294141.132
KR0002,한화손해보험,000370,손해보험,15,유형자산,자산,2,2026.1Q,292384.66
KR0002,한화손해보험,000370,손해보험,15,유형자산,자산,2,2026.2Q,311605.616
KR0002,한화손해보험,000370,손해보험,20,보험계약부채,부채,2,2023.3Q,11778108.706709
KR0002,한화손해보험,000370,손해보험,20,보험계약부채,부채,2,2023.4Q,13443241.037437
KR0002,한화손해보험,000370,손해보험,20,보험계약부채,부채,2,2024.1Q,13522816.272288
KR0002,한화손해보험,000370,손해보험,20,보험계약부채,부채,2,2024.2Q,14211820.614165
KR0002,한화손해보험,000370,손해보험,20,보험계약부채,부채,2,2024.3Q,15054825.379728
KR0002,한화손해보험,000370,손해보험,20,보험계약부채,부채,2,2024.4Q,15197574.469558
KR0002,한화손해보험,000370,손해보험,20,보험계약부채,부채,2,2025.1Q,16015543.941307
KR0002,한화손해보험,000370,손해보험,20,보험계약부채,부채,2,2025.2Q,15815637.142
KR0002,한화손해보험,000370,손해보험,20,보험계약부채,부채,2,2025.3Q,15821440.667
KR0002,한화손해보험,000370,손해보험,20,보험계약부채,부채,2,2025.4Q,15348517.755
KR0002,한화손해보험,000370,손해보험,20,보험계약부채,부채,2,2026.1Q,14231733.698
KR0002,한화손해보험,000370,손해보험,20,보험계약부채,부채,2,2026.2Q,13726552.042
KR0002,한화손해보험,000370,손해보험,21,재보험계약부채,부채,2,2023.3Q,0.227991
KR0002,한화손해보험,000370,손해보험,21,재보험계약부채,부채,2,2023.4Q,0.228023
KR0002,한화손해보험,000370,손해보험,21,재보험계약부채,부채,2,2024.1Q,3.4e-05
KR0002,한화손해보험,000370,손해보험,21,재보험계약부채,부채,2,2024.2Q,8e-06
KR0002,한화손해보험,000370,손해보험,21,재보험계약부채,부채,2,2024.3Q,508.463102
KR0002,한화손해보험,000370,손해보험,21,재보험계약부채,부채,2,2024.4Q,1316.889239
KR0002,한화손해보험,000370,손해보험,21,재보험계약부채,부채,2,2025.1Q,1101.412174
KR0002,한화손해보험,000370,손해보험,21,재보험계약부채,부채,2,2025.2Q,1826.763
KR0002,한화손해보험,000370,손해보험,21,재보험계약부채,부채,2,2025.3Q,1973.501
KR0002,한화손해보험,000370,손해보험,21,재보험계약부채,부채,2,2025.4Q,1934.975
KR0002,한화손해보험,000370,손해보험,21,재보험계약부채,부채,2,2026.1Q,1853.194
KR0002,한화손해보험,000370,손해보험,21,재보험계약부채,부채,2,2026.2Q,2674.611
KR0002,한화손해보험,000370,손해보험,22,투자계약부채,부채,2,2023.3Q,65615.431072
KR0002,한화손해보험,000370,손해보험,22,투자계약부채,부채,2,2023.4Q,66744.841855
KR0002,한화손해보험,000370,손해보험,22,투자계약부채,부채,2,2024.1Q,69237.95813
KR0002,한화손해보험,000370,손해보험,22,투자계약부채,부채,2,2024.2Q,67550.908341
KR0002,한화손해보험,000370,손해보험,22,투자계약부채,부채,2,2024.3Q,70792.525449
KR0002,한화손해보험,000370,손해보험,22,투자계약부채,부채,2,2024.4Q,72270.943163
KR0002,한화손해보험,000370,손해보험,22,투자계약부채,부채,2,2025.1Q,70364.288079
KR0002,한화손해보험,000370,손해보험,22,투자계약부채,부채,2,2025.2Q,71268.976
KR0002,한화손해보험,000370,손해보험,22,투자계약부채,부채,2,2025.3Q,73022.782
KR0002,한화손해보험,000370,손해보험,22,투자계약부채,부채,2,2025.4Q,75889.607
KR0002,한화손해보험,000370,손해보험,22,투자계약부채,부채,2,2026.1Q,80722.754
KR0002,한화손해보험,000370,손해보험,22,투자계약부채,부채,2,2026.2Q,85330.179
KR0002,한화손해보험,000370,손해보험,23,차입부채,부채,2,2023.3Q,599221.514537
KR0002,한화손해보험,000370,손해보험,23,차입부채,부채,2,2023.4Q,249261.479912
KR0002,한화손해보험,000370,손해보험,23,차입부채,부채,2,2024.1Q,249279.900086
KR0002,한화손해보험,000370,손해보험,23,차입부채,부채,2,2024.2Q,249298.548871
KR0002,한화손해보험,000370,손해보험,23,차입부채,부채,2,2024.3Q,598290.966184
KR0002,한화손해보험,000370,손해보험,23,차입부채,부채,2,2024.4Q,598330.413385
KR0002,한화손해보험,000370,손해보험,23,차입부채,부채,2,2025.1Q,1096908.909652
KR0002,한화손해보험,000370,손해보험,23,차입부채,부채,2,2025.2Q,1096993.279
KR0002,한화손해보험,000370,손해보험,23,차입부채,부채,2,2025.3Q,1097063.448
KR0002,한화손해보험,000370,손해보험,23,차입부채,부채,2,2025.4Q,1097134.473
KR0002,한화손해보험,000370,손해보험,23,차입부채,부채,2,2026.1Q,1097206.364
KR0002,한화손해보험,000370,손해보험,23,차입부채,부채,2,2026.2Q,1097279.131
KR0002,한화손해보험,000370,손해보험,24,기타부채,부채,2,2023.3Q,8267.695665
KR0002,한화손해보험,000370,손해보험,24,기타부채,부채,2,2023.4Q,9099.743689
KR0002,한화손해보험,000370,손해보험,24,기타부채,부채,2,2024.1Q,9377.929416
KR0002,한화손해보험,000370,손해보험,24,기타부채,부채,2,2024.2Q,9832.289386
KR0002,한화손해보험,000370,손해보험,24,기타부채,부채,2,2024.3Q,9728.299814
KR0002,한화손해보험,000370,손해보험,24,기타부채,부채,2,2024.4Q,9732.094763
KR0002,한화손해보험,000370,손해보험,24,기타부채,부채,2,2025.1Q,10240.671475
KR0002,한화손해보험,000370,손해보험,24,기타부채,부채,2,2025.2Q,11383.423
KR0002,한화손해보험,000370,손해보험,24,기타부채,부채,2,2025.3Q,10336.9
KR0002,한화손해보험,000370,손해보험,24,기타부채,부채,2,2025.4Q,13294.057
KR0002,한화손해보험,000370,손해보험,24,기타부채,부채,2,2026.1Q,14145.9
KR0002,한화손해보험,000370,손해보험,24,기타부채,부채,2,2026.2Q,14953.639
KR0002,한화손해보험,000370,손해보험,30,자본금,자본,2,2023.3Q,773694.575
KR0002,한화손해보험,000370,손해보험,30,자본금,자본,2,2023.4Q,773694.575
KR0002,한화손해보험,000370,손해보험,30,자본금,자본,2,2024.1Q,773694.575
KR0002,한화손해보험,000370,손해보험,30,자본금,자본,2,2024.2Q,773694.575
KR0002,한화손해보험,000370,손해보험,30,자본금,자본,2,2024.3Q,773694.575
KR0002,한화손해보험,000370,손해보험,30,자본금,자본,2,2024.4Q,773694.575
KR0002,한화손해보험,000370,손해보험,30,자본금,자본,2,2025.1Q,773694.575
KR0002,한화손해보험,000370,손해보험,30,자본금,자본,2,2025.2Q,773694.575
KR0002,한화손해보험,000370,손해보험,30,자본금,자본,2,2025.3Q,773694.575
KR0002,한화손해보험,000370,손해보험,30,자본금,자본,2,2025.4Q,773694.575
KR0002,한화손해보험,000370,손해보험,30,자본금,자본,2,2026.1Q,773694.575
KR0002,한화손해보험,000370,손해보험,30,자본금,자본,2,2026.2Q,773694.575
KR0002,한화손해보험,000370,손해보험,31,이익잉여금,자본,2,2023.3Q,2279330.462594
KR0002,한화손해보험,000370,손해보험,31,이익잉여금,자본,2,2023.4Q,2312706.025184
KR0002,한화손해보험,000370,손해보험,31,이익잉여금,자본,2,2024.1Q,2396522.543495
KR0002,한화손해보험,000370,손해보험,31,이익잉여금,자본,2,2024.2Q,2522798.699626
KR0002,한화손해보험,000370,손해보험,31,이익잉여금,자본,2,2024.3Q,2610219.469962
KR0002,한화손해보험,000370,손해보험,31,이익잉여금,자본,2,2024.4Q,2641686.168032
KR0002,한화손해보험,000370,손해보험,31,이익잉여금,자본,2,2025.1Q,2782259.190352
KR0002,한화손해보험,000370,손해보험,31,이익잉여금,자본,2,2025.2Q,2859359.099
KR0002,한화손해보험,000370,손해보험,31,이익잉여금,자본,2,2025.3Q,2927394.939
KR0002,한화손해보험,000370,손해보험,31,이익잉여금,자본,2,2025.4Q,2990636.051
KR0002,한화손해보험,000370,손해보험,31,이익잉여금,자본,2,2026.1Q,3085951.735
KR0002,한화손해보험,000370,손해보험,31,이익잉여금,자본,2,2026.2Q,2948572.087
KR0003,롯데손해보험,000400,손해보험,1,자산총계,자산,1,2023.1Q,14619371.0
KR0003,롯데손해보험,000400,손해보험,1,자산총계,자산,1,2023.2Q,13601365.949591
KR0003,롯데손해보험,000400,손해보험,1,자산총계,자산,1,2023.3Q,13677961.126847
KR0003,롯데손해보험,000400,손해보험,1,자산총계,자산,1,2023.4Q,14842983.216794
KR0003,롯데손해보험,000400,손해보험,1,자산총계,자산,1,2024.1Q,14861427.317327
KR0003,롯데손해보험,000400,손해보험,1,자산총계,자산,1,2024.2Q,15110126.242603
KR0003,롯데손해보험,000400,손해보험,1,자산총계,자산,1,2024.3Q,15309600.671569
KR0003,롯데손해보험,000400,손해보험,1,자산총계,자산,1,2024.4Q,15541477.88977
KR0003,롯데손해보험,000400,손해보험,1,자산총계,자산,1,2025.1Q,15585381.496677
KR0003,롯데손해보험,000400,손해보험,1,자산총계,자산,1,2025.2Q,14832896.0
KR0003,롯데손해보험,000400,손해보험,1,자산총계,자산,1,2025.3Q,14883495.0
KR0003,롯데손해보험,000400,손해보험,1,자산총계,자산,1,2025.4Q,14410299.0
KR0003,롯데손해보험,000400,손해보험,1,자산총계,자산,1,2026.1Q,13868798.0
KR0003,롯데손해보험,000400,손해보험,1,자산총계,자산,1,2026.2Q,13637671.0
KR0003,롯데손해보험,000400,손해보험,2,부채총계,부채,1,2023.1Q,13201404.0
KR0003,롯데손해보험,000400,손해보험,2,부채총계,부채,1,2023.2Q,12150235.464583
KR0003,롯데손해보험,000400,손해보험,2,부채총계,부채,1,2023.3Q,12331293.997198
KR0003,롯데손해보험,000400,손해보험,2,부채총계,부채,1,2023.4Q,13586751.527119
KR0003,롯데손해보험,000400,손해보험,2,부채총계,부채,1,2024.1Q,13767797.3284
KR0003,롯데손해보험,000400,손해보험,2,부채총계,부채,1,2024.2Q,14152838.604074
KR0003,롯데손해보험,000400,손해보험,2,부채총계,부채,1,2024.3Q,14431055.719819
KR0003,롯데손해보험,000400,손해보험,2,부채총계,부채,1,2024.4Q,14747238.395605
KR0003,롯데손해보험,000400,손해보험,2,부채총계,부채,1,2025.1Q,15079741.541668
KR0003,롯데손해보험,000400,손해보험,2,부채총계,부채,1,2025.2Q,14234570.0
KR0003,롯데손해보험,000400,손해보험,2,부채총계,부채,1,2025.3Q,14292602.0
KR0003,롯데손해보험,000400,손해보험,2,부채총계,부채,1,2025.4Q,13796795.0
KR0003,롯데손해보험,000400,손해보험,2,부채총계,부채,1,2026.1Q,13164085.0
KR0003,롯데손해보험,000400,손해보험,2,부채총계,부채,1,2026.2Q,12644125.0
KR0003,롯데손해보험,000400,손해보험,3,자본총계,자본,1,2023.1Q,1417967.0
KR0003,롯데손해보험,000400,손해보험,3,자본총계,자본,1,2023.2Q,1451130.485008
KR0003,롯데손해보험,000400,손해보험,3,자본총계,자본,1,2023.3Q,1346667.129649
KR0003,롯데손해보험,000400,손해보험,3,자본총계,자본,1,2023.4Q,1256231.689675
KR0003,롯데손해보험,000400,손해보험,3,자본총계,자본,1,2024.1Q,1093629.988927
KR0003,롯데손해보험,000400,손해보험,3,자본총계,자본,1,2024.2Q,957287.638529
KR0003,롯데손해보험,000400,손해보험,3,자본총계,자본,1,2024.3Q,878544.95175
KR0003,롯데손해보험,000400,손해보험,3,자본총계,자본,1,2024.4Q,794239.494165
KR0003,롯데손해보험,000400,손해보험,3,자본총계,자본,1,2025.1Q,505639.955009
KR0003,롯데손해보험,000400,손해보험,3,자본총계,자본,1,2025.2Q,598326.0
KR0003,롯데손해보험,000400,손해보험,3,자본총계,자본,1,2025.3Q,590893.0
KR0003,롯데손해보험,000400,손해보험,3,자본총계,자본,1,2025.4Q,613504.0
KR0003,롯데손해보험,000400,손해보험,3,자본총계,자본,1,2026.1Q,704713.0
KR0003,롯데손해보험,000400,손해보험,3,자본총계,자본,1,2026.2Q,993546.0
KR0003,롯데손해보험,000400,손해보험,4,기타포괄손익 누계액,자본,2,2023.1Q,204604.0
KR0003,롯데손해보험,000400,손해보험,4,기타포괄손익 누계액,자본,2,2023.2Q,204924.390424
KR0003,롯데손해보험,000400,손해보험,4,기타포괄손익 누계액,자본,2,2023.3Q,269595.178083
KR0003,롯데손해보험,000400,손해보험,4,기타포괄손익 누계액,자본,2,2023.4Q,141150.096322
KR0003,롯데손해보험,000400,손해보험,4,기타포괄손익 누계액,자본,2,2024.1Q,-61569.968094
KR0003,롯데손해보험,000400,손해보험,4,기타포괄손익 누계액,자본,2,2024.2Q,-223538.893074
KR0003,롯데손해보험,000400,손해보험,4,기타포괄손익 누계액,자본,2,2024.3Q,-319484.813773
KR0003,롯데손해보험,000400,손해보험,4,기타포괄손익 누계액,자본,2,2024.4Q,-313724.93294
KR0003,롯데손해보험,000400,손해보험,4,기타포괄손익 누계액,자본,2,2025.1Q,-612821.813277
KR0003,롯데손해보험,000400,손해보험,4,기타포괄손익 누계액,자본,2,2025.2Q,-555534.0
KR0003,롯데손해보험,000400,손해보험,4,기타포괄손익 누계액,자본,2,2025.3Q,-613716.0
KR0003,롯데손해보험,000400,손해보험,4,기타포괄손익 누계액,자본,2,2025.4Q,-543150.0
KR0003,롯데손해보험,000400,손해보험,4,기타포괄손익 누계액,자본,2,2026.1Q,-432174.0
KR0003,롯데손해보험,000400,손해보험,4,기타포괄손익 누계액,자본,2,2026.2Q,-144654.0
KR0003,롯데손해보험,000400,손해보험,5,해약환급금준비금 적립액,준비금,2,2023.3Q,268951.981268
KR0003,롯데손해보험,000400,손해보험,5,해약환급금준비금 적립액,준비금,2,2023.4Q,304012.492778
KR0003,롯데손해보험,000400,손해보험,5,해약환급금준비금 적립액,준비금,2,2024.1Q,343342.264208
KR0003,롯데손해보험,000400,손해보험,5,해약환급금준비금 적립액,준비금,2,2024.2Q,367837.071127
KR0003,롯데손해보험,000400,손해보험,5,해약환급금준비금 적립액,준비금,2,2024.3Q,383679.200736
KR0003,롯데손해보험,000400,손해보험,5,해약환급금준비금 적립액,준비금,2,2024.4Q,296759.65653
KR0003,롯데손해보험,000400,손해보험,5,해약환급금준비금 적립액,준비금,2,2025.1Q,305677.408209
KR0003,롯데손해보험,000400,손해보험,5,해약환급금준비금 적립액,준비금,2,2025.2Q,339882.0
KR0003,롯데손해보험,000400,손해보험,5,해약환급금준비금 적립액,준비금,2,2025.3Q,389269.0
KR0003,롯데손해보험,000400,손해보험,5,해약환급금준비금 적립액,준비금,2,2025.4Q,344461.0
KR0003,롯데손해보험,000400,손해보험,5,해약환급금준비금 적립액,준비금,2,2026.1Q,324437.0
KR0003,롯데손해보험,000400,손해보험,5,해약환급금준비금 적립액,준비금,2,2026.2Q,325750.0
KR0003,롯데손해보험,000400,손해보험,6,비상위험준비금 적립액,준비금,2,2023.2Q,104295.0
KR0003,롯데손해보험,000400,손해보험,6,비상위험준비금 적립액,준비금,2,2023.3Q,72125.988298
KR0003,롯데손해보험,000400,손해보험,6,비상위험준비금 적립액,준비금,2,2023.4Q,75040.922369
KR0003,롯데손해보험,000400,손해보험,6,비상위험준비금 적립액,준비금,2,2024.1Q,75795.782449
KR0003,롯데손해보험,000400,손해보험,6,비상위험준비금 적립액,준비금,2,2024.2Q,76893.817953
KR0003,롯데손해보험,000400,손해보험,6,비상위험준비금 적립액,준비금,2,2024.3Q,78220.819423
KR0003,롯데손해보험,000400,손해보험,6,비상위험준비금 적립액,준비금,2,2024.4Q,75040.922369
KR0003,롯데손해보험,000400,손해보험,6,비상위험준비금 적립액,준비금,2,2025.1Q,76620.511871
KR0003,롯데손해보험,000400,손해보험,6,비상위험준비금 적립액,준비금,2,2025.2Q,77816.0
KR0003,롯데손해보험,000400,손해보험,6,비상위험준비금 적립액,준비금,2,2025.3Q,79178.0
KR0003,롯데손해보험,000400,손해보험,6,비상위험준비금 적립액,준비금,2,2025.4Q,76030.0
KR0003,롯데손해보험,000400,손해보험,6,비상위험준비금 적립액,준비금,2,2026.1Q,76287.0
KR0003,롯데손해보험,000400,손해보험,6,비상위험준비금 적립액,준비금,2,2026.2Q,76287.0
KR0003,롯데손해보험,000400,손해보험,7,대손준비금 적립액,준비금,2,2023.2Q,12048.0
KR0003,롯데손해보험,000400,손해보험,7,대손준비금 적립액,준비금,2,2023.3Q,0.0
KR0003,롯데손해보험,000400,손해보험,7,대손준비금 적립액,준비금,2,2023.4Q,0.0
KR0003,롯데손해보험,000400,손해보험,7,대손준비금 적립액,준비금,2,2024.1Q,0.0
KR0003,롯데손해보험,000400,손해보험,7,대손준비금 적립액,준비금,2,2024.2Q,0.0
KR0003,롯데손해보험,000400,손해보험,7,대손준비금 적립액,준비금,2,2024.3Q,0.0
KR0003,롯데손해보험,000400,손해보험,7,대손준비금 적립액,준비금,2,2024.4Q,0.0
KR0003,롯데손해보험,000400,손해보험,7,대손준비금 적립액,준비금,2,2025.1Q,0.0
KR0003,롯데손해보험,000400,손해보험,7,대손준비금 적립액,준비금,2,2025.2Q,0.0
KR0003,롯데손해보험,000400,손해보험,7,대손준비금 적립액,준비금,2,2025.3Q,0.0
KR0003,롯데손해보험,000400,손해보험,7,대손준비금 적립액,준비금,2,2025.4Q,0.0
KR0003,롯데손해보험,000400,손해보험,7,대손준비금 적립액,준비금,2,2026.1Q,0.0
KR0003,롯데손해보험,000400,손해보험,7,대손준비금 적립액,준비금,2,2026.2Q,0.0
KR0003,롯데손해보험,000400,손해보험,10,현금및현금성자산,자산,2,2023.1Q,832572.0
KR0003,롯데손해보험,000400,손해보험,10,현금및현금성자산,자산,2,2023.2Q,521803.871017
KR0003,롯데손해보험,000400,손해보험,10,현금및현금성자산,자산,2,2023.3Q,444983.187839
KR0003,롯데손해보험,000400,손해보험,10,현금및현금성자산,자산,2,2023.4Q,1314073.501201
KR0003,롯데손해보험,000400,손해보험,10,현금및현금성자산,자산,2,2024.1Q,771327.573566
KR0003,롯데손해보험,000400,손해보험,10,현금및현금성자산,자산,2,2024.2Q,604917.772305
KR0003,롯데손해보험,000400,손해보험,10,현금및현금성자산,자산,2,2024.3Q,539602.802526
KR0003,롯데손해보험,000400,손해보험,10,현금및현금성자산,자산,2,2024.4Q,800910.13398
KR0003,롯데손해보험,000400,손해보험,10,현금및현금성자산,자산,2,2025.1Q,502466.848078
KR0003,롯데손해보험,000400,손해보험,10,현금및현금성자산,자산,2,2025.2Q,853081.0
KR0003,롯데손해보험,000400,손해보험,10,현금및현금성자산,자산,2,2025.3Q,563509.0
KR0003,롯데손해보험,000400,손해보험,10,현금및현금성자산,자산,2,2025.4Q,885823.0
KR0003,롯데손해보험,000400,손해보험,10,현금및현금성자산,자산,2,2026.1Q,674827.0
KR0003,롯데손해보험,000400,손해보험,10,현금및현금성자산,자산,2,2026.2Q,579334.0
KR0003,롯데손해보험,000400,손해보험,11,당기손익-공정가치측정금융자산,자산,2,2023.2Q,5214017.541295
KR0003,롯데손해보험,000400,손해보험,11,당기손익-공정가치측정금융자산,자산,2,2023.3Q,5090636.228104
KR0003,롯데손해보험,000400,손해보험,11,당기손익-공정가치측정금융자산,자산,2,2023.4Q,4867629.126651
KR0003,롯데손해보험,000400,손해보험,11,당기손익-공정가치측정금융자산,자산,2,2024.1Q,4824233.198604
KR0003,롯데손해보험,000400,손해보험,11,당기손익-공정가치측정금융자산,자산,2,2024.2Q,4823545.33488
KR0003,롯데손해보험,000400,손해보험,11,당기손익-공정가치측정금융자산,자산,2,2024.3Q,4750001.246542
KR0003,롯데손해보험,000400,손해보험,11,당기손익-공정가치측정금융자산,자산,2,2024.4Q,4679994.313205
KR0003,롯데손해보험,000400,손해보험,11,당기손익-공정가치측정금융자산,자산,2,2025.1Q,4090545.296964
KR0003,롯데손해보험,000400,손해보험,11,당기손익-공정가치측정금융자산,자산,2,2025.2Q,3713652.0
KR0003,롯데손해보험,000400,손해보험,11,당기손익-공정가치측정금융자산,자산,2,2025.3Q,3804184.0
KR0003,롯데손해보험,000400,손해보험,11,당기손익-공정가치측정금융자산,자산,2,2025.4Q,3856009.0
KR0003,롯데손해보험,000400,손해보험,11,당기손익-공정가치측정금융자산,자산,2,2026.1Q,3525800.0
KR0003,롯데손해보험,000400,손해보험,11,당기손익-공정가치측정금융자산,자산,2,2026.2Q,3718943.0
KR0003,롯데손해보험,000400,손해보험,12,기타포괄손익-공정가치측정금융자산,자산,2,2023.3Q,5012757.861281
KR0003,롯데손해보험,000400,손해보험,12,기타포괄손익-공정가치측정금융자산,자산,2,2023.4Q,5599270.166684
KR0003,롯데손해보험,000400,손해보험,12,기타포괄손익-공정가치측정금융자산,자산,2,2024.1Q,6165328.312487
KR0003,롯데손해보험,000400,손해보험,12,기타포괄손익-공정가치측정금융자산,자산,2,2024.2Q,6401696.022943
KR0003,롯데손해보험,000400,손해보험,12,기타포괄손익-공정가치측정금융자산,자산,2,2024.3Q,6455322.407237
KR0003,롯데손해보험,000400,손해보험,12,기타포괄손익-공정가치측정금융자산,자산,2,2024.4Q,6593341.035415
KR0003,롯데손해보험,000400,손해보험,12,기타포괄손익-공정가치측정금융자산,자산,2,2025.1Q,7323775.197768
KR0003,롯데손해보험,000400,손해보험,12,기타포괄손익-공정가치측정금융자산,자산,2,2025.2Q,6722038.0
KR0003,롯데손해보험,000400,손해보험,12,기타포괄손익-공정가치측정금융자산,자산,2,2025.3Q,6942561.0
KR0003,롯데손해보험,000400,손해보험,12,기타포괄손익-공정가치측정금융자산,자산,2,2025.4Q,6092887.0
KR0003,롯데손해보험,000400,손해보험,12,기타포괄손익-공정가치측정금융자산,자산,2,2026.1Q,6187226.0
KR0003,롯데손해보험,000400,손해보험,12,기타포괄손익-공정가치측정금융자산,자산,2,2026.2Q,6002465.0
KR0003,롯데손해보험,000400,손해보험,13,상각후원가측정금융자산,자산,2,2023.2Q,2196935.600113
KR0003,롯데손해보험,000400,손해보험,13,상각후원가측정금융자산,자산,2,2023.3Q,2490720.870372
KR0003,롯데손해보험,000400,손해보험,13,상각후원가측정금융자산,자산,2,2023.4Q,2374823.360647
KR0003,롯데손해보험,000400,손해보험,13,상각후원가측정금융자산,자산,2,2024.1Q,2412910.336198
KR0003,롯데손해보험,000400,손해보험,13,상각후원가측정금융자산,자산,2,2024.2Q,2499781.934682
KR0003,롯데손해보험,000400,손해보험,13,상각후원가측정금융자산,자산,2,2024.3Q,2624570.7691
KR0003,롯데손해보험,000400,손해보험,13,상각후원가측정금융자산,자산,2,2024.4Q,2500707.074351
KR0003,롯데손해보험,000400,손해보험,13,상각후원가측정금융자산,자산,2,2025.1Q,2478095.380627
KR0003,롯데손해보험,000400,손해보험,13,상각후원가측정금융자산,자산,2,2025.2Q,2470816.0
KR0003,롯데손해보험,000400,손해보험,13,상각후원가측정금융자산,자산,2,2025.3Q,2573597.0
KR0003,롯데손해보험,000400,손해보험,13,상각후원가측정금융자산,자산,2,2025.4Q,2726719.0
KR0003,롯데손해보험,000400,손해보험,13,상각후원가측정금융자산,자산,2,2026.1Q,2690194.0
KR0003,롯데손해보험,000400,손해보험,13,상각후원가측정금융자산,자산,2,2026.2Q,2719505.0
KR0003,롯데손해보험,000400,손해보험,14,재보험계약자산,자산,2,2023.1Q,537725.0
KR0003,롯데손해보험,000400,손해보험,14,재보험계약자산,자산,2,2023.2Q,339895.423937
KR0003,롯데손해보험,000400,손해보험,14,재보험계약자산,자산,2,2023.3Q,358835.411518
KR0003,롯데손해보험,000400,손해보험,14,재보험계약자산,자산,2,2023.4Q,351818.848877
KR0003,롯데손해보험,000400,손해보험,14,재보험계약자산,자산,2,2024.1Q,352768.529393
KR0003,롯데손해보험,000400,손해보험,14,재보험계약자산,자산,2,2024.2Q,357252.444791
KR0003,롯데손해보험,000400,손해보험,14,재보험계약자산,자산,2,2024.3Q,349565.351364
KR0003,롯데손해보험,000400,손해보험,14,재보험계약자산,자산,2,2024.4Q,306128.434567
KR0003,롯데손해보험,000400,손해보험,14,재보험계약자산,자산,2,2025.1Q,306717.736381
KR0003,롯데손해보험,000400,손해보험,14,재보험계약자산,자산,2,2025.2Q,299008.0
KR0003,롯데손해보험,000400,손해보험,14,재보험계약자산,자산,2,2025.3Q,294776.0
KR0003,롯데손해보험,000400,손해보험,14,재보험계약자산,자산,2,2025.4Q,285353.0
KR0003,롯데손해보험,000400,손해보험,14,재보험계약자산,자산,2,2026.1Q,288495.0
KR0003,롯데손해보험,000400,손해보험,14,재보험계약자산,자산,2,2026.2Q,292621.0
KR0003,롯데손해보험,000400,손해보험,15,유형자산,자산,2,2023.1Q,74755.0
KR0003,롯데손해보험,000400,손해보험,15,유형자산,자산,2,2023.2Q,68039.5485
KR0003,롯데손해보험,000400,손해보험,15,유형자산,자산,2,2023.3Q,21940.952433
KR0003,롯데손해보험,000400,손해보험,15,유형자산,자산,2,2023.4Q,21954.790118
KR0003,롯데손해보험,000400,손해보험,15,유형자산,자산,2,2024.1Q,20043.796591
KR0003,롯데손해보험,000400,손해보험,15,유형자산,자산,2,2024.2Q,21298.28348
KR0003,롯데손해보험,000400,손해보험,15,유형자산,자산,2,2024.3Q,22663.34988
KR0003,롯데손해보험,000400,손해보험,15,유형자산,자산,2,2024.4Q,20820.915469
KR0003,롯데손해보험,000400,손해보험,15,유형자산,자산,2,2025.1Q,16142.729485
KR0003,롯데손해보험,000400,손해보험,15,유형자산,자산,2,2025.2Q,16953.0
KR0003,롯데손해보험,000400,손해보험,15,유형자산,자산,2,2025.3Q,17666.0
KR0003,롯데손해보험,000400,손해보험,15,유형자산,자산,2,2025.4Q,19586.0
KR0003,롯데손해보험,000400,손해보험,15,유형자산,자산,2,2026.1Q,19227.0
KR0003,롯데손해보험,000400,손해보험,15,유형자산,자산,2,2026.2Q,17660.0
KR0003,롯데손해보험,000400,손해보험,20,보험계약부채,부채,2,2023.1Q,4810400.0
KR0003,롯데손해보험,000400,손해보험,20,보험계약부채,부채,2,2023.2Q,4474803.536742
KR0003,롯데손해보험,000400,손해보험,20,보험계약부채,부채,2,2023.3Q,4378499.747497
KR0003,롯데손해보험,000400,손해보험,20,보험계약부채,부채,2,2023.4Q,5105655.583731
KR0003,롯데손해보험,000400,손해보험,20,보험계약부채,부채,2,2024.1Q,5219082.241097
KR0003,롯데손해보험,000400,손해보험,20,보험계약부채,부채,2,2024.2Q,5557296.713894
KR0003,롯데손해보험,000400,손해보험,20,보험계약부채,부채,2,2024.3Q,6034447.394157
KR0003,롯데손해보험,000400,손해보험,20,보험계약부채,부채,2,2024.4Q,6022370.82982
KR0003,롯데손해보험,000400,손해보험,20,보험계약부채,부채,2,2025.1Q,6712201.391681
KR0003,롯데손해보험,000400,손해보험,20,보험계약부채,부채,2,2025.2Q,6505555.0
KR0003,롯데손해보험,000400,손해보험,20,보험계약부채,부채,2,2025.3Q,6509224.0
KR0003,롯데손해보험,000400,손해보험,20,보험계약부채,부채,2,2025.4Q,5996541.0
KR0003,롯데손해보험,000400,손해보험,20,보험계약부채,부채,2,2026.1Q,5388993.0
KR0003,롯데손해보험,000400,손해보험,20,보험계약부채,부채,2,2026.2Q,4690886.0
KR0003,롯데손해보험,000400,손해보험,21,재보험계약부채,부채,2,2023.1Q,363.0
KR0003,롯데손해보험,000400,손해보험,21,재보험계약부채,부채,2,2023.2Q,270.378065
KR0003,롯데손해보험,000400,손해보험,21,재보험계약부채,부채,2,2023.3Q,166.941984
KR0003,롯데손해보험,000400,손해보험,21,재보험계약부채,부채,2,2023.4Q,390.122754
KR0003,롯데손해보험,000400,손해보험,21,재보험계약부채,부채,2,2024.1Q,9693.409139
KR0003,롯데손해보험,000400,손해보험,21,재보험계약부채,부채,2,2024.2Q,410.386557
KR0003,롯데손해보험,000400,손해보험,21,재보험계약부채,부채,2,2024.3Q,263.412099
KR0003,롯데손해보험,000400,손해보험,21,재보험계약부채,부채,2,2024.4Q,331.329408
KR0003,롯데손해보험,000400,손해보험,21,재보험계약부채,부채,2,2025.1Q,541.606907
KR0003,롯데손해보험,000400,손해보험,21,재보험계약부채,부채,2,2025.2Q,1419.0
KR0003,롯데손해보험,000400,손해보험,21,재보험계약부채,부채,2,2025.3Q,2221.0
KR0003,롯데손해보험,000400,손해보험,21,재보험계약부채,부채,2,2025.4Q,0.0
KR0003,롯데손해보험,000400,손해보험,21,재보험계약부채,부채,2,2026.1Q,3610.0
KR0003,롯데손해보험,000400,손해보험,21,재보험계약부채,부채,2,2026.2Q,44.0
KR0003,롯데손해보험,000400,손해보험,22,투자계약부채,부채,2,2023.1Q,6250803.0
KR0003,롯데손해보험,000400,손해보험,22,투자계약부채,부채,2,2023.2Q,6313689.281477
KR0003,롯데손해보험,000400,손해보험,22,투자계약부채,부채,2,2023.3Q,6565733.105398
KR0003,롯데손해보험,000400,손해보험,22,투자계약부채,부채,2,2023.4Q,7221049.176265
KR0003,롯데손해보험,000400,손해보험,22,투자계약부채,부채,2,2024.1Q,7251879.716954
KR0003,롯데손해보험,000400,손해보험,22,투자계약부채,부채,2,2024.2Q,7575810.765767
KR0003,롯데손해보험,000400,손해보험,22,투자계약부채,부채,2,2024.3Q,7460528.810733
KR0003,롯데손해보험,000400,손해보험,22,투자계약부채,부채,2,2024.4Q,7528289.706852
KR0003,롯데손해보험,000400,손해보험,22,투자계약부채,부채,2,2025.1Q,7183486.154439
KR0003,롯데손해보험,000400,손해보험,22,투자계약부채,부채,2,2025.2Q,6665893.0
KR0003,롯데손해보험,000400,손해보험,22,투자계약부채,부채,2,2025.3Q,6599258.0
KR0003,롯데손해보험,000400,손해보험,22,투자계약부채,부채,2,2025.4Q,6528284.0
KR0003,롯데손해보험,000400,손해보험,22,투자계약부채,부채,2,2026.1Q,6211539.0
KR0003,롯데손해보험,000400,손해보험,22,투자계약부채,부채,2,2026.2Q,6230482.0
KR0003,롯데손해보험,000400,손해보험,23,차입부채,부채,2,2023.2Q,968098.342221
KR0003,롯데손해보험,000400,손해보험,23,차입부채,부채,2,2023.3Q,937912.414009
KR0003,롯데손해보험,000400,손해보험,23,차입부채,부채,2,2023.4Q,1007582.920653
KR0003,롯데손해보험,000400,손해보험,23,차입부채,부채,2,2024.1Q,987291.509567
KR0003,롯데손해보험,000400,손해보험,23,차입부채,부채,2,2024.2Q,676787.006248
KR0003,롯데손해보험,000400,손해보험,23,차입부채,부채,2,2024.3Q,686929.356046
KR0003,롯데손해보험,000400,손해보험,23,차입부채,부채,2,2024.4Q,806274.778461
KR0003,롯데손해보험,000400,손해보험,23,차입부채,부채,2,2025.1Q,806384.903373
KR0003,롯데손해보험,000400,손해보험,23,차입부채,부채,2,2025.2Q,806513.0
KR0003,롯데손해보험,000400,손해보험,23,차입부채,부채,2,2025.3Q,806622.0
KR0003,롯데손해보험,000400,손해보험,23,차입부채,부채,2,2025.4Q,806732.0
KR0003,롯데손해보험,000400,손해보험,23,차입부채,부채,2,2026.1Q,806842.0
KR0003,롯데손해보험,000400,손해보험,23,차입부채,부채,2,2026.2Q,806951.0
KR0003,롯데손해보험,000400,손해보험,24,기타부채,부채,2,2023.1Q,13731.0
KR0003,롯데손해보험,000400,손해보험,24,기타부채,부채,2,2023.2Q,12091.260705
KR0003,롯데손해보험,000400,손해보험,24,기타부채,부채,2,2023.3Q,12661.305154
KR0003,롯데손해보험,000400,손해보험,24,기타부채,부채,2,2023.4Q,13954.756662
KR0003,롯데손해보험,000400,손해보험,24,기타부채,부채,2,2024.1Q,17109.118439
KR0003,롯데손해보험,000400,손해보험,24,기타부채,부채,2,2024.2Q,16737.159753
KR0003,롯데손해보험,000400,손해보험,24,기타부채,부채,2,2024.3Q,15435.850523
KR0003,롯데손해보험,000400,손해보험,24,기타부채,부채,2,2024.4Q,16697.556641
KR0003,롯데손해보험,000400,손해보험,24,기타부채,부채,2,2025.1Q,14415.364931
KR0003,롯데손해보험,000400,손해보험,24,기타부채,부채,2,2025.2Q,13385.0
KR0003,롯데손해보험,000400,손해보험,24,기타부채,부채,2,2025.3Q,12819.0
KR0003,롯데손해보험,000400,손해보험,24,기타부채,부채,2,2025.4Q,10778.0
KR0003,롯데손해보험,000400,손해보험,24,기타부채,부채,2,2026.1Q,11739.0
KR0003,롯데손해보험,000400,손해보험,24,기타부채,부채,2,2026.2Q,12923.0
KR0003,롯데손해보험,000400,손해보험,30,자본금,자본,2,2023.1Q,310336.0
KR0003,롯데손해보험,000400,손해보험,30,자본금,자본,2,2023.2Q,310336.32
KR0003,롯데손해보험,000400,손해보험,30,자본금,자본,2,2023.3Q,310336.32
KR0003,롯데손해보험,000400,손해보험,30,자본금,자본,2,2023.4Q,310336.32
KR0003,롯데손해보험,000400,손해보험,30,자본금,자본,2,2024.1Q,310336.32
KR0003,롯데손해보험,000400,손해보험,30,자본금,자본,2,2024.2Q,310336.32
KR0003,롯데손해보험,000400,손해보험,30,자본금,자본,2,2024.3Q,310336.32
KR0003,롯데손해보험,000400,손해보험,30,자본금,자본,2,2024.4Q,310336.32
KR0003,롯데손해보험,000400,손해보험,30,자본금,자본,2,2025.1Q,310336.32
KR0003,롯데손해보험,000400,손해보험,30,자본금,자본,2,2025.2Q,310336.0
KR0003,롯데손해보험,000400,손해보험,30,자본금,자본,2,2025.3Q,310336.0
KR0003,롯데손해보험,000400,손해보험,30,자본금,자본,2,2025.4Q,310336.0
KR0003,롯데손해보험,000400,손해보험,30,자본금,자본,2,2026.1Q,310336.0
KR0003,롯데손해보험,000400,손해보험,30,자본금,자본,2,2026.2Q,310336.0
KR0003,롯데손해보험,000400,손해보험,31,이익잉여금,자본,2,2023.1Q,478798.0
KR0003,롯데손해보험,000400,손해보험,31,이익잉여금,자본,2,2023.3Q,342437.997296
KR0003,롯데손해보험,000400,손해보험,31,이익잉여금,자본,2,2023.4Q,380413.442877
KR0003,롯데손해보험,000400,손해보험,31,이익잉여금,자본,2,2024.1Q,420498.074387
KR0003,롯데손해보험,000400,손해보험,31,이익잉여금,자본,2,2024.2Q,446090.91681
KR0003,롯데손해보험,000400,손해보험,31,이익잉여금,자본,2,2024.3Q,463260.047889
KR0003,롯데손해보험,000400,손해보험,31,이익잉여금,자본,2,2024.4Q,373160.606629
KR0003,롯데손해보험,000400,손해보험,31,이익잉여금,자본,2,2025.1Q,383657.94781
KR0003,롯데손해보험,000400,손해보험,31,이익잉여금,자본,2,2025.2Q,419057.0
KR0003,롯데손해보험,000400,손해보험,31,이익잉여금,자본,2,2025.3Q,469806.0
KR0003,롯데손해보험,000400,손해보험,31,이익잉여금,자본,2,2025.4Q,421851.0
KR0003,롯데손해보험,000400,손해보험,31,이익잉여금,자본,2,2026.1Q,402084.0
KR0003,롯데손해보험,000400,손해보험,31,이익잉여금,자본,2,2026.2Q,403397.0
KR0004,예별손해보험,X,손해보험,1,자산총계,자산,1,2023.4Q,3978176.508089
KR0004,예별손해보험,X,손해보험,1,자산총계,자산,1,2024.4Q,4309818.002676
KR0004,예별손해보험,X,손해보험,1,자산총계,자산,1,2025.4Q,72829.960436
KR0004,예별손해보험,X,손해보험,2,부채총계,부채,1,2023.4Q,3788027.005912
KR0004,예별손해보험,X,손해보험,2,부채총계,부채,1,2024.4Q,4435175.322731
KR0004,예별손해보험,X,손해보험,2,부채총계,부채,1,2025.4Q,406476.937822
KR0004,예별손해보험,X,손해보험,3,자본총계,자본,1,2023.4Q,190149.502177
KR0004,예별손해보험,X,손해보험,3,자본총계,자본,1,2024.4Q,-125357.320055
KR0004,예별손해보험,X,손해보험,3,자본총계,자본,1,2025.4Q,-333646.977386
KR0004,예별손해보험,X,손해보험,4,기타포괄손익 누계액,자본,2,2023.4Q,221671.201682
KR0004,예별손해보험,X,손해보험,4,기타포괄손익 누계액,자본,2,2024.4Q,49495.799882
KR0004,예별손해보험,X,손해보험,4,기타포괄손익 누계액,자본,2,2025.4Q,-1976.031851
KR0004,예별손해보험,X,손해보험,10,현금및현금성자산,자산,2,2023.4Q,11950.560203
KR0004,예별손해보험,X,손해보험,10,현금및현금성자산,자산,2,2024.4Q,8122.900364
KR0004,예별손해보험,X,손해보험,10,현금및현금성자산,자산,2,2025.4Q,911.178423
KR0004,예별손해보험,X,손해보험,11,당기손익-공정가치측정금융자산,자산,2,2023.4Q,997090.30397
KR0004,예별손해보험,X,손해보험,11,당기손익-공정가치측정금융자산,자산,2,2024.4Q,950650.180938
KR0004,예별손해보험,X,손해보험,11,당기손익-공정가치측정금융자산,자산,2,2025.4Q,10125.751065
KR0004,예별손해보험,X,손해보험,12,기타포괄손익-공정가치측정금융자산,자산,2,2023.4Q,2545087.343509
KR0004,예별손해보험,X,손해보험,12,기타포괄손익-공정가치측정금융자산,자산,2,2024.4Q,2943326.365571
KR0004,예별손해보험,X,손해보험,12,기타포괄손익-공정가치측정금융자산,자산,2,2025.4Q,43175.672539
KR0004,예별손해보험,X,손해보험,13,상각후원가측정금융자산,자산,2,2023.4Q,139653.618545
KR0004,예별손해보험,X,손해보험,13,상각후원가측정금융자산,자산,2,2024.4Q,181320.997759
KR0004,예별손해보험,X,손해보험,13,상각후원가측정금융자산,자산,2,2025.4Q,1070.939534
KR0004,예별손해보험,X,손해보험,14,재보험계약자산,자산,2,2023.4Q,98605.289368
KR0004,예별손해보험,X,손해보험,14,재보험계약자산,자산,2,2024.4Q,94663.952469
KR0004,예별손해보험,X,손해보험,15,유형자산,자산,2,2023.4Q,12383.372721
KR0004,예별손해보험,X,손해보험,15,유형자산,자산,2,2024.4Q,10392.073633
KR0004,예별손해보험,X,손해보험,15,유형자산,자산,2,2025.4Q,175.968741
KR0004,예별손해보험,X,손해보험,20,보험계약부채,부채,2,2023.4Q,3548599.379524
KR0004,예별손해보험,X,손해보험,20,보험계약부채,부채,2,2024.4Q,4184228.015769
KR0004,예별손해보험,X,손해보험,21,재보험계약부채,부채,2,2023.4Q,1607.703834
KR0004,예별손해보험,X,손해보험,21,재보험계약부채,부채,2,2024.4Q,5.02875
KR0004,예별손해보험,X,손해보험,24,기타부채,부채,2,2023.4Q,61388.245353
KR0004,예별손해보험,X,손해보험,24,기타부채,부채,2,2024.4Q,6210.600008
KR0004,예별손해보험,X,손해보험,24,기타부채,부채,2,2025.4Q,281.607587
KR0004,예별손해보험,X,손해보험,30,자본금,자본,2,2023.4Q,124770.535
KR0004,예별손해보험,X,손해보험,30,자본금,자본,2,2024.4Q,124770.535
KR0004,예별손해보험,X,손해보험,30,자본금,자본,2,2025.4Q,124770.535
KR0005,흥국화재,000540,손해보험,1,자산총계,자산,1,2023.3Q,11118886.0
KR0005,흥국화재,000540,손해보험,1,자산총계,자산,1,2023.4Q,12031553.0
KR0005,흥국화재,000540,손해보험,1,자산총계,자산,1,2024.1Q,11680240.0
KR0005,흥국화재,000540,손해보험,1,자산총계,자산,1,2024.2Q,11993166.0
KR0005,흥국화재,000540,손해보험,1,자산총계,자산,1,2024.3Q,12777081.0
KR0005,흥국화재,000540,손해보험,1,자산총계,자산,1,2024.4Q,12894689.0
KR0005,흥국화재,000540,손해보험,1,자산총계,자산,1,2025.1Q,13676565.0
KR0005,흥국화재,000540,손해보험,1,자산총계,자산,1,2025.2Q,13181966.0
KR0005,흥국화재,000540,손해보험,1,자산총계,자산,1,2025.3Q,13116928.0
KR0005,흥국화재,000540,손해보험,1,자산총계,자산,1,2025.4Q,12502141.0
KR0005,흥국화재,000540,손해보험,1,자산총계,자산,1,2026.1Q,11936905.0
KR0005,흥국화재,000540,손해보험,1,자산총계,자산,1,2026.2Q,11409047.0
KR0005,흥국화재,000540,손해보험,2,부채총계,부채,1,2023.3Q,9697858.0
KR0005,흥국화재,000540,손해보험,2,부채총계,부채,1,2023.4Q,10670878.0
KR0005,흥국화재,000540,손해보험,2,부채총계,부채,1,2024.1Q,10581620.0
KR0005,흥국화재,000540,손해보험,2,부채총계,부채,1,2024.2Q,11102416.0
KR0005,흥국화재,000540,손해보험,2,부채총계,부채,1,2024.3Q,11845294.0
KR0005,흥국화재,000540,손해보험,2,부채총계,부채,1,2024.4Q,12122030.0
KR0005,흥국화재,000540,손해보험,2,부채총계,부채,1,2025.1Q,12781881.0
KR0005,흥국화재,000540,손해보험,2,부채총계,부채,1,2025.2Q,12298365.0
KR0005,흥국화재,000540,손해보험,2,부채총계,부채,1,2025.3Q,12236700.0
KR0005,흥국화재,000540,손해보험,2,부채총계,부채,1,2025.4Q,11665273.0
KR0005,흥국화재,000540,손해보험,2,부채총계,부채,1,2026.1Q,11019843.0
KR0005,흥국화재,000540,손해보험,2,부채총계,부채,1,2026.2Q,10312612.0
KR0005,흥국화재,000540,손해보험,3,자본총계,자본,1,2023.3Q,1421028.0
KR0005,흥국화재,000540,손해보험,3,자본총계,자본,1,2023.4Q,1360675.0
KR0005,흥국화재,000540,손해보험,3,자본총계,자본,1,2024.1Q,1098620.0
KR0005,흥국화재,000540,손해보험,3,자본총계,자본,1,2024.2Q,890750.0
KR0005,흥국화재,000540,손해보험,3,자본총계,자본,1,2024.3Q,931787.0
KR0005,흥국화재,000540,손해보험,3,자본총계,자본,1,2024.4Q,772659.0
KR0005,흥국화재,000540,손해보험,3,자본총계,자본,1,2025.1Q,894684.0
KR0005,흥국화재,000540,손해보험,3,자본총계,자본,1,2025.2Q,883601.0
KR0005,흥국화재,000540,손해보험,3,자본총계,자본,1,2025.3Q,880228.0
KR0005,흥국화재,000540,손해보험,3,자본총계,자본,1,2025.4Q,836868.0
KR0005,흥국화재,000540,손해보험,3,자본총계,자본,1,2026.1Q,917062.0
KR0005,흥국화재,000540,손해보험,3,자본총계,자본,1,2026.2Q,1096435.0
KR0005,흥국화재,000540,손해보험,4,기타포괄손익 누계액,자본,2,2023.3Q,517595.0
KR0005,흥국화재,000540,손해보험,4,기타포괄손익 누계액,자본,2,2023.4Q,327581.0
KR0005,흥국화재,000540,손해보험,4,기타포괄손익 누계액,자본,2,2024.1Q,19430.0
KR0005,흥국화재,000540,손해보험,4,기타포괄손익 누계액,자본,2,2024.2Q,-242885.0
KR0005,흥국화재,000540,손해보험,4,기타포괄손익 누계액,자본,2,2024.3Q,-270169.0
KR0005,흥국화재,000540,손해보험,4,기타포괄손익 누계액,자본,2,2024.4Q,-333648.0
KR0005,흥국화재,000540,손해보험,4,기타포괄손익 누계액,자본,2,2025.1Q,-528551.0
KR0005,흥국화재,000540,손해보험,4,기타포괄손익 누계액,자본,2,2025.2Q,-544811.0
KR0005,흥국화재,000540,손해보험,4,기타포괄손익 누계액,자본,2,2025.3Q,-569875.0
KR0005,흥국화재,000540,손해보험,4,기타포괄손익 누계액,자본,2,2025.4Q,-598339.0
KR0005,흥국화재,000540,손해보험,4,기타포괄손익 누계액,자본,2,2026.1Q,-512516.0
KR0005,흥국화재,000540,손해보험,4,기타포괄손익 누계액,자본,2,2026.2Q,-352388.0
KR0005,흥국화재,000540,손해보험,5,해약환급금준비금 적립액,준비금,2,2023.3Q,102124.0
KR0005,흥국화재,000540,손해보험,5,해약환급금준비금 적립액,준비금,2,2023.4Q,275744.0
KR0005,흥국화재,000540,손해보험,5,해약환급금준비금 적립액,준비금,2,2024.1Q,270206.0
KR0005,흥국화재,000540,손해보험,5,해약환급금준비금 적립액,준비금,2,2024.2Q,280221.0
KR0005,흥국화재,000540,손해보험,5,해약환급금준비금 적립액,준비금,2,2024.3Q,304544.0
KR0005,흥국화재,000540,손해보험,5,해약환급금준비금 적립액,준비금,2,2024.4Q,264061.0
KR0005,흥국화재,000540,손해보험,5,해약환급금준비금 적립액,준비금,2,2025.1Q,305846.0
KR0005,흥국화재,000540,손해보험,5,해약환급금준비금 적립액,준비금,2,2025.2Q,311018.0
KR0005,흥국화재,000540,손해보험,5,해약환급금준비금 적립액,준비금,2,2025.3Q,375124.0
KR0005,흥국화재,000540,손해보험,5,해약환급금준비금 적립액,준비금,2,2025.4Q,442593.0
KR0005,흥국화재,000540,손해보험,5,해약환급금준비금 적립액,준비금,2,2026.1Q,580245.0
KR0005,흥국화재,000540,손해보험,5,해약환급금준비금 적립액,준비금,2,2026.2Q,595729.0
KR0005,흥국화재,000540,손해보험,6,비상위험준비금 적립액,준비금,2,2023.3Q,34923.0
KR0005,흥국화재,000540,손해보험,6,비상위험준비금 적립액,준비금,2,2023.4Q,35976.0
KR0005,흥국화재,000540,손해보험,6,비상위험준비금 적립액,준비금,2,2024.1Q,37089.0
KR0005,흥국화재,000540,손해보험,6,비상위험준비금 적립액,준비금,2,2024.2Q,38262.0
KR0005,흥국화재,000540,손해보험,6,비상위험준비금 적립액,준비금,2,2024.3Q,39324.0
KR0005,흥국화재,000540,손해보험,6,비상위험준비금 적립액,준비금,2,2024.4Q,40345.0
KR0005,흥국화재,000540,손해보험,6,비상위험준비금 적립액,준비금,2,2025.1Q,41808.0
KR0005,흥국화재,000540,손해보험,6,비상위험준비금 적립액,준비금,2,2025.2Q,43153.0
KR0005,흥국화재,000540,손해보험,6,비상위험준비금 적립액,준비금,2,2025.3Q,44476.0
KR0005,흥국화재,000540,손해보험,6,비상위험준비금 적립액,준비금,2,2025.4Q,42591.0
KR0005,흥국화재,000540,손해보험,6,비상위험준비금 적립액,준비금,2,2026.1Q,43605.0
KR0005,흥국화재,000540,손해보험,6,비상위험준비금 적립액,준비금,2,2026.2Q,44482.0
KR0005,흥국화재,000540,손해보험,7,대손준비금 적립액,준비금,2,2023.3Q,18681.0
KR0005,흥국화재,000540,손해보험,7,대손준비금 적립액,준비금,2,2023.4Q,22437.0
KR0005,흥국화재,000540,손해보험,7,대손준비금 적립액,준비금,2,2024.1Q,23549.0
KR0005,흥국화재,000540,손해보험,7,대손준비금 적립액,준비금,2,2024.2Q,25785.0
KR0005,흥국화재,000540,손해보험,7,대손준비금 적립액,준비금,2,2024.3Q,30291.0
KR0005,흥국화재,000540,손해보험,7,대손준비금 적립액,준비금,2,2024.4Q,47809.0
KR0005,흥국화재,000540,손해보험,7,대손준비금 적립액,준비금,2,2025.1Q,49662.0
KR0005,흥국화재,000540,손해보험,7,대손준비금 적립액,준비금,2,2025.2Q,41463.0
KR0005,흥국화재,000540,손해보험,7,대손준비금 적립액,준비금,2,2025.3Q,40196.0
KR0005,흥국화재,000540,손해보험,7,대손준비금 적립액,준비금,2,2025.4Q,55173.0
KR0005,흥국화재,000540,손해보험,7,대손준비금 적립액,준비금,2,2026.1Q,68644.0
KR0005,흥국화재,000540,손해보험,7,대손준비금 적립액,준비금,2,2026.2Q,71528.0
KR0005,흥국화재,000540,손해보험,10,현금및현금성자산,자산,2,2023.3Q,110014.0
KR0005,흥국화재,000540,손해보험,10,현금및현금성자산,자산,2,2023.4Q,72634.0
KR0005,흥국화재,000540,손해보험,10,현금및현금성자산,자산,2,2024.1Q,85388.0
KR0005,흥국화재,000540,손해보험,10,현금및현금성자산,자산,2,2024.2Q,121200.0
KR0005,흥국화재,000540,손해보험,10,현금및현금성자산,자산,2,2024.3Q,125966.0
KR0005,흥국화재,000540,손해보험,10,현금및현금성자산,자산,2,2024.4Q,139754.0
KR0005,흥국화재,000540,손해보험,10,현금및현금성자산,자산,2,2025.1Q,162958.0
KR0005,흥국화재,000540,손해보험,10,현금및현금성자산,자산,2,2025.2Q,107975.0
KR0005,흥국화재,000540,손해보험,10,현금및현금성자산,자산,2,2025.3Q,102570.0
KR0005,흥국화재,000540,손해보험,10,현금및현금성자산,자산,2,2025.4Q,139197.0
KR0005,흥국화재,000540,손해보험,10,현금및현금성자산,자산,2,2026.1Q,181745.0
KR0005,흥국화재,000540,손해보험,10,현금및현금성자산,자산,2,2026.2Q,143465.0
KR0005,흥국화재,000540,손해보험,11,당기손익-공정가치측정금융자산,자산,2,2023.3Q,3271867.0
KR0005,흥국화재,000540,손해보험,11,당기손익-공정가치측정금융자산,자산,2,2023.4Q,3498022.0
KR0005,흥국화재,000540,손해보험,11,당기손익-공정가치측정금융자산,자산,2,2024.1Q,3315352.0
KR0005,흥국화재,000540,손해보험,11,당기손익-공정가치측정금융자산,자산,2,2024.2Q,3207379.0
KR0005,흥국화재,000540,손해보험,11,당기손익-공정가치측정금융자산,자산,2,2024.3Q,3377580.0
KR0005,흥국화재,000540,손해보험,11,당기손익-공정가치측정금융자산,자산,2,2024.4Q,3117411.0
KR0005,흥국화재,000540,손해보험,11,당기손익-공정가치측정금융자산,자산,2,2025.1Q,3368718.0
KR0005,흥국화재,000540,손해보험,11,당기손익-공정가치측정금융자산,자산,2,2025.2Q,3073322.0
KR0005,흥국화재,000540,손해보험,11,당기손익-공정가치측정금융자산,자산,2,2025.3Q,3019743.0
KR0005,흥국화재,000540,손해보험,11,당기손익-공정가치측정금융자산,자산,2,2025.4Q,2892236.0
KR0005,흥국화재,000540,손해보험,11,당기손익-공정가치측정금융자산,자산,2,2026.1Q,2945028.0
KR0005,흥국화재,000540,손해보험,11,당기손익-공정가치측정금융자산,자산,2,2026.2Q,2910548.0
KR0005,흥국화재,000540,손해보험,12,기타포괄손익-공정가치측정금융자산,자산,2,2023.3Q,4625637.0
KR0005,흥국화재,000540,손해보험,12,기타포괄손익-공정가치측정금융자산,자산,2,2023.4Q,5280979.0
KR0005,흥국화재,000540,손해보험,12,기타포괄손익-공정가치측정금융자산,자산,2,2024.1Q,5288959.0
KR0005,흥국화재,000540,손해보험,12,기타포괄손익-공정가치측정금융자산,자산,2,2024.2Q,5646118.0
KR0005,흥국화재,000540,손해보험,12,기타포괄손익-공정가치측정금융자산,자산,2,2024.3Q,6169104.0
KR0005,흥국화재,000540,손해보험,12,기타포괄손익-공정가치측정금융자산,자산,2,2024.4Q,6509074.0
KR0005,흥국화재,000540,손해보험,12,기타포괄손익-공정가치측정금융자산,자산,2,2025.1Q,7040225.0
KR0005,흥국화재,000540,손해보험,12,기타포괄손익-공정가치측정금융자산,자산,2,2025.2Q,7082861.0
KR0005,흥국화재,000540,손해보험,12,기타포괄손익-공정가치측정금융자산,자산,2,2025.3Q,7186305.0
KR0005,흥국화재,000540,손해보험,12,기타포괄손익-공정가치측정금융자산,자산,2,2025.4Q,6724950.0
KR0005,흥국화재,000540,손해보험,12,기타포괄손익-공정가치측정금융자산,자산,2,2026.1Q,6179071.0
KR0005,흥국화재,000540,손해보험,12,기타포괄손익-공정가치측정금융자산,자산,2,2026.2Q,5862453.0
KR0005,흥국화재,000540,손해보험,13,상각후원가측정금융자산,자산,2,2023.3Q,2551653.0
KR0005,흥국화재,000540,손해보험,13,상각후원가측정금융자산,자산,2,2023.4Q,2494238.0
KR0005,흥국화재,000540,손해보험,13,상각후원가측정금융자산,자산,2,2024.1Q,2424621.0
KR0005,흥국화재,000540,손해보험,13,상각후원가측정금융자산,자산,2,2024.2Q,2409588.0
KR0005,흥국화재,000540,손해보험,13,상각후원가측정금융자산,자산,2,2024.3Q,2330313.0
KR0005,흥국화재,000540,손해보험,13,상각후원가측정금융자산,자산,2,2024.4Q,2325293.0
KR0005,흥국화재,000540,손해보험,13,상각후원가측정금융자산,자산,2,2025.1Q,2136623.0
KR0005,흥국화재,000540,손해보험,13,상각후원가측정금융자산,자산,2,2025.2Q,2043529.0
KR0005,흥국화재,000540,손해보험,13,상각후원가측정금융자산,자산,2,2025.3Q,1995871.0
KR0005,흥국화재,000540,손해보험,13,상각후원가측정금융자산,자산,2,2025.4Q,2020612.0
KR0005,흥국화재,000540,손해보험,13,상각후원가측정금융자산,자산,2,2026.1Q,1965652.0
KR0005,흥국화재,000540,손해보험,13,상각후원가측정금융자산,자산,2,2026.2Q,1916398.0
KR0005,흥국화재,000540,손해보험,14,재보험계약자산,자산,2,2023.3Q,199233.0
KR0005,흥국화재,000540,손해보험,14,재보험계약자산,자산,2,2023.4Q,232380.0
KR0005,흥국화재,000540,손해보험,14,재보험계약자산,자산,2,2024.1Q,220772.0
KR0005,흥국화재,000540,손해보험,14,재보험계약자산,자산,2,2024.2Q,226494.0
KR0005,흥국화재,000540,손해보험,14,재보험계약자산,자산,2,2024.3Q,243311.0
KR0005,흥국화재,000540,손해보험,14,재보험계약자산,자산,2,2024.4Q,243714.0
KR0005,흥국화재,000540,손해보험,14,재보험계약자산,자산,2,2025.1Q,286639.0
KR0005,흥국화재,000540,손해보험,14,재보험계약자산,자산,2,2025.2Q,276302.0
KR0005,흥국화재,000540,손해보험,14,재보험계약자산,자산,2,2025.3Q,260504.0
KR0005,흥국화재,000540,손해보험,14,재보험계약자산,자산,2,2025.4Q,271515.0
KR0005,흥국화재,000540,손해보험,14,재보험계약자산,자산,2,2026.1Q,239862.0
KR0005,흥국화재,000540,손해보험,14,재보험계약자산,자산,2,2026.2Q,214962.0
KR0005,흥국화재,000540,손해보험,15,유형자산,자산,2,2023.3Q,137340.0
KR0005,흥국화재,000540,손해보험,15,유형자산,자산,2,2023.4Q,137952.0
KR0005,흥국화재,000540,손해보험,15,유형자산,자산,2,2024.1Q,136756.0
KR0005,흥국화재,000540,손해보험,15,유형자산,자산,2,2024.2Q,136152.0
KR0005,흥국화재,000540,손해보험,15,유형자산,자산,2,2024.3Q,135363.0
KR0005,흥국화재,000540,손해보험,15,유형자산,자산,2,2024.4Q,136056.0
KR0005,흥국화재,000540,손해보험,15,유형자산,자산,2,2025.1Q,135040.0
KR0005,흥국화재,000540,손해보험,15,유형자산,자산,2,2025.2Q,138506.0
KR0005,흥국화재,000540,손해보험,15,유형자산,자산,2,2025.3Q,137613.0
KR0005,흥국화재,000540,손해보험,15,유형자산,자산,2,2025.4Q,146597.0
KR0005,흥국화재,000540,손해보험,15,유형자산,자산,2,2026.1Q,146310.0
KR0005,흥국화재,000540,손해보험,15,유형자산,자산,2,2026.2Q,146734.0
KR0005,흥국화재,000540,손해보험,20,보험계약부채,부채,2,2023.3Q,8724609.0
KR0005,흥국화재,000540,손해보험,20,보험계약부채,부채,2,2023.4Q,9960742.0
KR0005,흥국화재,000540,손해보험,20,보험계약부채,부채,2,2024.1Q,10024208.0
KR0005,흥국화재,000540,손해보험,20,보험계약부채,부채,2,2024.2Q,10578882.0
KR0005,흥국화재,000540,손해보험,20,보험계약부채,부채,2,2024.3Q,11230421.0
KR0005,흥국화재,000540,손해보험,20,보험계약부채,부채,2,2024.4Q,11414733.0
KR0005,흥국화재,000540,손해보험,20,보험계약부채,부채,2,2025.1Q,12114467.0
KR0005,흥국화재,000540,손해보험,20,보험계약부채,부채,2,2025.2Q,11860335.0
KR0005,흥국화재,000540,손해보험,20,보험계약부채,부채,2,2025.3Q,11773705.0
KR0005,흥국화재,000540,손해보험,20,보험계약부채,부채,2,2025.4Q,11077243.0
KR0005,흥국화재,000540,손해보험,20,보험계약부채,부채,2,2026.1Q,10161352.0
KR0005,흥국화재,000540,손해보험,20,보험계약부채,부채,2,2026.2Q,9341224.0
KR0005,흥국화재,000540,손해보험,21,재보험계약부채,부채,2,2023.3Q,15.0
KR0005,흥국화재,000540,손해보험,21,재보험계약부채,부채,2,2023.4Q,100.0
KR0005,흥국화재,000540,손해보험,21,재보험계약부채,부채,2,2024.1Q,209.0
KR0005,흥국화재,000540,손해보험,21,재보험계약부채,부채,2,2024.2Q,201.0
KR0005,흥국화재,000540,손해보험,21,재보험계약부채,부채,2,2024.3Q,217.0
KR0005,흥국화재,000540,손해보험,21,재보험계약부채,부채,2,2024.4Q,263.0
KR0005,흥국화재,000540,손해보험,21,재보험계약부채,부채,2,2025.1Q,16.0
KR0005,흥국화재,000540,손해보험,21,재보험계약부채,부채,2,2025.2Q,335.0
KR0005,흥국화재,000540,손해보험,21,재보험계약부채,부채,2,2025.3Q,15.0
KR0005,흥국화재,000540,손해보험,21,재보험계약부채,부채,2,2025.4Q,16.0
KR0005,흥국화재,000540,손해보험,21,재보험계약부채,부채,2,2026.1Q,116.0
KR0005,흥국화재,000540,손해보험,21,재보험계약부채,부채,2,2026.2Q,27.0
KR0005,흥국화재,000540,손해보험,22,투자계약부채,부채,2,2026.2Q,23.0
KR0005,흥국화재,000540,손해보험,24,기타부채,부채,2,2023.3Q,10934.0
KR0005,흥국화재,000540,손해보험,24,기타부채,부채,2,2023.4Q,15428.0
KR0005,흥국화재,000540,손해보험,24,기타부채,부채,2,2024.1Q,17739.0
KR0005,흥국화재,000540,손해보험,24,기타부채,부채,2,2024.2Q,22716.0
KR0005,흥국화재,000540,손해보험,24,기타부채,부채,2,2024.3Q,6092.0
KR0005,흥국화재,000540,손해보험,24,기타부채,부채,2,2024.4Q,6551.0
KR0005,흥국화재,000540,손해보험,24,기타부채,부채,2,2025.1Q,6037.0
KR0005,흥국화재,000540,손해보험,24,기타부채,부채,2,2025.2Q,4463.0
KR0005,흥국화재,000540,손해보험,24,기타부채,부채,2,2025.3Q,3706.0
KR0005,흥국화재,000540,손해보험,24,기타부채,부채,2,2025.4Q,5392.0
KR0005,흥국화재,000540,손해보험,24,기타부채,부채,2,2026.1Q,4571.0
KR0005,흥국화재,000540,손해보험,24,기타부채,부채,2,2026.2Q,5624.0
KR0005,흥국화재,000540,손해보험,30,자본금,자본,2,2023.3Q,325821.0
KR0005,흥국화재,000540,손해보험,30,자본금,자본,2,2023.4Q,325821.0
KR0005,흥국화재,000540,손해보험,30,자본금,자본,2,2024.1Q,325821.0
KR0005,흥국화재,000540,손해보험,30,자본금,자본,2,2024.2Q,325821.0
KR0005,흥국화재,000540,손해보험,30,자본금,자본,2,2024.3Q,325821.0
KR0005,흥국화재,000540,손해보험,30,자본금,자본,2,2024.4Q,325821.0
KR0005,흥국화재,000540,손해보험,30,자본금,자본,2,2025.1Q,325821.0
KR0005,흥국화재,000540,손해보험,30,자본금,자본,2,2025.2Q,325821.0
KR0005,흥국화재,000540,손해보험,30,자본금,자본,2,2025.3Q,325821.0
KR0005,흥국화재,000540,손해보험,30,자본금,자본,2,2025.4Q,325821.0
KR0005,흥국화재,000540,손해보험,30,자본금,자본,2,2026.1Q,325821.0
KR0005,흥국화재,000540,손해보험,30,자본금,자본,2,2026.2Q,325821.0
KR0005,흥국화재,000540,손해보험,31,이익잉여금,자본,2,2023.3Q,365612.0
KR0005,흥국화재,000540,손해보험,31,이익잉여금,자본,2,2023.4Q,495273.0
KR0005,흥국화재,000540,손해보험,31,이익잉여금,자본,2,2024.1Q,541369.0
KR0005,흥국화재,000540,손해보험,31,이익잉여금,자본,2,2024.2Q,595814.0
KR0005,흥국화재,000540,손해보험,31,이익잉여금,자본,2,2024.3Q,664135.0
KR0005,흥국화재,000540,손해보험,31,이익잉여금,자본,2,2024.4Q,568486.0
KR0005,흥국화재,000540,손해보험,31,이익잉여금,자본,2,2025.1Q,686151.0
KR0005,흥국화재,000540,손해보험,31,이익잉여금,자본,2,2025.2Q,691328.0
KR0005,흥국화재,000540,손해보험,31,이익잉여금,자본,2,2025.3Q,713019.0
KR0005,흥국화재,000540,손해보험,31,이익잉여금,자본,2,2025.4Q,698123.0
KR0005,흥국화재,000540,손해보험,31,이익잉여금,자본,2,2026.1Q,692494.0
KR0005,흥국화재,000540,손해보험,31,이익잉여금,자본,2,2026.2Q,711739.0
KR0008,삼성화재해상보험,000810,손해보험,1,자산총계,자산,1,2023.1Q,80130885.446961
KR0008,삼성화재해상보험,000810,손해보험,1,자산총계,자산,1,2023.2Q,79968405.54352
KR0008,삼성화재해상보험,000810,손해보험,1,자산총계,자산,1,2023.3Q,79347820.790382
KR0008,삼성화재해상보험,000810,손해보험,1,자산총계,자산,1,2023.4Q,83617400.318567
KR0008,삼성화재해상보험,000810,손해보험,1,자산총계,자산,1,2024.1Q,83714029.866905
KR0008,삼성화재해상보험,000810,손해보험,1,자산총계,자산,1,2024.2Q,84327200.252735
KR0008,삼성화재해상보험,000810,손해보험,1,자산총계,자산,1,2024.3Q,83687338.155677
KR0008,삼성화재해상보험,000810,손해보험,1,자산총계,자산,1,2024.4Q,85223562.940379
KR0008,삼성화재해상보험,000810,손해보험,1,자산총계,자산,1,2025.1Q,86372190.309067
KR0008,삼성화재해상보험,000810,손해보험,1,자산총계,자산,1,2025.2Q,86078393.878755
KR0008,삼성화재해상보험,000810,손해보험,1,자산총계,자산,1,2025.3Q,88148171.915125
KR0008,삼성화재해상보험,000810,손해보험,1,자산총계,자산,1,2025.4Q,93809044.479173
KR0008,삼성화재해상보험,000810,손해보험,1,자산총계,자산,1,2026.1Q,97882334.562957
KR0008,삼성화재해상보험,000810,손해보험,1,자산총계,자산,1,2026.2Q,112443601.327106
KR0008,삼성화재해상보험,000810,손해보험,2,부채총계,부채,1,2023.1Q,67102614.34126
KR0008,삼성화재해상보험,000810,손해보험,2,부채총계,부채,1,2023.2Q,65566229.803336
KR0008,삼성화재해상보험,000810,손해보험,2,부채총계,부채,1,2023.3Q,64726351.328828
KR0008,삼성화재해상보험,000810,손해보험,2,부채총계,부채,1,2023.4Q,67712224.851601
KR0008,삼성화재해상보험,000810,손해보험,2,부채총계,부채,1,2024.1Q,67683305.224764
KR0008,삼성화재해상보험,000810,손해보험,2,부채총계,부채,1,2024.2Q,67884206.050274
KR0008,삼성화재해상보험,000810,손해보험,2,부채총계,부채,1,2024.3Q,67800796.062283
KR0008,삼성화재해상보험,000810,손해보험,2,부채총계,부채,1,2024.4Q,69927725.392902
KR0008,삼성화재해상보험,000810,손해보험,2,부채총계,부채,1,2025.1Q,71349476.577413
KR0008,삼성화재해상보험,000810,손해보험,2,부채총계,부채,1,2025.2Q,70054256.140402
KR0008,삼성화재해상보험,000810,손해보험,2,부채총계,부채,1,2025.3Q,70041296.881247
KR0008,삼성화재해상보험,000810,손해보험,2,부채총계,부채,1,2025.4Q,73181267.24113
KR0008,삼성화재해상보험,000810,손해보험,2,부채총계,부채,1,2026.1Q,74480197.568725
KR0008,삼성화재해상보험,000810,손해보험,2,부채총계,부채,1,2026.2Q,77098067.164076
KR0008,삼성화재해상보험,000810,손해보험,3,자본총계,자본,1,2023.1Q,13028271.105701
KR0008,삼성화재해상보험,000810,손해보험,3,자본총계,자본,1,2023.2Q,14402175.740184
KR0008,삼성화재해상보험,000810,손해보험,3,자본총계,자본,1,2023.3Q,14621469.461554
KR0008,삼성화재해상보험,000810,손해보험,3,자본총계,자본,1,2023.4Q,15905175.466966
KR0008,삼성화재해상보험,000810,손해보험,3,자본총계,자본,1,2024.1Q,16030724.642141
KR0008,삼성화재해상보험,000810,손해보험,3,자본총계,자본,1,2024.2Q,16442994.202461
KR0008,삼성화재해상보험,000810,손해보험,3,자본총계,자본,1,2024.3Q,15886542.093394
KR0008,삼성화재해상보험,000810,손해보험,3,자본총계,자본,1,2024.4Q,15295837.547477
KR0008,삼성화재해상보험,000810,손해보험,3,자본총계,자본,1,2025.1Q,15022713.731654
KR0008,삼성화재해상보험,000810,손해보험,3,자본총계,자본,1,2025.2Q,16024137.738353
KR0008,삼성화재해상보험,000810,손해보험,3,자본총계,자본,1,2025.3Q,18106875.033878
KR0008,삼성화재해상보험,000810,손해보험,3,자본총계,자본,1,2025.4Q,20627777.238043
KR0008,삼성화재해상보험,000810,손해보험,3,자본총계,자본,1,2026.1Q,23402136.994232
KR0008,삼성화재해상보험,000810,손해보험,3,자본총계,자본,1,2026.2Q,35345534.16303
KR0008,삼성화재해상보험,000810,손해보험,4,기타포괄손익 누계액,자본,2,2023.1Q,2696841.869185
KR0008,삼성화재해상보험,000810,손해보험,4,기타포괄손익 누계액,자본,2,2023.2Q,3458950.268253
KR0008,삼성화재해상보험,000810,손해보험,4,기타포괄손익 누계액,자본,2,2023.3Q,3275034.122245
KR0008,삼성화재해상보험,000810,손해보험,4,기타포괄손익 누계액,자본,2,2023.4Q,4343488.248398
KR0008,삼성화재해상보험,000810,손해보험,4,기타포괄손익 누계액,자본,2,2024.1Q,4465332.507236
KR0008,삼성화재해상보험,000810,손해보험,4,기타포괄손익 누계액,자본,2,2024.2Q,4284265.428192
KR0008,삼성화재해상보험,000810,손해보험,4,기타포괄손익 누계액,자본,2,2024.3Q,3170590.178062
KR0008,삼성화재해상보험,000810,손해보험,4,기타포괄손익 누계액,자본,2,2024.4Q,2368463.818689
KR0008,삼성화재해상보험,000810,손해보험,4,기타포괄손익 누계액,자본,2,2025.1Q,2307195.774284
KR0008,삼성화재해상보험,000810,손해보험,4,기타포괄손익 누계액,자본,2,2025.2Q,2920605.105803
KR0008,삼성화재해상보험,000810,손해보험,4,기타포괄손익 누계액,자본,2,2025.3Q,4494421.411275
KR0008,삼성화재해상보험,000810,손해보험,4,기타포괄손익 누계액,자본,2,2025.4Q,6787628.922989
KR0008,삼성화재해상보험,000810,손해보험,4,기타포괄손익 누계액,자본,2,2026.1Q,9664009.907876
KR0008,삼성화재해상보험,000810,손해보험,4,기타포괄손익 누계액,자본,2,2026.2Q,20923501.580514
KR0008,삼성화재해상보험,000810,손해보험,5,해약환급금준비금 적립액,준비금,2,2023.1Q,259133.878716
KR0008,삼성화재해상보험,000810,손해보험,5,해약환급금준비금 적립액,준비금,2,2023.2Q,556503.49083
KR0008,삼성화재해상보험,000810,손해보험,5,해약환급금준비금 적립액,준비금,2,2023.3Q,916764.435901
KR0008,삼성화재해상보험,000810,손해보험,5,해약환급금준비금 적립액,준비금,2,2023.4Q,1180012.136359
KR0008,삼성화재해상보험,000810,손해보험,5,해약환급금준비금 적립액,준비금,2,2024.1Q,1419681.791873
KR0008,삼성화재해상보험,000810,손해보험,5,해약환급금준비금 적립액,준비금,2,2024.2Q,1834100.274206
KR0008,삼성화재해상보험,000810,손해보험,5,해약환급금준비금 적립액,준비금,2,2024.3Q,2284035.102655
KR0008,삼성화재해상보험,000810,손해보험,5,해약환급금준비금 적립액,준비금,2,2024.4Q,2213099.295302
KR0008,삼성화재해상보험,000810,손해보험,5,해약환급금준비금 적립액,준비금,2,2025.1Q,2686847.066176
KR0008,삼성화재해상보험,000810,손해보험,5,해약환급금준비금 적립액,준비금,2,2025.2Q,3191993.789572
KR0008,삼성화재해상보험,000810,손해보험,5,해약환급금준비금 적립액,준비금,2,2025.3Q,3668240.59648
KR0008,삼성화재해상보험,000810,손해보험,5,해약환급금준비금 적립액,준비금,2,2025.4Q,4130069.96953
KR0008,삼성화재해상보험,000810,손해보험,5,해약환급금준비금 적립액,준비금,2,2026.1Q,4665104.491415
KR0008,삼성화재해상보험,000810,손해보험,5,해약환급금준비금 적립액,준비금,2,2026.2Q,5217032.757454
KR0008,삼성화재해상보험,000810,손해보험,6,비상위험준비금 적립액,준비금,2,2023.1Q,2572265.0
KR0008,삼성화재해상보험,000810,손해보험,6,비상위험준비금 적립액,준비금,2,2023.2Q,2572265.0
KR0008,삼성화재해상보험,000810,손해보험,6,비상위험준비금 적립액,준비금,2,2023.3Q,2630933.961004
KR0008,삼성화재해상보험,000810,손해보험,6,비상위험준비금 적립액,준비금,2,2023.4Q,2669398.057523
KR0008,삼성화재해상보험,000810,손해보험,6,비상위험준비금 적립액,준비금,2,2024.1Q,2709652.965004
KR0008,삼성화재해상보험,000810,손해보험,6,비상위험준비금 적립액,준비금,2,2024.2Q,2756556.017399
KR0008,삼성화재해상보험,000810,손해보험,6,비상위험준비금 적립액,준비금,2,2024.3Q,2798376.897096
KR0008,삼성화재해상보험,000810,손해보험,6,비상위험준비금 적립액,준비금,2,2024.4Q,2841360.682695
KR0008,삼성화재해상보험,000810,손해보험,6,비상위험준비금 적립액,준비금,2,2025.1Q,2880302.127014
KR0008,삼성화재해상보험,000810,손해보험,6,비상위험준비금 적립액,준비금,2,2025.2Q,2900903.350053
KR0008,삼성화재해상보험,000810,손해보험,6,비상위험준비금 적립액,준비금,2,2025.3Q,2938346.045514
KR0008,삼성화재해상보험,000810,손해보험,6,비상위험준비금 적립액,준비금,2,2025.4Q,2662010.703401
KR0008,삼성화재해상보험,000810,손해보험,6,비상위험준비금 적립액,준비금,2,2026.1Q,2634052.757377
KR0008,삼성화재해상보험,000810,손해보험,6,비상위험준비금 적립액,준비금,2,2026.2Q,2647523.14646
KR0008,삼성화재해상보험,000810,손해보험,7,대손준비금 적립액,준비금,2,2023.1Q,247413.0
KR0008,삼성화재해상보험,000810,손해보험,7,대손준비금 적립액,준비금,2,2023.2Q,247413.0
KR0008,삼성화재해상보험,000810,손해보험,7,대손준비금 적립액,준비금,2,2023.3Q,292245.66008
KR0008,삼성화재해상보험,000810,손해보험,7,대손준비금 적립액,준비금,2,2023.4Q,325582.817647
KR0008,삼성화재해상보험,000810,손해보험,7,대손준비금 적립액,준비금,2,2024.1Q,170734.855539
KR0008,삼성화재해상보험,000810,손해보험,7,대손준비금 적립액,준비금,2,2024.2Q,171995.760885
KR0008,삼성화재해상보험,000810,손해보험,7,대손준비금 적립액,준비금,2,2024.3Q,175184.032739
KR0008,삼성화재해상보험,000810,손해보험,7,대손준비금 적립액,준비금,2,2024.4Q,170245.60253
KR0008,삼성화재해상보험,000810,손해보험,7,대손준비금 적립액,준비금,2,2025.1Q,170359.588316
KR0008,삼성화재해상보험,000810,손해보험,7,대손준비금 적립액,준비금,2,2025.2Q,165300.293203
KR0008,삼성화재해상보험,000810,손해보험,7,대손준비금 적립액,준비금,2,2025.3Q,161247.993809
KR0008,삼성화재해상보험,000810,손해보험,7,대손준비금 적립액,준비금,2,2025.4Q,164952.981225
KR0008,삼성화재해상보험,000810,손해보험,7,대손준비금 적립액,준비금,2,2026.1Q,163661.310214
KR0008,삼성화재해상보험,000810,손해보험,7,대손준비금 적립액,준비금,2,2026.2Q,176428.73464
KR0008,삼성화재해상보험,000810,손해보험,10,현금및현금성자산,자산,2,2023.1Q,977457.693253
KR0008,삼성화재해상보험,000810,손해보험,10,현금및현금성자산,자산,2,2023.2Q,1020304.353304
KR0008,삼성화재해상보험,000810,손해보험,10,현금및현금성자산,자산,2,2023.3Q,926850.068213
KR0008,삼성화재해상보험,000810,손해보험,10,현금및현금성자산,자산,2,2023.4Q,1213422.906482
KR0008,삼성화재해상보험,000810,손해보험,10,현금및현금성자산,자산,2,2024.1Q,1322954.864884
KR0008,삼성화재해상보험,000810,손해보험,10,현금및현금성자산,자산,2,2024.2Q,1347803.076581
KR0008,삼성화재해상보험,000810,손해보험,10,현금및현금성자산,자산,2,2024.3Q,1441139.811753
KR0008,삼성화재해상보험,000810,손해보험,10,현금및현금성자산,자산,2,2024.4Q,2288264.076373
KR0008,삼성화재해상보험,000810,손해보험,10,현금및현금성자산,자산,2,2025.1Q,1617626.726434
KR0008,삼성화재해상보험,000810,손해보험,10,현금및현금성자산,자산,2,2025.2Q,2018784.731279
KR0008,삼성화재해상보험,000810,손해보험,10,현금및현금성자산,자산,2,2025.3Q,1642926.740707
KR0008,삼성화재해상보험,000810,손해보험,10,현금및현금성자산,자산,2,2025.4Q,2813968.885028
KR0008,삼성화재해상보험,000810,손해보험,10,현금및현금성자산,자산,2,2026.1Q,1983592.834259
KR0008,삼성화재해상보험,000810,손해보험,10,현금및현금성자산,자산,2,2026.2Q,2058180.829896
KR0008,삼성화재해상보험,000810,손해보험,11,당기손익-공정가치측정금융자산,자산,2,2023.1Q,10417593.420663
KR0008,삼성화재해상보험,000810,손해보험,11,당기손익-공정가치측정금융자산,자산,2,2023.2Q,10367082.566611
KR0008,삼성화재해상보험,000810,손해보험,11,당기손익-공정가치측정금융자산,자산,2,2023.3Q,10591138.902686
KR0008,삼성화재해상보험,000810,손해보험,11,당기손익-공정가치측정금융자산,자산,2,2023.4Q,11482430.335878
KR0008,삼성화재해상보험,000810,손해보험,11,당기손익-공정가치측정금융자산,자산,2,2024.1Q,12051589.368569
KR0008,삼성화재해상보험,000810,손해보험,11,당기손익-공정가치측정금융자산,자산,2,2024.2Q,12103028.796839
KR0008,삼성화재해상보험,000810,손해보험,11,당기손익-공정가치측정금융자산,자산,2,2024.3Q,12482124.036665
KR0008,삼성화재해상보험,000810,손해보험,11,당기손익-공정가치측정금융자산,자산,2,2024.4Q,12871140.40956
KR0008,삼성화재해상보험,000810,손해보험,11,당기손익-공정가치측정금융자산,자산,2,2025.1Q,12738820.165581
KR0008,삼성화재해상보험,000810,손해보험,11,당기손익-공정가치측정금융자산,자산,2,2025.2Q,11969379.353569
KR0008,삼성화재해상보험,000810,손해보험,11,당기손익-공정가치측정금융자산,자산,2,2025.3Q,12434155.336139
KR0008,삼성화재해상보험,000810,손해보험,11,당기손익-공정가치측정금융자산,자산,2,2025.4Q,12705776.538884
KR0008,삼성화재해상보험,000810,손해보험,11,당기손익-공정가치측정금융자산,자산,2,2026.1Q,12293135.428307
KR0008,삼성화재해상보험,000810,손해보험,11,당기손익-공정가치측정금융자산,자산,2,2026.2Q,12570905.723551
KR0008,삼성화재해상보험,000810,손해보험,12,기타포괄손익-공정가치측정금융자산,자산,2,2023.1Q,36603482.841543
KR0008,삼성화재해상보험,000810,손해보험,12,기타포괄손익-공정가치측정금융자산,자산,2,2023.2Q,36291260.964958
KR0008,삼성화재해상보험,000810,손해보험,12,기타포괄손익-공정가치측정금융자산,자산,2,2023.3Q,35167246.735861
KR0008,삼성화재해상보험,000810,손해보험,12,기타포괄손익-공정가치측정금융자산,자산,2,2023.4Q,37719997.078624
KR0008,삼성화재해상보험,000810,손해보험,12,기타포괄손익-공정가치측정금융자산,자산,2,2024.1Q,38174442.983771
KR0008,삼성화재해상보험,000810,손해보험,12,기타포괄손익-공정가치측정금융자산,자산,2,2024.2Q,39427717.115851
KR0008,삼성화재해상보험,000810,손해보험,12,기타포괄손익-공정가치측정금융자산,자산,2,2024.3Q,37588288.002328
KR0008,삼성화재해상보험,000810,손해보험,12,기타포괄손익-공정가치측정금융자산,자산,2,2024.4Q,37005933.194439
KR0008,삼성화재해상보험,000810,손해보험,12,기타포괄손익-공정가치측정금융자산,자산,2,2025.1Q,38638753.217122
KR0008,삼성화재해상보험,000810,손해보험,12,기타포괄손익-공정가치측정금융자산,자산,2,2025.2Q,38563051.136619
KR0008,삼성화재해상보험,000810,손해보험,12,기타포괄손익-공정가치측정금융자산,자산,2,2025.3Q,41218580.52838
KR0008,삼성화재해상보험,000810,손해보험,12,기타포괄손익-공정가치측정금융자산,자산,2,2025.4Q,43430681.364228
KR0008,삼성화재해상보험,000810,손해보험,12,기타포괄손익-공정가치측정금융자산,자산,2,2026.1Q,48610126.175384
KR0008,삼성화재해상보험,000810,손해보험,12,기타포괄손익-공정가치측정금융자산,자산,2,2026.2Q,63187989.249791
KR0008,삼성화재해상보험,000810,손해보험,13,상각후원가측정금융자산,자산,2,2023.1Q,28598845.948636
KR0008,삼성화재해상보험,000810,손해보험,13,상각후원가측정금융자산,자산,2,2023.2Q,28781015.72844
KR0008,삼성화재해상보험,000810,손해보험,13,상각후원가측정금융자산,자산,2,2023.3Q,29241619.511333
KR0008,삼성화재해상보험,000810,손해보험,13,상각후원가측정금융자산,자산,2,2023.4Q,29696287.474872
KR0008,삼성화재해상보험,000810,손해보험,13,상각후원가측정금융자산,자산,2,2024.1Q,28694778.615632
KR0008,삼성화재해상보험,000810,손해보험,13,상각후원가측정금융자산,자산,2,2024.2Q,27999221.870629
KR0008,삼성화재해상보험,000810,손해보험,13,상각후원가측정금융자산,자산,2,2024.3Q,28680395.589035
KR0008,삼성화재해상보험,000810,손해보험,13,상각후원가측정금융자산,자산,2,2024.4Q,29366104.823038
KR0008,삼성화재해상보험,000810,손해보험,13,상각후원가측정금융자산,자산,2,2025.1Q,29515217.688414
KR0008,삼성화재해상보험,000810,손해보험,13,상각후원가측정금융자산,자산,2,2025.2Q,29628952.175302
KR0008,삼성화재해상보험,000810,손해보험,13,상각후원가측정금융자산,자산,2,2025.3Q,29057146.479637
KR0008,삼성화재해상보험,000810,손해보험,13,상각후원가측정금융자산,자산,2,2025.4Q,30085742.664899
KR0008,삼성화재해상보험,000810,손해보험,13,상각후원가측정금융자산,자산,2,2026.1Q,30208694.638965
KR0008,삼성화재해상보험,000810,손해보험,13,상각후원가측정금융자산,자산,2,2026.2Q,29646684.816669
KR0008,삼성화재해상보험,000810,손해보험,14,재보험계약자산,자산,2,2023.1Q,1509672.850698
KR0008,삼성화재해상보험,000810,손해보험,14,재보험계약자산,자산,2,2023.2Q,1424926.615612
KR0008,삼성화재해상보험,000810,손해보험,14,재보험계약자산,자산,2,2023.3Q,1390283.111839
KR0008,삼성화재해상보험,000810,손해보험,14,재보험계약자산,자산,2,2023.4Q,1490257.691699
KR0008,삼성화재해상보험,000810,손해보험,14,재보험계약자산,자산,2,2024.1Q,1561341.822197
KR0008,삼성화재해상보험,000810,손해보험,14,재보험계약자산,자산,2,2024.2Q,1488004.781585
KR0008,삼성화재해상보험,000810,손해보험,14,재보험계약자산,자산,2,2024.3Q,1551784.55006
KR0008,삼성화재해상보험,000810,손해보험,14,재보험계약자산,자산,2,2024.4Q,1623558.488709
KR0008,삼성화재해상보험,000810,손해보험,14,재보험계약자산,자산,2,2025.1Q,1781515.119026
KR0008,삼성화재해상보험,000810,손해보험,14,재보험계약자산,자산,2,2025.2Q,1713656.477663
KR0008,삼성화재해상보험,000810,손해보험,14,재보험계약자산,자산,2,2025.3Q,1698176.445544
KR0008,삼성화재해상보험,000810,손해보험,14,재보험계약자산,자산,2,2025.4Q,1809020.102679
KR0008,삼성화재해상보험,000810,손해보험,14,재보험계약자산,자산,2,2026.1Q,1802642.11977
KR0008,삼성화재해상보험,000810,손해보험,14,재보험계약자산,자산,2,2026.2Q,1868976.972928
KR0008,삼성화재해상보험,000810,손해보험,15,유형자산,자산,2,2023.1Q,658306.75347
KR0008,삼성화재해상보험,000810,손해보험,15,유형자산,자산,2,2023.2Q,661519.422201
KR0008,삼성화재해상보험,000810,손해보험,15,유형자산,자산,2,2023.3Q,503777.337122
KR0008,삼성화재해상보험,000810,손해보험,15,유형자산,자산,2,2023.4Q,518445.228563
KR0008,삼성화재해상보험,000810,손해보험,15,유형자산,자산,2,2024.1Q,509847.479781
KR0008,삼성화재해상보험,000810,손해보험,15,유형자산,자산,2,2024.2Q,515781.913442
KR0008,삼성화재해상보험,000810,손해보험,15,유형자산,자산,2,2024.3Q,513294.305728
KR0008,삼성화재해상보험,000810,손해보험,15,유형자산,자산,2,2024.4Q,527352.672404
KR0008,삼성화재해상보험,000810,손해보험,15,유형자산,자산,2,2025.1Q,518460.913454
KR0008,삼성화재해상보험,000810,손해보험,15,유형자산,자산,2,2025.2Q,513749.833046
KR0008,삼성화재해상보험,000810,손해보험,15,유형자산,자산,2,2025.3Q,505239.685536
KR0008,삼성화재해상보험,000810,손해보험,15,유형자산,자산,2,2025.4Q,520322.040569
KR0008,삼성화재해상보험,000810,손해보험,15,유형자산,자산,2,2026.1Q,522780.381216
KR0008,삼성화재해상보험,000810,손해보험,15,유형자산,자산,2,2026.2Q,518453.134354
KR0008,삼성화재해상보험,000810,손해보험,20,보험계약부채,부채,2,2023.1Q,51597278.237825
KR0008,삼성화재해상보험,000810,손해보험,20,보험계약부채,부채,2,2023.2Q,50600481.907821
KR0008,삼성화재해상보험,000810,손해보험,20,보험계약부채,부채,2,2023.3Q,49821202.45577
KR0008,삼성화재해상보험,000810,손해보험,20,보험계약부채,부채,2,2023.4Q,51620536.425094
KR0008,삼성화재해상보험,000810,손해보험,20,보험계약부채,부채,2,2024.1Q,51103116.956927
KR0008,삼성화재해상보험,000810,손해보험,20,보험계약부채,부채,2,2024.2Q,51295694.882034
KR0008,삼성화재해상보험,000810,손해보험,20,보험계약부채,부채,2,2024.3Q,51537393.164599
KR0008,삼성화재해상보험,000810,손해보험,20,보험계약부채,부채,2,2024.4Q,51609548.606735
KR0008,삼성화재해상보험,000810,손해보험,20,보험계약부채,부채,2,2025.1Q,51961988.308162
KR0008,삼성화재해상보험,000810,손해보험,20,보험계약부채,부채,2,2025.2Q,50968518.224509
KR0008,삼성화재해상보험,000810,손해보험,20,보험계약부채,부채,2,2025.3Q,50107799.429932
KR0008,삼성화재해상보험,000810,손해보험,20,보험계약부채,부채,2,2025.4Q,48734812.310826
KR0008,삼성화재해상보험,000810,손해보험,20,보험계약부채,부채,2,2026.1Q,46834967.97305
KR0008,삼성화재해상보험,000810,손해보험,20,보험계약부채,부채,2,2026.2Q,44938844.078142
KR0008,삼성화재해상보험,000810,손해보험,21,재보험계약부채,부채,2,2023.1Q,159.312346
KR0008,삼성화재해상보험,000810,손해보험,21,재보험계약부채,부채,2,2023.3Q,0.0
KR0008,삼성화재해상보험,000810,손해보험,21,재보험계약부채,부채,2,2023.4Q,0.0
KR0008,삼성화재해상보험,000810,손해보험,21,재보험계약부채,부채,2,2024.1Q,0.0
KR0008,삼성화재해상보험,000810,손해보험,21,재보험계약부채,부채,2,2024.2Q,0.0
KR0008,삼성화재해상보험,000810,손해보험,21,재보험계약부채,부채,2,2024.3Q,0.0
KR0008,삼성화재해상보험,000810,손해보험,21,재보험계약부채,부채,2,2024.4Q,0.0
KR0008,삼성화재해상보험,000810,손해보험,21,재보험계약부채,부채,2,2025.1Q,0.0
KR0008,삼성화재해상보험,000810,손해보험,21,재보험계약부채,부채,2,2025.2Q,0.0
KR0008,삼성화재해상보험,000810,손해보험,21,재보험계약부채,부채,2,2025.3Q,0.0
KR0008,삼성화재해상보험,000810,손해보험,21,재보험계약부채,부채,2,2025.4Q,0.0
KR0008,삼성화재해상보험,000810,손해보험,21,재보험계약부채,부채,2,2026.1Q,0.0
KR0008,삼성화재해상보험,000810,손해보험,21,재보험계약부채,부채,2,2026.2Q,438.967327
KR0008,삼성화재해상보험,000810,손해보험,24,기타부채,부채,2,2023.1Q,370311.511905
KR0008,삼성화재해상보험,000810,손해보험,24,기타부채,부채,2,2023.2Q,497885.044327
KR0008,삼성화재해상보험,000810,손해보험,24,기타부채,부채,2,2023.3Q,558712.30199
KR0008,삼성화재해상보험,000810,손해보험,24,기타부채,부채,2,2023.4Q,677158.736327
KR0008,삼성화재해상보험,000810,손해보험,24,기타부채,부채,2,2024.1Q,399011.425795
KR0008,삼성화재해상보험,000810,손해보험,24,기타부채,부채,2,2024.2Q,592072.720491
KR0008,삼성화재해상보험,000810,손해보험,24,기타부채,부채,2,2024.3Q,698097.10959
KR0008,삼성화재해상보험,000810,손해보험,24,기타부채,부채,2,2024.4Q,761561.388172
KR0008,삼성화재해상보험,000810,손해보험,24,기타부채,부채,2,2025.1Q,528184.241748
KR0008,삼성화재해상보험,000810,손해보험,24,기타부채,부채,2,2025.2Q,631070.04853
KR0008,삼성화재해상보험,000810,손해보험,24,기타부채,부채,2,2025.3Q,696876.131678
KR0008,삼성화재해상보험,000810,손해보험,24,기타부채,부채,2,2025.4Q,850493.066495
KR0008,삼성화재해상보험,000810,손해보험,24,기타부채,부채,2,2026.1Q,605528.246119
KR0008,삼성화재해상보험,000810,손해보험,24,기타부채,부채,2,2026.2Q,830791.476644
KR0008,삼성화재해상보험,000810,손해보험,30,자본금,자본,2,2023.1Q,26473.4185
KR0008,삼성화재해상보험,000810,손해보험,30,자본금,자본,2,2023.2Q,26473.4185
KR0008,삼성화재해상보험,000810,손해보험,30,자본금,자본,2,2023.3Q,26473.4185
KR0008,삼성화재해상보험,000810,손해보험,30,자본금,자본,2,2023.4Q,26473.4185
KR0008,삼성화재해상보험,000810,손해보험,30,자본금,자본,2,2024.1Q,26473.4185
KR0008,삼성화재해상보험,000810,손해보험,30,자본금,자본,2,2024.2Q,26473.4185
KR0008,삼성화재해상보험,000810,손해보험,30,자본금,자본,2,2024.3Q,26473.4185
KR0008,삼성화재해상보험,000810,손해보험,30,자본금,자본,2,2024.4Q,26473.4185
KR0008,삼성화재해상보험,000810,손해보험,30,자본금,자본,2,2025.1Q,26473.4185
KR0008,삼성화재해상보험,000810,손해보험,30,자본금,자본,2,2025.2Q,26473.4185
KR0008,삼성화재해상보험,000810,손해보험,30,자본금,자본,2,2025.3Q,26473.4185
KR0008,삼성화재해상보험,000810,손해보험,30,자본금,자본,2,2025.4Q,26473.4185
KR0008,삼성화재해상보험,000810,손해보험,30,자본금,자본,2,2026.1Q,26473.4185
KR0008,삼성화재해상보험,000810,손해보험,30,자본금,자본,2,2026.2Q,26473.4185
KR0008,삼성화재해상보험,000810,손해보험,31,이익잉여금,자본,2,2023.3Q,11864232.258758
KR0008,삼성화재해상보험,000810,손해보험,31,이익잉여금,자본,2,2023.4Q,12079484.138017
KR0008,삼성화재해상보험,000810,손해보험,31,이익잉여금,자본,2,2024.1Q,12083189.054354
KR0008,삼성화재해상보험,000810,손해보험,31,이익잉여금,자본,2,2024.2Q,12676525.693718
KR0008,삼성화재해상보험,000810,손해보험,31,이익잉여금,자본,2,2024.3Q,13233748.834781
KR0008,삼성화재해상보험,000810,손해보험,31,이익잉여금,자본,2,2024.4Q,13445170.648237
KR0008,삼성화재해상보험,000810,손해보험,31,이익잉여금,자본,2,2025.1Q,13233314.876819
KR0008,삼성화재해상보험,000810,손해보험,31,이익잉여금,자본,2,2025.2Q,13353245.747587
KR0008,삼성화재해상보험,000810,손해보험,31,이익잉여금,자본,2,2025.3Q,13862166.73764
KR0008,삼성화재해상보험,000810,손해보험,31,이익잉여금,자본,2,2025.4Q,14089861.430091
KR0008,삼성화재해상보험,000810,손해보험,31,이익잉여금,자본,2,2026.1Q,13719756.396981
KR0008,삼성화재해상보험,000810,손해보험,31,이익잉여금,자본,2,2026.2Q,14403661.893141
KR0009,현대해상,001450,손해보험,1,자산총계,자산,1,2023.1Q,42563430.555487
KR0009,현대해상,001450,손해보험,1,자산총계,자산,1,2023.2Q,42479106.682465
KR0009,현대해상,001450,손해보험,1,자산총계,자산,1,2023.3Q,41539804.344535
KR0009,현대해상,001450,손해보험,1,자산총계,자산,1,2023.4Q,43758462.213117
KR0009,현대해상,001450,손해보험,1,자산총계,자산,1,2024.1Q,43650552.431735
KR0009,현대해상,001450,손해보험,1,자산총계,자산,1,2024.2Q,44912076.948027
KR0009,현대해상,001450,손해보험,1,자산총계,자산,1,2024.3Q,46182565.908018
KR0009,현대해상,001450,손해보험,1,자산총계,자산,1,2024.4Q,47977678.781769
KR0009,현대해상,001450,손해보험,1,자산총계,자산,1,2025.1Q,49568315.070657
KR0009,현대해상,001450,손해보험,1,자산총계,자산,1,2025.2Q,49624610.984538
KR0009,현대해상,001450,손해보험,1,자산총계,자산,1,2025.3Q,49960383.289635
KR0009,현대해상,001450,손해보험,1,자산총계,자산,1,2025.4Q,49645874.619981
KR0009,현대해상,001450,손해보험,1,자산총계,자산,1,2026.1Q,48660021.404364
KR0009,현대해상,001450,손해보험,1,자산총계,자산,1,2026.2Q,48312532.571158
KR0009,현대해상,001450,손해보험,2,부채총계,부채,1,2023.1Q,34757803.789808
KR0009,현대해상,001450,손해보험,2,부채총계,부채,1,2023.2Q,34332719.551173
KR0009,현대해상,001450,손해보험,2,부채총계,부채,1,2023.3Q,34874162.843074
KR0009,현대해상,001450,손해보험,2,부채총계,부채,1,2023.4Q,37641331.46623
KR0009,현대해상,001450,손해보험,2,부채총계,부채,1,2024.1Q,37835815.218041
KR0009,현대해상,001450,손해보험,2,부채총계,부채,1,2024.2Q,39423294.32434
KR0009,현대해상,001450,손해보험,2,부채총계,부채,1,2024.3Q,40752278.648735
KR0009,현대해상,001450,손해보험,2,부채총계,부채,1,2024.4Q,43050529.728359
KR0009,현대해상,001450,손해보험,2,부채총계,부채,1,2025.1Q,45355476.20741
KR0009,현대해상,001450,손해보험,2,부채총계,부채,1,2025.2Q,44887744.609789
KR0009,현대해상,001450,손해보험,2,부채총계,부채,1,2025.3Q,45155449.405808
KR0009,현대해상,001450,손해보험,2,부채총계,부채,1,2025.4Q,44762387.153459
KR0009,현대해상,001450,손해보험,2,부채총계,부채,1,2026.1Q,43375029.249083
KR0009,현대해상,001450,손해보험,2,부채총계,부채,1,2026.2Q,42107499.580254
KR0009,현대해상,001450,손해보험,3,자본총계,자본,1,2023.1Q,7805626.765679
KR0009,현대해상,001450,손해보험,3,자본총계,자본,1,2023.2Q,8146387.131292
KR0009,현대해상,001450,손해보험,3,자본총계,자본,1,2023.3Q,6665641.501461
KR0009,현대해상,001450,손해보험,3,자본총계,자본,1,2023.4Q,6117130.746887
KR0009,현대해상,001450,손해보험,3,자본총계,자본,1,2024.1Q,5814737.213694
KR0009,현대해상,001450,손해보험,3,자본총계,자본,1,2024.2Q,5488782.623687
KR0009,현대해상,001450,손해보험,3,자본총계,자본,1,2024.3Q,5430287.259283
KR0009,현대해상,001450,손해보험,3,자본총계,자본,1,2024.4Q,4927149.05341
KR0009,현대해상,001450,손해보험,3,자본총계,자본,1,2025.1Q,4212838.863247
KR0009,현대해상,001450,손해보험,3,자본총계,자본,1,2025.2Q,4736866.374749
KR0009,현대해상,001450,손해보험,3,자본총계,자본,1,2025.3Q,4804933.883827
KR0009,현대해상,001450,손해보험,3,자본총계,자본,1,2025.4Q,4883487.466522
KR0009,현대해상,001450,손해보험,3,자본총계,자본,1,2026.1Q,5284992.155281
KR0009,현대해상,001450,손해보험,3,자본총계,자본,1,2026.2Q,6205032.990904
KR0009,현대해상,001450,손해보험,4,기타포괄손익 누계액,자본,2,2023.1Q,-200047.02175
KR0009,현대해상,001450,손해보험,4,기타포괄손익 누계액,자본,2,2023.2Q,-105060.11008
KR0009,현대해상,001450,손해보험,4,기타포괄손익 누계액,자본,2,2023.3Q,92355.707308
KR0009,현대해상,001450,손해보험,4,기타포괄손익 누계액,자본,2,2023.4Q,-523892.732716
KR0009,현대해상,001450,손해보험,4,기타포괄손익 누계액,자본,2,2024.1Q,-1139472.938011
KR0009,현대해상,001450,손해보험,4,기타포괄손익 누계액,자본,2,2024.2Q,-1821164.312819
KR0009,현대해상,001450,손해보험,4,기타포괄손익 누계액,자본,2,2024.3Q,-2093088.436348
KR0009,현대해상,001450,손해보험,4,기타포괄손익 누계액,자본,2,2024.4Q,-2554393.487321
KR0009,현대해상,001450,손해보험,4,기타포괄손익 누계액,자본,2,2025.1Q,-3471898.922546
KR0009,현대해상,001450,손해보험,4,기타포괄손익 누계액,자본,2,2025.2Q,-3195641.581442
KR0009,현대해상,001450,손해보험,4,기타포괄손익 누계액,자본,2,2025.3Q,-3310923.762404
KR0009,현대해상,001450,손해보험,4,기타포괄손익 누계액,자본,2,2025.4Q,-3159330.002857
KR0009,현대해상,001450,손해보험,4,기타포괄손익 누계액,자본,2,2026.1Q,-2981805.458384
KR0009,현대해상,001450,손해보험,4,기타포괄손익 누계액,자본,2,2026.2Q,-2474507.630576
KR0009,현대해상,001450,손해보험,5,해약환급금준비금 적립액,준비금,2,2023.1Q,4391552.0
KR0009,현대해상,001450,손해보험,5,해약환급금준비금 적립액,준비금,2,2023.2Q,4658628.0
KR0009,현대해상,001450,손해보험,5,해약환급금준비금 적립액,준비금,2,2023.3Q,3603896.67864
KR0009,현대해상,001450,손해보험,5,해약환급금준비금 적립액,준비금,2,2023.4Q,3422424.926365
KR0009,현대해상,001450,손해보험,5,해약환급금준비금 적립액,준비금,2,2024.1Q,3975256.761063
KR0009,현대해상,001450,손해보험,5,해약환급금준비금 적립액,준비금,2,2024.2Q,4218680.406317
KR0009,현대해상,001450,손해보험,5,해약환급금준비금 적립액,준비금,2,2024.3Q,4431541.25027
KR0009,현대해상,001450,손해보험,5,해약환급금준비금 적립액,준비금,2,2024.4Q,4018336.788737
KR0009,현대해상,001450,손해보험,5,해약환급금준비금 적립액,준비금,2,2025.1Q,4161025.251162
KR0009,현대해상,001450,손해보험,5,해약환급금준비금 적립액,준비금,2,2025.2Q,4326457.46719
KR0009,현대해상,001450,손해보험,5,해약환급금준비금 적립액,준비금,2,2025.3Q,4049483.005441
KR0009,현대해상,001450,손해보험,5,해약환급금준비금 적립액,준비금,2,2025.4Q,3916614.58891
KR0009,현대해상,001450,손해보험,5,해약환급금준비금 적립액,준비금,2,2026.1Q,4115017.212072
KR0009,현대해상,001450,손해보험,5,해약환급금준비금 적립액,준비금,2,2026.2Q,4360340.737708
KR0009,현대해상,001450,손해보험,6,비상위험준비금 적립액,준비금,2,2021.4Q,1133448.0
KR0009,현대해상,001450,손해보험,6,비상위험준비금 적립액,준비금,2,2022.4Q,1242298.0
KR0009,현대해상,001450,손해보험,6,비상위험준비금 적립액,준비금,2,2023.1Q,1271563.0
KR0009,현대해상,001450,손해보험,6,비상위험준비금 적립액,준비금,2,2023.2Q,1299990.0
KR0009,현대해상,001450,손해보험,6,비상위험준비금 적립액,준비금,2,2023.3Q,1327837.214739
KR0009,현대해상,001450,손해보험,6,비상위험준비금 적립액,준비금,2,2023.4Q,1286540.171964
KR0009,현대해상,001450,손해보험,6,비상위험준비금 적립액,준비금,2,2024.1Q,1297731.200783
KR0009,현대해상,001450,손해보험,6,비상위험준비금 적립액,준비금,2,2024.2Q,1308991.423068
KR0009,현대해상,001450,손해보험,6,비상위험준비금 적립액,준비금,2,2024.3Q,1319567.387334
KR0009,현대해상,001450,손해보험,6,비상위험준비금 적립액,준비금,2,2024.4Q,1330517.53521
KR0009,현대해상,001450,손해보험,6,비상위험준비금 적립액,준비금,2,2025.1Q,1342079.613732
KR0009,현대해상,001450,손해보험,6,비상위험준비금 적립액,준비금,2,2025.2Q,1352833.544455
KR0009,현대해상,001450,손해보험,6,비상위험준비금 적립액,준비금,2,2025.3Q,1363458.744409
KR0009,현대해상,001450,손해보험,6,비상위험준비금 적립액,준비금,2,2025.4Q,1356107.784037
KR0009,현대해상,001450,손해보험,6,비상위험준비금 적립액,준비금,2,2026.1Q,1363146.169988
KR0009,현대해상,001450,손해보험,6,비상위험준비금 적립액,준비금,2,2026.2Q,1370163.596291
KR0009,현대해상,001450,손해보험,7,대손준비금 적립액,준비금,2,2021.4Q,104727.0
KR0009,현대해상,001450,손해보험,7,대손준비금 적립액,준비금,2,2022.4Q,117038.0
KR0009,현대해상,001450,손해보험,7,대손준비금 적립액,준비금,2,2023.1Q,89337.0
KR0009,현대해상,001450,손해보험,7,대손준비금 적립액,준비금,2,2023.2Q,74151.0
KR0009,현대해상,001450,손해보험,7,대손준비금 적립액,준비금,2,2023.3Q,80474.141084
KR0009,현대해상,001450,손해보험,7,대손준비금 적립액,준비금,2,2023.4Q,88592.981686
KR0009,현대해상,001450,손해보험,7,대손준비금 적립액,준비금,2,2024.1Q,126615.766506
KR0009,현대해상,001450,손해보험,7,대손준비금 적립액,준비금,2,2024.2Q,121983.135308
KR0009,현대해상,001450,손해보험,7,대손준비금 적립액,준비금,2,2024.3Q,122443.068814
KR0009,현대해상,001450,손해보험,7,대손준비금 적립액,준비금,2,2024.4Q,123341.883068
KR0009,현대해상,001450,손해보험,7,대손준비금 적립액,준비금,2,2025.1Q,126790.442983
KR0009,현대해상,001450,손해보험,7,대손준비금 적립액,준비금,2,2025.2Q,138373.639238
KR0009,현대해상,001450,손해보험,7,대손준비금 적립액,준비금,2,2025.3Q,119498.001353
KR0009,현대해상,001450,손해보험,7,대손준비금 적립액,준비금,2,2025.4Q,70858.265569
KR0009,현대해상,001450,손해보험,7,대손준비금 적립액,준비금,2,2026.1Q,100850.412854
KR0009,현대해상,001450,손해보험,7,대손준비금 적립액,준비금,2,2026.2Q,84834.70368
KR0009,현대해상,001450,손해보험,10,현금및현금성자산,자산,2,2023.2Q,772318.502295
KR0009,현대해상,001450,손해보험,10,현금및현금성자산,자산,2,2023.3Q,870671.577578
KR0009,현대해상,001450,손해보험,10,현금및현금성자산,자산,2,2023.4Q,1102610.063014
KR0009,현대해상,001450,손해보험,10,현금및현금성자산,자산,2,2024.1Q,1086416.902832
KR0009,현대해상,001450,손해보험,10,현금및현금성자산,자산,2,2024.2Q,985017.234921
KR0009,현대해상,001450,손해보험,10,현금및현금성자산,자산,2,2024.3Q,1069530.378036
KR0009,현대해상,001450,손해보험,10,현금및현금성자산,자산,2,2024.4Q,1357812.207361
KR0009,현대해상,001450,손해보험,10,현금및현금성자산,자산,2,2025.1Q,968516.134417
KR0009,현대해상,001450,손해보험,10,현금및현금성자산,자산,2,2025.2Q,1124966.851705
KR0009,현대해상,001450,손해보험,10,현금및현금성자산,자산,2,2025.3Q,985303.902843
KR0009,현대해상,001450,손해보험,10,현금및현금성자산,자산,2,2025.4Q,1389087.411555
KR0009,현대해상,001450,손해보험,10,현금및현금성자산,자산,2,2026.1Q,1227954.885223
KR0009,현대해상,001450,손해보험,10,현금및현금성자산,자산,2,2026.2Q,1493946.787997
KR0009,현대해상,001450,손해보험,11,당기손익-공정가치측정금융자산,자산,2,2023.3Q,8739642.954619
KR0009,현대해상,001450,손해보험,11,당기손익-공정가치측정금융자산,자산,2,2023.4Q,9003311.609817
KR0009,현대해상,001450,손해보험,11,당기손익-공정가치측정금융자산,자산,2,2024.1Q,8972682.775541
KR0009,현대해상,001450,손해보험,11,당기손익-공정가치측정금융자산,자산,2,2024.2Q,9571391.875004
KR0009,현대해상,001450,손해보험,11,당기손익-공정가치측정금융자산,자산,2,2024.3Q,9283706.702328
KR0009,현대해상,001450,손해보험,11,당기손익-공정가치측정금융자산,자산,2,2024.4Q,9338046.174746
KR0009,현대해상,001450,손해보험,11,당기손익-공정가치측정금융자산,자산,2,2025.1Q,9926400.700203
KR0009,현대해상,001450,손해보험,11,당기손익-공정가치측정금융자산,자산,2,2025.2Q,9402100.760464
KR0009,현대해상,001450,손해보험,11,당기손익-공정가치측정금융자산,자산,2,2025.3Q,9713012.024762
KR0009,현대해상,001450,손해보험,11,당기손익-공정가치측정금융자산,자산,2,2025.4Q,9040657.765254
KR0009,현대해상,001450,손해보험,11,당기손익-공정가치측정금융자산,자산,2,2026.1Q,8725327.725465
KR0009,현대해상,001450,손해보험,11,당기손익-공정가치측정금융자산,자산,2,2026.2Q,9004414.560686
KR0009,현대해상,001450,손해보험,12,기타포괄손익-공정가치측정금융자산,자산,2,2025.2Q,24976528.089198
KR0009,현대해상,001450,손해보험,12,기타포괄손익-공정가치측정금융자산,자산,2,2025.3Q,25577228.319045
KR0009,현대해상,001450,손해보험,12,기타포괄손익-공정가치측정금융자산,자산,2,2025.4Q,25341092.240272
KR0009,현대해상,001450,손해보험,12,기타포괄손익-공정가치측정금융자산,자산,2,2026.1Q,24454641.179437
KR0009,현대해상,001450,손해보험,12,기타포괄손익-공정가치측정금융자산,자산,2,2026.2Q,23740908.327266
KR0009,현대해상,001450,손해보험,13,상각후원가측정금융자산,자산,2,2023.3Q,11048167.284934
KR0009,현대해상,001450,손해보험,13,상각후원가측정금융자산,자산,2,2023.4Q,11145329.106317
KR0009,현대해상,001450,손해보험,13,상각후원가측정금융자산,자산,2,2024.1Q,11091464.115431
KR0009,현대해상,001450,손해보험,13,상각후원가측정금융자산,자산,2,2024.2Q,10986890.404075
KR0009,현대해상,001450,손해보험,13,상각후원가측정금융자산,자산,2,2024.3Q,11042051.650721
KR0009,현대해상,001450,손해보험,13,상각후원가측정금융자산,자산,2,2024.4Q,11544378.935448
KR0009,현대해상,001450,손해보험,13,상각후원가측정금융자산,자산,2,2025.1Q,11238304.33217
KR0009,현대해상,001450,손해보험,13,상각후원가측정금융자산,자산,2,2025.2Q,10831914.061045
KR0009,현대해상,001450,손해보험,13,상각후원가측정금융자산,자산,2,2025.3Q,10210981.927532
KR0009,현대해상,001450,손해보험,13,상각후원가측정금융자산,자산,2,2025.4Q,10401582.761756
KR0009,현대해상,001450,손해보험,13,상각후원가측정금융자산,자산,2,2026.1Q,10830873.937383
KR0009,현대해상,001450,손해보험,13,상각후원가측정금융자산,자산,2,2026.2Q,10586157.306021
KR0009,현대해상,001450,손해보험,14,재보험계약자산,자산,2,2023.3Q,1254270.53301
KR0009,현대해상,001450,손해보험,14,재보험계약자산,자산,2,2023.4Q,1120093.237935
KR0009,현대해상,001450,손해보험,14,재보험계약자산,자산,2,2024.1Q,1126240.810615
KR0009,현대해상,001450,손해보험,14,재보험계약자산,자산,2,2024.2Q,1098983.738436
KR0009,현대해상,001450,손해보험,14,재보험계약자산,자산,2,2024.3Q,1124555.171135
KR0009,현대해상,001450,손해보험,14,재보험계약자산,자산,2,2024.4Q,1137166.210466
KR0009,현대해상,001450,손해보험,14,재보험계약자산,자산,2,2025.1Q,1122788.256948
KR0009,현대해상,001450,손해보험,14,재보험계약자산,자산,2,2025.2Q,1291488.812178
KR0009,현대해상,001450,손해보험,14,재보험계약자산,자산,2,2025.3Q,1614639.544447
KR0009,현대해상,001450,손해보험,14,재보험계약자산,자산,2,2025.4Q,1580353.059471
KR0009,현대해상,001450,손해보험,14,재보험계약자산,자산,2,2026.1Q,1501664.678208
KR0009,현대해상,001450,손해보험,14,재보험계약자산,자산,2,2026.2Q,1543775.009789
KR0009,현대해상,001450,손해보험,15,유형자산,자산,2,2023.1Q,861798.041683
KR0009,현대해상,001450,손해보험,15,유형자산,자산,2,2023.2Q,866199.891344
KR0009,현대해상,001450,손해보험,15,유형자산,자산,2,2023.3Q,810666.383527
KR0009,현대해상,001450,손해보험,15,유형자산,자산,2,2023.4Q,808933.486943
KR0009,현대해상,001450,손해보험,15,유형자산,자산,2,2024.1Q,803699.930337
KR0009,현대해상,001450,손해보험,15,유형자산,자산,2,2024.2Q,801594.984382
KR0009,현대해상,001450,손해보험,15,유형자산,자산,2,2024.3Q,920213.977428
KR0009,현대해상,001450,손해보험,15,유형자산,자산,2,2024.4Q,902437.340287
KR0009,현대해상,001450,손해보험,15,유형자산,자산,2,2025.1Q,900811.492115
KR0009,현대해상,001450,손해보험,15,유형자산,자산,2,2025.2Q,895741.748861
KR0009,현대해상,001450,손해보험,15,유형자산,자산,2,2025.3Q,889434.96992
KR0009,현대해상,001450,손해보험,15,유형자산,자산,2,2025.4Q,892981.870159
KR0009,현대해상,001450,손해보험,15,유형자산,자산,2,2026.1Q,983032.753176
KR0009,현대해상,001450,손해보험,15,유형자산,자산,2,2026.2Q,993868.409611
KR0009,현대해상,001450,손해보험,20,보험계약부채,부채,2,2023.3Q,28343439.080001
KR0009,현대해상,001450,손해보험,20,보험계약부채,부채,2,2023.4Q,31526853.630092
KR0009,현대해상,001450,손해보험,20,보험계약부채,부채,2,2024.1Q,31495913.137487
KR0009,현대해상,001450,손해보험,20,보험계약부채,부채,2,2024.2Q,32686010.324354
KR0009,현대해상,001450,손해보험,20,보험계약부채,부채,2,2024.3Q,34200342.799087
KR0009,현대해상,001450,손해보험,20,보험계약부채,부채,2,2024.4Q,34801941.698072
KR0009,현대해상,001450,손해보험,20,보험계약부채,부채,2,2025.1Q,36730148.738468
KR0009,현대해상,001450,손해보험,20,보험계약부채,부채,2,2025.2Q,36335172.151422
KR0009,현대해상,001450,손해보험,20,보험계약부채,부채,2,2025.3Q,36290879.870656
KR0009,현대해상,001450,손해보험,20,보험계약부채,부채,2,2025.4Q,34852924.404989
KR0009,현대해상,001450,손해보험,20,보험계약부채,부채,2,2026.1Q,32856613.438141
KR0009,현대해상,001450,손해보험,20,보험계약부채,부채,2,2026.2Q,30930795.763747
KR0009,현대해상,001450,손해보험,21,재보험계약부채,부채,2,2023.3Q,0.0
KR0009,현대해상,001450,손해보험,21,재보험계약부채,부채,2,2023.4Q,0.0
KR0009,현대해상,001450,손해보험,21,재보험계약부채,부채,2,2024.1Q,5851.0841
KR0009,현대해상,001450,손해보험,21,재보험계약부채,부채,2,2024.2Q,0.0
KR0009,현대해상,001450,손해보험,21,재보험계약부채,부채,2,2024.3Q,0.0
KR0009,현대해상,001450,손해보험,21,재보험계약부채,부채,2,2024.4Q,0.0
KR0009,현대해상,001450,손해보험,21,재보험계약부채,부채,2,2025.1Q,0.0
KR0009,현대해상,001450,손해보험,22,투자계약부채,부채,2,2023.3Q,3342119.020627
KR0009,현대해상,001450,손해보험,22,투자계약부채,부채,2,2023.4Q,3303114.534479
KR0009,현대해상,001450,손해보험,22,투자계약부채,부채,2,2024.1Q,3314023.323171
KR0009,현대해상,001450,손해보험,22,투자계약부채,부채,2,2024.2Q,3502497.699635
KR0009,현대해상,001450,손해보험,22,투자계약부채,부채,2,2024.3Q,3617467.086737
KR0009,현대해상,001450,손해보험,22,투자계약부채,부채,2,2024.4Q,3521201.244196
KR0009,현대해상,001450,손해보험,22,투자계약부채,부채,2,2025.1Q,3454083.249076
KR0009,현대해상,001450,손해보험,22,투자계약부채,부채,2,2025.2Q,3710081.277457
KR0009,현대해상,001450,손해보험,22,투자계약부채,부채,2,2025.3Q,3879585.512983
KR0009,현대해상,001450,손해보험,22,투자계약부채,부채,2,2025.4Q,4633636.582315
KR0009,현대해상,001450,손해보험,22,투자계약부채,부채,2,2026.1Q,4534055.403531
KR0009,현대해상,001450,손해보험,22,투자계약부채,부채,2,2026.2Q,4830634.392059
KR0009,현대해상,001450,손해보험,23,차입부채,부채,2,2023.3Q,944784.138777
KR0009,현대해상,001450,손해보험,23,차입부채,부채,2,2023.4Q,944857.879216
KR0009,현대해상,001450,손해보험,23,차입부채,부채,2,2024.1Q,944931.721979
KR0009,현대해상,001450,손해보험,23,차입부채,부채,2,2024.2Q,1250569.479929
KR0009,현대해상,001450,손해보험,23,차입부채,부채,2,2024.3Q,1250652.923504
KR0009,현대해상,001450,손해보험,23,차입부채,부채,2,2024.4Q,2546753.477916
KR0009,현대해상,001450,손해보험,23,차입부채,부채,2,2025.1Q,3344673.624216
KR0009,현대해상,001450,손해보험,23,차입부채,부채,2,2025.2Q,3344920.935951
KR0009,현대해상,001450,손해보험,23,차입부채,부채,2,2025.3Q,3345134.710655
KR0009,현대해상,001450,손해보험,23,차입부채,부채,2,2025.4Q,3175338.699077
KR0009,현대해상,001450,손해보험,23,차입부채,부채,2,2026.1Q,3175542.744177
KR0009,현대해상,001450,손해보험,23,차입부채,부채,2,2026.2Q,2826294.376557
KR0009,현대해상,001450,손해보험,24,기타부채,부채,2,2023.1Q,1955543.550407
KR0009,현대해상,001450,손해보험,24,기타부채,부채,2,2023.2Q,2094551.465595
KR0009,현대해상,001450,손해보험,24,기타부채,부채,2,2023.3Q,385884.784551
KR0009,현대해상,001450,손해보험,24,기타부채,부채,2,2023.4Q,424317.305932
KR0009,현대해상,001450,손해보험,24,기타부채,부채,2,2024.1Q,423968.907467
KR0009,현대해상,001450,손해보험,24,기타부채,부채,2,2024.2Q,416102.675426
KR0009,현대해상,001450,손해보험,24,기타부채,부채,2,2024.3Q,431367.708724
KR0009,현대해상,001450,손해보험,24,기타부채,부채,2,2024.4Q,551422.425855
KR0009,현대해상,001450,손해보험,24,기타부채,부채,2,2025.1Q,434476.391489
KR0009,현대해상,001450,손해보험,24,기타부채,부채,2,2025.2Q,373947.99265
KR0009,현대해상,001450,손해보험,24,기타부채,부채,2,2025.3Q,361943.134035
KR0009,현대해상,001450,손해보험,24,기타부채,부채,2,2025.4Q,416656.642425
KR0009,현대해상,001450,손해보험,24,기타부채,부채,2,2026.1Q,388664.767832
KR0009,현대해상,001450,손해보험,24,기타부채,부채,2,2026.2Q,374107.186899
KR0009,현대해상,001450,손해보험,30,자본금,자본,2,2023.1Q,44700.0
KR0009,현대해상,001450,손해보험,30,자본금,자본,2,2023.2Q,44700.0
KR0009,현대해상,001450,손해보험,30,자본금,자본,2,2023.3Q,44700.0
KR0009,현대해상,001450,손해보험,30,자본금,자본,2,2023.4Q,44700.0
KR0009,현대해상,001450,손해보험,30,자본금,자본,2,2024.1Q,44700.0
KR0009,현대해상,001450,손해보험,30,자본금,자본,2,2024.2Q,44700.0
KR0009,현대해상,001450,손해보험,30,자본금,자본,2,2024.3Q,44700.0
KR0009,현대해상,001450,손해보험,30,자본금,자본,2,2024.4Q,44700.0
KR0009,현대해상,001450,손해보험,30,자본금,자본,2,2025.1Q,44700.0
KR0009,현대해상,001450,손해보험,30,자본금,자본,2,2025.2Q,44700.0
KR0009,현대해상,001450,손해보험,30,자본금,자본,2,2025.3Q,44700.0
KR0009,현대해상,001450,손해보험,30,자본금,자본,2,2025.4Q,44700.0
KR0009,현대해상,001450,손해보험,30,자본금,자본,2,2026.1Q,44700.0
KR0009,현대해상,001450,손해보험,30,자본금,자본,2,2026.2Q,44700.0
KR0009,현대해상,001450,손해보험,31,이익잉여금,자본,2,2023.3Q,6484832.543014
KR0009,현대해상,001450,손해보험,31,이익잉여금,자본,2,2023.4Q,6552570.228464
KR0009,현대해상,001450,손해보험,31,이익잉여금,자본,2,2024.1Q,6864044.537707
KR0009,현대해상,001450,손해보험,31,이익잉여금,자본,2,2024.2Q,7219781.322508
KR0009,현대해상,001450,손해보험,31,이익잉여금,자본,2,2024.3Q,7433210.081633
KR0009,현대해상,001450,손해보험,31,이익잉여금,자본,2,2024.4Q,7391376.926733
KR0009,현대해상,001450,손해보험,31,이익잉여금,자본,2,2025.1Q,7594572.171795
KR0009,현대해상,001450,손해보험,31,이익잉여금,자본,2,2025.2Q,7842342.342193
KR0009,현대해상,001450,손해보험,31,이익잉여금,자본,2,2025.3Q,8025692.032233
KR0009,현대해상,001450,손해보험,31,이익잉여금,자본,2,2025.4Q,7952651.855381
KR0009,현대해상,001450,손해보험,31,이익잉여금,자본,2,2026.1Q,8245084.050604
KR0009,현대해상,001450,손해보험,31,이익잉여금,자본,2,2026.2Q,8611351.849767
KR0010,KB손해보험,002550,손해보험,1,자산총계,자산,1,2023.1Q,35448623.0
KR0010,KB손해보험,002550,손해보험,1,자산총계,자산,1,2023.2Q,35248907.0
KR0010,KB손해보험,002550,손해보험,1,자산총계,자산,1,2023.3Q,35279142.0
KR0010,KB손해보험,002550,손해보험,1,자산총계,자산,1,2023.4Q,37660829.0
KR0010,KB손해보험,002550,손해보험,1,자산총계,자산,1,2024.1Q,37340278.0
KR0010,KB손해보험,002550,손해보험,1,자산총계,자산,1,2024.2Q,37954999.0
KR0010,KB손해보험,002550,손해보험,1,자산총계,자산,1,2024.3Q,38966110.0
KR0010,KB손해보험,002550,손해보험,1,자산총계,자산,1,2024.4Q,40710844.0
KR0010,KB손해보험,002550,손해보험,1,자산총계,자산,1,2025.1Q,41967068.0
KR0010,KB손해보험,002550,손해보험,1,자산총계,자산,1,2025.2Q,42685362.0
KR0010,KB손해보험,002550,손해보험,1,자산총계,자산,1,2025.3Q,43453891.0
KR0010,KB손해보험,002550,손해보험,1,자산총계,자산,1,2025.4Q,44891997.0
KR0010,KB손해보험,002550,손해보험,1,자산총계,자산,1,2026.1Q,44403722.0
KR0010,KB손해보험,002550,손해보험,1,자산총계,자산,1,2026.2Q,44555655.0
KR0010,KB손해보험,002550,손해보험,2,부채총계,부채,1,2023.1Q,29685872.0
KR0010,KB손해보험,002550,손해보험,2,부채총계,부채,1,2023.2Q,29204081.0
KR0010,KB손해보험,002550,손해보험,2,부채총계,부채,1,2023.3Q,29186296.0
KR0010,KB손해보험,002550,손해보험,2,부채총계,부채,1,2023.4Q,31353639.0
KR0010,KB손해보험,002550,손해보험,2,부채총계,부채,1,2024.1Q,31440467.0
KR0010,KB손해보험,002550,손해보험,2,부채총계,부채,1,2024.2Q,32068981.0
KR0010,KB손해보험,002550,손해보험,2,부채총계,부채,1,2024.3Q,33006373.0
KR0010,KB손해보험,002550,손해보험,2,부채총계,부채,1,2024.4Q,34854403.0
KR0010,KB손해보험,002550,손해보험,2,부채총계,부채,1,2025.1Q,36714834.0
KR0010,KB손해보험,002550,손해보험,2,부채총계,부채,1,2025.2Q,37105191.0
KR0010,KB손해보험,002550,손해보험,2,부채총계,부채,1,2025.3Q,37760138.0
KR0010,KB손해보험,002550,손해보험,2,부채총계,부채,1,2025.4Q,39174763.0
KR0010,KB손해보험,002550,손해보험,2,부채총계,부채,1,2026.1Q,38464703.0
KR0010,KB손해보험,002550,손해보험,2,부채총계,부채,1,2026.2Q,38226369.0
KR0010,KB손해보험,002550,손해보험,3,자본총계,자본,1,2023.1Q,5762751.0
KR0010,KB손해보험,002550,손해보험,3,자본총계,자본,1,2023.2Q,6044826.0
KR0010,KB손해보험,002550,손해보험,3,자본총계,자본,1,2023.3Q,6092846.0
KR0010,KB손해보험,002550,손해보험,3,자본총계,자본,1,2023.4Q,6307190.0
KR0010,KB손해보험,002550,손해보험,3,자본총계,자본,1,2024.1Q,5899811.0
KR0010,KB손해보험,002550,손해보험,3,자본총계,자본,1,2024.2Q,5886018.0
KR0010,KB손해보험,002550,손해보험,3,자본총계,자본,1,2024.3Q,5959737.0
KR0010,KB손해보험,002550,손해보험,3,자본총계,자본,1,2024.4Q,5856441.0
KR0010,KB손해보험,002550,손해보험,3,자본총계,자본,1,2025.1Q,5252234.0
KR0010,KB손해보험,002550,손해보험,3,자본총계,자본,1,2025.2Q,5580171.0
KR0010,KB손해보험,002550,손해보험,3,자본총계,자본,1,2025.3Q,5693753.0
KR0010,KB손해보험,002550,손해보험,3,자본총계,자본,1,2025.4Q,5717234.0
KR0010,KB손해보험,002550,손해보험,3,자본총계,자본,1,2026.1Q,5939019.0
KR0010,KB손해보험,002550,손해보험,3,자본총계,자본,1,2026.2Q,6329286.0
KR0010,KB손해보험,002550,손해보험,4,기타포괄손익 누계액,자본,2,2023.1Q,254431.0
KR0010,KB손해보험,002550,손해보험,4,기타포괄손익 누계액,자본,2,2023.2Q,254571.0
KR0010,KB손해보험,002550,손해보험,4,기타포괄손익 누계액,자본,2,2023.3Q,139967.0
KR0010,KB손해보험,002550,손해보험,4,기타포괄손익 누계액,자본,2,2023.4Q,286768.0
KR0010,KB손해보험,002550,손해보험,4,기타포괄손익 누계액,자본,2,2024.1Q,-168939.0
KR0010,KB손해보험,002550,손해보험,4,기타포괄손익 누계액,자본,2,2024.2Q,-473523.0
KR0010,KB손해보험,002550,손해보험,4,기타포괄손익 누계액,자본,2,2024.3Q,-569569.0
KR0010,KB손해보험,002550,손해보험,4,기타포괄손익 누계액,자본,2,2024.4Q,-684025.0
KR0010,KB손해보험,002550,손해보험,4,기타포괄손익 누계액,자본,2,2025.1Q,-1308069.0
KR0010,KB손해보험,002550,손해보험,4,기타포괄손익 누계액,자본,2,2025.2Q,-1226399.0
KR0010,KB손해보험,002550,손해보험,4,기타포괄손익 누계액,자본,2,2025.3Q,-1322961.0
KR0010,KB손해보험,002550,손해보험,4,기타포괄손익 누계액,자본,2,2025.4Q,-1308222.0
KR0010,KB손해보험,002550,손해보험,4,기타포괄손익 누계액,자본,2,2026.1Q,-1300410.0
KR0010,KB손해보험,002550,손해보험,4,기타포괄손익 누계액,자본,2,2026.2Q,-1195218.0
KR0010,KB손해보험,002550,손해보험,5,해약환급금준비금 적립액,준비금,2,2023.1Q,2366105.0
KR0010,KB손해보험,002550,손해보험,5,해약환급금준비금 적립액,준비금,2,2023.2Q,2563179.0
KR0010,KB손해보험,002550,손해보험,5,해약환급금준비금 적립액,준비금,2,2023.3Q,2744095.0
KR0010,KB손해보험,002550,손해보험,5,해약환급금준비금 적립액,준비금,2,2023.4Q,2792853.0
KR0010,KB손해보험,002550,손해보험,5,해약환급금준비금 적립액,준비금,2,2024.1Q,3046712.0
KR0010,KB손해보험,002550,손해보험,5,해약환급금준비금 적립액,준비금,2,2024.2Q,3259092.0
KR0010,KB손해보험,002550,손해보험,5,해약환급금준비금 적립액,준비금,2,2024.3Q,3495487.0
KR0010,KB손해보험,002550,손해보험,5,해약환급금준비금 적립액,준비금,2,2024.4Q,2838012.0
KR0010,KB손해보험,002550,손해보험,5,해약환급금준비금 적립액,준비금,2,2025.1Q,3453707.0
KR0010,KB손해보험,002550,손해보험,5,해약환급금준비금 적립액,준비금,2,2025.2Q,3281748.0
KR0010,KB손해보험,002550,손해보험,5,해약환급금준비금 적립액,준비금,2,2025.3Q,3487842.0
KR0010,KB손해보험,002550,손해보험,5,해약환급금준비금 적립액,준비금,2,2025.4Q,3646236.0
KR0010,KB손해보험,002550,손해보험,5,해약환급금준비금 적립액,준비금,2,2026.1Q,3833064.0
KR0010,KB손해보험,002550,손해보험,5,해약환급금준비금 적립액,준비금,2,2026.2Q,4088044.0
KR0010,KB손해보험,002550,손해보험,6,비상위험준비금 적립액,준비금,2,2023.1Q,1058272.0
KR0010,KB손해보험,002550,손해보험,6,비상위험준비금 적립액,준비금,2,2023.2Q,1058272.0
KR0010,KB손해보험,002550,손해보험,6,비상위험준비금 적립액,준비금,2,2023.3Q,1120370.0
KR0010,KB손해보험,002550,손해보험,6,비상위험준비금 적립액,준비금,2,2023.4Q,1135317.0
KR0010,KB손해보험,002550,손해보험,6,비상위험준비금 적립액,준비금,2,2024.1Q,1162144.0
KR0010,KB손해보험,002550,손해보험,6,비상위험준비금 적립액,준비금,2,2024.2Q,1185504.0
KR0010,KB손해보험,002550,손해보험,6,비상위험준비금 적립액,준비금,2,2024.3Q,1206376.0
KR0010,KB손해보험,002550,손해보험,6,비상위험준비금 적립액,준비금,2,2024.4Q,1194613.0
KR0010,KB손해보험,002550,손해보험,6,비상위험준비금 적립액,준비금,2,2025.1Q,1222145.0
KR0010,KB손해보험,002550,손해보험,6,비상위험준비금 적립액,준비금,2,2025.2Q,1248341.0
KR0010,KB손해보험,002550,손해보험,6,비상위험준비금 적립액,준비금,2,2025.3Q,1272164.0
KR0010,KB손해보험,002550,손해보험,6,비상위험준비금 적립액,준비금,2,2025.4Q,1180432.0
KR0010,KB손해보험,002550,손해보험,6,비상위험준비금 적립액,준비금,2,2026.1Q,1192756.0
KR0010,KB손해보험,002550,손해보험,6,비상위험준비금 적립액,준비금,2,2026.2Q,1203631.0
KR0010,KB손해보험,002550,손해보험,7,대손준비금 적립액,준비금,2,2023.1Q,51836.0
KR0010,KB손해보험,002550,손해보험,7,대손준비금 적립액,준비금,2,2023.2Q,51836.0
KR0010,KB손해보험,002550,손해보험,7,대손준비금 적립액,준비금,2,2023.3Q,21387.0
KR0010,KB손해보험,002550,손해보험,7,대손준비금 적립액,준비금,2,2023.4Q,19918.0
KR0010,KB손해보험,002550,손해보험,7,대손준비금 적립액,준비금,2,2024.1Q,20357.0
KR0010,KB손해보험,002550,손해보험,7,대손준비금 적립액,준비금,2,2024.2Q,17328.0
KR0010,KB손해보험,002550,손해보험,7,대손준비금 적립액,준비금,2,2024.3Q,24281.0
KR0010,KB손해보험,002550,손해보험,7,대손준비금 적립액,준비금,2,2024.4Q,34085.0
KR0010,KB손해보험,002550,손해보험,7,대손준비금 적립액,준비금,2,2025.1Q,35932.0
KR0010,KB손해보험,002550,손해보험,7,대손준비금 적립액,준비금,2,2025.2Q,39776.0
KR0010,KB손해보험,002550,손해보험,7,대손준비금 적립액,준비금,2,2025.3Q,31787.0
KR0010,KB손해보험,002550,손해보험,7,대손준비금 적립액,준비금,2,2025.4Q,32908.0
KR0010,KB손해보험,002550,손해보험,7,대손준비금 적립액,준비금,2,2026.1Q,35438.0
KR0010,KB손해보험,002550,손해보험,7,대손준비금 적립액,준비금,2,2026.2Q,36300.0
KR0010,KB손해보험,002550,손해보험,10,현금및현금성자산,자산,2,2023.1Q,434698.0
KR0010,KB손해보험,002550,손해보험,10,현금및현금성자산,자산,2,2023.2Q,516231.0
KR0010,KB손해보험,002550,손해보험,10,현금및현금성자산,자산,2,2023.3Q,544150.0
KR0010,KB손해보험,002550,손해보험,10,현금및현금성자산,자산,2,2023.4Q,1084592.0
KR0010,KB손해보험,002550,손해보험,10,현금및현금성자산,자산,2,2024.1Q,438732.0
KR0010,KB손해보험,002550,손해보험,10,현금및현금성자산,자산,2,2024.2Q,486465.0
KR0010,KB손해보험,002550,손해보험,10,현금및현금성자산,자산,2,2024.3Q,530503.0
KR0010,KB손해보험,002550,손해보험,10,현금및현금성자산,자산,2,2024.4Q,820370.0
KR0010,KB손해보험,002550,손해보험,10,현금및현금성자산,자산,2,2025.1Q,581964.0
KR0010,KB손해보험,002550,손해보험,10,현금및현금성자산,자산,2,2025.2Q,886901.0
KR0010,KB손해보험,002550,손해보험,10,현금및현금성자산,자산,2,2025.3Q,775818.0
KR0010,KB손해보험,002550,손해보험,10,현금및현금성자산,자산,2,2025.4Q,1632203.0
KR0010,KB손해보험,002550,손해보험,10,현금및현금성자산,자산,2,2026.1Q,1208698.0
KR0010,KB손해보험,002550,손해보험,10,현금및현금성자산,자산,2,2026.2Q,1361027.0
KR0010,KB손해보험,002550,손해보험,11,당기손익-공정가치측정금융자산,자산,2,2023.1Q,9087654.0
KR0010,KB손해보험,002550,손해보험,11,당기손익-공정가치측정금융자산,자산,2,2023.2Q,8851685.0
KR0010,KB손해보험,002550,손해보험,11,당기손익-공정가치측정금융자산,자산,2,2023.3Q,9330191.0
KR0010,KB손해보험,002550,손해보험,11,당기손익-공정가치측정금융자산,자산,2,2023.4Q,9142251.0
KR0010,KB손해보험,002550,손해보험,11,당기손익-공정가치측정금융자산,자산,2,2024.1Q,9614102.0
KR0010,KB손해보험,002550,손해보험,11,당기손익-공정가치측정금융자산,자산,2,2024.2Q,9561489.0
KR0010,KB손해보험,002550,손해보험,11,당기손익-공정가치측정금융자산,자산,2,2024.3Q,9404007.0
KR0010,KB손해보험,002550,손해보험,11,당기손익-공정가치측정금융자산,자산,2,2024.4Q,9431766.0
KR0010,KB손해보험,002550,손해보험,11,당기손익-공정가치측정금융자산,자산,2,2025.1Q,9863694.0
KR0010,KB손해보험,002550,손해보험,11,당기손익-공정가치측정금융자산,자산,2,2025.2Q,9555695.0
KR0010,KB손해보험,002550,손해보험,11,당기손익-공정가치측정금융자산,자산,2,2025.3Q,9882040.0
KR0010,KB손해보험,002550,손해보험,11,당기손익-공정가치측정금융자산,자산,2,2025.4Q,9444743.0
KR0010,KB손해보험,002550,손해보험,11,당기손익-공정가치측정금융자산,자산,2,2026.1Q,9430097.0
KR0010,KB손해보험,002550,손해보험,11,당기손익-공정가치측정금융자산,자산,2,2026.2Q,8846445.0
KR0010,KB손해보험,002550,손해보험,12,기타포괄손익-공정가치측정금융자산,자산,2,2023.1Q,16910855.0
KR0010,KB손해보험,002550,손해보험,12,기타포괄손익-공정가치측정금융자산,자산,2,2023.2Q,16778103.0
KR0010,KB손해보험,002550,손해보험,12,기타포괄손익-공정가치측정금융자산,자산,2,2023.3Q,16188905.0
KR0010,KB손해보험,002550,손해보험,12,기타포괄손익-공정가치측정금융자산,자산,2,2023.4Q,18035012.0
KR0010,KB손해보험,002550,손해보험,12,기타포괄손익-공정가치측정금융자산,자산,2,2024.1Q,18150776.0
KR0010,KB손해보험,002550,손해보험,12,기타포괄손익-공정가치측정금융자산,자산,2,2024.2Q,18942196.0
KR0010,KB손해보험,002550,손해보험,12,기타포괄손익-공정가치측정금융자산,자산,2,2024.3Q,19701851.0
KR0010,KB손해보험,002550,손해보험,12,기타포괄손익-공정가치측정금융자산,자산,2,2024.4Q,20523003.0
KR0010,KB손해보험,002550,손해보험,12,기타포괄손익-공정가치측정금융자산,자산,2,2025.1Q,21527844.0
KR0010,KB손해보험,002550,손해보험,12,기타포괄손익-공정가치측정금융자산,자산,2,2025.2Q,21729635.0
KR0010,KB손해보험,002550,손해보험,12,기타포괄손익-공정가치측정금융자산,자산,2,2025.3Q,21970334.0
KR0010,KB손해보험,002550,손해보험,12,기타포괄손익-공정가치측정금융자산,자산,2,2025.4Q,21906885.0
KR0010,KB손해보험,002550,손해보험,12,기타포괄손익-공정가치측정금융자산,자산,2,2026.1Q,21939801.0
KR0010,KB손해보험,002550,손해보험,12,기타포괄손익-공정가치측정금융자산,자산,2,2026.2Q,22064101.0
KR0010,KB손해보험,002550,손해보험,13,상각후원가측정금융자산,자산,2,2023.1Q,6169489.0
KR0010,KB손해보험,002550,손해보험,13,상각후원가측정금융자산,자산,2,2023.2Q,6236878.0
KR0010,KB손해보험,002550,손해보험,13,상각후원가측정금융자산,자산,2,2023.3Q,6168019.0
KR0010,KB손해보험,002550,손해보험,13,상각후원가측정금융자산,자산,2,2023.4Q,6288669.0
KR0010,KB손해보험,002550,손해보험,13,상각후원가측정금융자산,자산,2,2024.1Q,6160418.0
KR0010,KB손해보험,002550,손해보험,13,상각후원가측정금융자산,자산,2,2024.2Q,5964736.0
KR0010,KB손해보험,002550,손해보험,13,상각후원가측정금융자산,자산,2,2024.3Q,6179890.0
KR0010,KB손해보험,002550,손해보험,13,상각후원가측정금융자산,자산,2,2024.4Q,6910843.0
KR0010,KB손해보험,002550,손해보험,13,상각후원가측정금융자산,자산,2,2025.1Q,6759615.0
KR0010,KB손해보험,002550,손해보험,13,상각후원가측정금융자산,자산,2,2025.2Q,7308087.0
KR0010,KB손해보험,002550,손해보험,13,상각후원가측정금융자산,자산,2,2025.3Q,7469297.0
KR0010,KB손해보험,002550,손해보험,13,상각후원가측정금융자산,자산,2,2025.4Q,8239538.0
KR0010,KB손해보험,002550,손해보험,13,상각후원가측정금융자산,자산,2,2026.1Q,8597325.0
KR0010,KB손해보험,002550,손해보험,13,상각후원가측정금융자산,자산,2,2026.2Q,9009279.0
KR0010,KB손해보험,002550,손해보험,14,재보험계약자산,자산,2,2023.1Q,1475935.0
KR0010,KB손해보험,002550,손해보험,14,재보험계약자산,자산,2,2023.2Q,1446818.0
KR0010,KB손해보험,002550,손해보험,14,재보험계약자산,자산,2,2023.3Q,1594099.0
KR0010,KB손해보험,002550,손해보험,14,재보험계약자산,자산,2,2023.4Q,1568252.0
KR0010,KB손해보험,002550,손해보험,14,재보험계약자산,자산,2,2024.1Q,1464558.0
KR0010,KB손해보험,002550,손해보험,14,재보험계약자산,자산,2,2024.2Q,1446307.0
KR0010,KB손해보험,002550,손해보험,14,재보험계약자산,자산,2,2024.3Q,1423917.0
KR0010,KB손해보험,002550,손해보험,14,재보험계약자산,자산,2,2024.4Q,1431836.0
KR0010,KB손해보험,002550,손해보험,14,재보험계약자산,자산,2,2025.1Q,1523374.0
KR0010,KB손해보험,002550,손해보험,14,재보험계약자산,자산,2,2025.2Q,1464530.0
KR0010,KB손해보험,002550,손해보험,14,재보험계약자산,자산,2,2025.3Q,1549800.0
KR0010,KB손해보험,002550,손해보험,14,재보험계약자산,자산,2,2025.4Q,1474822.0
KR0010,KB손해보험,002550,손해보험,14,재보험계약자산,자산,2,2026.1Q,1400933.0
KR0010,KB손해보험,002550,손해보험,14,재보험계약자산,자산,2,2026.2Q,1333583.0
KR0010,KB손해보험,002550,손해보험,15,유형자산,자산,2,2023.1Q,480233.0
KR0010,KB손해보험,002550,손해보험,15,유형자산,자산,2,2023.2Q,475619.0
KR0010,KB손해보험,002550,손해보험,15,유형자산,자산,2,2023.3Q,465879.0
KR0010,KB손해보험,002550,손해보험,15,유형자산,자산,2,2023.4Q,463422.0
KR0010,KB손해보험,002550,손해보험,15,유형자산,자산,2,2024.1Q,458992.0
KR0010,KB손해보험,002550,손해보험,15,유형자산,자산,2,2024.2Q,462415.0
KR0010,KB손해보험,002550,손해보험,15,유형자산,자산,2,2024.3Q,457038.0
KR0010,KB손해보험,002550,손해보험,15,유형자산,자산,2,2024.4Q,454106.0
KR0010,KB손해보험,002550,손해보험,15,유형자산,자산,2,2025.1Q,449165.0
KR0010,KB손해보험,002550,손해보험,15,유형자산,자산,2,2025.2Q,477612.0
KR0010,KB손해보험,002550,손해보험,15,유형자산,자산,2,2025.3Q,467724.0
KR0010,KB손해보험,002550,손해보험,15,유형자산,자산,2,2025.4Q,462819.0
KR0010,KB손해보험,002550,손해보험,15,유형자산,자산,2,2026.1Q,466116.0
KR0010,KB손해보험,002550,손해보험,15,유형자산,자산,2,2026.2Q,469959.0
KR0010,KB손해보험,002550,손해보험,20,보험계약부채,부채,2,2023.1Q,22967394.0
KR0010,KB손해보험,002550,손해보험,20,보험계약부채,부채,2,2023.2Q,22558507.0
KR0010,KB손해보험,002550,손해보험,20,보험계약부채,부채,2,2023.3Q,22430600.0
KR0010,KB손해보험,002550,손해보험,20,보험계약부채,부채,2,2023.4Q,24338726.0
KR0010,KB손해보험,002550,손해보험,20,보험계약부채,부채,2,2024.1Q,24387491.0
KR0010,KB손해보험,002550,손해보험,20,보험계약부채,부채,2,2024.2Q,25182673.0
KR0010,KB손해보험,002550,손해보험,20,보험계약부채,부채,2,2024.3Q,26316204.0
KR0010,KB손해보험,002550,손해보험,20,보험계약부채,부채,2,2024.4Q,26451376.0
KR0010,KB손해보험,002550,손해보험,20,보험계약부채,부채,2,2025.1Q,28154589.0
KR0010,KB손해보험,002550,손해보험,20,보험계약부채,부채,2,2025.2Q,27656502.0
KR0010,KB손해보험,002550,손해보험,20,보험계약부채,부채,2,2025.3Q,27621275.0
KR0010,KB손해보험,002550,손해보험,20,보험계약부채,부채,2,2025.4Q,26219701.0
KR0010,KB손해보험,002550,손해보험,20,보험계약부채,부채,2,2026.1Q,24651521.0
KR0010,KB손해보험,002550,손해보험,20,보험계약부채,부채,2,2026.2Q,23249039.0
KR0010,KB손해보험,002550,손해보험,21,재보험계약부채,부채,2,2023.1Q,3229.0
KR0010,KB손해보험,002550,손해보험,21,재보험계약부채,부채,2,2023.2Q,3379.0
KR0010,KB손해보험,002550,손해보험,21,재보험계약부채,부채,2,2023.3Q,3541.0
KR0010,KB손해보험,002550,손해보험,21,재보험계약부채,부채,2,2023.4Q,3842.0
KR0010,KB손해보험,002550,손해보험,21,재보험계약부채,부채,2,2024.1Q,3872.0
KR0010,KB손해보험,002550,손해보험,21,재보험계약부채,부채,2,2024.2Q,4103.0
KR0010,KB손해보험,002550,손해보험,21,재보험계약부채,부채,2,2024.3Q,3815.0
KR0010,KB손해보험,002550,손해보험,21,재보험계약부채,부채,2,2024.4Q,21978.0
KR0010,KB손해보험,002550,손해보험,21,재보험계약부채,부채,2,2025.1Q,30003.0
KR0010,KB손해보험,002550,손해보험,21,재보험계약부채,부채,2,2025.2Q,27173.0
KR0010,KB손해보험,002550,손해보험,21,재보험계약부채,부채,2,2025.3Q,35324.0
KR0010,KB손해보험,002550,손해보험,21,재보험계약부채,부채,2,2025.4Q,25554.0
KR0010,KB손해보험,002550,손해보험,21,재보험계약부채,부채,2,2026.1Q,21858.0
KR0010,KB손해보험,002550,손해보험,21,재보험계약부채,부채,2,2026.2Q,13280.0
KR0010,KB손해보험,002550,손해보험,24,기타부채,부채,2,2023.1Q,197467.0
KR0010,KB손해보험,002550,손해보험,24,기타부채,부채,2,2023.2Q,98204.0
KR0010,KB손해보험,002550,손해보험,24,기타부채,부채,2,2023.3Q,88870.0
KR0010,KB손해보험,002550,손해보험,24,기타부채,부채,2,2023.4Q,245800.0
KR0010,KB손해보험,002550,손해보험,24,기타부채,부채,2,2024.1Q,140115.0
KR0010,KB손해보험,002550,손해보험,24,기타부채,부채,2,2024.2Q,161675.0
KR0010,KB손해보험,002550,손해보험,24,기타부채,부채,2,2024.3Q,174691.0
KR0010,KB손해보험,002550,손해보험,24,기타부채,부채,2,2024.4Q,412752.0
KR0010,KB손해보험,002550,손해보험,24,기타부채,부채,2,2025.1Q,334784.0
KR0010,KB손해보험,002550,손해보험,24,기타부채,부채,2,2025.2Q,254525.0
KR0010,KB손해보험,002550,손해보험,24,기타부채,부채,2,2025.3Q,167092.0
KR0010,KB손해보험,002550,손해보험,24,기타부채,부채,2,2025.4Q,263598.0
KR0010,KB손해보험,002550,손해보험,24,기타부채,부채,2,2026.1Q,196040.0
KR0010,KB손해보험,002550,손해보험,24,기타부채,부채,2,2026.2Q,174372.0
KR0010,KB손해보험,002550,손해보험,30,자본금,자본,2,2023.1Q,33250.0
KR0010,KB손해보험,002550,손해보험,30,자본금,자본,2,2023.2Q,33250.0
KR0010,KB손해보험,002550,손해보험,30,자본금,자본,2,2023.3Q,33250.0
KR0010,KB손해보험,002550,손해보험,30,자본금,자본,2,2023.4Q,33250.0
KR0010,KB손해보험,002550,손해보험,30,자본금,자본,2,2024.1Q,33250.0
KR0010,KB손해보험,002550,손해보험,30,자본금,자본,2,2024.2Q,33250.0
KR0010,KB손해보험,002550,손해보험,30,자본금,자본,2,2024.3Q,33250.0
KR0010,KB손해보험,002550,손해보험,30,자본금,자본,2,2024.4Q,33250.0
KR0010,KB손해보험,002550,손해보험,30,자본금,자본,2,2025.1Q,33250.0
KR0010,KB손해보험,002550,손해보험,30,자본금,자본,2,2025.2Q,33250.0
KR0010,KB손해보험,002550,손해보험,30,자본금,자본,2,2025.3Q,33250.0
KR0010,KB손해보험,002550,손해보험,30,자본금,자본,2,2025.4Q,33250.0
KR0010,KB손해보험,002550,손해보험,30,자본금,자본,2,2026.1Q,33250.0
KR0010,KB손해보험,002550,손해보험,30,자본금,자본,2,2026.2Q,33250.0
KR0010,KB손해보험,002550,손해보험,31,이익잉여금,자본,2,2023.3Q,5571175.0
KR0010,KB손해보험,002550,손해보험,31,이익잉여금,자본,2,2023.4Q,5638718.0
KR0010,KB손해보험,002550,손해보험,31,이익잉여금,자본,2,2024.1Q,5687046.0
KR0010,KB손해보험,002550,손해보험,31,이익잉여금,자본,2,2024.2Q,5977837.0
KR0010,KB손해보험,002550,손해보험,31,이익잉여금,자본,2,2024.3Q,6147602.0
KR0010,KB손해보험,002550,손해보험,31,이익잉여금,자본,2,2024.4Q,6158762.0
KR0010,KB손해보험,002550,손해보험,31,이익잉여금,자본,2,2025.1Q,6178599.0
KR0010,KB손해보험,002550,손해보험,31,이익잉여금,자본,2,2025.2Q,6424866.0
KR0010,KB손해보험,002550,손해보험,31,이익잉여금,자본,2,2025.3Q,6635010.0
KR0010,KB손해보험,002550,손해보험,31,이익잉여금,자본,2,2025.4Q,6958956.0
KR0010,KB손해보험,002550,손해보험,31,이익잉여금,자본,2,2026.1Q,7172929.0
KR0010,KB손해보험,002550,손해보험,31,이익잉여금,자본,2,2026.2Q,7458004.0
KR0011,DB손해보험,005830,손해보험,1,자산총계,자산,1,2023.2Q,44226600.0
KR0011,DB손해보험,005830,손해보험,1,자산총계,자산,1,2023.3Q,44616958.479462
KR0011,DB손해보험,005830,손해보험,1,자산총계,자산,1,2023.4Q,48513527.683125
KR0011,DB손해보험,005830,손해보험,1,자산총계,자산,1,2024.1Q,48843188.944544
KR0011,DB손해보험,005830,손해보험,1,자산총계,자산,1,2024.2Q,49361734.101453
KR0011,DB손해보험,005830,손해보험,1,자산총계,자산,1,2024.3Q,50652358.864142
KR0011,DB손해보험,005830,손해보험,1,자산총계,자산,1,2024.4Q,52858940.874889
KR0011,DB손해보험,005830,손해보험,1,자산총계,자산,1,2025.1Q,55478145.040758
KR0011,DB손해보험,005830,손해보험,1,자산총계,자산,1,2025.2Q,55939891.0
KR0011,DB손해보험,005830,손해보험,1,자산총계,자산,1,2025.3Q,57423593.0
KR0011,DB손해보험,005830,손해보험,1,자산총계,자산,1,2025.4Q,59408828.0
KR0011,DB손해보험,005830,손해보험,1,자산총계,자산,1,2026.1Q,59271156.0
KR0011,DB손해보험,005830,손해보험,1,자산총계,자산,1,2026.2Q,60103677.0
KR0011,DB손해보험,005830,손해보험,2,부채총계,부채,1,2023.2Q,35663622.0
KR0011,DB손해보험,005830,손해보험,2,부채총계,부채,1,2023.3Q,36079466.519297
KR0011,DB손해보험,005830,손해보험,2,부채총계,부채,1,2023.4Q,39837977.664305
KR0011,DB손해보험,005830,손해보험,2,부채총계,부채,1,2024.1Q,40406562.034356
KR0011,DB손해보험,005830,손해보험,2,부채총계,부채,1,2024.2Q,40881743.789952
KR0011,DB손해보험,005830,손해보험,2,부채총계,부채,1,2024.3Q,41937120.246067
KR0011,DB손해보험,005830,손해보험,2,부채총계,부채,1,2024.4Q,44442942.208589
KR0011,DB손해보험,005830,손해보험,2,부채총계,부채,1,2025.1Q,47984999.893045
KR0011,DB손해보험,005830,손해보험,2,부채총계,부채,1,2025.2Q,47759049.0
KR0011,DB손해보험,005830,손해보험,2,부채총계,부채,1,2025.3Q,48184324.0
KR0011,DB손해보험,005830,손해보험,2,부채총계,부채,1,2025.4Q,49553927.0
KR0011,DB손해보험,005830,손해보험,2,부채총계,부채,1,2026.1Q,48883374.0
KR0011,DB손해보험,005830,손해보험,2,부채총계,부채,1,2026.2Q,47758188.0
KR0011,DB손해보험,005830,손해보험,3,자본총계,자본,1,2023.2Q,8562978.0
KR0011,DB손해보험,005830,손해보험,3,자본총계,자본,1,2023.3Q,8537491.960165
KR0011,DB손해보험,005830,손해보험,3,자본총계,자본,1,2023.4Q,8675550.01882
KR0011,DB손해보험,005830,손해보험,3,자본총계,자본,1,2024.1Q,8436626.910188
KR0011,DB손해보험,005830,손해보험,3,자본총계,자본,1,2024.2Q,8479990.311501
KR0011,DB손해보험,005830,손해보험,3,자본총계,자본,1,2024.3Q,8715238.618075
KR0011,DB손해보험,005830,손해보험,3,자본총계,자본,1,2024.4Q,8415998.6663
KR0011,DB손해보험,005830,손해보험,3,자본총계,자본,1,2025.1Q,7493145.147713
KR0011,DB손해보험,005830,손해보험,3,자본총계,자본,1,2025.2Q,8180842.0
KR0011,DB손해보험,005830,손해보험,3,자본총계,자본,1,2025.3Q,9239269.0
KR0011,DB손해보험,005830,손해보험,3,자본총계,자본,1,2025.4Q,9854901.0
KR0011,DB손해보험,005830,손해보험,3,자본총계,자본,1,2026.1Q,10387782.0
KR0011,DB손해보험,005830,손해보험,3,자본총계,자본,1,2026.2Q,12345489.0
KR0011,DB손해보험,005830,손해보험,4,기타포괄손익 누계액,자본,2,2023.2Q,77475.0
KR0011,DB손해보험,005830,손해보험,4,기타포괄손익 누계액,자본,2,2023.3Q,227081.256382
KR0011,DB손해보험,005830,손해보험,4,기타포괄손익 누계액,자본,2,2023.4Q,104094.845528
KR0011,DB손해보험,005830,손해보험,4,기타포괄손익 누계액,자본,2,2024.1Q,-400041.22175
KR0011,DB손해보험,005830,손해보험,4,기타포괄손익 누계액,자본,2,2024.2Q,-897334.507141
KR0011,DB손해보험,005830,손해보험,4,기타포괄손익 누계액,자본,2,2024.3Q,-1115952.840191
KR0011,DB손해보험,005830,손해보험,4,기타포괄손익 누계액,자본,2,2024.4Q,-1609455.266593
KR0011,DB손해보험,005830,손해보험,4,기타포괄손익 누계액,자본,2,2025.1Q,-2570999.788165
KR0011,DB손해보험,005830,손해보험,4,기타포괄손익 누계액,자본,2,2025.2Q,-2343226.0
KR0011,DB손해보험,005830,손해보험,4,기타포괄손익 누계액,자본,2,2025.3Q,-2440625.0
KR0011,DB손해보험,005830,손해보험,4,기타포괄손익 누계액,자본,2,2025.4Q,-2229300.0
KR0011,DB손해보험,005830,손해보험,4,기타포괄손익 누계액,자본,2,2026.1Q,-1916450.0
KR0011,DB손해보험,005830,손해보험,4,기타포괄손익 누계액,자본,2,2026.2Q,-1094377.0
KR0011,DB손해보험,005830,손해보험,5,해약환급금준비금 적립액,준비금,2,2023.3Q,2373498.958469
KR0011,DB손해보험,005830,손해보험,5,해약환급금준비금 적립액,준비금,2,2023.4Q,2645779.990395
KR0011,DB손해보험,005830,손해보험,5,해약환급금준비금 적립액,준비금,2,2024.1Q,3084412.213435
KR0011,DB손해보험,005830,손해보험,5,해약환급금준비금 적립액,준비금,2,2024.2Q,3411764.18964
KR0011,DB손해보험,005830,손해보험,5,해약환급금준비금 적립액,준비금,2,2024.3Q,3724135.490736
KR0011,DB손해보험,005830,손해보험,5,해약환급금준비금 적립액,준비금,2,2024.4Q,3239227.357052
KR0011,DB손해보험,005830,손해보험,5,해약환급금준비금 적립액,준비금,2,2025.1Q,3524045.736265
KR0011,DB손해보험,005830,손해보험,5,해약환급금준비금 적립액,준비금,2,2025.2Q,3841522.0
KR0011,DB손해보험,005830,손해보험,5,해약환급금준비금 적립액,준비금,2,2025.3Q,4105304.0
KR0011,DB손해보험,005830,손해보험,5,해약환급금준비금 적립액,준비금,2,2025.4Q,4541287.0
KR0011,DB손해보험,005830,손해보험,5,해약환급금준비금 적립액,준비금,2,2026.1Q,4805384.0
KR0011,DB손해보험,005830,손해보험,5,해약환급금준비금 적립액,준비금,2,2026.2Q,5275217.0
KR0011,DB손해보험,005830,손해보험,6,비상위험준비금 적립액,준비금,2,2023.1Q,1378571.0
KR0011,DB손해보험,005830,손해보험,6,비상위험준비금 적립액,준비금,2,2023.2Q,1378571.0
KR0011,DB손해보험,005830,손해보험,6,비상위험준비금 적립액,준비금,2,2023.3Q,1480883.482474
KR0011,DB손해보험,005830,손해보험,6,비상위험준비금 적립액,준비금,2,2023.4Q,1515053.592297
KR0011,DB손해보험,005830,손해보험,6,비상위험준비금 적립액,준비금,2,2024.1Q,1549528.048959
KR0011,DB손해보험,005830,손해보험,6,비상위험준비금 적립액,준비금,2,2024.2Q,1586835.445036
KR0011,DB손해보험,005830,손해보험,6,비상위험준비금 적립액,준비금,2,2024.3Q,1618867.513695
KR0011,DB손해보험,005830,손해보험,6,비상위험준비금 적립액,준비금,2,2024.4Q,1655220.464855
KR0011,DB손해보험,005830,손해보험,6,비상위험준비금 적립액,준비금,2,2025.1Q,1690319.923823
KR0011,DB손해보험,005830,손해보험,6,비상위험준비금 적립액,준비금,2,2025.2Q,1729474.0
KR0011,DB손해보험,005830,손해보험,6,비상위험준비금 적립액,준비금,2,2025.3Q,1762454.0
KR0011,DB손해보험,005830,손해보험,6,비상위험준비금 적립액,준비금,2,2025.4Q,1731363.0
KR0011,DB손해보험,005830,손해보험,6,비상위험준비금 적립액,준비금,2,2026.1Q,1749652.0
KR0011,DB손해보험,005830,손해보험,6,비상위험준비금 적립액,준비금,2,2026.2Q,1770151.0
KR0011,DB손해보험,005830,손해보험,7,대손준비금 적립액,준비금,2,2023.1Q,94673.0
KR0011,DB손해보험,005830,손해보험,7,대손준비금 적립액,준비금,2,2023.2Q,94673.0
KR0011,DB손해보험,005830,손해보험,7,대손준비금 적립액,준비금,2,2023.3Q,62241.689934
KR0011,DB손해보험,005830,손해보험,7,대손준비금 적립액,준비금,2,2023.4Q,120887.124437
KR0011,DB손해보험,005830,손해보험,7,대손준비금 적립액,준비금,2,2024.1Q,125011.511546
KR0011,DB손해보험,005830,손해보험,7,대손준비금 적립액,준비금,2,2024.2Q,112169.200307
KR0011,DB손해보험,005830,손해보험,7,대손준비금 적립액,준비금,2,2024.3Q,120887.124437
KR0011,DB손해보험,005830,손해보험,7,대손준비금 적립액,준비금,2,2024.4Q,120887.124437
KR0011,DB손해보험,005830,손해보험,7,대손준비금 적립액,준비금,2,2025.1Q,72622.245077
KR0011,DB손해보험,005830,손해보험,7,대손준비금 적립액,준비금,2,2025.2Q,81010.0
KR0011,DB손해보험,005830,손해보험,7,대손준비금 적립액,준비금,2,2025.3Q,102643.0
KR0011,DB손해보험,005830,손해보험,7,대손준비금 적립액,준비금,2,2025.4Q,103056.0
KR0011,DB손해보험,005830,손해보험,7,대손준비금 적립액,준비금,2,2026.1Q,105360.0
KR0011,DB손해보험,005830,손해보험,7,대손준비금 적립액,준비금,2,2026.2Q,103567.0
KR0011,DB손해보험,005830,손해보험,10,현금및현금성자산,자산,2,2023.2Q,571596.0
KR0011,DB손해보험,005830,손해보험,10,현금및현금성자산,자산,2,2023.3Q,529743.566114
KR0011,DB손해보험,005830,손해보험,10,현금및현금성자산,자산,2,2023.4Q,995377.355506
KR0011,DB손해보험,005830,손해보험,10,현금및현금성자산,자산,2,2024.1Q,720472.772582
KR0011,DB손해보험,005830,손해보험,10,현금및현금성자산,자산,2,2024.2Q,779524.711401
KR0011,DB손해보험,005830,손해보험,10,현금및현금성자산,자산,2,2024.3Q,557797.120088
KR0011,DB손해보험,005830,손해보험,10,현금및현금성자산,자산,2,2024.4Q,752248.479898
KR0011,DB손해보험,005830,손해보험,10,현금및현금성자산,자산,2,2025.1Q,586219.413734
KR0011,DB손해보험,005830,손해보험,10,현금및현금성자산,자산,2,2025.2Q,867615.0
KR0011,DB손해보험,005830,손해보험,10,현금및현금성자산,자산,2,2025.3Q,556740.0
KR0011,DB손해보험,005830,손해보험,10,현금및현금성자산,자산,2,2025.4Q,908017.0
KR0011,DB손해보험,005830,손해보험,10,현금및현금성자산,자산,2,2026.1Q,430293.0
KR0011,DB손해보험,005830,손해보험,10,현금및현금성자산,자산,2,2026.2Q,442562.0
KR0011,DB손해보험,005830,손해보험,11,당기손익-공정가치측정금융자산,자산,2,2023.2Q,10770905.0
KR0011,DB손해보험,005830,손해보험,11,당기손익-공정가치측정금융자산,자산,2,2023.3Q,10401201.0343
KR0011,DB손해보험,005830,손해보험,11,당기손익-공정가치측정금융자산,자산,2,2023.4Q,11183349.499132
KR0011,DB손해보험,005830,손해보험,11,당기손익-공정가치측정금융자산,자산,2,2024.1Q,11881777.506501
KR0011,DB손해보험,005830,손해보험,11,당기손익-공정가치측정금융자산,자산,2,2024.2Q,11147412.493164
KR0011,DB손해보험,005830,손해보험,11,당기손익-공정가치측정금융자산,자산,2,2024.3Q,10852238.249841
KR0011,DB손해보험,005830,손해보험,11,당기손익-공정가치측정금융자산,자산,2,2024.4Q,11418284.442054
KR0011,DB손해보험,005830,손해보험,11,당기손익-공정가치측정금융자산,자산,2,2025.1Q,12079331.436026
KR0011,DB손해보험,005830,손해보험,11,당기손익-공정가치측정금융자산,자산,2,2025.2Q,12879695.0
KR0011,DB손해보험,005830,손해보험,11,당기손익-공정가치측정금융자산,자산,2,2025.3Q,15785981.0
KR0011,DB손해보험,005830,손해보험,11,당기손익-공정가치측정금융자산,자산,2,2025.4Q,17722466.0
KR0011,DB손해보험,005830,손해보험,11,당기손익-공정가치측정금융자산,자산,2,2026.1Q,17151819.0
KR0011,DB손해보험,005830,손해보험,11,당기손익-공정가치측정금융자산,자산,2,2026.2Q,12830326.0
KR0011,DB손해보험,005830,손해보험,12,기타포괄손익-공정가치측정금융자산,자산,2,2023.2Q,18146886.0
KR0011,DB손해보험,005830,손해보험,12,기타포괄손익-공정가치측정금융자산,자산,2,2023.3Q,18071506.053588
KR0011,DB손해보험,005830,손해보험,12,기타포괄손익-공정가치측정금융자산,자산,2,2023.4Q,19545190.388694
KR0011,DB손해보험,005830,손해보험,12,기타포괄손익-공정가치측정금융자산,자산,2,2024.1Q,20058512.663048
KR0011,DB손해보험,005830,손해보험,12,기타포괄손익-공정가치측정금융자산,자산,2,2024.2Q,21138858.88287
KR0011,DB손해보험,005830,손해보험,12,기타포괄손익-공정가치측정금융자산,자산,2,2024.3Q,22036073.410973
KR0011,DB손해보험,005830,손해보험,12,기타포괄손익-공정가치측정금융자산,자산,2,2024.4Q,22226035.937252
KR0011,DB손해보험,005830,손해보험,12,기타포괄손익-공정가치측정금융자산,자산,2,2025.1Q,23095516.511676
KR0011,DB손해보험,005830,손해보험,12,기타포괄손익-공정가치측정금융자산,자산,2,2025.2Q,21420872.0
KR0011,DB손해보험,005830,손해보험,12,기타포괄손익-공정가치측정금융자산,자산,2,2025.3Q,20703906.0
KR0011,DB손해보험,005830,손해보험,12,기타포괄손익-공정가치측정금융자산,자산,2,2025.4Q,20121438.0
KR0011,DB손해보험,005830,손해보험,12,기타포괄손익-공정가치측정금융자산,자산,2,2026.1Q,22458572.0
KR0011,DB손해보험,005830,손해보험,12,기타포괄손익-공정가치측정금융자산,자산,2,2026.2Q,22849410.0
KR0011,DB손해보험,005830,손해보험,13,상각후원가측정금융자산,자산,2,2023.2Q,10653661.0
KR0011,DB손해보험,005830,손해보험,13,상각후원가측정금융자산,자산,2,2023.3Q,10850579.488978
KR0011,DB손해보험,005830,손해보험,13,상각후원가측정금융자산,자산,2,2023.4Q,11813123.755885
KR0011,DB손해보험,005830,손해보험,13,상각후원가측정금융자산,자산,2,2024.1Q,11383011.086651
KR0011,DB손해보험,005830,손해보험,13,상각후원가측정금융자산,자산,2,2024.2Q,11693322.082641
KR0011,DB손해보험,005830,손해보험,13,상각후원가측정금융자산,자산,2,2024.3Q,12369257.267533
KR0011,DB손해보험,005830,손해보험,13,상각후원가측정금융자산,자산,2,2024.4Q,13714616.175914
KR0011,DB손해보험,005830,손해보험,13,상각후원가측정금융자산,자산,2,2025.1Q,14886161.435429
KR0011,DB손해보험,005830,손해보험,13,상각후원가측정금융자산,자산,2,2025.2Q,15696430.0
KR0011,DB손해보험,005830,손해보험,13,상각후원가측정금융자산,자산,2,2025.3Q,15409837.0
KR0011,DB손해보험,005830,손해보험,13,상각후원가측정금융자산,자산,2,2025.4Q,15763373.0
KR0011,DB손해보험,005830,손해보험,13,상각후원가측정금융자산,자산,2,2026.1Q,14357209.0
KR0011,DB손해보험,005830,손해보험,13,상각후원가측정금융자산,자산,2,2026.2Q,16051450.0
KR0011,DB손해보험,005830,손해보험,14,재보험계약자산,자산,2,2023.2Q,1231740.0
KR0011,DB손해보험,005830,손해보험,14,재보험계약자산,자산,2,2023.3Q,1821121.079771
KR0011,DB손해보험,005830,손해보험,14,재보험계약자산,자산,2,2023.4Q,1843406.861124
KR0011,DB손해보험,005830,손해보험,14,재보험계약자산,자산,2,2024.1Q,1744229.870591
KR0011,DB손해보험,005830,손해보험,14,재보험계약자산,자산,2,2024.2Q,1499238.994161
KR0011,DB손해보험,005830,손해보험,14,재보험계약자산,자산,2,2024.3Q,1493435.948177
KR0011,DB손해보험,005830,손해보험,14,재보험계약자산,자산,2,2024.4Q,1451589.341534
KR0011,DB손해보험,005830,손해보험,14,재보험계약자산,자산,2,2025.1Q,1416171.882144
KR0011,DB손해보험,005830,손해보험,14,재보험계약자산,자산,2,2025.2Q,1565977.0
KR0011,DB손해보험,005830,손해보험,14,재보험계약자산,자산,2,2025.3Q,1590390.0
KR0011,DB손해보험,005830,손해보험,14,재보험계약자산,자산,2,2025.4Q,1503962.0
KR0011,DB손해보험,005830,손해보험,14,재보험계약자산,자산,2,2026.1Q,1559588.0
KR0011,DB손해보험,005830,손해보험,14,재보험계약자산,자산,2,2026.2Q,1514536.0
KR0011,DB손해보험,005830,손해보험,15,유형자산,자산,2,2023.2Q,459898.0
KR0011,DB손해보험,005830,손해보험,15,유형자산,자산,2,2023.3Q,454041.82396
KR0011,DB손해보험,005830,손해보험,15,유형자산,자산,2,2023.4Q,451019.273638
KR0011,DB손해보험,005830,손해보험,15,유형자산,자산,2,2024.1Q,455006.068708
KR0011,DB손해보험,005830,손해보험,15,유형자산,자산,2,2024.2Q,466435.321233
KR0011,DB손해보험,005830,손해보험,15,유형자산,자산,2,2024.3Q,466521.94912
KR0011,DB손해보험,005830,손해보험,15,유형자산,자산,2,2024.4Q,485813.011995
KR0011,DB손해보험,005830,손해보험,15,유형자산,자산,2,2025.1Q,492399.360903
KR0011,DB손해보험,005830,손해보험,15,유형자산,자산,2,2025.2Q,500940.0
KR0011,DB손해보험,005830,손해보험,15,유형자산,자산,2,2025.3Q,508407.0
KR0011,DB손해보험,005830,손해보험,15,유형자산,자산,2,2025.4Q,525869.0
KR0011,DB손해보험,005830,손해보험,15,유형자산,자산,2,2026.1Q,542355.0
KR0011,DB손해보험,005830,손해보험,15,유형자산,자산,2,2026.2Q,622645.0
KR0011,DB손해보험,005830,손해보험,20,보험계약부채,부채,2,2023.2Q,27043613.0
KR0011,DB손해보험,005830,손해보험,20,보험계약부채,부채,2,2023.3Q,27493912.813816
KR0011,DB손해보험,005830,손해보험,20,보험계약부채,부채,2,2023.4Q,29395049.529557
KR0011,DB손해보험,005830,손해보험,20,보험계약부채,부채,2,2024.1Q,29446819.100689
KR0011,DB손해보험,005830,손해보험,20,보험계약부채,부채,2,2024.2Q,30367116.555153
KR0011,DB손해보험,005830,손해보험,20,보험계약부채,부채,2,2024.3Q,31553081.154518
KR0011,DB손해보험,005830,손해보험,20,보험계약부채,부채,2,2024.4Q,31937300.553866
KR0011,DB손해보험,005830,손해보험,20,보험계약부채,부채,2,2025.1Q,33766163.701419
KR0011,DB손해보험,005830,손해보험,20,보험계약부채,부채,2,2025.2Q,33393555.0
KR0011,DB손해보험,005830,손해보험,20,보험계약부채,부채,2,2025.3Q,33463246.0
KR0011,DB손해보험,005830,손해보험,20,보험계약부채,부채,2,2025.4Q,31580104.0
KR0011,DB손해보험,005830,손해보험,20,보험계약부채,부채,2,2026.1Q,29860640.0
KR0011,DB손해보험,005830,손해보험,20,보험계약부채,부채,2,2026.2Q,28001732.0
KR0011,DB손해보험,005830,손해보험,21,재보험계약부채,부채,2,2023.2Q,30.0
KR0011,DB손해보험,005830,손해보험,21,재보험계약부채,부채,2,2023.3Q,0.0
KR0011,DB손해보험,005830,손해보험,21,재보험계약부채,부채,2,2023.4Q,1320.881989
KR0011,DB손해보험,005830,손해보험,21,재보험계약부채,부채,2,2024.1Q,0.0
KR0011,DB손해보험,005830,손해보험,21,재보험계약부채,부채,2,2024.2Q,0.0
KR0011,DB손해보험,005830,손해보험,21,재보험계약부채,부채,2,2024.3Q,544.313325
KR0011,DB손해보험,005830,손해보험,21,재보험계약부채,부채,2,2024.4Q,664.581796
KR0011,DB손해보험,005830,손해보험,21,재보험계약부채,부채,2,2025.1Q,278.454298
KR0011,DB손해보험,005830,손해보험,21,재보험계약부채,부채,2,2025.2Q,93.0
KR0011,DB손해보험,005830,손해보험,21,재보험계약부채,부채,2,2025.3Q,0.0
KR0011,DB손해보험,005830,손해보험,21,재보험계약부채,부채,2,2025.4Q,0.0
KR0011,DB손해보험,005830,손해보험,21,재보험계약부채,부채,2,2026.1Q,2002.0
KR0011,DB손해보험,005830,손해보험,21,재보험계약부채,부채,2,2026.2Q,145.0
KR0011,DB손해보험,005830,손해보험,22,투자계약부채,부채,2,2023.2Q,5496988.0
KR0011,DB손해보험,005830,손해보험,22,투자계약부채,부채,2,2023.3Q,5555425.317787
KR0011,DB손해보험,005830,손해보험,22,투자계약부채,부채,2,2023.4Q,7380015.306476
KR0011,DB손해보험,005830,손해보험,22,투자계약부채,부채,2,2024.1Q,7490632.151687
KR0011,DB손해보험,005830,손해보험,22,투자계약부채,부채,2,2024.2Q,7500307.712975
KR0011,DB손해보험,005830,손해보험,22,투자계약부채,부채,2,2024.3Q,7630779.479776
KR0011,DB손해보험,005830,손해보험,22,투자계약부채,부채,2,2024.4Q,9134933.378264
KR0011,DB손해보험,005830,손해보험,22,투자계약부채,부채,2,2025.1Q,9867515.527619
KR0011,DB손해보험,005830,손해보험,22,투자계약부채,부채,2,2025.2Q,10827909.0
KR0011,DB손해보험,005830,손해보험,22,투자계약부채,부채,2,2025.3Q,10830998.0
KR0011,DB손해보험,005830,손해보험,22,투자계약부채,부채,2,2025.4Q,12963233.0
KR0011,DB손해보험,005830,손해보험,22,투자계약부채,부채,2,2026.1Q,12335709.0
KR0011,DB손해보험,005830,손해보험,22,투자계약부채,부채,2,2026.2Q,12925655.0
KR0011,DB손해보험,005830,손해보험,23,차입부채,부채,2,2025.2Q,1466188.0
KR0011,DB손해보험,005830,손해보험,23,차입부채,부채,2,2025.3Q,1466275.0
KR0011,DB손해보험,005830,손해보험,23,차입부채,부채,2,2025.4Q,1466363.0
KR0011,DB손해보험,005830,손해보험,23,차입부채,부채,2,2026.1Q,1466450.0
KR0011,DB손해보험,005830,손해보험,23,차입부채,부채,2,2026.2Q,968304.0
KR0011,DB손해보험,005830,손해보험,24,기타부채,부채,2,2023.2Q,225883.0
KR0011,DB손해보험,005830,손해보험,24,기타부채,부채,2,2023.3Q,170856.000175
KR0011,DB손해보험,005830,손해보험,24,기타부채,부채,2,2023.4Q,197819.53186
KR0011,DB손해보험,005830,손해보험,24,기타부채,부채,2,2024.1Q,212208.365716
KR0011,DB손해보험,005830,손해보험,24,기타부채,부채,2,2024.2Q,170858.679769
KR0011,DB손해보험,005830,손해보험,24,기타부채,부채,2,2024.3Q,166227.27382
KR0011,DB손해보험,005830,손해보험,24,기타부채,부채,2,2024.4Q,203213.521783
KR0011,DB손해보험,005830,손해보험,24,기타부채,부채,2,2025.1Q,224837.380871
KR0011,DB손해보험,005830,손해보험,24,기타부채,부채,2,2025.2Q,188544.0
KR0011,DB손해보험,005830,손해보험,24,기타부채,부채,2,2025.3Q,180889.0
KR0011,DB손해보험,005830,손해보험,24,기타부채,부채,2,2025.4Q,211050.0
KR0011,DB손해보험,005830,손해보험,24,기타부채,부채,2,2026.1Q,244634.0
KR0011,DB손해보험,005830,손해보험,24,기타부채,부채,2,2026.2Q,193855.0
KR0011,DB손해보험,005830,손해보험,30,자본금,자본,2,2023.2Q,35400.0
KR0011,DB손해보험,005830,손해보험,30,자본금,자본,2,2023.3Q,35400.0
KR0011,DB손해보험,005830,손해보험,30,자본금,자본,2,2023.4Q,35400.0
KR0011,DB손해보험,005830,손해보험,30,자본금,자본,2,2024.1Q,35400.0
KR0011,DB손해보험,005830,손해보험,30,자본금,자본,2,2024.2Q,35400.0
KR0011,DB손해보험,005830,손해보험,30,자본금,자본,2,2024.3Q,35400.0
KR0011,DB손해보험,005830,손해보험,30,자본금,자본,2,2024.4Q,35400.0
KR0011,DB손해보험,005830,손해보험,30,자본금,자본,2,2025.1Q,35400.0
KR0011,DB손해보험,005830,손해보험,30,자본금,자본,2,2025.2Q,35400.0
KR0011,DB손해보험,005830,손해보험,30,자본금,자본,2,2025.3Q,35400.0
KR0011,DB손해보험,005830,손해보험,30,자본금,자본,2,2025.4Q,35400.0
KR0011,DB손해보험,005830,손해보험,30,자본금,자본,2,2026.1Q,35400.0
KR0011,DB손해보험,005830,손해보험,30,자본금,자본,2,2026.2Q,35400.0
KR0011,DB손해보험,005830,손해보험,31,이익잉여금,자본,2,2023.2Q,8564682.0
KR0011,DB손해보험,005830,손해보험,31,이익잉여금,자본,2,2023.3Q,8389589.932125
KR0011,DB손해보험,005830,손해보험,31,이익잉여금,자본,2,2023.4Q,8650634.401634
KR0011,DB손해보험,005830,손해보험,31,이익잉여금,자본,2,2024.1Q,8915847.36028
KR0011,DB손해보험,005830,손해보험,31,이익잉여금,자본,2,2024.2Q,9456504.046984
KR0011,DB손해보험,005830,손해보험,31,이익잉여금,자본,2,2024.3Q,9910370.686608
KR0011,DB손해보험,005830,손해보험,31,이익잉여금,자본,2,2024.4Q,10104633.161235
KR0011,DB손해보험,005830,손해보험,31,이익잉여금,자본,2,2025.1Q,10143324.16422
KR0011,DB손해보험,005830,손해보험,31,이익잉여금,자본,2,2025.2Q,10603247.0
KR0011,DB손해보험,005830,손해보험,31,이익잉여금,자본,2,2025.3Q,10894067.0
KR0011,DB손해보험,005830,손해보험,31,이익잉여금,자본,2,2025.4Q,11201139.0
KR0011,DB손해보험,005830,손해보험,31,이익잉여금,자본,2,2026.1Q,10942900.0
KR0011,DB손해보험,005830,손해보험,31,이익잉여금,자본,2,2026.2Q,11639638.0
KR0029,AIG손해보험,X,손해보험,1,자산총계,자산,1,2023.4Q,1013529.535052
KR0029,AIG손해보험,X,손해보험,1,자산총계,자산,1,2024.4Q,1088216.455
KR0029,AIG손해보험,X,손해보험,1,자산총계,자산,1,2025.4Q,1036996.717873
KR0029,AIG손해보험,X,손해보험,2,부채총계,부채,1,2023.4Q,400530.571586
KR0029,AIG손해보험,X,손해보험,2,부채총계,부채,1,2024.4Q,437432.509395
KR0029,AIG손해보험,X,손해보험,2,부채총계,부채,1,2025.4Q,350012.483137
KR0029,AIG손해보험,X,손해보험,3,자본총계,자본,1,2023.4Q,612998.963466
KR0029,AIG손해보험,X,손해보험,3,자본총계,자본,1,2024.4Q,650783.945605
KR0029,AIG손해보험,X,손해보험,3,자본총계,자본,1,2025.4Q,686984.234736
KR0029,AIG손해보험,X,손해보험,5,해약환급금준비금 적립액,준비금,2,2023.4Q,293826.090623
KR0029,AIG손해보험,X,손해보험,5,해약환급금준비금 적립액,준비금,2,2024.1Q,293826.090623
KR0029,AIG손해보험,X,손해보험,5,해약환급금준비금 적립액,준비금,2,2024.2Q,293826.090623
KR0029,AIG손해보험,X,손해보험,5,해약환급금준비금 적립액,준비금,2,2024.3Q,293826.090623
KR0029,AIG손해보험,X,손해보험,5,해약환급금준비금 적립액,준비금,2,2024.4Q,257706.250422
KR0029,AIG손해보험,X,손해보험,5,해약환급금준비금 적립액,준비금,2,2025.1Q,257706.250422
KR0029,AIG손해보험,X,손해보험,5,해약환급금준비금 적립액,준비금,2,2025.2Q,257706.250422
KR0029,AIG손해보험,X,손해보험,5,해약환급금준비금 적립액,준비금,2,2025.3Q,257706.250422
KR0029,AIG손해보험,X,손해보험,5,해약환급금준비금 적립액,준비금,2,2025.4Q,315400.009626
KR0029,AIG손해보험,X,손해보험,5,해약환급금준비금 적립액,준비금,2,2026.1Q,315400.009626
KR0029,AIG손해보험,X,손해보험,5,해약환급금준비금 적립액,준비금,2,2026.2Q,315400.009626
KR0029,AIG손해보험,X,손해보험,6,비상위험준비금 적립액,준비금,2,2023.4Q,63804.442865
KR0029,AIG손해보험,X,손해보험,6,비상위험준비금 적립액,준비금,2,2024.1Q,63804.442865
KR0029,AIG손해보험,X,손해보험,6,비상위험준비금 적립액,준비금,2,2024.2Q,63804.442865
KR0029,AIG손해보험,X,손해보험,6,비상위험준비금 적립액,준비금,2,2024.3Q,63804.442865
KR0029,AIG손해보험,X,손해보험,6,비상위험준비금 적립액,준비금,2,2024.4Q,63992.277109
KR0029,AIG손해보험,X,손해보험,6,비상위험준비금 적립액,준비금,2,2025.1Q,63992.277109
KR0029,AIG손해보험,X,손해보험,6,비상위험준비금 적립액,준비금,2,2025.2Q,63992.277109
KR0029,AIG손해보험,X,손해보험,6,비상위험준비금 적립액,준비금,2,2025.3Q,63992.277109
KR0029,AIG손해보험,X,손해보험,6,비상위험준비금 적립액,준비금,2,2025.4Q,64171.224344
KR0029,AIG손해보험,X,손해보험,6,비상위험준비금 적립액,준비금,2,2026.1Q,64171.224344
KR0029,AIG손해보험,X,손해보험,6,비상위험준비금 적립액,준비금,2,2026.2Q,64171.224344
KR0029,AIG손해보험,X,손해보험,7,대손준비금 적립액,준비금,2,2023.4Q,15.089757
KR0029,AIG손해보험,X,손해보험,7,대손준비금 적립액,준비금,2,2024.1Q,15.089757
KR0029,AIG손해보험,X,손해보험,7,대손준비금 적립액,준비금,2,2024.2Q,15.089757
KR0029,AIG손해보험,X,손해보험,7,대손준비금 적립액,준비금,2,2024.3Q,15.089757
KR0029,AIG손해보험,X,손해보험,7,대손준비금 적립액,준비금,2,2024.4Q,14.544027
KR0029,AIG손해보험,X,손해보험,7,대손준비금 적립액,준비금,2,2025.1Q,14.544027
KR0029,AIG손해보험,X,손해보험,7,대손준비금 적립액,준비금,2,2025.2Q,14.544027
KR0029,AIG손해보험,X,손해보험,7,대손준비금 적립액,준비금,2,2025.3Q,14.544027
KR0029,AIG손해보험,X,손해보험,7,대손준비금 적립액,준비금,2,2025.4Q,15.743
KR0029,AIG손해보험,X,손해보험,7,대손준비금 적립액,준비금,2,2026.1Q,15.743
KR0029,AIG손해보험,X,손해보험,7,대손준비금 적립액,준비금,2,2026.2Q,15.743
KR0032,NH농협손해보험,X,손해보험,1,자산총계,자산,1,2023.1Q,11093873.407869
KR0032,NH농협손해보험,X,손해보험,1,자산총계,자산,1,2023.2Q,11512184.944458
KR0032,NH농협손해보험,X,손해보험,1,자산총계,자산,1,2023.3Q,10983828.979427
KR0032,NH농협손해보험,X,손해보험,1,자산총계,자산,1,2023.4Q,10991344.325076
KR0032,NH농협손해보험,X,손해보험,1,자산총계,자산,1,2024.1Q,11131379.066262
KR0032,NH농협손해보험,X,손해보험,1,자산총계,자산,1,2024.2Q,11474356.485364
KR0032,NH농협손해보험,X,손해보험,1,자산총계,자산,1,2024.3Q,11725017.66887
KR0032,NH농협손해보험,X,손해보험,1,자산총계,자산,1,2024.4Q,12152807.774446
KR0032,NH농협손해보험,X,손해보험,1,자산총계,자산,1,2025.1Q,12822018.871221
KR0032,NH농협손해보험,X,손해보험,1,자산총계,자산,1,2025.2Q,13436531.061822
KR0032,NH농협손해보험,X,손해보험,1,자산총계,자산,1,2025.3Q,13008762.895413
KR0032,NH농협손해보험,X,손해보험,1,자산총계,자산,1,2025.4Q,12844908.892363
KR0032,NH농협손해보험,X,손해보험,1,자산총계,자산,1,2026.1Q,12466237.541061
KR0032,NH농협손해보험,X,손해보험,1,자산총계,자산,1,2026.2Q,12853092.341872
KR0032,NH농협손해보험,X,손해보험,2,부채총계,부채,1,2023.1Q,9298575.706511
KR0032,NH농협손해보험,X,손해보험,2,부채총계,부채,1,2023.2Q,9656327.901682
KR0032,NH농협손해보험,X,손해보험,2,부채총계,부채,1,2023.3Q,9151725.157007
KR0032,NH농협손해보험,X,손해보험,2,부채총계,부채,1,2023.4Q,9206228.170704
KR0032,NH농협손해보험,X,손해보험,2,부채총계,부채,1,2024.1Q,9406042.86891
KR0032,NH농협손해보험,X,손해보험,2,부채총계,부채,1,2024.2Q,9820157.766568
KR0032,NH농협손해보험,X,손해보험,2,부채총계,부채,1,2024.3Q,10118371.408203
KR0032,NH농협손해보험,X,손해보험,2,부채총계,부채,1,2024.4Q,10276769.07211
KR0032,NH농협손해보험,X,손해보험,2,부채총계,부채,1,2025.1Q,11156617.624529
KR0032,NH농협손해보험,X,손해보험,2,부채총계,부채,1,2025.2Q,11723099.692635
KR0032,NH농협손해보험,X,손해보험,2,부채총계,부채,1,2025.3Q,11292313.365955
KR0032,NH농협손해보험,X,손해보험,2,부채총계,부채,1,2025.4Q,11126010.830971
KR0032,NH농협손해보험,X,손해보험,2,부채총계,부채,1,2026.1Q,10617272.107395
KR0032,NH농협손해보험,X,손해보험,2,부채총계,부채,1,2026.2Q,10788880.007803
KR0032,NH농협손해보험,X,손해보험,3,자본총계,자본,1,2023.1Q,1795297.701358
KR0032,NH농협손해보험,X,손해보험,3,자본총계,자본,1,2023.2Q,1855857.042776
KR0032,NH농협손해보험,X,손해보험,3,자본총계,자본,1,2023.3Q,1832103.82242
KR0032,NH농협손해보험,X,손해보험,3,자본총계,자본,1,2023.4Q,1785116.154372
KR0032,NH농협손해보험,X,손해보험,3,자본총계,자본,1,2024.1Q,1725336.197352
KR0032,NH농협손해보험,X,손해보험,3,자본총계,자본,1,2024.2Q,1654198.718796
KR0032,NH농협손해보험,X,손해보험,3,자본총계,자본,1,2024.3Q,1606646.260667
KR0032,NH농협손해보험,X,손해보험,3,자본총계,자본,1,2024.4Q,1876038.702336
KR0032,NH농협손해보험,X,손해보험,3,자본총계,자본,1,2025.1Q,1665401.246692
KR0032,NH농협손해보험,X,손해보험,3,자본총계,자본,1,2025.2Q,1713431.369187
KR0032,NH농협손해보험,X,손해보험,3,자본총계,자본,1,2025.3Q,1716449.529458
KR0032,NH농협손해보험,X,손해보험,3,자본총계,자본,1,2025.4Q,1718898.061392
KR0032,NH농협손해보험,X,손해보험,3,자본총계,자본,1,2026.1Q,1848965.433666
KR0032,NH농협손해보험,X,손해보험,3,자본총계,자본,1,2026.2Q,2064212.334069
KR0032,NH농협손해보험,X,손해보험,4,기타포괄손익 누계액,자본,2,2023.1Q,219215.310269
KR0032,NH농협손해보험,X,손해보험,4,기타포괄손익 누계액,자본,2,2023.2Q,238264.93485
KR0032,NH농협손해보험,X,손해보험,4,기타포괄손익 누계액,자본,2,2023.3Q,260728.705418
KR0032,NH농협손해보험,X,손해보험,4,기타포괄손익 누계액,자본,2,2023.4Q,166041.272457
KR0032,NH농협손해보험,X,손해보험,4,기타포괄손익 누계액,자본,2,2024.1Q,45918.826925
KR0032,NH농협손해보험,X,손해보험,4,기타포괄손익 누계액,자본,2,2024.2Q,-89636.529595
KR0032,NH농협손해보험,X,손해보험,4,기타포괄손익 누계액,자본,2,2024.3Q,-169438.071987
KR0032,NH농협손해보험,X,손해보험,4,기타포괄손익 누계액,자본,2,2024.4Q,-261712.917207
KR0032,NH농협손해보험,X,손해보험,4,기타포괄손익 누계액,자본,2,2025.1Q,-485884.862711
KR0032,NH농협손해보험,X,손해보험,4,기타포괄손익 누계액,자본,2,2025.2Q,-498688.404907
KR0032,NH농협손해보험,X,손해보험,4,기타포괄손익 누계액,자본,2,2025.3Q,-524249.158551
KR0032,NH농협손해보험,X,손해보험,4,기타포괄손익 누계액,자본,2,2025.4Q,-470810.856619
KR0032,NH농협손해보험,X,손해보험,4,기타포괄손익 누계액,자본,2,2026.1Q,-370071.823142
KR0032,NH농협손해보험,X,손해보험,4,기타포괄손익 누계액,자본,2,2026.2Q,-176894.006999
KR0032,NH농협손해보험,X,손해보험,5,해약환급금준비금 적립액,준비금,2,2023.4Q,683630.0
KR0032,NH농협손해보험,X,손해보험,5,해약환급금준비금 적립액,준비금,2,2024.1Q,737971.0
KR0032,NH농협손해보험,X,손해보험,5,해약환급금준비금 적립액,준비금,2,2024.2Q,793456.0
KR0032,NH농협손해보험,X,손해보험,5,해약환급금준비금 적립액,준비금,2,2024.3Q,821020.0
KR0032,NH농협손해보험,X,손해보험,5,해약환급금준비금 적립액,준비금,2,2024.4Q,727706.0
KR0032,NH농협손해보험,X,손해보험,5,해약환급금준비금 적립액,준비금,2,2025.1Q,731354.0
KR0032,NH농협손해보험,X,손해보험,5,해약환급금준비금 적립액,준비금,2,2025.2Q,784573.0
KR0032,NH농협손해보험,X,손해보험,5,해약환급금준비금 적립액,준비금,2,2025.3Q,809323.0
KR0032,NH농협손해보험,X,손해보험,5,해약환급금준비금 적립액,준비금,2,2025.4Q,763068.0
KR0032,NH농협손해보험,X,손해보험,5,해약환급금준비금 적립액,준비금,2,2026.1Q,790899.0
KR0032,NH농협손해보험,X,손해보험,5,해약환급금준비금 적립액,준비금,2,2026.2Q,808824.0
KR0032,NH농협손해보험,X,손해보험,6,비상위험준비금 적립액,준비금,2,2023.1Q,241185.0
KR0032,NH농협손해보험,X,손해보험,6,비상위험준비금 적립액,준비금,2,2023.2Q,251761.0
KR0032,NH농협손해보험,X,손해보험,6,비상위험준비금 적립액,준비금,2,2023.3Q,256755.0
KR0032,NH농협손해보험,X,손해보험,6,비상위험준비금 적립액,준비금,2,2023.4Q,261832.0
KR0032,NH농협손해보험,X,손해보험,6,비상위험준비금 적립액,준비금,2,2024.1Q,267978.0
KR0032,NH농협손해보험,X,손해보험,6,비상위험준비금 적립액,준비금,2,2024.2Q,276954.0
KR0032,NH농협손해보험,X,손해보험,6,비상위험준비금 적립액,준비금,2,2024.3Q,281719.0
KR0032,NH농협손해보험,X,손해보험,6,비상위험준비금 적립액,준비금,2,2024.4Q,286467.0
KR0032,NH농협손해보험,X,손해보험,6,비상위험준비금 적립액,준비금,2,2025.1Q,296472.0
KR0032,NH농협손해보험,X,손해보험,6,비상위험준비금 적립액,준비금,2,2025.2Q,305200.0
KR0032,NH농협손해보험,X,손해보험,6,비상위험준비금 적립액,준비금,2,2025.3Q,309914.0
KR0032,NH농협손해보험,X,손해보험,6,비상위험준비금 적립액,준비금,2,2025.4Q,303485.0
KR0032,NH농협손해보험,X,손해보험,6,비상위험준비금 적립액,준비금,2,2026.1Q,305225.0
KR0032,NH농협손해보험,X,손해보험,6,비상위험준비금 적립액,준비금,2,2026.2Q,309489.0
KR0032,NH농협손해보험,X,손해보험,7,대손준비금 적립액,준비금,2,2023.1Q,10840.0
KR0032,NH농협손해보험,X,손해보험,7,대손준비금 적립액,준비금,2,2023.2Q,0.0
KR0032,NH농협손해보험,X,손해보험,7,대손준비금 적립액,준비금,2,2023.3Q,0.0
KR0032,NH농협손해보험,X,손해보험,7,대손준비금 적립액,준비금,2,2023.4Q,5268.0
KR0032,NH농협손해보험,X,손해보험,7,대손준비금 적립액,준비금,2,2024.1Q,5122.0
KR0032,NH농협손해보험,X,손해보험,7,대손준비금 적립액,준비금,2,2024.2Q,5078.0
KR0032,NH농협손해보험,X,손해보험,7,대손준비금 적립액,준비금,2,2024.3Q,4999.0
KR0032,NH농협손해보험,X,손해보험,7,대손준비금 적립액,준비금,2,2024.4Q,5267.0
KR0032,NH농협손해보험,X,손해보험,7,대손준비금 적립액,준비금,2,2025.1Q,5149.0
KR0032,NH농협손해보험,X,손해보험,7,대손준비금 적립액,준비금,2,2025.2Q,4035.0
KR0032,NH농협손해보험,X,손해보험,7,대손준비금 적립액,준비금,2,2025.3Q,3150.0
KR0032,NH농협손해보험,X,손해보험,7,대손준비금 적립액,준비금,2,2025.4Q,4844.0
KR0032,NH농협손해보험,X,손해보험,7,대손준비금 적립액,준비금,2,2026.1Q,4601.0
KR0032,NH농협손해보험,X,손해보험,7,대손준비금 적립액,준비금,2,2026.2Q,4480.0
KR0032,NH농협손해보험,X,손해보험,10,현금및현금성자산,자산,2,2023.1Q,113215.232555
KR0032,NH농협손해보험,X,손해보험,10,현금및현금성자산,자산,2,2023.2Q,359180.363435
KR0032,NH농협손해보험,X,손해보험,10,현금및현금성자산,자산,2,2023.3Q,98891.183002
KR0032,NH농협손해보험,X,손해보험,10,현금및현금성자산,자산,2,2023.4Q,84461.601494
KR0032,NH농협손해보험,X,손해보험,10,현금및현금성자산,자산,2,2024.1Q,496221.487173
KR0032,NH농협손해보험,X,손해보험,10,현금및현금성자산,자산,2,2024.2Q,234317.739675
KR0032,NH농협손해보험,X,손해보험,10,현금및현금성자산,자산,2,2024.3Q,213107.060944
KR0032,NH농협손해보험,X,손해보험,10,현금및현금성자산,자산,2,2024.4Q,782302.899689
KR0032,NH농협손해보험,X,손해보험,10,현금및현금성자산,자산,2,2025.1Q,299672.458118
KR0032,NH농협손해보험,X,손해보험,10,현금및현금성자산,자산,2,2025.2Q,711577.157484
KR0032,NH농협손해보험,X,손해보험,10,현금및현금성자산,자산,2,2025.3Q,554113.703323
KR0032,NH농협손해보험,X,손해보험,10,현금및현금성자산,자산,2,2025.4Q,732242.562837
KR0032,NH농협손해보험,X,손해보험,10,현금및현금성자산,자산,2,2026.1Q,623423.655886
KR0032,NH농협손해보험,X,손해보험,10,현금및현금성자산,자산,2,2026.2Q,585285.444538
KR0032,NH농협손해보험,X,손해보험,11,당기손익-공정가치측정금융자산,자산,2,2023.1Q,3346286.465788
KR0032,NH농협손해보험,X,손해보험,11,당기손익-공정가치측정금융자산,자산,2,2023.2Q,3463696.08511
KR0032,NH농협손해보험,X,손해보험,11,당기손익-공정가치측정금융자산,자산,2,2023.3Q,2999852.442434
KR0032,NH농협손해보험,X,손해보험,11,당기손익-공정가치측정금융자산,자산,2,2023.4Q,2797815.50531
KR0032,NH농협손해보험,X,손해보험,11,당기손익-공정가치측정금융자산,자산,2,2024.1Q,2850482.96594
KR0032,NH농협손해보험,X,손해보험,11,당기손익-공정가치측정금융자산,자산,2,2024.2Q,3001539.699268
KR0032,NH농협손해보험,X,손해보험,11,당기손익-공정가치측정금융자산,자산,2,2024.3Q,2871631.860284
KR0032,NH농협손해보험,X,손해보험,11,당기손익-공정가치측정금융자산,자산,2,2024.4Q,2660956.069088
KR0032,NH농협손해보험,X,손해보험,11,당기손익-공정가치측정금융자산,자산,2,2025.1Q,2781954.491775
KR0032,NH농협손해보험,X,손해보험,11,당기손익-공정가치측정금융자산,자산,2,2025.2Q,2570417.290074
KR0032,NH농협손해보험,X,손해보험,11,당기손익-공정가치측정금융자산,자산,2,2025.3Q,2526294.704817
KR0032,NH농협손해보험,X,손해보험,11,당기손익-공정가치측정금융자산,자산,2,2025.4Q,2520596.261507
KR0032,NH농협손해보험,X,손해보험,11,당기손익-공정가치측정금융자산,자산,2,2026.1Q,2529854.898893
KR0032,NH농협손해보험,X,손해보험,11,당기손익-공정가치측정금융자산,자산,2,2026.2Q,2643663.077177
KR0032,NH농협손해보험,X,손해보험,12,기타포괄손익-공정가치측정금융자산,자산,2,2023.1Q,4102975.013559
KR0032,NH농협손해보험,X,손해보험,12,기타포괄손익-공정가치측정금융자산,자산,2,2023.2Q,3927938.001455
KR0032,NH농협손해보험,X,손해보험,12,기타포괄손익-공정가치측정금융자산,자산,2,2023.3Q,3908484.886156
KR0032,NH농협손해보험,X,손해보험,12,기타포괄손익-공정가치측정금융자산,자산,2,2023.4Q,4301262.972925
KR0032,NH농협손해보험,X,손해보험,12,기타포괄손익-공정가치측정금융자산,자산,2,2024.1Q,4365047.036537
KR0032,NH농협손해보험,X,손해보험,12,기타포괄손익-공정가치측정금융자산,자산,2,2024.2Q,4671292.709173
KR0032,NH농협손해보험,X,손해보험,12,기타포괄손익-공정가치측정금융자산,자산,2,2024.3Q,4560170.029404
KR0032,NH농협손해보험,X,손해보험,12,기타포괄손익-공정가치측정금융자산,자산,2,2024.4Q,4728462.484104
KR0032,NH농협손해보험,X,손해보험,12,기타포괄손익-공정가치측정금융자산,자산,2,2025.1Q,5660192.042345
KR0032,NH농협손해보험,X,손해보험,12,기타포괄손익-공정가치측정금융자산,자산,2,2025.2Q,5682597.717587
KR0032,NH농협손해보험,X,손해보험,12,기타포괄손익-공정가치측정금융자산,자산,2,2025.3Q,5840367.811913
KR0032,NH농협손해보험,X,손해보험,12,기타포괄손익-공정가치측정금융자산,자산,2,2025.4Q,5698992.736204
KR0032,NH농협손해보험,X,손해보험,12,기타포괄손익-공정가치측정금융자산,자산,2,2026.1Q,5824813.920869
KR0032,NH농협손해보험,X,손해보험,12,기타포괄손익-공정가치측정금융자산,자산,2,2026.2Q,5915832.100066
KR0032,NH농협손해보험,X,손해보험,13,상각후원가측정금융자산,자산,2,2023.3Q,2523431.24669
KR0032,NH농협손해보험,X,손해보험,13,상각후원가측정금융자산,자산,2,2023.4Q,2381456.26313
KR0032,NH농협손해보험,X,손해보험,13,상각후원가측정금융자산,자산,2,2024.1Q,2338348.416178
KR0032,NH농협손해보험,X,손해보험,13,상각후원가측정금융자산,자산,2,2024.2Q,2350996.809344
KR0032,NH농협손해보험,X,손해보험,13,상각후원가측정금융자산,자산,2,2024.3Q,2370926.179641
KR0032,NH농협손해보험,X,손해보험,13,상각후원가측정금융자산,자산,2,2024.4Q,2341341.990813
KR0032,NH농협손해보험,X,손해보험,13,상각후원가측정금융자산,자산,2,2025.1Q,2419917.244749
KR0032,NH농협손해보험,X,손해보험,13,상각후원가측정금융자산,자산,2,2025.2Q,2343615.853844
KR0032,NH농협손해보험,X,손해보험,13,상각후원가측정금융자산,자산,2,2025.3Q,2272789.466455
KR0032,NH농협손해보험,X,손해보험,13,상각후원가측정금융자산,자산,2,2025.4Q,2307412.316581
KR0032,NH농협손해보험,X,손해보험,13,상각후원가측정금융자산,자산,2,2026.1Q,2338970.628687
KR0032,NH농협손해보험,X,손해보험,13,상각후원가측정금융자산,자산,2,2026.2Q,2287954.336684
KR0032,NH농협손해보험,X,손해보험,14,재보험계약자산,자산,2,2023.1Q,856496.216865
KR0032,NH농협손해보험,X,손해보험,14,재보험계약자산,자산,2,2023.2Q,1115061.695177
KR0032,NH농협손해보험,X,손해보험,14,재보험계약자산,자산,2,2023.3Q,1360875.481902
KR0032,NH농협손해보험,X,손해보험,14,재보험계약자산,자산,2,2023.4Q,1237541.248729
KR0032,NH농협손해보험,X,손해보험,14,재보험계약자산,자산,2,2024.1Q,930358.630067
KR0032,NH농협손해보험,X,손해보험,14,재보험계약자산,자산,2,2024.2Q,1061537.35688
KR0032,NH농협손해보험,X,손해보험,14,재보험계약자산,자산,2,2024.3Q,1448572.170054
KR0032,NH농협손해보험,X,손해보험,14,재보험계약자산,자산,2,2024.4Q,1374828.703913
KR0032,NH농협손해보험,X,손해보험,14,재보험계약자산,자산,2,2025.1Q,1295635.517637
KR0032,NH농협손해보험,X,손해보험,14,재보험계약자산,자산,2,2025.2Q,1848541.831126
KR0032,NH농협손해보험,X,손해보험,14,재보험계약자산,자산,2,2025.3Q,1600891.288986
KR0032,NH농협손해보험,X,손해보험,14,재보험계약자산,자산,2,2025.4Q,1440194.565454
KR0032,NH농협손해보험,X,손해보험,14,재보험계약자산,자산,2,2026.1Q,1006835.454142
KR0032,NH농협손해보험,X,손해보험,14,재보험계약자산,자산,2,2026.2Q,1307627.473737
KR0032,NH농협손해보험,X,손해보험,15,유형자산,자산,2,2023.1Q,26169.607462
KR0032,NH농협손해보험,X,손해보험,15,유형자산,자산,2,2023.2Q,24448.409138
KR0032,NH농협손해보험,X,손해보험,15,유형자산,자산,2,2023.3Q,23791.229824
KR0032,NH농협손해보험,X,손해보험,15,유형자산,자산,2,2023.4Q,27908.369933
KR0032,NH농협손해보험,X,손해보험,15,유형자산,자산,2,2024.1Q,26217.674581
KR0032,NH농협손해보험,X,손해보험,15,유형자산,자산,2,2024.2Q,25342.138745
KR0032,NH농협손해보험,X,손해보험,15,유형자산,자산,2,2024.3Q,23894.757174
KR0032,NH농협손해보험,X,손해보험,15,유형자산,자산,2,2024.4Q,30576.809705
KR0032,NH농협손해보험,X,손해보험,15,유형자산,자산,2,2025.1Q,30891.19832
KR0032,NH농협손해보험,X,손해보험,15,유형자산,자산,2,2025.2Q,28549.383436
KR0032,NH농협손해보험,X,손해보험,15,유형자산,자산,2,2025.3Q,27629.165803
KR0032,NH농협손해보험,X,손해보험,15,유형자산,자산,2,2025.4Q,31862.445603
KR0032,NH농협손해보험,X,손해보험,15,유형자산,자산,2,2026.1Q,30047.464336
KR0032,NH농협손해보험,X,손해보험,15,유형자산,자산,2,2026.2Q,29146.369238
KR0032,NH농협손해보험,X,손해보험,20,보험계약부채,부채,2,2023.1Q,8677422.676279
KR0032,NH농협손해보험,X,손해보험,20,보험계약부채,부채,2,2023.2Q,8941079.43671
KR0032,NH농협손해보험,X,손해보험,20,보험계약부채,부채,2,2023.3Q,8499675.009851
KR0032,NH농협손해보험,X,손해보험,20,보험계약부채,부채,2,2023.4Q,8675259.439622
KR0032,NH농협손해보험,X,손해보험,20,보험계약부채,부채,2,2024.1Q,8851040.192577
KR0032,NH농협손해보험,X,손해보험,20,보험계약부채,부채,2,2024.2Q,9312456.832061
KR0032,NH농협손해보험,X,손해보험,20,보험계약부채,부채,2,2024.3Q,9664149.866366
KR0032,NH농협손해보험,X,손해보험,20,보험계약부채,부채,2,2024.4Q,9765129.942614
KR0032,NH농협손해보험,X,손해보험,20,보험계약부채,부채,2,2025.1Q,10577101.412863
KR0032,NH농협손해보험,X,손해보험,20,보험계약부채,부채,2,2025.2Q,11129883.012956
KR0032,NH농협손해보험,X,손해보험,20,보험계약부채,부채,2,2025.3Q,10625447.305259
KR0032,NH농협손해보험,X,손해보험,20,보험계약부채,부채,2,2025.4Q,9824600.395191
KR0032,NH농협손해보험,X,손해보험,20,보험계약부채,부채,2,2026.1Q,9358861.653381
KR0032,NH농협손해보험,X,손해보험,20,보험계약부채,부채,2,2026.2Q,9269677.715149
KR0032,NH농협손해보험,X,손해보험,21,재보험계약부채,부채,2,2023.1Q,7393.715028
KR0032,NH농협손해보험,X,손해보험,21,재보험계약부채,부채,2,2023.2Q,8720.057826
KR0032,NH농협손해보험,X,손해보험,21,재보험계약부채,부채,2,2023.3Q,8628.849834
KR0032,NH농협손해보험,X,손해보험,21,재보험계약부채,부채,2,2023.4Q,3642.052624
KR0032,NH농협손해보험,X,손해보험,21,재보험계약부채,부채,2,2024.1Q,4004.069347
KR0032,NH농협손해보험,X,손해보험,21,재보험계약부채,부채,2,2024.2Q,4836.135324
KR0032,NH농협손해보험,X,손해보험,21,재보험계약부채,부채,2,2024.3Q,5642.827412
KR0032,NH농협손해보험,X,손해보험,21,재보험계약부채,부채,2,2024.4Q,5987.661981
KR0032,NH농협손해보험,X,손해보험,21,재보험계약부채,부채,2,2025.1Q,5813.461581
KR0032,NH농협손해보험,X,손해보험,21,재보험계약부채,부채,2,2025.2Q,5198.893939
KR0032,NH농협손해보험,X,손해보험,21,재보험계약부채,부채,2,2025.3Q,4550.010017
KR0032,NH농협손해보험,X,손해보험,21,재보험계약부채,부채,2,2025.4Q,3516.768832
KR0032,NH농협손해보험,X,손해보험,21,재보험계약부채,부채,2,2026.1Q,3146.325496
KR0032,NH농협손해보험,X,손해보험,21,재보험계약부채,부채,2,2026.2Q,3012.102252
KR0032,NH농협손해보험,X,손해보험,22,투자계약부채,부채,2,2025.4Q,167606.082317
KR0032,NH농협손해보험,X,손해보험,22,투자계약부채,부채,2,2026.1Q,245724.290052
KR0032,NH농협손해보험,X,손해보험,22,투자계약부채,부채,2,2026.2Q,307938.689121
KR0032,NH농협손해보험,X,손해보험,23,차입부채,부채,2,2023.1Q,199700.035745
KR0032,NH농협손해보험,X,손해보험,23,차입부채,부채,2,2023.2Q,199718.610216
KR0032,NH농협손해보험,X,손해보험,23,차입부채,부채,2,2023.3Q,99739.666282
KR0032,NH농협손해보험,X,손해보험,23,차입부채,부채,2,2023.4Q,99748.053556
KR0032,NH농협손해보험,X,손해보험,23,차입부채,부채,2,2024.1Q,99756.384797
KR0032,NH농협손해보험,X,손해보험,23,차입부채,부채,2,2024.2Q,99764.659991
KR0032,NH농협손해보험,X,손해보험,23,차입부채,부채,2,2024.3Q,99772.992619
KR0032,NH농협손해보험,X,손해보험,23,차입부채,부채,2,2024.4Q,99781.382696
KR0032,NH농협손해보험,X,손해보험,23,차입부채,부채,2,2025.1Q,299194.823729
KR0032,NH농협손해보험,X,손해보험,23,차입부채,부채,2,2025.2Q,299217.945742
KR0032,NH농협손해보험,X,손해보험,23,차입부채,부채,2,2025.3Q,299241.201184
KR0032,NH농협손해보험,X,손해보험,23,차입부채,부채,2,2025.4Q,449264.590085
KR0032,NH농협손해보험,X,손해보험,23,차입부채,부채,2,2026.1Q,299287.849163
KR0032,NH농협손해보험,X,손해보험,23,차입부채,부채,2,2026.2Q,299315.657744
KR0032,NH농협손해보험,X,손해보험,24,기타부채,부채,2,2023.1Q,41552.767742
KR0032,NH농협손해보험,X,손해보험,24,기타부채,부채,2,2023.2Q,68806.026975
KR0032,NH농협손해보험,X,손해보험,24,기타부채,부채,2,2023.3Q,52234.969621
KR0032,NH농협손해보험,X,손해보험,24,기타부채,부채,2,2023.4Q,63100.06074
KR0032,NH농협손해보험,X,손해보험,24,기타부채,부채,2,2024.1Q,76374.634565
KR0032,NH농협손해보험,X,손해보험,24,기타부채,부채,2,2024.2Q,50054.460582
KR0032,NH농협손해보험,X,손해보험,24,기타부채,부채,2,2024.3Q,43544.382074
KR0032,NH농협손해보험,X,손해보험,24,기타부채,부채,2,2024.4Q,75467.328601
KR0032,NH농협손해보험,X,손해보험,24,기타부채,부채,2,2025.1Q,58360.098112
KR0032,NH농협손해보험,X,손해보험,24,기타부채,부채,2,2025.2Q,41830.590372
KR0032,NH농협손해보험,X,손해보험,24,기타부채,부채,2,2025.3Q,39906.521544
KR0032,NH농협손해보험,X,손해보험,24,기타부채,부채,2,2025.4Q,263856.907604
KR0032,NH농협손해보험,X,손해보험,24,기타부채,부채,2,2026.1Q,51583.083527
KR0032,NH농협손해보험,X,손해보험,24,기타부채,부채,2,2026.2Q,39800.972287
KR0032,NH농협손해보험,X,손해보험,30,자본금,자본,2,2023.1Q,100912.5
KR0032,NH농협손해보험,X,손해보험,30,자본금,자본,2,2023.2Q,100912.5
KR0032,NH농협손해보험,X,손해보험,30,자본금,자본,2,2023.3Q,100912.5
KR0032,NH농협손해보험,X,손해보험,30,자본금,자본,2,2023.4Q,100912.5
KR0032,NH농협손해보험,X,손해보험,30,자본금,자본,2,2024.1Q,100912.5
KR0032,NH농협손해보험,X,손해보험,30,자본금,자본,2,2024.2Q,100912.5
KR0032,NH농협손해보험,X,손해보험,30,자본금,자본,2,2024.3Q,100912.5
KR0032,NH농협손해보험,X,손해보험,30,자본금,자본,2,2024.4Q,100912.5
KR0032,NH농협손해보험,X,손해보험,30,자본금,자본,2,2025.1Q,100912.5
KR0032,NH농협손해보험,X,손해보험,30,자본금,자본,2,2025.2Q,100912.5
KR0032,NH농협손해보험,X,손해보험,30,자본금,자본,2,2025.3Q,100912.5
KR0032,NH농협손해보험,X,손해보험,30,자본금,자본,2,2025.4Q,100912.5
KR0032,NH농협손해보험,X,손해보험,30,자본금,자본,2,2026.1Q,100912.5
KR0032,NH농협손해보험,X,손해보험,30,자본금,자본,2,2026.2Q,100912.5
KR0032,NH농협손해보험,X,손해보험,31,이익잉여금,자본,2,2023.1Q,916202.607603
KR0032,NH농협손해보험,X,손해보험,31,이익잉여금,자본,2,2023.2Q,957712.32444
KR0032,NH농협손해보험,X,손해보험,31,이익잉여금,자본,2,2023.3Q,911495.333516
KR0032,NH농협손해보험,X,손해보험,31,이익잉여금,자본,2,2023.4Q,959195.098429
KR0032,NH농협손해보험,X,손해보험,31,이익잉여금,자본,2,2024.1Q,1019537.586941
KR0032,NH농협손해보험,X,손해보험,31,이익잉여금,자본,2,2024.2Q,1083955.464905
KR0032,NH농협손해보험,X,손해보험,31,이익잉여금,자본,2,2024.3Q,1116204.549168
KR0032,NH농협손해보험,X,손해보험,31,이익잉여금,자본,2,2024.4Q,1027906.226057
KR0032,NH농협손해보험,X,손해보험,31,이익잉여금,자본,2,2025.1Q,1041440.715917
KR0032,NH농협손해보험,X,손해보험,31,이익잉여금,자본,2,2025.2Q,1102274.380608
KR0032,NH농협손해보험,X,손해보험,31,이익잉여금,자본,2,2025.3Q,1130853.294523
KR0032,NH농협손해보험,X,손해보험,31,이익잉여금,자본,2,2025.4Q,1079863.524525
KR0032,NH농협손해보험,X,손해보험,31,이익잉여금,자본,2,2026.1Q,1109191.863322
KR0032,NH농협손해보험,X,손해보험,31,이익잉여금,자본,2,2026.2Q,1131260.947582
KR0049,악사손해보험,X,손해보험,1,자산총계,자산,1,2022.4Q,1073724.163599
KR0049,악사손해보험,X,손해보험,1,자산총계,자산,1,2023.4Q,973921.448273
KR0049,악사손해보험,X,손해보험,1,자산총계,자산,1,2024.4Q,1007643.85459
KR0049,악사손해보험,X,손해보험,1,자산총계,자산,1,2025.4Q,892093.620967
KR0049,악사손해보험,X,손해보험,2,부채총계,부채,1,2022.4Q,879225.107052
KR0049,악사손해보험,X,손해보험,2,부채총계,부채,1,2023.4Q,621219.605048
KR0049,악사손해보험,X,손해보험,2,부채총계,부채,1,2024.4Q,645794.288043
KR0049,악사손해보험,X,손해보험,2,부채총계,부채,1,2025.4Q,573753.361355
KR0049,악사손해보험,X,손해보험,3,자본총계,자본,1,2022.4Q,194499.056547
KR0049,악사손해보험,X,손해보험,3,자본총계,자본,1,2023.4Q,352701.843225
KR0049,악사손해보험,X,손해보험,3,자본총계,자본,1,2024.4Q,361849.566547
KR0049,악사손해보험,X,손해보험,3,자본총계,자본,1,2025.4Q,318340.259612
KR0049,악사손해보험,X,손해보험,4,기타포괄손익 누계액,자본,2,2022.4Q,-15636.338478
KR0049,악사손해보험,X,손해보험,4,기타포괄손익 누계액,자본,2,2023.4Q,9361.047856
KR0049,악사손해보험,X,손해보험,4,기타포괄손익 누계액,자본,2,2024.4Q,15158.705053
KR0049,악사손해보험,X,손해보험,4,기타포괄손익 누계액,자본,2,2025.4Q,2593.523927
KR0049,악사손해보험,X,손해보험,5,해약환급금준비금 적립액,준비금,2,2023.4Q,158849.26
KR0049,악사손해보험,X,손해보험,5,해약환급금준비금 적립액,준비금,2,2024.1Q,158849.26
KR0049,악사손해보험,X,손해보험,5,해약환급금준비금 적립액,준비금,2,2024.2Q,158849.26
KR0049,악사손해보험,X,손해보험,5,해약환급금준비금 적립액,준비금,2,2024.3Q,158849.26
KR0049,악사손해보험,X,손해보험,5,해약환급금준비금 적립액,준비금,2,2024.4Q,79424.63
KR0049,악사손해보험,X,손해보험,5,해약환급금준비금 적립액,준비금,2,2025.1Q,79424.63
KR0049,악사손해보험,X,손해보험,5,해약환급금준비금 적립액,준비금,2,2025.2Q,79424.63
KR0049,악사손해보험,X,손해보험,5,해약환급금준비금 적립액,준비금,2,2025.3Q,79424.63
KR0049,악사손해보험,X,손해보험,5,해약환급금준비금 적립액,준비금,2,2025.4Q,41366.023
KR0049,악사손해보험,X,손해보험,5,해약환급금준비금 적립액,준비금,2,2026.1Q,41366.023
KR0049,악사손해보험,X,손해보험,5,해약환급금준비금 적립액,준비금,2,2026.2Q,41366.023
KR0049,악사손해보험,X,손해보험,6,비상위험준비금 적립액,준비금,2,2023.4Q,7597.446
KR0049,악사손해보험,X,손해보험,6,비상위험준비금 적립액,준비금,2,2024.1Q,7597.446
KR0049,악사손해보험,X,손해보험,6,비상위험준비금 적립액,준비금,2,2024.2Q,7597.446
KR0049,악사손해보험,X,손해보험,6,비상위험준비금 적립액,준비금,2,2024.3Q,7597.446
KR0049,악사손해보험,X,손해보험,6,비상위험준비금 적립액,준비금,2,2024.4Q,7900.463
KR0049,악사손해보험,X,손해보험,6,비상위험준비금 적립액,준비금,2,2025.1Q,7900.463
KR0049,악사손해보험,X,손해보험,6,비상위험준비금 적립액,준비금,2,2025.2Q,7900.463
KR0049,악사손해보험,X,손해보험,6,비상위험준비금 적립액,준비금,2,2025.3Q,7900.463
KR0049,악사손해보험,X,손해보험,6,비상위험준비금 적립액,준비금,2,2025.4Q,10018.212
KR0049,악사손해보험,X,손해보험,6,비상위험준비금 적립액,준비금,2,2026.1Q,10018.212
KR0049,악사손해보험,X,손해보험,6,비상위험준비금 적립액,준비금,2,2026.2Q,10018.212
KR0049,악사손해보험,X,손해보험,7,대손준비금 적립액,준비금,2,2023.4Q,0.0
KR0049,악사손해보험,X,손해보험,7,대손준비금 적립액,준비금,2,2024.1Q,0.0
KR0049,악사손해보험,X,손해보험,7,대손준비금 적립액,준비금,2,2024.2Q,0.0
KR0049,악사손해보험,X,손해보험,7,대손준비금 적립액,준비금,2,2024.3Q,0.0
KR0049,악사손해보험,X,손해보험,7,대손준비금 적립액,준비금,2,2024.4Q,0.0
KR0049,악사손해보험,X,손해보험,7,대손준비금 적립액,준비금,2,2025.1Q,0.0
KR0049,악사손해보험,X,손해보험,7,대손준비금 적립액,준비금,2,2025.2Q,0.0
KR0049,악사손해보험,X,손해보험,7,대손준비금 적립액,준비금,2,2025.3Q,0.0
KR0049,악사손해보험,X,손해보험,7,대손준비금 적립액,준비금,2,2025.4Q,0.0
KR0049,악사손해보험,X,손해보험,7,대손준비금 적립액,준비금,2,2026.1Q,0.0
KR0049,악사손해보험,X,손해보험,7,대손준비금 적립액,준비금,2,2026.2Q,0.0
KR0049,악사손해보험,X,손해보험,10,현금및현금성자산,자산,2,2022.4Q,18440.707825
KR0049,악사손해보험,X,손해보험,10,현금및현금성자산,자산,2,2023.4Q,9151.971889
KR0049,악사손해보험,X,손해보험,10,현금및현금성자산,자산,2,2024.4Q,35733.550148
KR0049,악사손해보험,X,손해보험,10,현금및현금성자산,자산,2,2025.4Q,7981.919187
KR0049,악사손해보험,X,손해보험,11,당기손익-공정가치측정금융자산,자산,2,2023.4Q,152069.666366
KR0049,악사손해보험,X,손해보험,11,당기손익-공정가치측정금융자산,자산,2,2024.4Q,119718.83151
KR0049,악사손해보험,X,손해보험,11,당기손익-공정가치측정금융자산,자산,2,2025.4Q,71019.567174
KR0049,악사손해보험,X,손해보험,12,기타포괄손익-공정가치측정금융자산,자산,2,2023.4Q,490068.956952
KR0049,악사손해보험,X,손해보험,12,기타포괄손익-공정가치측정금융자산,자산,2,2024.4Q,511000.833955
KR0049,악사손해보험,X,손해보험,12,기타포괄손익-공정가치측정금융자산,자산,2,2025.4Q,444896.0664
KR0049,악사손해보험,X,손해보험,13,상각후원가측정금융자산,자산,2,2023.4Q,78217.58736
KR0049,악사손해보험,X,손해보험,13,상각후원가측정금융자산,자산,2,2024.4Q,80006.679322
KR0049,악사손해보험,X,손해보험,13,상각후원가측정금융자산,자산,2,2025.4Q,74034.550973
KR0049,악사손해보험,X,손해보험,14,재보험계약자산,자산,2,2023.4Q,107982.824422
KR0049,악사손해보험,X,손해보험,14,재보험계약자산,자산,2,2024.4Q,79263.859904
KR0049,악사손해보험,X,손해보험,14,재보험계약자산,자산,2,2025.4Q,68945.515069
KR0049,악사손해보험,X,손해보험,15,유형자산,자산,2,2022.4Q,24586.256846
KR0049,악사손해보험,X,손해보험,15,유형자산,자산,2,2023.4Q,24050.092918
KR0049,악사손해보험,X,손해보험,15,유형자산,자산,2,2024.4Q,29047.092534
KR0049,악사손해보험,X,손해보험,15,유형자산,자산,2,2025.4Q,28550.716751
KR0049,악사손해보험,X,손해보험,20,보험계약부채,부채,2,2022.4Q,703872.899107
KR0049,악사손해보험,X,손해보험,20,보험계약부채,부채,2,2023.4Q,477493.439077
KR0049,악사손해보험,X,손해보험,20,보험계약부채,부채,2,2024.4Q,457729.502706
KR0049,악사손해보험,X,손해보험,20,보험계약부채,부채,2,2025.4Q,432134.030169
KR0049,악사손해보험,X,손해보험,21,재보험계약부채,부채,2,2023.4Q,2812.805609
KR0049,악사손해보험,X,손해보험,21,재보험계약부채,부채,2,2024.4Q,6908.378581
KR0049,악사손해보험,X,손해보험,21,재보험계약부채,부채,2,2025.4Q,5366.157218
KR0049,악사손해보험,X,손해보험,24,기타부채,부채,2,2022.4Q,60382.027527
KR0049,악사손해보험,X,손해보험,24,기타부채,부채,2,2023.4Q,73413.039591
KR0049,악사손해보험,X,손해보험,24,기타부채,부채,2,2024.4Q,106576.038049
KR0049,악사손해보험,X,손해보험,24,기타부채,부채,2,2025.4Q,69238.154576
KR0049,악사손해보험,X,손해보험,30,자본금,자본,2,2022.4Q,250857.15
KR0049,악사손해보험,X,손해보험,30,자본금,자본,2,2023.4Q,250857.15
KR0049,악사손해보험,X,손해보험,30,자본금,자본,2,2024.4Q,250857.15
KR0049,악사손해보험,X,손해보험,30,자본금,자본,2,2025.4Q,250857.15
KR0049,악사손해보험,X,손해보험,31,이익잉여금,자본,2,2023.4Q,83223.353351
KR0049,악사손해보험,X,손해보험,31,이익잉여금,자본,2,2024.4Q,85168.061257
KR0049,악사손해보험,X,손해보험,31,이익잉여금,자본,2,2025.4Q,51384.234926
KR0050,하나손해보험,X,손해보험,1,자산총계,자산,1,2022.4Q,1542185.139251
KR0050,하나손해보험,X,손해보험,1,자산총계,자산,1,2023.4Q,1583367.924522
KR0050,하나손해보험,X,손해보험,1,자산총계,자산,1,2024.4Q,1859771.377081
KR0050,하나손해보험,X,손해보험,1,자산총계,자산,1,2025.4Q,2632367.899365
KR0050,하나손해보험,X,손해보험,2,부채총계,부채,1,2022.4Q,1253184.257288
KR0050,하나손해보험,X,손해보험,2,부채총계,부채,1,2023.4Q,1274565.396437
KR0050,하나손해보험,X,손해보험,2,부채총계,부채,1,2024.4Q,1415198.693233
KR0050,하나손해보험,X,손해보험,2,부채총계,부채,1,2025.4Q,2042644.544189
KR0050,하나손해보험,X,손해보험,3,자본총계,자본,1,2022.4Q,289000.881963
KR0050,하나손해보험,X,손해보험,3,자본총계,자본,1,2023.4Q,308802.528085
KR0050,하나손해보험,X,손해보험,3,자본총계,자본,1,2024.4Q,444572.683848
KR0050,하나손해보험,X,손해보험,3,자본총계,자본,1,2025.4Q,589723.355176
KR0050,하나손해보험,X,손해보험,4,기타포괄손익 누계액,자본,2,2022.4Q,-48404.375294
KR0050,하나손해보험,X,손해보험,4,기타포괄손익 누계액,자본,2,2023.4Q,5433.690669
KR0050,하나손해보험,X,손해보험,4,기타포괄손익 누계액,자본,2,2024.4Q,-24948.376785
KR0050,하나손해보험,X,손해보험,4,기타포괄손익 누계액,자본,2,2025.4Q,-33184.577003
KR0050,하나손해보험,X,손해보험,6,비상위험준비금 적립액,준비금,2,2022.4Q,11610.903
KR0050,하나손해보험,X,손해보험,6,비상위험준비금 적립액,준비금,2,2023.1Q,11610.903
KR0050,하나손해보험,X,손해보험,6,비상위험준비금 적립액,준비금,2,2023.2Q,11610.903
KR0050,하나손해보험,X,손해보험,6,비상위험준비금 적립액,준비금,2,2023.3Q,11610.903
KR0050,하나손해보험,X,손해보험,6,비상위험준비금 적립액,준비금,2,2023.4Q,11610.903
KR0050,하나손해보험,X,손해보험,6,비상위험준비금 적립액,준비금,2,2024.1Q,11610.903
KR0050,하나손해보험,X,손해보험,6,비상위험준비금 적립액,준비금,2,2024.2Q,11610.903
KR0050,하나손해보험,X,손해보험,6,비상위험준비금 적립액,준비금,2,2024.3Q,11610.903
KR0050,하나손해보험,X,손해보험,6,비상위험준비금 적립액,준비금,2,2024.4Q,11610.903
KR0050,하나손해보험,X,손해보험,6,비상위험준비금 적립액,준비금,2,2025.1Q,11610.903
KR0050,하나손해보험,X,손해보험,6,비상위험준비금 적립액,준비금,2,2025.2Q,11610.903
KR0050,하나손해보험,X,손해보험,6,비상위험준비금 적립액,준비금,2,2025.3Q,11610.903
KR0050,하나손해보험,X,손해보험,6,비상위험준비금 적립액,준비금,2,2025.4Q,11610.903
KR0050,하나손해보험,X,손해보험,6,비상위험준비금 적립액,준비금,2,2026.1Q,11610.903
KR0050,하나손해보험,X,손해보험,6,비상위험준비금 적립액,준비금,2,2026.2Q,11610.903
KR0050,하나손해보험,X,손해보험,10,현금및현금성자산,자산,2,2022.4Q,18618.603063
KR0050,하나손해보험,X,손해보험,10,현금및현금성자산,자산,2,2023.4Q,139160.051583
KR0050,하나손해보험,X,손해보험,10,현금및현금성자산,자산,2,2024.4Q,110401.351433
KR0050,하나손해보험,X,손해보험,10,현금및현금성자산,자산,2,2025.4Q,233977.080566
KR0050,하나손해보험,X,손해보험,11,당기손익-공정가치측정금융자산,자산,2,2022.4Q,382659.571634
KR0050,하나손해보험,X,손해보험,11,당기손익-공정가치측정금융자산,자산,2,2023.4Q,400257.449365
KR0050,하나손해보험,X,손해보험,11,당기손익-공정가치측정금융자산,자산,2,2024.4Q,337490.615347
KR0050,하나손해보험,X,손해보험,11,당기손익-공정가치측정금융자산,자산,2,2025.4Q,442747.313177
KR0050,하나손해보험,X,손해보험,12,기타포괄손익-공정가치측정금융자산,자산,2,2023.4Q,462795.818101
KR0050,하나손해보험,X,손해보험,12,기타포괄손익-공정가치측정금융자산,자산,2,2024.4Q,720268.410733
KR0050,하나손해보험,X,손해보험,12,기타포괄손익-공정가치측정금융자산,자산,2,2025.4Q,1121685.802621
KR0050,하나손해보험,X,손해보험,13,상각후원가측정금융자산,자산,2,2022.4Q,112484.313085
KR0050,하나손해보험,X,손해보험,13,상각후원가측정금융자산,자산,2,2023.4Q,98227.015093
KR0050,하나손해보험,X,손해보험,13,상각후원가측정금융자산,자산,2,2024.4Q,90193.7
KR0050,하나손해보험,X,손해보험,13,상각후원가측정금융자산,자산,2,2025.4Q,61802.137
KR0050,하나손해보험,X,손해보험,14,재보험계약자산,자산,2,2023.4Q,38241.130799
KR0050,하나손해보험,X,손해보험,14,재보험계약자산,자산,2,2024.4Q,34748.077825
KR0050,하나손해보험,X,손해보험,14,재보험계약자산,자산,2,2025.4Q,46576.650001
KR0050,하나손해보험,X,손해보험,15,유형자산,자산,2,2022.4Q,25481.402047
KR0050,하나손해보험,X,손해보험,15,유형자산,자산,2,2023.4Q,10340.34798
KR0050,하나손해보험,X,손해보험,15,유형자산,자산,2,2024.4Q,9227.876234
KR0050,하나손해보험,X,손해보험,15,유형자산,자산,2,2025.4Q,7274.888031
KR0050,하나손해보험,X,손해보험,20,보험계약부채,부채,2,2022.4Q,1053729.054323
KR0050,하나손해보험,X,손해보험,20,보험계약부채,부채,2,2023.4Q,923848.459616
KR0050,하나손해보험,X,손해보험,20,보험계약부채,부채,2,2024.4Q,925275.351678
KR0050,하나손해보험,X,손해보험,20,보험계약부채,부채,2,2025.4Q,853423.639897
KR0050,하나손해보험,X,손해보험,21,재보험계약부채,부채,2,2023.4Q,264.72892
KR0050,하나손해보험,X,손해보험,21,재보험계약부채,부채,2,2024.4Q,57.985104
KR0050,하나손해보험,X,손해보험,21,재보험계약부채,부채,2,2025.4Q,86.587586
KR0050,하나손해보험,X,손해보험,22,투자계약부채,부채,2,2023.4Q,301886.242774
KR0050,하나손해보험,X,손해보험,22,투자계약부채,부채,2,2024.4Q,434193.305569
KR0050,하나손해보험,X,손해보험,22,투자계약부채,부채,2,2025.4Q,1118321.785826
KR0050,하나손해보험,X,손해보험,24,기타부채,부채,2,2022.4Q,1699.443047
KR0050,하나손해보험,X,손해보험,24,기타부채,부채,2,2023.4Q,2256.479196
KR0050,하나손해보험,X,손해보험,24,기타부채,부채,2,2024.4Q,3480.287051
KR0050,하나손해보험,X,손해보험,24,기타부채,부채,2,2025.4Q,3421.850205
KR0050,하나손해보험,X,손해보험,30,자본금,자본,2,2022.4Q,461072.61
KR0050,하나손해보험,X,손해보험,30,자본금,자본,2,2023.4Q,461072.61
KR0050,하나손해보험,X,손해보험,30,자본금,자본,2,2024.4Q,561055.05
KR0050,하나손해보험,X,손해보험,30,자본금,자본,2,2025.4Q,761055.05
KR0050,하나손해보험,X,손해보험,31,이익잉여금,자본,2,2022.4Q,-96451.940763
KR0050,하나손해보험,X,손해보험,31,이익잉여금,자본,2,2023.4Q,-130488.360604
KR0050,하나손해보험,X,손해보험,31,이익잉여금,자본,2,2024.4Q,-163778.080947
KR0050,하나손해보험,X,손해보험,31,이익잉여금,자본,2,2025.4Q,-209409.067921
KR0051,신한이지손해보험,X,손해보험,1,자산총계,자산,1,2022.4Q,241095.814503
KR0051,신한이지손해보험,X,손해보험,1,자산총계,자산,1,2023.4Q,261204.274912
KR0051,신한이지손해보험,X,손해보험,1,자산총계,자산,1,2024.4Q,289866.860105
KR0051,신한이지손해보험,X,손해보험,1,자산총계,자산,1,2025.4Q,361063.459742
KR0051,신한이지손해보험,X,손해보험,2,부채총계,부채,1,2022.4Q,115447.648163
KR0051,신한이지손해보험,X,손해보험,2,부채총계,부채,1,2023.4Q,131874.92819
KR0051,신한이지손해보험,X,손해보험,2,부채총계,부채,1,2024.4Q,178572.781162
KR0051,신한이지손해보험,X,손해보험,2,부채총계,부채,1,2025.4Q,185342.658559
KR0051,신한이지손해보험,X,손해보험,3,자본총계,자본,1,2022.4Q,125648.16634
KR0051,신한이지손해보험,X,손해보험,3,자본총계,자본,1,2023.4Q,129329.346722
KR0051,신한이지손해보험,X,손해보험,3,자본총계,자본,1,2024.4Q,111294.078943
KR0051,신한이지손해보험,X,손해보험,3,자본총계,자본,1,2025.4Q,175720.801183
KR0051,신한이지손해보험,X,손해보험,4,기타포괄손익 누계액,자본,2,2022.4Q,274.312303
KR0051,신한이지손해보험,X,손해보험,4,기타포괄손익 누계액,자본,2,2023.4Q,761.605658
KR0051,신한이지손해보험,X,손해보험,4,기타포괄손익 누계액,자본,2,2024.4Q,129.666302
KR0051,신한이지손해보험,X,손해보험,4,기타포괄손익 누계액,자본,2,2025.4Q,-2703.8507
KR0051,신한이지손해보험,X,손해보험,10,현금및현금성자산,자산,2,2022.4Q,32995.890141
KR0051,신한이지손해보험,X,손해보험,10,현금및현금성자산,자산,2,2023.4Q,33375.20245
KR0051,신한이지손해보험,X,손해보험,10,현금및현금성자산,자산,2,2024.4Q,19101.715054
KR0051,신한이지손해보험,X,손해보험,10,현금및현금성자산,자산,2,2025.4Q,5337.181112
KR0051,신한이지손해보험,X,손해보험,11,당기손익-공정가치측정금융자산,자산,2,2023.4Q,87188.956648
KR0051,신한이지손해보험,X,손해보험,11,당기손익-공정가치측정금융자산,자산,2,2024.4Q,55718.627966
KR0051,신한이지손해보험,X,손해보험,11,당기손익-공정가치측정금융자산,자산,2,2025.4Q,76054.146246
KR0051,신한이지손해보험,X,손해보험,13,상각후원가측정금융자산,자산,2,2023.4Q,59988.353006
KR0051,신한이지손해보험,X,손해보험,13,상각후원가측정금융자산,자산,2,2024.4Q,59978.105052
KR0051,신한이지손해보험,X,손해보험,13,상각후원가측정금융자산,자산,2,2025.4Q,19984.579037
KR0051,신한이지손해보험,X,손해보험,14,재보험계약자산,자산,2,2023.4Q,25538.463615
KR0051,신한이지손해보험,X,손해보험,14,재보험계약자산,자산,2,2024.4Q,77086.687437
KR0051,신한이지손해보험,X,손해보험,14,재보험계약자산,자산,2,2025.4Q,109215.684297
KR0051,신한이지손해보험,X,손해보험,15,유형자산,자산,2,2022.4Q,3808.827929
KR0051,신한이지손해보험,X,손해보험,15,유형자산,자산,2,2023.4Q,6531.786999
KR0051,신한이지손해보험,X,손해보험,15,유형자산,자산,2,2024.4Q,4996.963731
KR0051,신한이지손해보험,X,손해보험,15,유형자산,자산,2,2025.4Q,3121.335445
KR0051,신한이지손해보험,X,손해보험,20,보험계약부채,부채,2,2022.4Q,93884.628498
KR0051,신한이지손해보험,X,손해보험,20,보험계약부채,부채,2,2023.4Q,104436.108818
KR0051,신한이지손해보험,X,손해보험,20,보험계약부채,부채,2,2024.4Q,162293.257406
KR0051,신한이지손해보험,X,손해보험,21,재보험계약부채,부채,2,2023.4Q,119.49747
KR0051,신한이지손해보험,X,손해보험,21,재보험계약부채,부채,2,2024.4Q,4.931605
KR0051,신한이지손해보험,X,손해보험,24,기타부채,부채,2,2022.4Q,10209.911691
KR0051,신한이지손해보험,X,손해보험,24,기타부채,부채,2,2023.4Q,19659.443227
KR0051,신한이지손해보험,X,손해보험,24,기타부채,부채,2,2024.4Q,9073.107172
KR0051,신한이지손해보험,X,손해보험,24,기타부채,부채,2,2025.4Q,1934.164963
KR0051,신한이지손해보험,X,손해보험,30,자본금,자본,2,2022.4Q,106206.815
KR0051,신한이지손해보험,X,손해보험,30,자본금,자본,2,2023.4Q,106206.815
KR0051,신한이지손해보험,X,손해보험,30,자본금,자본,2,2024.4Q,106206.815
KR0051,신한이지손해보험,X,손해보험,30,자본금,자본,2,2025.4Q,191125.29
KR0068,한화생명,088350,생명보험,1,자산총계,자산,1,2023.2Q,110899331.135672
KR0068,한화생명,088350,생명보험,1,자산총계,자산,1,2023.3Q,109389618.290255
KR0068,한화생명,088350,생명보험,1,자산총계,자산,1,2023.4Q,114793101.717269
KR0068,한화생명,088350,생명보험,1,자산총계,자산,1,2024.1Q,113617738.276797
KR0068,한화생명,088350,생명보험,1,자산총계,자산,1,2024.2Q,115882362.709343
KR0068,한화생명,088350,생명보험,1,자산총계,자산,1,2024.3Q,118797934.589967
KR0068,한화생명,088350,생명보험,1,자산총계,자산,1,2024.4Q,122135032.514289
KR0068,한화생명,088350,생명보험,1,자산총계,자산,1,2025.1Q,125760878.0
KR0068,한화생명,088350,생명보험,1,자산총계,자산,1,2025.2Q,126797032.0
KR0068,한화생명,088350,생명보험,1,자산총계,자산,1,2025.3Q,127199674.0
KR0068,한화생명,088350,생명보험,1,자산총계,자산,1,2025.4Q,125776582.0
KR0068,한화생명,088350,생명보험,1,자산총계,자산,1,2026.1Q,124017691.0
KR0068,한화생명,088350,생명보험,1,자산총계,자산,1,2026.2Q,124570989.0
KR0068,한화생명,088350,생명보험,2,부채총계,부채,1,2023.2Q,98836717.19967
KR0068,한화생명,088350,생명보험,2,부채총계,부채,1,2023.3Q,96862001.985437
KR0068,한화생명,088350,생명보험,2,부채총계,부채,1,2023.4Q,103405983.844648
KR0068,한화생명,088350,생명보험,2,부채총계,부채,1,2024.1Q,102958357.21311
KR0068,한화생명,088350,생명보험,2,부채총계,부채,1,2024.2Q,106113785.699438
KR0068,한화생명,088350,생명보험,2,부채총계,부채,1,2024.3Q,108744251.890676
KR0068,한화생명,088350,생명보험,2,부채총계,부채,1,2024.4Q,111800028.744522
KR0068,한화생명,088350,생명보험,2,부채총계,부채,1,2025.1Q,115594958.0
KR0068,한화생명,088350,생명보험,2,부채총계,부채,1,2025.2Q,115121740.0
KR0068,한화생명,088350,생명보험,2,부채총계,부채,1,2025.3Q,115486058.0
KR0068,한화생명,088350,생명보험,2,부채총계,부채,1,2025.4Q,113307806.0
KR0068,한화생명,088350,생명보험,2,부채총계,부채,1,2026.1Q,110609536.0
KR0068,한화생명,088350,생명보험,2,부채총계,부채,1,2026.2Q,110238362.0
KR0068,한화생명,088350,생명보험,3,자본총계,자본,1,2023.2Q,12062613.936002
KR0068,한화생명,088350,생명보험,3,자본총계,자본,1,2023.3Q,12527616.304818
KR0068,한화생명,088350,생명보험,3,자본총계,자본,1,2023.4Q,11387117.872621
KR0068,한화생명,088350,생명보험,3,자본총계,자본,1,2024.1Q,10659381.063687
KR0068,한화생명,088350,생명보험,3,자본총계,자본,1,2024.2Q,9768577.009905
KR0068,한화생명,088350,생명보험,3,자본총계,자본,1,2024.3Q,10053682.699291
KR0068,한화생명,088350,생명보험,3,자본총계,자본,1,2024.4Q,10335003.769767
KR0068,한화생명,088350,생명보험,3,자본총계,자본,1,2025.1Q,10165920.0
KR0068,한화생명,088350,생명보험,3,자본총계,자본,1,2025.2Q,11675292.0
KR0068,한화생명,088350,생명보험,3,자본총계,자본,1,2025.3Q,11713616.0
KR0068,한화생명,088350,생명보험,3,자본총계,자본,1,2025.4Q,12468776.0
KR0068,한화생명,088350,생명보험,3,자본총계,자본,1,2026.1Q,13408155.0
KR0068,한화생명,088350,생명보험,3,자본총계,자본,1,2026.2Q,14332627.0
KR0068,한화생명,088350,생명보험,4,기타포괄손익 누계액,자본,2,2023.3Q,2085384.197069
KR0068,한화생명,088350,생명보험,4,기타포괄손익 누계액,자본,2,2023.4Q,872976.355649
KR0068,한화생명,088350,생명보험,4,기타포괄손익 누계액,자본,2,2024.1Q,83444.784284
KR0068,한화생명,088350,생명보험,4,기타포괄손익 누계액,자본,2,2024.2Q,-978613.106217
KR0068,한화생명,088350,생명보험,4,기타포괄손익 누계액,자본,2,2024.3Q,-1521296.435694
KR0068,한화생명,088350,생명보험,4,기타포괄손익 누계액,자본,2,2024.4Q,-1362642.517994
KR0068,한화생명,088350,생명보험,4,기타포괄손익 누계액,자본,2,2025.1Q,-2241833.0
KR0068,한화생명,088350,생명보험,4,기타포괄손익 누계액,자본,2,2025.2Q,-2152928.0
KR0068,한화생명,088350,생명보험,4,기타포괄손익 누계액,자본,2,2025.3Q,-2230603.0
KR0068,한화생명,088350,생명보험,4,기타포괄손익 누계액,자본,2,2025.4Q,-1406135.0
KR0068,한화생명,088350,생명보험,4,기타포괄손익 누계액,자본,2,2026.1Q,-705811.0
KR0068,한화생명,088350,생명보험,4,기타포괄손익 누계액,자본,2,2026.2Q,13440.0
KR0068,한화생명,088350,생명보험,5,해약환급금준비금 적립액,준비금,2,2023.4Q,2504752.0
KR0068,한화생명,088350,생명보험,5,해약환급금준비금 적립액,준비금,2,2024.1Q,2504752.0
KR0068,한화생명,088350,생명보험,5,해약환급금준비금 적립액,준비금,2,2024.2Q,2504752.0
KR0068,한화생명,088350,생명보험,5,해약환급금준비금 적립액,준비금,2,2024.3Q,2504752.0
KR0068,한화생명,088350,생명보험,5,해약환급금준비금 적립액,준비금,2,2024.4Q,3631205.0
KR0068,한화생명,088350,생명보험,5,해약환급금준비금 적립액,준비금,2,2025.1Q,3631206.0
KR0068,한화생명,088350,생명보험,5,해약환급금준비금 적립액,준비금,2,2025.2Q,3631205.0
KR0068,한화생명,088350,생명보험,5,해약환급금준비금 적립액,준비금,2,2025.3Q,3631206.0
KR0068,한화생명,088350,생명보험,5,해약환급금준비금 적립액,준비금,2,2025.4Q,6507790.0
KR0068,한화생명,088350,생명보험,5,해약환급금준비금 적립액,준비금,2,2026.1Q,6507790.0
KR0068,한화생명,088350,생명보험,5,해약환급금준비금 적립액,준비금,2,2026.2Q,7058650.0
KR0068,한화생명,088350,생명보험,7,대손준비금 적립액,준비금,2,2023.1Q,116595.0
KR0068,한화생명,088350,생명보험,7,대손준비금 적립액,준비금,2,2023.2Q,99017.0
KR0068,한화생명,088350,생명보험,7,대손준비금 적립액,준비금,2,2023.3Q,95026.0
KR0068,한화생명,088350,생명보험,7,대손준비금 적립액,준비금,2,2023.4Q,101331.0
KR0068,한화생명,088350,생명보험,7,대손준비금 적립액,준비금,2,2024.1Q,101331.0
KR0068,한화생명,088350,생명보험,7,대손준비금 적립액,준비금,2,2024.2Q,101331.0
KR0068,한화생명,088350,생명보험,7,대손준비금 적립액,준비금,2,2024.3Q,101331.0
KR0068,한화생명,088350,생명보험,7,대손준비금 적립액,준비금,2,2024.4Q,79836.0
KR0068,한화생명,088350,생명보험,7,대손준비금 적립액,준비금,2,2025.1Q,79836.0
KR0068,한화생명,088350,생명보험,7,대손준비금 적립액,준비금,2,2025.2Q,79836.0
KR0068,한화생명,088350,생명보험,7,대손준비금 적립액,준비금,2,2025.3Q,79836.0
KR0068,한화생명,088350,생명보험,7,대손준비금 적립액,준비금,2,2025.4Q,71220.0
KR0068,한화생명,088350,생명보험,7,대손준비금 적립액,준비금,2,2026.1Q,71219.0
KR0068,한화생명,088350,생명보험,7,대손준비금 적립액,준비금,2,2026.2Q,71219.0
KR0068,한화생명,088350,생명보험,8,보증준비금 적립액,준비금,2,2023.4Q,183194.0
KR0068,한화생명,088350,생명보험,8,보증준비금 적립액,준비금,2,2024.1Q,183194.0
KR0068,한화생명,088350,생명보험,8,보증준비금 적립액,준비금,2,2024.2Q,183194.0
KR0068,한화생명,088350,생명보험,8,보증준비금 적립액,준비금,2,2024.3Q,183194.0
KR0068,한화생명,088350,생명보험,8,보증준비금 적립액,준비금,2,2024.4Q,210756.0
KR0068,한화생명,088350,생명보험,8,보증준비금 적립액,준비금,2,2025.1Q,210756.0
KR0068,한화생명,088350,생명보험,8,보증준비금 적립액,준비금,2,2025.2Q,210756.0
KR0068,한화생명,088350,생명보험,8,보증준비금 적립액,준비금,2,2025.3Q,210757.0
KR0068,한화생명,088350,생명보험,8,보증준비금 적립액,준비금,2,2025.4Q,237209.0
KR0068,한화생명,088350,생명보험,8,보증준비금 적립액,준비금,2,2026.1Q,237210.0
KR0068,한화생명,088350,생명보험,8,보증준비금 적립액,준비금,2,2026.2Q,237210.0
KR0068,한화생명,088350,생명보험,10,현금및현금성자산,자산,2,2023.2Q,1143319.863479
KR0068,한화생명,088350,생명보험,10,현금및현금성자산,자산,2,2023.3Q,1099688.437932
KR0068,한화생명,088350,생명보험,10,현금및현금성자산,자산,2,2023.4Q,2389065.705209
KR0068,한화생명,088350,생명보험,10,현금및현금성자산,자산,2,2024.1Q,1029348.032605
KR0068,한화생명,088350,생명보험,10,현금및현금성자산,자산,2,2024.2Q,960637.557134
KR0068,한화생명,088350,생명보험,10,현금및현금성자산,자산,2,2024.3Q,855413.110014
KR0068,한화생명,088350,생명보험,10,현금및현금성자산,자산,2,2024.4Q,1337044.932144
KR0068,한화생명,088350,생명보험,10,현금및현금성자산,자산,2,2025.1Q,1020780.0
KR0068,한화생명,088350,생명보험,10,현금및현금성자산,자산,2,2025.2Q,901224.0
KR0068,한화생명,088350,생명보험,10,현금및현금성자산,자산,2,2025.3Q,1138588.0
KR0068,한화생명,088350,생명보험,10,현금및현금성자산,자산,2,2025.4Q,1549120.0
KR0068,한화생명,088350,생명보험,10,현금및현금성자산,자산,2,2026.1Q,912018.0
KR0068,한화생명,088350,생명보험,10,현금및현금성자산,자산,2,2026.2Q,986932.0
KR0068,한화생명,088350,생명보험,11,당기손익-공정가치측정금융자산,자산,2,2023.2Q,30590449.493004
KR0068,한화생명,088350,생명보험,11,당기손익-공정가치측정금융자산,자산,2,2023.3Q,27374448.083616
KR0068,한화생명,088350,생명보험,11,당기손익-공정가치측정금융자산,자산,2,2023.4Q,27980558.639955
KR0068,한화생명,088350,생명보험,11,당기손익-공정가치측정금융자산,자산,2,2024.1Q,29439929.063744
KR0068,한화생명,088350,생명보험,11,당기손익-공정가치측정금융자산,자산,2,2024.2Q,30237058.979019
KR0068,한화생명,088350,생명보험,11,당기손익-공정가치측정금융자산,자산,2,2024.3Q,30919663.087133
KR0068,한화생명,088350,생명보험,11,당기손익-공정가치측정금융자산,자산,2,2024.4Q,31134350.891287
KR0068,한화생명,088350,생명보험,11,당기손익-공정가치측정금융자산,자산,2,2025.1Q,32387154.0
KR0068,한화생명,088350,생명보험,11,당기손익-공정가치측정금융자산,자산,2,2025.2Q,33076346.0
KR0068,한화생명,088350,생명보험,11,당기손익-공정가치측정금융자산,자산,2,2025.3Q,33271737.0
KR0068,한화생명,088350,생명보험,11,당기손익-공정가치측정금융자산,자산,2,2025.4Q,32320124.0
KR0068,한화생명,088350,생명보험,11,당기손익-공정가치측정금융자산,자산,2,2026.1Q,33449941.0
KR0068,한화생명,088350,생명보험,11,당기손익-공정가치측정금융자산,자산,2,2026.2Q,33664443.0
KR0068,한화생명,088350,생명보험,12,기타포괄손익-공정가치측정금융자산,자산,2,2023.3Q,35761981.774668
KR0068,한화생명,088350,생명보험,12,기타포괄손익-공정가치측정금융자산,자산,2,2023.4Q,39461601.5549
KR0068,한화생명,088350,생명보험,12,기타포괄손익-공정가치측정금융자산,자산,2,2024.1Q,38166364.879839
KR0068,한화생명,088350,생명보험,12,기타포괄손익-공정가치측정금융자산,자산,2,2024.2Q,39874583.843375
KR0068,한화생명,088350,생명보험,12,기타포괄손익-공정가치측정금융자산,자산,2,2024.3Q,43482550.210444
KR0068,한화생명,088350,생명보험,12,기타포괄손익-공정가치측정금융자산,자산,2,2024.4Q,45320455.403193
KR0068,한화생명,088350,생명보험,12,기타포괄손익-공정가치측정금융자산,자산,2,2025.1Q,47946555.0
KR0068,한화생명,088350,생명보험,12,기타포괄손익-공정가치측정금융자산,자산,2,2025.2Q,49324233.0
KR0068,한화생명,088350,생명보험,12,기타포괄손익-공정가치측정금융자산,자산,2,2025.3Q,49717845.0
KR0068,한화생명,088350,생명보험,12,기타포괄손익-공정가치측정금융자산,자산,2,2025.4Q,48218133.0
KR0068,한화생명,088350,생명보험,12,기타포괄손익-공정가치측정금융자산,자산,2,2026.1Q,46287683.0
KR0068,한화생명,088350,생명보험,12,기타포괄손익-공정가치측정금융자산,자산,2,2026.2Q,46077796.0
KR0068,한화생명,088350,생명보험,13,상각후원가측정금융자산,자산,2,2023.2Q,29154981.534574
KR0068,한화생명,088350,생명보험,13,상각후원가측정금융자산,자산,2,2023.3Q,29838782.335095
KR0068,한화생명,088350,생명보험,13,상각후원가측정금융자산,자산,2,2023.4Q,29363251.169466
KR0068,한화생명,088350,생명보험,13,상각후원가측정금융자산,자산,2,2024.1Q,29370263.31661
KR0068,한화생명,088350,생명보험,13,상각후원가측정금융자산,자산,2,2024.2Q,29453129.410459
KR0068,한화생명,088350,생명보험,13,상각후원가측정금융자산,자산,2,2024.3Q,28533810.385843
KR0068,한화생명,088350,생명보험,13,상각후원가측정금융자산,자산,2,2024.4Q,29034490.458028
KR0068,한화생명,088350,생명보험,13,상각후원가측정금융자산,자산,2,2025.1Q,28551641.0
KR0068,한화생명,088350,생명보험,13,상각후원가측정금융자산,자산,2,2025.2Q,27831192.0
KR0068,한화생명,088350,생명보험,13,상각후원가측정금융자산,자산,2,2025.3Q,27477086.0
KR0068,한화생명,088350,생명보험,13,상각후원가측정금융자산,자산,2,2025.4Q,28071420.0
KR0068,한화생명,088350,생명보험,13,상각후원가측정금융자산,자산,2,2026.1Q,27466231.0
KR0068,한화생명,088350,생명보험,13,상각후원가측정금융자산,자산,2,2026.2Q,28148751.0
KR0068,한화생명,088350,생명보험,14,재보험계약자산,자산,2,2023.2Q,148993.154943
KR0068,한화생명,088350,생명보험,14,재보험계약자산,자산,2,2023.3Q,121443.872818
KR0068,한화생명,088350,생명보험,14,재보험계약자산,자산,2,2023.4Q,148853.671191
KR0068,한화생명,088350,생명보험,14,재보험계약자산,자산,2,2024.1Q,159982.942203
KR0068,한화생명,088350,생명보험,14,재보험계약자산,자산,2,2024.2Q,160326.556295
KR0068,한화생명,088350,생명보험,14,재보험계약자산,자산,2,2024.3Q,165704.045459
KR0068,한화생명,088350,생명보험,14,재보험계약자산,자산,2,2024.4Q,171362.766035
KR0068,한화생명,088350,생명보험,14,재보험계약자산,자산,2,2025.1Q,176461.0
KR0068,한화생명,088350,생명보험,14,재보험계약자산,자산,2,2025.2Q,177784.0
KR0068,한화생명,088350,생명보험,14,재보험계약자산,자산,2,2025.3Q,186377.0
KR0068,한화생명,088350,생명보험,14,재보험계약자산,자산,2,2025.4Q,358877.0
KR0068,한화생명,088350,생명보험,14,재보험계약자산,자산,2,2026.1Q,348967.0
KR0068,한화생명,088350,생명보험,14,재보험계약자산,자산,2,2026.2Q,337012.0
KR0068,한화생명,088350,생명보험,15,유형자산,자산,2,2023.2Q,844765.471443
KR0068,한화생명,088350,생명보험,15,유형자산,자산,2,2023.3Q,840263.65346
KR0068,한화생명,088350,생명보험,15,유형자산,자산,2,2023.4Q,820963.375641
KR0068,한화생명,088350,생명보험,15,유형자산,자산,2,2024.1Q,824942.293319
KR0068,한화생명,088350,생명보험,15,유형자산,자산,2,2024.2Q,838883.064842
KR0068,한화생명,088350,생명보험,15,유형자산,자산,2,2024.3Q,829598.420919
KR0068,한화생명,088350,생명보험,15,유형자산,자산,2,2024.4Q,834229.882122
KR0068,한화생명,088350,생명보험,15,유형자산,자산,2,2025.1Q,834007.0
KR0068,한화생명,088350,생명보험,15,유형자산,자산,2,2025.2Q,862787.0
KR0068,한화생명,088350,생명보험,15,유형자산,자산,2,2025.3Q,878252.0
KR0068,한화생명,088350,생명보험,15,유형자산,자산,2,2025.4Q,883219.0
KR0068,한화생명,088350,생명보험,15,유형자산,자산,2,2026.1Q,897058.0
KR0068,한화생명,088350,생명보험,15,유형자산,자산,2,2026.2Q,908708.0
KR0068,한화생명,088350,생명보험,20,보험계약부채,부채,2,2023.2Q,85104547.733795
KR0068,한화생명,088350,생명보험,20,보험계약부채,부채,2,2023.3Q,82486428.105713
KR0068,한화생명,088350,생명보험,20,보험계약부채,부채,2,2023.4Q,89138938.063814
KR0068,한화생명,088350,생명보험,20,보험계약부채,부채,2,2024.1Q,89139196.559827
KR0068,한화생명,088350,생명보험,20,보험계약부채,부채,2,2024.2Q,92689726.86117
KR0068,한화생명,088350,생명보험,20,보험계약부채,부채,2,2024.3Q,96396515.415212
KR0068,한화생명,088350,생명보험,20,보험계약부채,부채,2,2024.4Q,97152188.029019
KR0068,한화생명,088350,생명보험,20,보험계약부채,부채,2,2025.1Q,101208409.0
KR0068,한화생명,088350,생명보험,20,보험계약부채,부채,2,2025.2Q,101055557.0
KR0068,한화생명,088350,생명보험,20,보험계약부채,부채,2,2025.3Q,101157820.0
KR0068,한화생명,088350,생명보험,20,보험계약부채,부채,2,2025.4Q,96935830.0
KR0068,한화생명,088350,생명보험,20,보험계약부채,부채,2,2026.1Q,92651527.0
KR0068,한화생명,088350,생명보험,20,보험계약부채,부채,2,2026.2Q,91160749.0
KR0068,한화생명,088350,생명보험,21,재보험계약부채,부채,2,2023.2Q,28089.600039
KR0068,한화생명,088350,생명보험,21,재보험계약부채,부채,2,2023.3Q,24557.61391
KR0068,한화생명,088350,생명보험,21,재보험계약부채,부채,2,2023.4Q,28036.358135
KR0068,한화생명,088350,생명보험,21,재보험계약부채,부채,2,2024.1Q,24520.068675
KR0068,한화생명,088350,생명보험,21,재보험계약부채,부채,2,2024.2Q,28107.29887
KR0068,한화생명,088350,생명보험,21,재보험계약부채,부채,2,2024.3Q,33386.802736
KR0068,한화생명,088350,생명보험,21,재보험계약부채,부채,2,2024.4Q,34140.118752
KR0068,한화생명,088350,생명보험,21,재보험계약부채,부채,2,2025.1Q,39321.0
KR0068,한화생명,088350,생명보험,21,재보험계약부채,부채,2,2025.2Q,37974.0
KR0068,한화생명,088350,생명보험,21,재보험계약부채,부채,2,2025.3Q,39894.0
KR0068,한화생명,088350,생명보험,21,재보험계약부채,부채,2,2025.4Q,32679.0
KR0068,한화생명,088350,생명보험,21,재보험계약부채,부채,2,2026.1Q,30775.0
KR0068,한화생명,088350,생명보험,21,재보험계약부채,부채,2,2026.2Q,28530.0
KR0068,한화생명,088350,생명보험,22,투자계약부채,부채,2,2023.2Q,8126830.002076
KR0068,한화생명,088350,생명보험,22,투자계약부채,부채,2,2023.3Q,8025912.741717
KR0068,한화생명,088350,생명보험,22,투자계약부채,부채,2,2023.4Q,9053407.124059
KR0068,한화생명,088350,생명보험,22,투자계약부채,부채,2,2024.1Q,8545644.313553
KR0068,한화생명,088350,생명보험,22,투자계약부채,부채,2,2024.2Q,8803052.186615
KR0068,한화생명,088350,생명보험,22,투자계약부채,부채,2,2024.3Q,8747622.425261
KR0068,한화생명,088350,생명보험,22,투자계약부채,부채,2,2024.4Q,9258888.655564
KR0068,한화생명,088350,생명보험,22,투자계약부채,부채,2,2025.1Q,9265767.0
KR0068,한화생명,088350,생명보험,22,투자계약부채,부채,2,2025.2Q,9381466.0
KR0068,한화생명,088350,생명보험,22,투자계약부채,부채,2,2025.3Q,9343674.0
KR0068,한화생명,088350,생명보험,22,투자계약부채,부채,2,2025.4Q,10252431.0
KR0068,한화생명,088350,생명보험,22,투자계약부채,부채,2,2026.1Q,10034823.0
KR0068,한화생명,088350,생명보험,22,투자계약부채,부채,2,2026.2Q,9714279.0
KR0068,한화생명,088350,생명보험,23,차입부채,부채,2,2023.2Q,2322652.815647
KR0068,한화생명,088350,생명보험,23,차입부채,부채,2,2023.3Q,3138424.147509
KR0068,한화생명,088350,생명보험,23,차입부채,부채,2,2023.4Q,3122238.475742
KR0068,한화생명,088350,생명보험,23,차입부채,부채,2,2024.1Q,2674729.596856
KR0068,한화생명,088350,생명보험,23,차입부채,부채,2,2024.2Q,2636837.323197
KR0068,한화생명,088350,생명보험,23,차입부채,부채,2,2024.3Q,2239542.795034
KR0068,한화생명,088350,생명보험,23,차입부채,부채,2,2024.4Q,3228080.725711
KR0068,한화생명,088350,생명보험,23,차입부채,부채,2,2025.1Q,3216421.0
KR0068,한화생명,088350,생명보험,23,차입부채,부채,2,2025.2Q,3140848.0
KR0068,한화생명,088350,생명보험,23,차입부채,부채,2,2025.3Q,3104006.0
KR0068,한화생명,088350,생명보험,23,차입부채,부채,2,2025.4Q,3232591.0
KR0068,한화생명,088350,생명보험,23,차입부채,부채,2,2026.1Q,3467205.0
KR0068,한화생명,088350,생명보험,23,차입부채,부채,2,2026.2Q,3822976.0
KR0068,한화생명,088350,생명보험,24,기타부채,부채,2,2023.2Q,15711.987804
KR0068,한화생명,088350,생명보험,24,기타부채,부채,2,2023.3Q,80119.715332
KR0068,한화생명,088350,생명보험,24,기타부채,부채,2,2023.4Q,48509.053655
KR0068,한화생명,088350,생명보험,24,기타부채,부채,2,2024.1Q,93128.971505
KR0068,한화생명,088350,생명보험,24,기타부채,부채,2,2024.2Q,99584.130681
KR0068,한화생명,088350,생명보험,24,기타부채,부채,2,2024.3Q,83262.40536
KR0068,한화생명,088350,생명보험,24,기타부채,부채,2,2024.4Q,22104.873787
KR0068,한화생명,088350,생명보험,24,기타부채,부채,2,2025.1Q,84244.0
KR0068,한화생명,088350,생명보험,24,기타부채,부채,2,2025.2Q,88304.0
KR0068,한화생명,088350,생명보험,24,기타부채,부채,2,2025.3Q,98469.0
KR0068,한화생명,088350,생명보험,24,기타부채,부채,2,2025.4Q,59250.0
KR0068,한화생명,088350,생명보험,24,기타부채,부채,2,2026.1Q,100226.0
KR0068,한화생명,088350,생명보험,24,기타부채,부채,2,2026.2Q,60555.0
KR0068,한화생명,088350,생명보험,30,자본금,자본,2,2023.2Q,4342650.0
KR0068,한화생명,088350,생명보험,30,자본금,자본,2,2023.3Q,4342650.0
KR0068,한화생명,088350,생명보험,30,자본금,자본,2,2023.4Q,4342650.0
KR0068,한화생명,088350,생명보험,30,자본금,자본,2,2024.1Q,4342650.0
KR0068,한화생명,088350,생명보험,30,자본금,자본,2,2024.2Q,4342650.0
KR0068,한화생명,088350,생명보험,30,자본금,자본,2,2024.3Q,4342650.0
KR0068,한화생명,088350,생명보험,30,자본금,자본,2,2024.4Q,4342650.0
KR0068,한화생명,088350,생명보험,30,자본금,자본,2,2025.1Q,4342650.0
KR0068,한화생명,088350,생명보험,30,자본금,자본,2,2025.2Q,4342650.0
KR0068,한화생명,088350,생명보험,30,자본금,자본,2,2025.3Q,4342650.0
KR0068,한화생명,088350,생명보험,30,자본금,자본,2,2025.4Q,4342650.0
KR0068,한화생명,088350,생명보험,30,자본금,자본,2,2026.1Q,4342650.0
KR0068,한화생명,088350,생명보험,30,자본금,자본,2,2026.2Q,4342650.0
KR0068,한화생명,088350,생명보험,31,이익잉여금,자본,2,2023.2Q,6079580.648258
KR0068,한화생명,088350,생명보험,31,이익잉여금,자본,2,2023.3Q,6238955.377349
KR0068,한화생명,088350,생명보험,31,이익잉여금,자본,2,2023.4Q,6306958.210225
KR0068,한화생명,088350,생명보험,31,이익잉여금,자본,2,2024.1Q,6365173.030505
KR0068,한화생명,088350,생명보험,31,이익잉여금,자본,2,2024.2Q,6532846.925073
KR0068,한화생명,088350,생명보험,31,이익잉여금,자본,2,2024.3Q,6763809.383936
KR0068,한화생명,088350,생명보험,31,이익잉여금,자본,2,2024.4Q,6886476.536712
KR0068,한화생명,088350,생명보험,31,이익잉여금,자본,2,2025.1Q,6994859.0
KR0068,한화생명,088350,생명보험,31,이익잉여금,자본,2,2025.2Q,7038532.0
KR0068,한화생명,088350,생명보험,31,이익잉여금,자본,2,2025.3Q,7154531.0
KR0068,한화생명,088350,생명보험,31,이익잉여금,자본,2,2025.4Q,7085336.0
KR0068,한화생명,088350,생명보험,31,이익잉여금,자본,2,2026.1Q,7313064.0
KR0068,한화생명,088350,생명보험,31,이익잉여금,자본,2,2026.2Q,7506942.0
KR0069,삼성생명보험,032830,생명보험,1,자산총계,자산,1,2023.3Q,261497658.0
KR0069,삼성생명보험,032830,생명보험,1,자산총계,자산,1,2023.4Q,279474086.0
KR0069,삼성생명보험,032830,생명보험,1,자산총계,자산,1,2024.1Q,315771608.0
KR0069,삼성생명보험,032830,생명보험,1,자산총계,자산,1,2024.2Q,319799739.0
KR0069,삼성생명보험,032830,생명보험,1,자산총계,자산,1,2024.3Q,312665253.0
KR0069,삼성생명보험,032830,생명보험,1,자산총계,자산,1,2024.4Q,312218844.0
KR0069,삼성생명보험,032830,생명보험,1,자산총계,자산,1,2025.1Q,281011504.0
KR0069,삼성생명보험,032830,생명보험,1,자산총계,자산,1,2025.2Q,280990354.0
KR0069,삼성생명보험,032830,생명보험,1,자산총계,자산,1,2025.3Q,295578120.0
KR0069,삼성생명보험,032830,생명보험,1,자산총계,자산,1,2025.4Q,309948294.0
KR0069,삼성생명보험,032830,생명보험,1,자산총계,자산,1,2026.1Q,328870240.0
KR0069,삼성생명보험,032830,생명보험,1,자산총계,자산,1,2026.2Q,415317491.0
KR0069,삼성생명보험,032830,생명보험,2,부채총계,부채,1,2023.3Q,223458476.0
KR0069,삼성생명보험,032830,생명보험,2,부채총계,부채,1,2023.4Q,241946361.0
KR0069,삼성생명보험,032830,생명보험,2,부채총계,부채,1,2024.1Q,272373717.0
KR0069,삼성생명보험,032830,생명보험,2,부채총계,부채,1,2024.2Q,278285654.0
KR0069,삼성생명보험,032830,생명보험,2,부채총계,부채,1,2024.3Q,277382931.0
KR0069,삼성생명보험,032830,생명보험,2,부채총계,부채,1,2024.4Q,279480913.0
KR0069,삼성생명보험,032830,생명보험,2,부채총계,부채,1,2025.1Q,257067089.0
KR0069,삼성생명보험,032830,생명보험,2,부채총계,부채,1,2025.2Q,255077729.0
KR0069,삼성생명보험,032830,생명보험,2,부채총계,부채,1,2025.3Q,262873644.0
KR0069,삼성생명보험,032830,생명보험,2,부채총계,부채,1,2025.4Q,253531479.0
KR0069,삼성생명보험,032830,생명보험,2,부채총계,부채,1,2026.1Q,254056469.0
KR0069,삼성생명보험,032830,생명보험,2,부채총계,부채,1,2026.2Q,277455876.0
KR0069,삼성생명보험,032830,생명보험,3,자본총계,자본,1,2023.3Q,38039182.0
KR0069,삼성생명보험,032830,생명보험,3,자본총계,자본,1,2023.4Q,37527725.0
KR0069,삼성생명보험,032830,생명보험,3,자본총계,자본,1,2024.1Q,43397891.0
KR0069,삼성생명보험,032830,생명보험,3,자본총계,자본,1,2024.2Q,41514085.0
KR0069,삼성생명보험,032830,생명보험,3,자본총계,자본,1,2024.3Q,35282322.0
KR0069,삼성생명보험,032830,생명보험,3,자본총계,자본,1,2024.4Q,32737931.0
KR0069,삼성생명보험,032830,생명보험,3,자본총계,자본,1,2025.1Q,23944415.0
KR0069,삼성생명보험,032830,생명보험,3,자본총계,자본,1,2025.2Q,25912625.0
KR0069,삼성생명보험,032830,생명보험,3,자본총계,자본,1,2025.3Q,32704476.0
KR0069,삼성생명보험,032830,생명보험,3,자본총계,자본,1,2025.4Q,56416815.0
KR0069,삼성생명보험,032830,생명보험,3,자본총계,자본,1,2026.1Q,74813771.0
KR0069,삼성생명보험,032830,생명보험,3,자본총계,자본,1,2026.2Q,137861615.0
KR0069,삼성생명보험,032830,생명보험,4,기타포괄손익 누계액,자본,2,2023.3Q,27122305.0
KR0069,삼성생명보험,032830,생명보험,4,기타포괄손익 누계액,자본,2,2023.4Q,26354009.0
KR0069,삼성생명보험,032830,생명보험,4,기타포괄손익 누계액,자본,2,2024.1Q,25466403.0
KR0069,삼성생명보험,032830,생명보험,4,기타포괄손익 누계액,자본,2,2024.2Q,22796432.0
KR0069,삼성생명보험,032830,생명보험,4,기타포괄손익 누계액,자본,2,2024.3Q,15853248.0
KR0069,삼성생명보험,032830,생명보험,4,기타포괄손익 누계액,자본,2,2024.4Q,13204571.0
KR0069,삼성생명보험,032830,생명보험,4,기타포괄손익 누계액,자본,2,2025.1Q,11823636.0
KR0069,삼성생명보험,032830,생명보험,4,기타포괄손익 누계액,자본,2,2025.2Q,13354503.0
KR0069,삼성생명보험,032830,생명보험,4,기타포괄손익 누계액,자본,2,2025.3Q,19735638.0
KR0069,삼성생명보험,032830,생명보험,4,기타포괄손익 누계액,자본,2,2025.4Q,43358109.0
KR0069,삼성생명보험,032830,생명보험,4,기타포괄손익 누계액,자본,2,2026.1Q,60684027.0
KR0069,삼성생명보험,032830,생명보험,4,기타포괄손익 누계액,자본,2,2026.2Q,123555805.0
KR0069,삼성생명보험,032830,생명보험,5,해약환급금준비금 적립액,준비금,2,2025.4Q,832412.0
KR0069,삼성생명보험,032830,생명보험,5,해약환급금준비금 적립액,준비금,2,2026.1Q,832412.0
KR0069,삼성생명보험,032830,생명보험,5,해약환급금준비금 적립액,준비금,2,2026.2Q,832412.0
KR0069,삼성생명보험,032830,생명보험,7,대손준비금 적립액,준비금,2,2023.1Q,356378.0
KR0069,삼성생명보험,032830,생명보험,7,대손준비금 적립액,준비금,2,2023.2Q,544153.0
KR0069,삼성생명보험,032830,생명보험,7,대손준비금 적립액,준비금,2,2023.3Q,544153.0
KR0069,삼성생명보험,032830,생명보험,7,대손준비금 적립액,준비금,2,2023.4Q,356110.0
KR0069,삼성생명보험,032830,생명보험,7,대손준비금 적립액,준비금,2,2024.1Q,356110.0
KR0069,삼성생명보험,032830,생명보험,7,대손준비금 적립액,준비금,2,2024.2Q,356110.0
KR0069,삼성생명보험,032830,생명보험,7,대손준비금 적립액,준비금,2,2024.3Q,356109.0
KR0069,삼성생명보험,032830,생명보험,7,대손준비금 적립액,준비금,2,2024.4Q,335568.0
KR0069,삼성생명보험,032830,생명보험,7,대손준비금 적립액,준비금,2,2025.1Q,335567.0
KR0069,삼성생명보험,032830,생명보험,7,대손준비금 적립액,준비금,2,2025.2Q,335567.0
KR0069,삼성생명보험,032830,생명보험,7,대손준비금 적립액,준비금,2,2025.3Q,335567.0
KR0069,삼성생명보험,032830,생명보험,7,대손준비금 적립액,준비금,2,2025.4Q,299322.0
KR0069,삼성생명보험,032830,생명보험,7,대손준비금 적립액,준비금,2,2026.1Q,299321.0
KR0069,삼성생명보험,032830,생명보험,7,대손준비금 적립액,준비금,2,2026.2Q,299321.0
KR0069,삼성생명보험,032830,생명보험,8,보증준비금 적립액,준비금,2,2023.4Q,12297.0
KR0069,삼성생명보험,032830,생명보험,8,보증준비금 적립액,준비금,2,2024.1Q,12297.0
KR0069,삼성생명보험,032830,생명보험,8,보증준비금 적립액,준비금,2,2024.2Q,12297.0
KR0069,삼성생명보험,032830,생명보험,8,보증준비금 적립액,준비금,2,2024.3Q,12297.0
KR0069,삼성생명보험,032830,생명보험,8,보증준비금 적립액,준비금,2,2024.4Q,0.0
KR0069,삼성생명보험,032830,생명보험,8,보증준비금 적립액,준비금,2,2025.1Q,0.0
KR0069,삼성생명보험,032830,생명보험,8,보증준비금 적립액,준비금,2,2025.2Q,0.0
KR0069,삼성생명보험,032830,생명보험,8,보증준비금 적립액,준비금,2,2025.3Q,0.0
KR0069,삼성생명보험,032830,생명보험,8,보증준비금 적립액,준비금,2,2025.4Q,0.0
KR0069,삼성생명보험,032830,생명보험,8,보증준비금 적립액,준비금,2,2026.1Q,0.0
KR0069,삼성생명보험,032830,생명보험,8,보증준비금 적립액,준비금,2,2026.2Q,0.0
KR0069,삼성생명보험,032830,생명보험,10,현금및현금성자산,자산,2,2023.3Q,1998782.0
KR0069,삼성생명보험,032830,생명보험,10,현금및현금성자산,자산,2,2023.4Q,3380990.0
KR0069,삼성생명보험,032830,생명보험,10,현금및현금성자산,자산,2,2024.1Q,3638154.0
KR0069,삼성생명보험,032830,생명보험,10,현금및현금성자산,자산,2,2024.2Q,4021536.0
KR0069,삼성생명보험,032830,생명보험,10,현금및현금성자산,자산,2,2024.3Q,4125168.0
KR0069,삼성생명보험,032830,생명보험,10,현금및현금성자산,자산,2,2024.4Q,4177972.0
KR0069,삼성생명보험,032830,생명보험,10,현금및현금성자산,자산,2,2025.1Q,1985485.0
KR0069,삼성생명보험,032830,생명보험,10,현금및현금성자산,자산,2,2025.2Q,1869729.0
KR0069,삼성생명보험,032830,생명보험,10,현금및현금성자산,자산,2,2025.3Q,1961641.0
KR0069,삼성생명보험,032830,생명보험,10,현금및현금성자산,자산,2,2025.4Q,2672569.0
KR0069,삼성생명보험,032830,생명보험,10,현금및현금성자산,자산,2,2026.1Q,2107164.0
KR0069,삼성생명보험,032830,생명보험,10,현금및현금성자산,자산,2,2026.2Q,2806514.0
KR0069,삼성생명보험,032830,생명보험,11,당기손익-공정가치측정금융자산,자산,2,2023.3Q,35789144.0
KR0069,삼성생명보험,032830,생명보험,11,당기손익-공정가치측정금융자산,자산,2,2023.4Q,36668457.0
KR0069,삼성생명보험,032830,생명보험,11,당기손익-공정가치측정금융자산,자산,2,2024.1Q,46447805.0
KR0069,삼성생명보험,032830,생명보험,11,당기손익-공정가치측정금융자산,자산,2,2024.2Q,47315418.0
KR0069,삼성생명보험,032830,생명보험,11,당기손익-공정가치측정금융자산,자산,2,2024.3Q,44768973.0
KR0069,삼성생명보험,032830,생명보험,11,당기손익-공정가치측정금융자산,자산,2,2024.4Q,45752756.0
KR0069,삼성생명보험,032830,생명보험,11,당기손익-공정가치측정금융자산,자산,2,2025.1Q,34343581.0
KR0069,삼성생명보험,032830,생명보험,11,당기손익-공정가치측정금융자산,자산,2,2025.2Q,36026344.0
KR0069,삼성생명보험,032830,생명보험,11,당기손익-공정가치측정금융자산,자산,2,2025.3Q,37991991.0
KR0069,삼성생명보험,032830,생명보험,11,당기손익-공정가치측정금융자산,자산,2,2025.4Q,38209635.0
KR0069,삼성생명보험,032830,생명보험,11,당기손익-공정가치측정금융자산,자산,2,2026.1Q,40432556.0
KR0069,삼성생명보험,032830,생명보험,11,당기손익-공정가치측정금융자산,자산,2,2026.2Q,46175877.0
KR0069,삼성생명보험,032830,생명보험,12,기타포괄손익-공정가치측정금융자산,자산,2,2023.3Q,152349076.0
KR0069,삼성생명보험,032830,생명보험,12,기타포괄손익-공정가치측정금융자산,자산,2,2023.4Q,166226450.0
KR0069,삼성생명보험,032830,생명보험,12,기타포괄손익-공정가치측정금융자산,자산,2,2024.1Q,169906006.0
KR0069,삼성생명보험,032830,생명보험,12,기타포괄손익-공정가치측정금융자산,자산,2,2024.2Q,172671674.0
KR0069,삼성생명보험,032830,생명보험,12,기타포괄손익-공정가치측정금융자산,자산,2,2024.3Q,167058064.0
KR0069,삼성생명보험,032830,생명보험,12,기타포괄손익-공정가치측정금융자산,자산,2,2024.4Q,164154374.0
KR0069,삼성생명보험,032830,생명보험,12,기타포괄손익-공정가치측정금융자산,자산,2,2025.1Q,168070744.0
KR0069,삼성생명보험,032830,생명보험,12,기타포괄손익-공정가치측정금융자산,자산,2,2025.2Q,168569341.0
KR0069,삼성생명보험,032830,생명보험,12,기타포괄손익-공정가치측정금융자산,자산,2,2025.3Q,183641145.0
KR0069,삼성생명보험,032830,생명보험,12,기타포괄손익-공정가치측정금융자산,자산,2,2025.4Q,196888832.0
KR0069,삼성생명보험,032830,생명보험,12,기타포괄손익-공정가치측정금융자산,자산,2,2026.1Q,213745477.0
KR0069,삼성생명보험,032830,생명보험,12,기타포괄손익-공정가치측정금융자산,자산,2,2026.2Q,295276268.0
KR0069,삼성생명보험,032830,생명보험,13,상각후원가측정금융자산,자산,2,2023.3Q,49955455.0
KR0069,삼성생명보험,032830,생명보험,13,상각후원가측정금융자산,자산,2,2023.4Q,49614533.0
KR0069,삼성생명보험,032830,생명보험,13,상각후원가측정금융자산,자산,2,2024.1Q,82071968.0
KR0069,삼성생명보험,032830,생명보험,13,상각후원가측정금융자산,자산,2,2024.2Q,81476854.0
KR0069,삼성생명보험,032830,생명보험,13,상각후원가측정금융자산,자산,2,2024.3Q,80757013.0
KR0069,삼성생명보험,032830,생명보험,13,상각후원가측정금융자산,자산,2,2024.4Q,82320607.0
KR0069,삼성생명보험,032830,생명보험,13,상각후원가측정금융자산,자산,2,2025.1Q,45712850.0
KR0069,삼성생명보험,032830,생명보험,13,상각후원가측정금융자산,자산,2,2025.2Q,43113870.0
KR0069,삼성생명보험,032830,생명보험,13,상각후원가측정금융자산,자산,2,2025.3Q,41744574.0
KR0069,삼성생명보험,032830,생명보험,13,상각후원가측정금융자산,자산,2,2025.4Q,41115626.0
KR0069,삼성생명보험,032830,생명보험,13,상각후원가측정금융자산,자산,2,2026.1Q,41810525.0
KR0069,삼성생명보험,032830,생명보험,13,상각후원가측정금융자산,자산,2,2026.2Q,39938756.0
KR0069,삼성생명보험,032830,생명보험,14,재보험계약자산,자산,2,2023.3Q,417304.0
KR0069,삼성생명보험,032830,생명보험,14,재보험계약자산,자산,2,2023.4Q,1376474.0
KR0069,삼성생명보험,032830,생명보험,14,재보험계약자산,자산,2,2024.1Q,1396199.0
KR0069,삼성생명보험,032830,생명보험,14,재보험계약자산,자산,2,2024.2Q,1459336.0
KR0069,삼성생명보험,032830,생명보험,14,재보험계약자산,자산,2,2024.3Q,2284755.0
KR0069,삼성생명보험,032830,생명보험,14,재보험계약자산,자산,2,2024.4Q,2306386.0
KR0069,삼성생명보험,032830,생명보험,14,재보험계약자산,자산,2,2025.1Q,2394700.0
KR0069,삼성생명보험,032830,생명보험,14,재보험계약자산,자산,2,2025.2Q,2352265.0
KR0069,삼성생명보험,032830,생명보험,14,재보험계약자산,자산,2,2025.3Q,2330036.0
KR0069,삼성생명보험,032830,생명보험,14,재보험계약자산,자산,2,2025.4Q,2192326.0
KR0069,삼성생명보험,032830,생명보험,14,재보험계약자산,자산,2,2026.1Q,2032367.0
KR0069,삼성생명보험,032830,생명보험,14,재보험계약자산,자산,2,2026.2Q,1907094.0
KR0069,삼성생명보험,032830,생명보험,15,유형자산,자산,2,2023.3Q,393439.0
KR0069,삼성생명보험,032830,생명보험,15,유형자산,자산,2,2023.4Q,395150.0
KR0069,삼성생명보험,032830,생명보험,15,유형자산,자산,2,2024.1Q,435898.0
KR0069,삼성생명보험,032830,생명보험,15,유형자산,자산,2,2024.2Q,433677.0
KR0069,삼성생명보험,032830,생명보험,15,유형자산,자산,2,2024.3Q,421565.0
KR0069,삼성생명보험,032830,생명보험,15,유형자산,자산,2,2024.4Q,434577.0
KR0069,삼성생명보험,032830,생명보험,15,유형자산,자산,2,2025.1Q,392848.0
KR0069,삼성생명보험,032830,생명보험,15,유형자산,자산,2,2025.2Q,393142.0
KR0069,삼성생명보험,032830,생명보험,15,유형자산,자산,2,2025.3Q,390191.0
KR0069,삼성생명보험,032830,생명보험,15,유형자산,자산,2,2025.4Q,387805.0
KR0069,삼성생명보험,032830,생명보험,15,유형자산,자산,2,2026.1Q,361900.0
KR0069,삼성생명보험,032830,생명보험,15,유형자산,자산,2,2026.2Q,366941.0
KR0069,삼성생명보험,032830,생명보험,20,보험계약부채,부채,2,2023.3Q,174960156.0
KR0069,삼성생명보험,032830,생명보험,20,보험계약부채,부채,2,2023.4Q,189573714.0
KR0069,삼성생명보험,032830,생명보험,20,보험계약부채,부채,2,2024.1Q,191126700.0
KR0069,삼성생명보험,032830,생명보험,20,보험계약부채,부채,2,2024.2Q,196735430.0
KR0069,삼성생명보험,032830,생명보험,20,보험계약부채,부채,2,2024.3Q,202587486.0
KR0069,삼성생명보험,032830,생명보험,20,보험계약부채,부채,2,2024.4Q,203097476.0
KR0069,삼성생명보험,032830,생명보험,20,보험계약부채,부채,2,2025.1Q,208066521.0
KR0069,삼성생명보험,032830,생명보험,20,보험계약부채,부채,2,2025.2Q,207294908.0
KR0069,삼성생명보험,032830,생명보험,20,보험계약부채,부채,2,2025.3Q,207631921.0
KR0069,삼성생명보험,032830,생명보험,20,보험계약부채,부채,2,2025.4Q,200846347.0
KR0069,삼성생명보험,032830,생명보험,20,보험계약부채,부채,2,2026.1Q,192270671.0
KR0069,삼성생명보험,032830,생명보험,20,보험계약부채,부채,2,2026.2Q,192024010.0
KR0069,삼성생명보험,032830,생명보험,21,재보험계약부채,부채,2,2023.3Q,432477.0
KR0069,삼성생명보험,032830,생명보험,21,재보험계약부채,부채,2,2023.4Q,520742.0
KR0069,삼성생명보험,032830,생명보험,21,재보험계약부채,부채,2,2024.1Q,558489.0
KR0069,삼성생명보험,032830,생명보험,21,재보험계약부채,부채,2,2024.2Q,588214.0
KR0069,삼성생명보험,032830,생명보험,21,재보험계약부채,부채,2,2024.3Q,615726.0
KR0069,삼성생명보험,032830,생명보험,21,재보험계약부채,부채,2,2024.4Q,592012.0
KR0069,삼성생명보험,032830,생명보험,21,재보험계약부채,부채,2,2025.1Q,716359.0
KR0069,삼성생명보험,032830,생명보험,21,재보험계약부채,부채,2,2025.2Q,684394.0
KR0069,삼성생명보험,032830,생명보험,21,재보험계약부채,부채,2,2025.3Q,648817.0
KR0069,삼성생명보험,032830,생명보험,21,재보험계약부채,부채,2,2025.4Q,573463.0
KR0069,삼성생명보험,032830,생명보험,21,재보험계약부채,부채,2,2026.1Q,532484.0
KR0069,삼성생명보험,032830,생명보험,21,재보험계약부채,부채,2,2026.2Q,485586.0
KR0069,삼성생명보험,032830,생명보험,22,투자계약부채,부채,2,2023.3Q,28126393.0
KR0069,삼성생명보험,032830,생명보험,22,투자계약부채,부채,2,2023.4Q,29552876.0
KR0069,삼성생명보험,032830,생명보험,22,투자계약부채,부채,2,2024.1Q,29111659.0
KR0069,삼성생명보험,032830,생명보험,22,투자계약부채,부채,2,2024.2Q,29162703.0
KR0069,삼성생명보험,032830,생명보험,22,투자계약부채,부채,2,2024.3Q,28845658.0
KR0069,삼성생명보험,032830,생명보험,22,투자계약부채,부채,2,2024.4Q,30298453.0
KR0069,삼성생명보험,032830,생명보험,22,투자계약부채,부채,2,2025.1Q,29899659.0
KR0069,삼성생명보험,032830,생명보험,22,투자계약부채,부채,2,2025.2Q,29922780.0
KR0069,삼성생명보험,032830,생명보험,22,투자계약부채,부채,2,2025.3Q,29732877.0
KR0069,삼성생명보험,032830,생명보험,22,투자계약부채,부채,2,2025.4Q,29374284.0
KR0069,삼성생명보험,032830,생명보험,22,투자계약부채,부채,2,2026.1Q,28447274.0
KR0069,삼성생명보험,032830,생명보험,22,투자계약부채,부채,2,2026.2Q,27964757.0
KR0069,삼성생명보험,032830,생명보험,23,차입부채,부채,2,2023.4Q,180000.0
KR0069,삼성생명보험,032830,생명보험,23,차입부채,부채,2,2024.1Q,19203622.0
KR0069,삼성생명보험,032830,생명보험,23,차입부채,부채,2,2024.2Q,19140048.0
KR0069,삼성생명보험,032830,생명보험,23,차입부채,부채,2,2024.3Q,19099119.0
KR0069,삼성생명보험,032830,생명보험,23,차입부채,부채,2,2024.4Q,19958867.0
KR0069,삼성생명보험,032830,생명보험,23,차입부채,부채,2,2025.1Q,60000.0
KR0069,삼성생명보험,032830,생명보험,23,차입부채,부채,2,2025.2Q,220000.0
KR0069,삼성생명보험,032830,생명보험,23,차입부채,부채,2,2025.3Q,400000.0
KR0069,삼성생명보험,032830,생명보험,23,차입부채,부채,2,2025.4Q,750000.0
KR0069,삼성생명보험,032830,생명보험,23,차입부채,부채,2,2026.1Q,1160000.0
KR0069,삼성생명보험,032830,생명보험,23,차입부채,부채,2,2026.2Q,1750000.0
KR0069,삼성생명보험,032830,생명보험,24,기타부채,부채,2,2023.3Q,283516.0
KR0069,삼성생명보험,032830,생명보험,24,기타부채,부채,2,2023.4Q,191909.0
KR0069,삼성생명보험,032830,생명보험,24,기타부채,부채,2,2024.1Q,913081.0
KR0069,삼성생명보험,032830,생명보험,24,기타부채,부채,2,2024.2Q,868585.0
KR0069,삼성생명보험,032830,생명보험,24,기타부채,부채,2,2024.3Q,912364.0
KR0069,삼성생명보험,032830,생명보험,24,기타부채,부채,2,2024.4Q,943688.0
KR0069,삼성생명보험,032830,생명보험,24,기타부채,부채,2,2025.1Q,220522.0
KR0069,삼성생명보험,032830,생명보험,24,기타부채,부채,2,2025.2Q,265525.0
KR0069,삼성생명보험,032830,생명보험,24,기타부채,부채,2,2025.3Q,225744.0
KR0069,삼성생명보험,032830,생명보험,24,기타부채,부채,2,2025.4Q,264667.0
KR0069,삼성생명보험,032830,생명보험,24,기타부채,부채,2,2026.1Q,280044.0
KR0069,삼성생명보험,032830,생명보험,24,기타부채,부채,2,2026.2Q,270045.0
KR0069,삼성생명보험,032830,생명보험,30,자본금,자본,2,2023.3Q,100000.0
KR0069,삼성생명보험,032830,생명보험,30,자본금,자본,2,2023.4Q,100000.0
KR0069,삼성생명보험,032830,생명보험,30,자본금,자본,2,2024.1Q,100000.0
KR0069,삼성생명보험,032830,생명보험,30,자본금,자본,2,2024.2Q,100000.0
KR0069,삼성생명보험,032830,생명보험,30,자본금,자본,2,2024.3Q,100000.0
KR0069,삼성생명보험,032830,생명보험,30,자본금,자본,2,2024.4Q,100000.0
KR0069,삼성생명보험,032830,생명보험,30,자본금,자본,2,2025.1Q,100000.0
KR0069,삼성생명보험,032830,생명보험,30,자본금,자본,2,2025.2Q,100000.0
KR0069,삼성생명보험,032830,생명보험,30,자본금,자본,2,2025.3Q,100000.0
KR0069,삼성생명보험,032830,생명보험,30,자본금,자본,2,2025.4Q,100000.0
KR0069,삼성생명보험,032830,생명보험,30,자본금,자본,2,2026.1Q,100000.0
KR0069,삼성생명보험,032830,생명보험,30,자본금,자본,2,2026.2Q,100000.0
KR0069,삼성생명보험,032830,생명보험,31,이익잉여금,자본,2,2023.3Q,12921115.0
KR0069,삼성생명보험,032830,생명보험,31,이익잉여금,자본,2,2023.4Q,13177954.0
KR0069,삼성생명보험,032830,생명보험,31,이익잉여금,자본,2,2024.1Q,17935211.0
KR0069,삼성생명보험,032830,생명보험,31,이익잉여금,자본,2,2024.2Q,18681654.0
KR0069,삼성생명보험,032830,생명보험,31,이익잉여금,자본,2,2024.3Q,19355261.0
KR0069,삼성생명보험,032830,생명보험,31,이익잉여금,자본,2,2024.4Q,19419956.0
KR0069,삼성생명보험,032830,생명보험,31,이익잉여금,자본,2,2025.1Q,14125017.0
KR0069,삼성생명보험,032830,생명보험,31,이익잉여금,자본,2,2025.2Q,14562360.0
KR0069,삼성생명보험,032830,생명보험,31,이익잉여금,자본,2,2025.3Q,14973076.0
KR0069,삼성생명보험,032830,생명보험,31,이익잉여금,자본,2,2025.4Q,15062944.0
KR0069,삼성생명보험,032830,생명보험,31,이익잉여금,자본,2,2026.1Q,16133982.0
KR0069,삼성생명보험,032830,생명보험,31,이익잉여금,자본,2,2026.2Q,16310048.0
KR0070,에이비엘생명보험,X,생명보험,1,자산총계,자산,1,2023.1Q,16986992.0
KR0070,에이비엘생명보험,X,생명보험,1,자산총계,자산,1,2023.2Q,17002458.0
KR0070,에이비엘생명보험,X,생명보험,1,자산총계,자산,1,2023.3Q,16497050.0
KR0070,에이비엘생명보험,X,생명보험,1,자산총계,자산,1,2023.4Q,17354967.726179
KR0070,에이비엘생명보험,X,생명보험,1,자산총계,자산,1,2024.1Q,17470715.229845
KR0070,에이비엘생명보험,X,생명보험,1,자산총계,자산,1,2024.2Q,17706906.588114
KR0070,에이비엘생명보험,X,생명보험,1,자산총계,자산,1,2024.3Q,18412639.757454
KR0070,에이비엘생명보험,X,생명보험,1,자산총계,자산,1,2024.4Q,18665112.376272
KR0070,에이비엘생명보험,X,생명보험,1,자산총계,자산,1,2025.1Q,19571480.87943
KR0070,에이비엘생명보험,X,생명보험,1,자산총계,자산,1,2025.2Q,19492636.932365
KR0070,에이비엘생명보험,X,생명보험,1,자산총계,자산,1,2025.3Q,19743556.271204
KR0070,에이비엘생명보험,X,생명보험,1,자산총계,자산,1,2025.4Q,19296790.992783
KR0070,에이비엘생명보험,X,생명보험,1,자산총계,자산,1,2026.1Q,19205280.871541
KR0070,에이비엘생명보험,X,생명보험,1,자산총계,자산,1,2026.2Q,19177896.597774
KR0070,에이비엘생명보험,X,생명보험,2,부채총계,부채,1,2023.1Q,16096704.0
KR0070,에이비엘생명보험,X,생명보험,2,부채총계,부채,1,2023.2Q,16081336.0
KR0070,에이비엘생명보험,X,생명보험,2,부채총계,부채,1,2023.3Q,15520377.0
KR0070,에이비엘생명보험,X,생명보험,2,부채총계,부채,1,2023.4Q,16247407.546455
KR0070,에이비엘생명보험,X,생명보험,2,부채총계,부채,1,2024.1Q,16572388.389214
KR0070,에이비엘생명보험,X,생명보험,2,부채총계,부채,1,2024.2Q,16956457.066793
KR0070,에이비엘생명보험,X,생명보험,2,부채총계,부채,1,2024.3Q,17727472.644627
KR0070,에이비엘생명보험,X,생명보험,2,부채총계,부채,1,2024.4Q,17960129.651848
KR0070,에이비엘생명보험,X,생명보험,2,부채총계,부채,1,2025.1Q,18968849.207006
KR0070,에이비엘생명보험,X,생명보험,2,부채총계,부채,1,2025.2Q,18909631.790052
KR0070,에이비엘생명보험,X,생명보험,2,부채총계,부채,1,2025.3Q,19102144.938417
KR0070,에이비엘생명보험,X,생명보험,2,부채총계,부채,1,2025.4Q,18664402.619402
KR0070,에이비엘생명보험,X,생명보험,2,부채총계,부채,1,2026.1Q,18326891.200441
KR0070,에이비엘생명보험,X,생명보험,2,부채총계,부채,1,2026.2Q,18241152.966637
KR0070,에이비엘생명보험,X,생명보험,3,자본총계,자본,1,2023.1Q,890288.0
KR0070,에이비엘생명보험,X,생명보험,3,자본총계,자본,1,2023.2Q,921122.0
KR0070,에이비엘생명보험,X,생명보험,3,자본총계,자본,1,2023.3Q,976673.0
KR0070,에이비엘생명보험,X,생명보험,3,자본총계,자본,1,2023.4Q,1107560.179724
KR0070,에이비엘생명보험,X,생명보험,3,자본총계,자본,1,2024.1Q,898326.840631
KR0070,에이비엘생명보험,X,생명보험,3,자본총계,자본,1,2024.2Q,750449.521321
KR0070,에이비엘생명보험,X,생명보험,3,자본총계,자본,1,2024.3Q,685167.112827
KR0070,에이비엘생명보험,X,생명보험,3,자본총계,자본,1,2024.4Q,704982.724424
KR0070,에이비엘생명보험,X,생명보험,3,자본총계,자본,1,2025.1Q,602631.672424
KR0070,에이비엘생명보험,X,생명보험,3,자본총계,자본,1,2025.2Q,583005.142313
KR0070,에이비엘생명보험,X,생명보험,3,자본총계,자본,1,2025.3Q,641411.332787
KR0070,에이비엘생명보험,X,생명보험,3,자본총계,자본,1,2025.4Q,632388.373381
KR0070,에이비엘생명보험,X,생명보험,3,자본총계,자본,1,2026.1Q,878389.6711
KR0070,에이비엘생명보험,X,생명보험,3,자본총계,자본,1,2026.2Q,936743.631137
KR0070,에이비엘생명보험,X,생명보험,4,기타포괄손익 누계액,자본,2,2023.3Q,405211.0
KR0070,에이비엘생명보험,X,생명보험,4,기타포괄손익 누계액,자본,2,2023.4Q,309152.042693
KR0070,에이비엘생명보험,X,생명보험,4,기타포괄손익 누계액,자본,2,2024.1Q,92149.731233
KR0070,에이비엘생명보험,X,생명보험,4,기타포괄손익 누계액,자본,2,2024.2Q,-90434.171096
KR0070,에이비엘생명보험,X,생명보험,4,기타포괄손익 누계액,자본,2,2024.3Q,-180921.811989
KR0070,에이비엘생명보험,X,생명보험,4,기타포괄손익 누계액,자본,2,2024.4Q,-221166.432257
KR0070,에이비엘생명보험,X,생명보험,4,기타포괄손익 누계액,자본,2,2025.1Q,-341115.628893
KR0070,에이비엘생명보험,X,생명보험,4,기타포괄손익 누계액,자본,2,2025.2Q,-375217.527863
KR0070,에이비엘생명보험,X,생명보험,4,기타포괄손익 누계액,자본,2,2025.3Q,-364989.673363
KR0070,에이비엘생명보험,X,생명보험,4,기타포괄손익 누계액,자본,2,2025.4Q,-323738.930382
KR0070,에이비엘생명보험,X,생명보험,4,기타포괄손익 누계액,자본,2,2026.1Q,-107493.442014
KR0070,에이비엘생명보험,X,생명보험,4,기타포괄손익 누계액,자본,2,2026.2Q,-70128.803195
KR0070,에이비엘생명보험,X,생명보험,7,대손준비금 적립액,준비금,2,2023.1Q,6336.0
KR0070,에이비엘생명보험,X,생명보험,7,대손준비금 적립액,준비금,2,2023.2Q,6336.0
KR0070,에이비엘생명보험,X,생명보험,7,대손준비금 적립액,준비금,2,2023.3Q,6336.0
KR0070,에이비엘생명보험,X,생명보험,7,대손준비금 적립액,준비금,2,2023.4Q,6336.633809
KR0070,에이비엘생명보험,X,생명보험,7,대손준비금 적립액,준비금,2,2024.1Q,6336.633809
KR0070,에이비엘생명보험,X,생명보험,7,대손준비금 적립액,준비금,2,2024.2Q,6336.633809
KR0070,에이비엘생명보험,X,생명보험,7,대손준비금 적립액,준비금,2,2024.3Q,6336.633809
KR0070,에이비엘생명보험,X,생명보험,7,대손준비금 적립액,준비금,2,2024.4Q,6336.633809
KR0070,에이비엘생명보험,X,생명보험,7,대손준비금 적립액,준비금,2,2025.1Q,6336.633809
KR0070,에이비엘생명보험,X,생명보험,7,대손준비금 적립액,준비금,2,2025.2Q,6336.633809
KR0070,에이비엘생명보험,X,생명보험,7,대손준비금 적립액,준비금,2,2025.3Q,6336.633809
KR0070,에이비엘생명보험,X,생명보험,7,대손준비금 적립액,준비금,2,2025.4Q,6336.633809
KR0070,에이비엘생명보험,X,생명보험,7,대손준비금 적립액,준비금,2,2026.1Q,6336.633809
KR0070,에이비엘생명보험,X,생명보험,7,대손준비금 적립액,준비금,2,2026.2Q,6336.633809
KR0070,에이비엘생명보험,X,생명보험,10,현금및현금성자산,자산,2,2023.1Q,245924.0
KR0070,에이비엘생명보험,X,생명보험,10,현금및현금성자산,자산,2,2023.2Q,266940.0
KR0070,에이비엘생명보험,X,생명보험,10,현금및현금성자산,자산,2,2023.3Q,320472.0
KR0070,에이비엘생명보험,X,생명보험,10,현금및현금성자산,자산,2,2023.4Q,260031.168791
KR0070,에이비엘생명보험,X,생명보험,10,현금및현금성자산,자산,2,2024.1Q,243547.002818
KR0070,에이비엘생명보험,X,생명보험,10,현금및현금성자산,자산,2,2024.2Q,270077.840772
KR0070,에이비엘생명보험,X,생명보험,10,현금및현금성자산,자산,2,2024.3Q,281278.647938
KR0070,에이비엘생명보험,X,생명보험,10,현금및현금성자산,자산,2,2024.4Q,205596.755764
KR0070,에이비엘생명보험,X,생명보험,10,현금및현금성자산,자산,2,2025.1Q,197345.685785
KR0070,에이비엘생명보험,X,생명보험,10,현금및현금성자산,자산,2,2025.2Q,282891.666041
KR0070,에이비엘생명보험,X,생명보험,10,현금및현금성자산,자산,2,2025.3Q,244211.35008
KR0070,에이비엘생명보험,X,생명보험,10,현금및현금성자산,자산,2,2025.4Q,257300.244506
KR0070,에이비엘생명보험,X,생명보험,10,현금및현금성자산,자산,2,2026.1Q,257107.697646
KR0070,에이비엘생명보험,X,생명보험,10,현금및현금성자산,자산,2,2026.2Q,333512.944073
KR0070,에이비엘생명보험,X,생명보험,11,당기손익-공정가치측정금융자산,자산,2,2023.1Q,4964909.0
KR0070,에이비엘생명보험,X,생명보험,11,당기손익-공정가치측정금융자산,자산,2,2023.2Q,5254094.0
KR0070,에이비엘생명보험,X,생명보험,11,당기손익-공정가치측정금융자산,자산,2,2023.3Q,5217738.0
KR0070,에이비엘생명보험,X,생명보험,11,당기손익-공정가치측정금융자산,자산,2,2023.4Q,5308775.193818
KR0070,에이비엘생명보험,X,생명보험,11,당기손익-공정가치측정금융자산,자산,2,2024.1Q,5399255.212869
KR0070,에이비엘생명보험,X,생명보험,11,당기손익-공정가치측정금융자산,자산,2,2024.2Q,5458574.298289
KR0070,에이비엘생명보험,X,생명보험,11,당기손익-공정가치측정금융자산,자산,2,2024.3Q,5594696.83442
KR0070,에이비엘생명보험,X,생명보험,11,당기손익-공정가치측정금융자산,자산,2,2024.4Q,5453511.514294
KR0070,에이비엘생명보험,X,생명보험,11,당기손익-공정가치측정금융자산,자산,2,2025.1Q,5717804.497074
KR0070,에이비엘생명보험,X,생명보험,11,당기손익-공정가치측정금융자산,자산,2,2025.2Q,5706182.349622
KR0070,에이비엘생명보험,X,생명보험,11,당기손익-공정가치측정금융자산,자산,2,2025.3Q,5855252.592305
KR0070,에이비엘생명보험,X,생명보험,11,당기손익-공정가치측정금융자산,자산,2,2025.4Q,5962545.450572
KR0070,에이비엘생명보험,X,생명보험,11,당기손익-공정가치측정금융자산,자산,2,2026.1Q,6215306.046444
KR0070,에이비엘생명보험,X,생명보험,11,당기손익-공정가치측정금융자산,자산,2,2026.2Q,6700885.657695
KR0070,에이비엘생명보험,X,생명보험,12,기타포괄손익-공정가치측정금융자산,자산,2,2023.1Q,9627180.0
KR0070,에이비엘생명보험,X,생명보험,12,기타포괄손익-공정가치측정금융자산,자산,2,2023.2Q,9361011.0
KR0070,에이비엘생명보험,X,생명보험,12,기타포괄손익-공정가치측정금융자산,자산,2,2023.3Q,9106168.0
KR0070,에이비엘생명보험,X,생명보험,12,기타포괄손익-공정가치측정금융자산,자산,2,2023.4Q,9938038.932316
KR0070,에이비엘생명보험,X,생명보험,12,기타포괄손익-공정가치측정금융자산,자산,2,2024.1Q,9865317.679087
KR0070,에이비엘생명보험,X,생명보험,12,기타포괄손익-공정가치측정금융자산,자산,2,2024.2Q,10035908.611859
KR0070,에이비엘생명보험,X,생명보험,12,기타포괄손익-공정가치측정금융자산,자산,2,2024.3Q,10372085.389442
KR0070,에이비엘생명보험,X,생명보험,12,기타포괄손익-공정가치측정금융자산,자산,2,2024.4Q,10879498.369625
KR0070,에이비엘생명보험,X,생명보험,12,기타포괄손익-공정가치측정금융자산,자산,2,2025.1Q,11424803.917114
KR0070,에이비엘생명보험,X,생명보험,12,기타포괄손익-공정가치측정금융자산,자산,2,2025.2Q,11300915.19831
KR0070,에이비엘생명보험,X,생명보험,12,기타포괄손익-공정가치측정금융자산,자산,2,2025.3Q,11410001.991224
KR0070,에이비엘생명보험,X,생명보험,12,기타포괄손익-공정가치측정금융자산,자산,2,2025.4Q,10755583.552288
KR0070,에이비엘생명보험,X,생명보험,12,기타포괄손익-공정가치측정금융자산,자산,2,2026.1Q,10293425.998488
KR0070,에이비엘생명보험,X,생명보험,12,기타포괄손익-공정가치측정금융자산,자산,2,2026.2Q,9727886.450082
KR0070,에이비엘생명보험,X,생명보험,13,상각후원가측정금융자산,자산,2,2023.1Q,1442987.0
KR0070,에이비엘생명보험,X,생명보험,13,상각후원가측정금융자산,자산,2,2023.2Q,1473363.0
KR0070,에이비엘생명보험,X,생명보험,13,상각후원가측정금융자산,자산,2,2023.3Q,1432881.0
KR0070,에이비엘생명보험,X,생명보험,13,상각후원가측정금융자산,자산,2,2023.4Q,1448409.090867
KR0070,에이비엘생명보험,X,생명보험,13,상각후원가측정금융자산,자산,2,2024.1Q,1486534.392699
KR0070,에이비엘생명보험,X,생명보험,13,상각후원가측정금융자산,자산,2,2024.2Q,1463796.832931
KR0070,에이비엘생명보험,X,생명보험,13,상각후원가측정금융자산,자산,2,2024.3Q,1473556.009987
KR0070,에이비엘생명보험,X,생명보험,13,상각후원가측정금융자산,자산,2,2024.4Q,1561787.775796
KR0070,에이비엘생명보험,X,생명보험,13,상각후원가측정금융자산,자산,2,2025.1Q,1609843.294026
KR0070,에이비엘생명보험,X,생명보험,13,상각후원가측정금융자산,자산,2,2025.2Q,1633780.167928
KR0070,에이비엘생명보험,X,생명보험,13,상각후원가측정금융자산,자산,2,2025.3Q,1635150.272686
KR0070,에이비엘생명보험,X,생명보험,13,상각후원가측정금융자산,자산,2,2025.4Q,1637823.440711
KR0070,에이비엘생명보험,X,생명보험,13,상각후원가측정금융자산,자산,2,2026.1Q,1613603.474752
KR0070,에이비엘생명보험,X,생명보험,13,상각후원가측정금융자산,자산,2,2026.2Q,1642622.607252
KR0070,에이비엘생명보험,X,생명보험,14,재보험계약자산,자산,2,2023.1Q,7803.0
KR0070,에이비엘생명보험,X,생명보험,14,재보험계약자산,자산,2,2023.2Q,7678.0
KR0070,에이비엘생명보험,X,생명보험,14,재보험계약자산,자산,2,2023.3Q,7566.0
KR0070,에이비엘생명보험,X,생명보험,14,재보험계약자산,자산,2,2023.4Q,8051.558591
KR0070,에이비엘생명보험,X,생명보험,14,재보험계약자산,자산,2,2024.1Q,7869.853056
KR0070,에이비엘생명보험,X,생명보험,14,재보험계약자산,자산,2,2024.2Q,7962.21309
KR0070,에이비엘생명보험,X,생명보험,14,재보험계약자산,자산,2,2024.3Q,8152.871721
KR0070,에이비엘생명보험,X,생명보험,14,재보험계약자산,자산,2,2024.4Q,7903.232001
KR0070,에이비엘생명보험,X,생명보험,14,재보험계약자산,자산,2,2025.1Q,7710.368347
KR0070,에이비엘생명보험,X,생명보험,14,재보험계약자산,자산,2,2025.2Q,7704.517166
KR0070,에이비엘생명보험,X,생명보험,14,재보험계약자산,자산,2,2025.3Q,7664.460519
KR0070,에이비엘생명보험,X,생명보험,14,재보험계약자산,자산,2,2025.4Q,67511.559648
KR0070,에이비엘생명보험,X,생명보험,14,재보험계약자산,자산,2,2026.1Q,69508.541298
KR0070,에이비엘생명보험,X,생명보험,14,재보험계약자산,자산,2,2026.2Q,104354.692183
KR0070,에이비엘생명보험,X,생명보험,15,유형자산,자산,2,2023.1Q,101833.0
KR0070,에이비엘생명보험,X,생명보험,15,유형자산,자산,2,2023.2Q,102408.0
KR0070,에이비엘생명보험,X,생명보험,15,유형자산,자산,2,2023.3Q,99108.0
KR0070,에이비엘생명보험,X,생명보험,15,유형자산,자산,2,2023.4Q,97477.269366
KR0070,에이비엘생명보험,X,생명보험,15,유형자산,자산,2,2024.1Q,96277.145989
KR0070,에이비엘생명보험,X,생명보험,15,유형자산,자산,2,2024.2Q,95635.678135
KR0070,에이비엘생명보험,X,생명보험,15,유형자산,자산,2,2024.3Q,94231.794071
KR0070,에이비엘생명보험,X,생명보험,15,유형자산,자산,2,2024.4Q,92711.448986
KR0070,에이비엘생명보험,X,생명보험,15,유형자산,자산,2,2025.1Q,91052.123645
KR0070,에이비엘생명보험,X,생명보험,15,유형자산,자산,2,2025.2Q,89659.135385
KR0070,에이비엘생명보험,X,생명보험,15,유형자산,자산,2,2025.3Q,87912.823553
KR0070,에이비엘생명보험,X,생명보험,15,유형자산,자산,2,2025.4Q,104850.455121
KR0070,에이비엘생명보험,X,생명보험,15,유형자산,자산,2,2026.1Q,316229.19819
KR0070,에이비엘생명보험,X,생명보험,15,유형자산,자산,2,2026.2Q,283202.542048
KR0070,에이비엘생명보험,X,생명보험,20,보험계약부채,부채,2,2023.1Q,15316346.0
KR0070,에이비엘생명보험,X,생명보험,20,보험계약부채,부채,2,2023.2Q,15230152.0
KR0070,에이비엘생명보험,X,생명보험,20,보험계약부채,부채,2,2023.3Q,14971697.0
KR0070,에이비엘생명보험,X,생명보험,20,보험계약부채,부채,2,2023.4Q,15737534.995582
KR0070,에이비엘생명보험,X,생명보험,20,보험계약부채,부채,2,2024.1Q,16126014.662946
KR0070,에이비엘생명보험,X,생명보험,20,보험계약부채,부채,2,2024.2Q,16498266.112117
KR0070,에이비엘생명보험,X,생명보험,20,보험계약부채,부채,2,2024.3Q,17105756.851881
KR0070,에이비엘생명보험,X,생명보험,20,보험계약부채,부채,2,2024.4Q,17214044.405633
KR0070,에이비엘생명보험,X,생명보험,20,보험계약부채,부채,2,2025.1Q,18054685.314632
KR0070,에이비엘생명보험,X,생명보험,20,보험계약부채,부채,2,2025.2Q,17985874.191412
KR0070,에이비엘생명보험,X,생명보험,20,보험계약부채,부채,2,2025.3Q,18224758.131261
KR0070,에이비엘생명보험,X,생명보험,20,보험계약부채,부채,2,2025.4Q,17824010.334582
KR0070,에이비엘생명보험,X,생명보험,20,보험계약부채,부채,2,2026.1Q,17424208.9519
KR0070,에이비엘생명보험,X,생명보험,20,보험계약부채,부채,2,2026.2Q,17306244.531199
KR0070,에이비엘생명보험,X,생명보험,21,재보험계약부채,부채,2,2023.1Q,52892.0
KR0070,에이비엘생명보험,X,생명보험,21,재보험계약부채,부채,2,2023.2Q,46806.0
KR0070,에이비엘생명보험,X,생명보험,21,재보험계약부채,부채,2,2023.3Q,37896.0
KR0070,에이비엘생명보험,X,생명보험,21,재보험계약부채,부채,2,2023.4Q,60444.72062
KR0070,에이비엘생명보험,X,생명보험,21,재보험계약부채,부채,2,2024.1Q,66322.810882
KR0070,에이비엘생명보험,X,생명보험,21,재보험계약부채,부채,2,2024.2Q,75643.588524
KR0070,에이비엘생명보험,X,생명보험,21,재보험계약부채,부채,2,2024.3Q,84479.158207
KR0070,에이비엘생명보험,X,생명보험,21,재보험계약부채,부채,2,2024.4Q,82380.858584
KR0070,에이비엘생명보험,X,생명보험,21,재보험계약부채,부채,2,2025.1Q,108126.255322
KR0070,에이비엘생명보험,X,생명보험,21,재보험계약부채,부채,2,2025.2Q,101680.745103
KR0070,에이비엘생명보험,X,생명보험,21,재보험계약부채,부채,2,2025.3Q,99301.684125
KR0070,에이비엘생명보험,X,생명보험,21,재보험계약부채,부채,2,2025.4Q,32087.485408
KR0070,에이비엘생명보험,X,생명보험,21,재보험계약부채,부채,2,2026.1Q,30206.445779
KR0070,에이비엘생명보험,X,생명보험,21,재보험계약부채,부채,2,2026.2Q,23685.642059
KR0070,에이비엘생명보험,X,생명보험,22,투자계약부채,부채,2,2023.1Q,884.0
KR0070,에이비엘생명보험,X,생명보험,22,투자계약부채,부채,2,2023.2Q,889.0
KR0070,에이비엘생명보험,X,생명보험,22,투자계약부채,부채,2,2023.3Q,894.0
KR0070,에이비엘생명보험,X,생명보험,22,투자계약부채,부채,2,2023.4Q,899.446381
KR0070,에이비엘생명보험,X,생명보험,22,투자계약부채,부채,2,2024.1Q,904.567384
KR0070,에이비엘생명보험,X,생명보험,22,투자계약부채,부채,2,2024.2Q,909.615188
KR0070,에이비엘생명보험,X,생명보험,22,투자계약부채,부채,2,2024.3Q,914.69896
KR0070,에이비엘생명보험,X,생명보험,22,투자계약부채,부채,2,2024.4Q,920.110157
KR0070,에이비엘생명보험,X,생명보험,22,투자계약부채,부채,2,2025.1Q,925.174701
KR0070,에이비엘생명보험,X,생명보험,22,투자계약부채,부채,2,2025.2Q,930.222508
KR0070,에이비엘생명보험,X,생명보험,22,투자계약부채,부채,2,2025.3Q,935.306277
KR0070,에이비엘생명보험,X,생명보험,22,투자계약부채,부채,2,2025.4Q,30.207809
KR0070,에이비엘생명보험,X,생명보험,22,투자계약부채,부채,2,2026.1Q,30.366484
KR0070,에이비엘생명보험,X,생명보험,22,투자계약부채,부채,2,2026.2Q,30.527
KR0070,에이비엘생명보험,X,생명보험,23,차입부채,부채,2,2023.3Q,291717.0
KR0070,에이비엘생명보험,X,생명보험,23,차입부채,부채,2,2023.4Q,291781.331464
KR0070,에이비엘생명보험,X,생명보험,23,차입부채,부채,2,2024.1Q,191846.53347
KR0070,에이비엘생명보험,X,생명보험,23,차입부채,부채,2,2024.2Q,191915.237879
KR0070,에이비엘생명보험,X,생명보험,23,차입부채,부채,2,2024.3Q,391774.071258
KR0070,에이비엘생명보험,X,생명보험,23,차입부채,부채,2,2024.4Q,489682.573839
KR0070,에이비엘생명보험,X,생명보험,23,차입부채,부채,2,2025.1Q,638935.881305
KR0070,에이비엘생명보험,X,생명보험,23,차입부채,부채,2,2025.2Q,639168.288453
KR0070,에이비엘생명보험,X,생명보험,23,차입부채,부채,2,2025.3Q,639391.412275
KR0070,에이비엘생명보험,X,생명보험,23,차입부채,부채,2,2025.4Q,639618.021706
KR0070,에이비엘생명보험,X,생명보험,23,차입부채,부채,2,2026.1Q,639848.171483
KR0070,에이비엘생명보험,X,생명보험,23,차입부채,부채,2,2026.2Q,640085.496097
KR0070,에이비엘생명보험,X,생명보험,24,기타부채,부채,2,2023.1Q,9739.0
KR0070,에이비엘생명보험,X,생명보험,24,기타부채,부채,2,2023.2Q,46146.0
KR0070,에이비엘생명보험,X,생명보험,24,기타부채,부채,2,2023.3Q,4370.0
KR0070,에이비엘생명보험,X,생명보험,24,기타부채,부채,2,2023.4Q,3792.510105
KR0070,에이비엘생명보험,X,생명보험,24,기타부채,부채,2,2024.1Q,6018.548658
KR0070,에이비엘생명보험,X,생명보험,24,기타부채,부채,2,2024.2Q,8353.203804
KR0070,에이비엘생명보험,X,생명보험,24,기타부채,부채,2,2024.3Q,9461.270055
KR0070,에이비엘생명보험,X,생명보험,24,기타부채,부채,2,2024.4Q,4057.093893
KR0070,에이비엘생명보험,X,생명보험,24,기타부채,부채,2,2025.1Q,6262.443649
KR0070,에이비엘생명보험,X,생명보험,24,기타부채,부채,2,2025.2Q,4000.651818
KR0070,에이비엘생명보험,X,생명보험,24,기타부채,부채,2,2025.3Q,6208.191848
KR0070,에이비엘생명보험,X,생명보험,24,기타부채,부채,2,2025.4Q,4752.990262
KR0070,에이비엘생명보험,X,생명보험,24,기타부채,부채,2,2026.1Q,6714.40847
KR0070,에이비엘생명보험,X,생명보험,24,기타부채,부채,2,2026.2Q,5997.82254
KR0070,에이비엘생명보험,X,생명보험,30,자본금,자본,2,2023.1Q,15534.0
KR0070,에이비엘생명보험,X,생명보험,30,자본금,자본,2,2023.2Q,15534.0
KR0070,에이비엘생명보험,X,생명보험,30,자본금,자본,2,2023.3Q,15534.0
KR0070,에이비엘생명보험,X,생명보험,30,자본금,자본,2,2023.4Q,15533.68
KR0070,에이비엘생명보험,X,생명보험,30,자본금,자본,2,2024.1Q,15533.68
KR0070,에이비엘생명보험,X,생명보험,30,자본금,자본,2,2024.2Q,15533.68
KR0070,에이비엘생명보험,X,생명보험,30,자본금,자본,2,2024.3Q,15533.68
KR0070,에이비엘생명보험,X,생명보험,30,자본금,자본,2,2024.4Q,15533.68
KR0070,에이비엘생명보험,X,생명보험,30,자본금,자본,2,2025.1Q,15533.68
KR0070,에이비엘생명보험,X,생명보험,30,자본금,자본,2,2025.2Q,15533.68
KR0070,에이비엘생명보험,X,생명보험,30,자본금,자본,2,2025.3Q,15533.68
KR0070,에이비엘생명보험,X,생명보험,30,자본금,자본,2,2025.4Q,15533.68
KR0070,에이비엘생명보험,X,생명보험,30,자본금,자본,2,2026.1Q,15533.68
KR0070,에이비엘생명보험,X,생명보험,30,자본금,자본,2,2026.2Q,15533.68
KR0070,에이비엘생명보험,X,생명보험,31,이익잉여금,자본,2,2023.3Q,-445125.0
KR0070,에이비엘생명보험,X,생명보험,31,이익잉여금,자본,2,2023.4Q,-218178.129431
KR0070,에이비엘생명보험,X,생명보험,31,이익잉여금,자본,2,2024.1Q,-210409.157064
KR0070,에이비엘생명보험,X,생명보험,31,이익잉여금,자본,2,2024.2Q,-175702.574045
KR0070,에이비엘생명보험,X,생명보험,31,이익잉여금,자본,2,2024.3Q,-150497.341646
KR0070,에이비엘생명보험,X,생명보험,31,이익잉여금,자본,2,2024.4Q,-90437.109781
KR0070,에이비엘생명보험,X,생명보험,31,이익잉여금,자본,2,2025.1Q,-72838.965145
KR0070,에이비엘생명보험,X,생명보험,31,이익잉여금,자본,2,2025.2Q,-58363.596286
KR0070,에이비엘생명보험,X,생명보험,31,이익잉여금,자본,2,2025.3Q,-10185.260312
KR0070,에이비엘생명보험,X,생명보험,31,이익잉여금,자본,2,2025.4Q,-60458.962699
KR0070,에이비엘생명보험,X,생명보험,31,이익잉여금,자본,2,2026.1Q,-30703.153348
KR0070,에이비엘생명보험,X,생명보험,31,이익잉여금,자본,2,2026.2Q,-9713.83213
KR0071,흥국생명보험,X,생명보험,1,자산총계,자산,1,2023.1Q,26099542.525837
KR0071,흥국생명보험,X,생명보험,1,자산총계,자산,1,2023.2Q,24818428.215665
KR0071,흥국생명보험,X,생명보험,1,자산총계,자산,1,2023.3Q,24215414.023493
KR0071,흥국생명보험,X,생명보험,1,자산총계,자산,1,2023.4Q,24265683.578763
KR0071,흥국생명보험,X,생명보험,1,자산총계,자산,1,2024.1Q,23467188.838806
KR0071,흥국생명보험,X,생명보험,1,자산총계,자산,1,2024.2Q,23555687.521707
KR0071,흥국생명보험,X,생명보험,1,자산총계,자산,1,2024.3Q,23452502.659821
KR0071,흥국생명보험,X,생명보험,1,자산총계,자산,1,2024.4Q,23003967.054099
KR0071,흥국생명보험,X,생명보험,1,자산총계,자산,1,2025.1Q,23878595.820402
KR0071,흥국생명보험,X,생명보험,1,자산총계,자산,1,2025.2Q,23447057.875857
KR0071,흥국생명보험,X,생명보험,1,자산총계,자산,1,2025.3Q,23264363.522591
KR0071,흥국생명보험,X,생명보험,1,자산총계,자산,1,2025.4Q,23840301.567406
KR0071,흥국생명보험,X,생명보험,1,자산총계,자산,1,2026.1Q,23291157.914875
KR0071,흥국생명보험,X,생명보험,1,자산총계,자산,1,2026.2Q,23560402.868649
KR0071,흥국생명보험,X,생명보험,2,부채총계,부채,1,2023.1Q,24691798.875271
KR0071,흥국생명보험,X,생명보험,2,부채총계,부채,1,2023.2Q,23253288.073955
KR0071,흥국생명보험,X,생명보험,2,부채총계,부채,1,2023.3Q,22442602.732092
KR0071,흥국생명보험,X,생명보험,2,부채총계,부채,1,2023.4Q,22772010.110301
KR0071,흥국생명보험,X,생명보험,2,부채총계,부채,1,2024.1Q,22164935.008517
KR0071,흥국생명보험,X,생명보험,2,부채총계,부채,1,2024.2Q,22460966.093016
KR0071,흥국생명보험,X,생명보험,2,부채총계,부채,1,2024.3Q,22445565.588318
KR0071,흥국생명보험,X,생명보험,2,부채총계,부채,1,2024.4Q,22079014.895806
KR0071,흥국생명보험,X,생명보험,2,부채총계,부채,1,2025.1Q,23212144.986422
KR0071,흥국생명보험,X,생명보험,2,부채총계,부채,1,2025.2Q,22628439.421394
KR0071,흥국생명보험,X,생명보험,2,부채총계,부채,1,2025.3Q,22416650.482504
KR0071,흥국생명보험,X,생명보험,2,부채총계,부채,1,2025.4Q,22656576.53876
KR0071,흥국생명보험,X,생명보험,2,부채총계,부채,1,2026.1Q,21947434.263084
KR0071,흥국생명보험,X,생명보험,2,부채총계,부채,1,2026.2Q,21879746.108544
KR0071,흥국생명보험,X,생명보험,3,자본총계,자본,1,2023.1Q,1407743.650566
KR0071,흥국생명보험,X,생명보험,3,자본총계,자본,1,2023.2Q,1565140.14171
KR0071,흥국생명보험,X,생명보험,3,자본총계,자본,1,2023.3Q,1772811.291401
KR0071,흥국생명보험,X,생명보험,3,자본총계,자본,1,2023.4Q,1493673.468462
KR0071,흥국생명보험,X,생명보험,3,자본총계,자본,1,2024.1Q,1302253.830289
KR0071,흥국생명보험,X,생명보험,3,자본총계,자본,1,2024.2Q,1094721.428691
KR0071,흥국생명보험,X,생명보험,3,자본총계,자본,1,2024.3Q,1006937.071503
KR0071,흥국생명보험,X,생명보험,3,자본총계,자본,1,2024.4Q,924952.158293
KR0071,흥국생명보험,X,생명보험,3,자본총계,자본,1,2025.1Q,666450.83398
KR0071,흥국생명보험,X,생명보험,3,자본총계,자본,1,2025.2Q,818618.454463
KR0071,흥국생명보험,X,생명보험,3,자본총계,자본,1,2025.3Q,847713.040087
KR0071,흥국생명보험,X,생명보험,3,자본총계,자본,1,2025.4Q,1183725.028646
KR0071,흥국생명보험,X,생명보험,3,자본총계,자본,1,2026.1Q,1343723.651791
KR0071,흥국생명보험,X,생명보험,3,자본총계,자본,1,2026.2Q,1680656.760105
KR0071,흥국생명보험,X,생명보험,4,기타포괄손익 누계액,자본,2,2023.3Q,592606.388922
KR0071,흥국생명보험,X,생명보험,4,기타포괄손익 누계액,자본,2,2023.4Q,269523.813055
KR0071,흥국생명보험,X,생명보험,4,기타포괄손익 누계액,자본,2,2024.1Q,66222.762575
KR0071,흥국생명보험,X,생명보험,4,기타포괄손익 누계액,자본,2,2024.2Q,-185861.410679
KR0071,흥국생명보험,X,생명보험,4,기타포괄손익 누계액,자본,2,2024.3Q,-326542.410572
KR0071,흥국생명보험,X,생명보험,4,기타포괄손익 누계액,자본,2,2024.4Q,-421112.448184
KR0071,흥국생명보험,X,생명보험,4,기타포괄손익 누계액,자본,2,2025.1Q,-715510.985621
KR0071,흥국생명보험,X,생명보험,4,기타포괄손익 누계액,자본,2,2025.2Q,-614351.545837
KR0071,흥국생명보험,X,생명보험,4,기타포괄손익 누계액,자본,2,2025.3Q,-629740.646058
KR0071,흥국생명보험,X,생명보험,4,기타포괄손익 누계액,자본,2,2025.4Q,-554662.406348
KR0071,흥국생명보험,X,생명보험,4,기타포괄손익 누계액,자본,2,2026.1Q,-428635.328549
KR0071,흥국생명보험,X,생명보험,4,기타포괄손익 누계액,자본,2,2026.2Q,-168792.105506
KR0071,흥국생명보험,X,생명보험,5,해약환급금준비금 적립액,준비금,2,2023.4Q,0.0
KR0071,흥국생명보험,X,생명보험,5,해약환급금준비금 적립액,준비금,2,2024.1Q,0.0
KR0071,흥국생명보험,X,생명보험,5,해약환급금준비금 적립액,준비금,2,2024.2Q,0.0
KR0071,흥국생명보험,X,생명보험,5,해약환급금준비금 적립액,준비금,2,2024.3Q,0.0
KR0071,흥국생명보험,X,생명보험,5,해약환급금준비금 적립액,준비금,2,2024.4Q,6257.0
KR0071,흥국생명보험,X,생명보험,5,해약환급금준비금 적립액,준비금,2,2025.1Q,54189.0
KR0071,흥국생명보험,X,생명보험,5,해약환급금준비금 적립액,준비금,2,2025.2Q,130188.0
KR0071,흥국생명보험,X,생명보험,5,해약환급금준비금 적립액,준비금,2,2025.3Q,229152.0
KR0071,흥국생명보험,X,생명보험,5,해약환급금준비금 적립액,준비금,2,2025.4Q,346638.0
KR0071,흥국생명보험,X,생명보험,5,해약환급금준비금 적립액,준비금,2,2026.1Q,502460.0
KR0071,흥국생명보험,X,생명보험,5,해약환급금준비금 적립액,준비금,2,2026.2Q,673542.0
KR0071,흥국생명보험,X,생명보험,7,대손준비금 적립액,준비금,2,2023.1Q,31753.0
KR0071,흥국생명보험,X,생명보험,7,대손준비금 적립액,준비금,2,2023.2Q,5888.0
KR0071,흥국생명보험,X,생명보험,7,대손준비금 적립액,준비금,2,2023.3Q,35121.0
KR0071,흥국생명보험,X,생명보험,7,대손준비금 적립액,준비금,2,2023.4Q,26691.0
KR0071,흥국생명보험,X,생명보험,7,대손준비금 적립액,준비금,2,2024.1Q,16396.0
KR0071,흥국생명보험,X,생명보험,7,대손준비금 적립액,준비금,2,2024.2Q,14162.0
KR0071,흥국생명보험,X,생명보험,7,대손준비금 적립액,준비금,2,2024.3Q,13100.0
KR0071,흥국생명보험,X,생명보험,7,대손준비금 적립액,준비금,2,2024.4Q,10308.0
KR0071,흥국생명보험,X,생명보험,7,대손준비금 적립액,준비금,2,2025.1Q,11239.0
KR0071,흥국생명보험,X,생명보험,7,대손준비금 적립액,준비금,2,2025.2Q,11634.0
KR0071,흥국생명보험,X,생명보험,7,대손준비금 적립액,준비금,2,2025.3Q,12021.0
KR0071,흥국생명보험,X,생명보험,7,대손준비금 적립액,준비금,2,2025.4Q,16851.0
KR0071,흥국생명보험,X,생명보험,7,대손준비금 적립액,준비금,2,2026.1Q,14541.0
KR0071,흥국생명보험,X,생명보험,7,대손준비금 적립액,준비금,2,2026.2Q,14439.0
KR0071,흥국생명보험,X,생명보험,8,보증준비금 적립액,준비금,2,2023.1Q,177329.0
KR0071,흥국생명보험,X,생명보험,8,보증준비금 적립액,준비금,2,2023.2Q,183296.0
KR0071,흥국생명보험,X,생명보험,8,보증준비금 적립액,준비금,2,2023.3Q,184595.0
KR0071,흥국생명보험,X,생명보험,8,보증준비금 적립액,준비금,2,2023.4Q,149151.0
KR0071,흥국생명보험,X,생명보험,8,보증준비금 적립액,준비금,2,2024.1Q,69403.0
KR0071,흥국생명보험,X,생명보험,8,보증준비금 적립액,준비금,2,2024.2Q,69394.0
KR0071,흥국생명보험,X,생명보험,8,보증준비금 적립액,준비금,2,2024.3Q,73338.0
KR0071,흥국생명보험,X,생명보험,8,보증준비금 적립액,준비금,2,2024.4Q,60308.0
KR0071,흥국생명보험,X,생명보험,8,보증준비금 적립액,준비금,2,2025.1Q,60303.0
KR0071,흥국생명보험,X,생명보험,8,보증준비금 적립액,준비금,2,2025.2Q,58849.0
KR0071,흥국생명보험,X,생명보험,8,보증준비금 적립액,준비금,2,2025.3Q,57477.0
KR0071,흥국생명보험,X,생명보험,8,보증준비금 적립액,준비금,2,2025.4Q,53281.0
KR0071,흥국생명보험,X,생명보험,8,보증준비금 적립액,준비금,2,2026.1Q,43852.0
KR0071,흥국생명보험,X,생명보험,8,보증준비금 적립액,준비금,2,2026.2Q,38611.0
KR0071,흥국생명보험,X,생명보험,10,현금및현금성자산,자산,2,2023.1Q,202301.305318
KR0071,흥국생명보험,X,생명보험,10,현금및현금성자산,자산,2,2023.2Q,166384.575972
KR0071,흥국생명보험,X,생명보험,10,현금및현금성자산,자산,2,2023.3Q,417121.370671
KR0071,흥국생명보험,X,생명보험,10,현금및현금성자산,자산,2,2023.4Q,808896.172151
KR0071,흥국생명보험,X,생명보험,10,현금및현금성자산,자산,2,2024.1Q,263810.924417
KR0071,흥국생명보험,X,생명보험,10,현금및현금성자산,자산,2,2024.2Q,308045.997171
KR0071,흥국생명보험,X,생명보험,10,현금및현금성자산,자산,2,2024.3Q,251192.222454
KR0071,흥국생명보험,X,생명보험,10,현금및현금성자산,자산,2,2024.4Q,649899.905199
KR0071,흥국생명보험,X,생명보험,10,현금및현금성자산,자산,2,2025.1Q,355242.272669
KR0071,흥국생명보험,X,생명보험,10,현금및현금성자산,자산,2,2025.2Q,518379.78612
KR0071,흥국생명보험,X,생명보험,10,현금및현금성자산,자산,2,2025.3Q,352566.390502
KR0071,흥국생명보험,X,생명보험,10,현금및현금성자산,자산,2,2025.4Q,1041272.903697
KR0071,흥국생명보험,X,생명보험,10,현금및현금성자산,자산,2,2026.1Q,488782.238963
KR0071,흥국생명보험,X,생명보험,10,현금및현금성자산,자산,2,2026.2Q,827620.953299
KR0071,흥국생명보험,X,생명보험,11,당기손익-공정가치측정금융자산,자산,2,2023.1Q,7288183.752002
KR0071,흥국생명보험,X,생명보험,11,당기손익-공정가치측정금융자산,자산,2,2023.2Q,6803679.849906
KR0071,흥국생명보험,X,생명보험,11,당기손익-공정가치측정금융자산,자산,2,2023.3Q,6464797.860768
KR0071,흥국생명보험,X,생명보험,11,당기손익-공정가치측정금융자산,자산,2,2023.4Q,6317267.698208
KR0071,흥국생명보험,X,생명보험,11,당기손익-공정가치측정금융자산,자산,2,2024.1Q,6391759.592256
KR0071,흥국생명보험,X,생명보험,11,당기손익-공정가치측정금융자산,자산,2,2024.2Q,6291832.862289
KR0071,흥국생명보험,X,생명보험,11,당기손익-공정가치측정금융자산,자산,2,2024.3Q,5985953.841971
KR0071,흥국생명보험,X,생명보험,11,당기손익-공정가치측정금융자산,자산,2,2024.4Q,5121534.841029
KR0071,흥국생명보험,X,생명보험,11,당기손익-공정가치측정금융자산,자산,2,2025.1Q,5576896.96903
KR0071,흥국생명보험,X,생명보험,11,당기손익-공정가치측정금융자산,자산,2,2025.2Q,5233073.279653
KR0071,흥국생명보험,X,생명보험,11,당기손익-공정가치측정금융자산,자산,2,2025.3Q,5201717.296533
KR0071,흥국생명보험,X,생명보험,11,당기손익-공정가치측정금융자산,자산,2,2025.4Q,5608451.724509
KR0071,흥국생명보험,X,생명보험,11,당기손익-공정가치측정금융자산,자산,2,2026.1Q,5579840.420236
KR0071,흥국생명보험,X,생명보험,11,당기손익-공정가치측정금융자산,자산,2,2026.2Q,5653653.394043
KR0071,흥국생명보험,X,생명보험,12,기타포괄손익-공정가치측정금융자산,자산,2,2023.1Q,11329164.593693
KR0071,흥국생명보험,X,생명보험,12,기타포괄손익-공정가치측정금융자산,자산,2,2023.2Q,10728859.314853
KR0071,흥국생명보험,X,생명보험,12,기타포괄손익-공정가치측정금융자산,자산,2,2023.3Q,10602599.715959
KR0071,흥국생명보험,X,생명보험,12,기타포괄손익-공정가치측정금융자산,자산,2,2023.4Q,10832350.853945
KR0071,흥국생명보험,X,생명보험,12,기타포괄손익-공정가치측정금융자산,자산,2,2024.1Q,10889755.321296
KR0071,흥국생명보험,X,생명보험,12,기타포괄손익-공정가치측정금융자산,자산,2,2024.2Q,11197074.94198
KR0071,흥국생명보험,X,생명보험,12,기타포괄손익-공정가치측정금융자산,자산,2,2024.3Q,11560331.980294
KR0071,흥국생명보험,X,생명보험,12,기타포괄손익-공정가치측정금융자산,자산,2,2024.4Q,11709049.860377
KR0071,흥국생명보험,X,생명보험,12,기타포괄손익-공정가치측정금융자산,자산,2,2025.1Q,12405596.62709
KR0071,흥국생명보험,X,생명보험,12,기타포괄손익-공정가치측정금융자산,자산,2,2025.2Q,12134982.760921
KR0071,흥국생명보험,X,생명보험,12,기타포괄손익-공정가치측정금융자산,자산,2,2025.3Q,12243419.532329
KR0071,흥국생명보험,X,생명보험,12,기타포괄손익-공정가치측정금융자산,자산,2,2025.4Q,12168648.788586
KR0071,흥국생명보험,X,생명보험,12,기타포괄손익-공정가치측정금융자산,자산,2,2026.1Q,12081383.201867
KR0071,흥국생명보험,X,생명보험,12,기타포괄손익-공정가치측정금융자산,자산,2,2026.2Q,11998729.616224
KR0071,흥국생명보험,X,생명보험,13,상각후원가측정금융자산,자산,2,2023.1Q,58578.358806
KR0071,흥국생명보험,X,생명보험,13,상각후원가측정금융자산,자산,2,2023.2Q,61044.86332
KR0071,흥국생명보험,X,생명보험,13,상각후원가측정금융자산,자산,2,2023.3Q,5497574.338806
KR0071,흥국생명보험,X,생명보험,13,상각후원가측정금융자산,자산,2,2023.4Q,4984185.267924
KR0071,흥국생명보험,X,생명보험,13,상각후원가측정금융자산,자산,2,2024.1Q,4577361.855912
KR0071,흥국생명보험,X,생명보험,13,상각후원가측정금융자산,자산,2,2024.2Q,4341395.149264
KR0071,흥국생명보험,X,생명보험,13,상각후원가측정금융자산,자산,2,2024.3Q,4147631.047032
KR0071,흥국생명보험,X,생명보험,13,상각후원가측정금융자산,자산,2,2024.4Q,3865718.204641
KR0071,흥국생명보험,X,생명보험,13,상각후원가측정금융자산,자산,2,2025.1Q,3762391.529428
KR0071,흥국생명보험,X,생명보험,13,상각후원가측정금융자산,자산,2,2025.2Q,3803830.958364
KR0071,흥국생명보험,X,생명보험,13,상각후원가측정금융자산,자산,2,2025.3Q,3752738.775145
KR0071,흥국생명보험,X,생명보험,13,상각후원가측정금융자산,자산,2,2025.4Q,3715775.660069
KR0071,흥국생명보험,X,생명보험,13,상각후원가측정금융자산,자산,2,2026.1Q,3831292.349448
KR0071,흥국생명보험,X,생명보험,13,상각후원가측정금융자산,자산,2,2026.2Q,3898739.926548
KR0071,흥국생명보험,X,생명보험,15,유형자산,자산,2,2023.1Q,325342.629733
KR0071,흥국생명보험,X,생명보험,15,유형자산,자산,2,2023.2Q,331975.410836
KR0071,흥국생명보험,X,생명보험,15,유형자산,자산,2,2023.3Q,286910.330557
KR0071,흥국생명보험,X,생명보험,15,유형자산,자산,2,2023.4Q,292307.344746
KR0071,흥국생명보험,X,생명보험,15,유형자산,자산,2,2024.1Q,270423.329568
KR0071,흥국생명보험,X,생명보험,15,유형자산,자산,2,2024.2Q,265968.017888
KR0071,흥국생명보험,X,생명보험,15,유형자산,자산,2,2024.3Q,268307.937203
KR0071,흥국생명보험,X,생명보험,15,유형자산,자산,2,2024.4Q,294273.751297
KR0071,흥국생명보험,X,생명보험,15,유형자산,자산,2,2025.1Q,299259.604132
KR0071,흥국생명보험,X,생명보험,15,유형자산,자산,2,2025.2Q,296524.943303
KR0071,흥국생명보험,X,생명보험,15,유형자산,자산,2,2025.3Q,291344.277378
KR0071,흥국생명보험,X,생명보험,15,유형자산,자산,2,2025.4Q,171201.042223
KR0071,흥국생명보험,X,생명보험,15,유형자산,자산,2,2026.1Q,167981.811476
KR0071,흥국생명보험,X,생명보험,15,유형자산,자산,2,2026.2Q,167740.754148
KR0071,흥국생명보험,X,생명보험,20,보험계약부채,부채,2,2023.1Q,19464137.541871
KR0071,흥국생명보험,X,생명보험,20,보험계약부채,부채,2,2023.2Q,18774640.522145
KR0071,흥국생명보험,X,생명보험,20,보험계약부채,부채,2,2023.3Q,18003476.223468
KR0071,흥국생명보험,X,생명보험,20,보험계약부채,부채,2,2023.4Q,19130448.246264
KR0071,흥국생명보험,X,생명보험,20,보험계약부채,부채,2,2024.1Q,18781979.753004
KR0071,흥국생명보험,X,생명보험,20,보험계약부채,부채,2,2024.2Q,18928762.828074
KR0071,흥국생명보험,X,생명보험,20,보험계약부채,부채,2,2024.3Q,19061421.238241
KR0071,흥국생명보험,X,생명보험,20,보험계약부채,부채,2,2024.4Q,18747641.870817
KR0071,흥국생명보험,X,생명보험,20,보험계약부채,부채,2,2025.1Q,19050102.435515
KR0071,흥국생명보험,X,생명보험,20,보험계약부채,부채,2,2025.2Q,18523329.83379
KR0071,흥국생명보험,X,생명보험,20,보험계약부채,부채,2,2025.3Q,18213983.406881
KR0071,흥국생명보험,X,생명보험,20,보험계약부채,부채,2,2025.4Q,17219988.094984
KR0071,흥국생명보험,X,생명보험,20,보험계약부채,부채,2,2026.1Q,16194905.280843
KR0071,흥국생명보험,X,생명보험,20,보험계약부채,부채,2,2026.2Q,15713618.845479
KR0071,흥국생명보험,X,생명보험,21,재보험계약부채,부채,2,2023.1Q,93010.188163
KR0071,흥국생명보험,X,생명보험,21,재보험계약부채,부채,2,2023.2Q,90972.715862
KR0071,흥국생명보험,X,생명보험,21,재보험계약부채,부채,2,2023.3Q,68054.43227
KR0071,흥국생명보험,X,생명보험,21,재보험계약부채,부채,2,2023.4Q,85267.170403
KR0071,흥국생명보험,X,생명보험,21,재보험계약부채,부채,2,2024.1Q,81580.491253
KR0071,흥국생명보험,X,생명보험,21,재보험계약부채,부채,2,2024.2Q,89781.859984
KR0071,흥국생명보험,X,생명보험,21,재보험계약부채,부채,2,2024.3Q,110199.319134
KR0071,흥국생명보험,X,생명보험,21,재보험계약부채,부채,2,2024.4Q,110695.448605
KR0071,흥국생명보험,X,생명보험,21,재보험계약부채,부채,2,2025.1Q,134108.309847
KR0071,흥국생명보험,X,생명보험,21,재보험계약부채,부채,2,2025.2Q,101305.58777
KR0071,흥국생명보험,X,생명보험,21,재보험계약부채,부채,2,2025.3Q,96504.417728
KR0071,흥국생명보험,X,생명보험,21,재보험계약부채,부채,2,2025.4Q,83597.675409
KR0071,흥국생명보험,X,생명보험,21,재보험계약부채,부채,2,2026.1Q,93181.259223
KR0071,흥국생명보험,X,생명보험,21,재보험계약부채,부채,2,2026.2Q,99064.776359
KR0071,흥국생명보험,X,생명보험,22,투자계약부채,부채,2,2023.1Q,3608095.028135
KR0071,흥국생명보험,X,생명보험,22,투자계약부채,부채,2,2023.2Q,3342628.649964
KR0071,흥국생명보험,X,생명보험,22,투자계약부채,부채,2,2023.3Q,3430723.912904
KR0071,흥국생명보험,X,생명보험,22,투자계약부채,부채,2,2023.4Q,2836175.02188
KR0071,흥국생명보험,X,생명보험,22,투자계약부채,부채,2,2024.1Q,2674663.987363
KR0071,흥국생명보험,X,생명보험,22,투자계약부채,부채,2,2024.2Q,2770724.180214
KR0071,흥국생명보험,X,생명보험,22,투자계약부채,부채,2,2024.3Q,2732487.367945
KR0071,흥국생명보험,X,생명보험,22,투자계약부채,부채,2,2024.4Q,2440605.864605
KR0071,흥국생명보험,X,생명보험,22,투자계약부채,부채,2,2025.1Q,3023871.678433
KR0071,흥국생명보험,X,생명보험,22,투자계약부채,부채,2,2025.2Q,3162218.084549
KR0071,흥국생명보험,X,생명보험,22,투자계약부채,부채,2,2025.3Q,3216374.91847
KR0071,흥국생명보험,X,생명보험,22,투자계약부채,부채,2,2025.4Q,4030787.402584
KR0071,흥국생명보험,X,생명보험,22,투자계약부채,부채,2,2026.1Q,4136518.14683
KR0071,흥국생명보험,X,생명보험,22,투자계약부채,부채,2,2026.2Q,4381470.113223
KR0071,흥국생명보험,X,생명보험,23,차입부채,부채,2,2023.1Q,978947.182216
KR0071,흥국생명보험,X,생명보험,23,차입부채,부채,2,2023.2Q,478984.953242
KR0071,흥국생명보험,X,생명보험,23,차입부채,부채,2,2023.3Q,479036.760192
KR0071,흥국생명보험,X,생명보험,23,차입부채,부채,2,2023.4Q,469097.476131
KR0071,흥국생명보험,X,생명보험,23,차입부채,부채,2,2024.1Q,319127.758409
KR0071,흥국생명보험,X,생명보험,23,차입부채,부채,2,2024.2Q,319150.803036
KR0071,흥국생명보험,X,생명보험,23,차입부채,부채,2,2024.3Q,319183.19337
KR0071,흥국생명보험,X,생명보험,23,차입부채,부채,2,2024.4Q,319215.716506
KR0071,흥국생명보험,X,생명보험,23,차입부채,부채,2,2025.1Q,518621.984085
KR0071,흥국생명보험,X,생명보험,23,차입부채,부채,2,2025.2Q,518656.062616
KR0071,흥국생명보험,X,생명보험,23,차입부채,부채,2,2025.3Q,518704.242976
KR0071,흥국생명보험,X,생명보험,23,차입부채,부채,2,2025.4Q,608366.10951
KR0071,흥국생명보험,X,생명보험,23,차입부채,부채,2,2026.1Q,608414.070854
KR0071,흥국생명보험,X,생명보험,23,차입부채,부채,2,2026.2Q,608462.577845
KR0071,흥국생명보험,X,생명보험,24,기타부채,부채,2,2023.1Q,58060.335574
KR0071,흥국생명보험,X,생명보험,24,기타부채,부채,2,2023.2Q,41480.610904
KR0071,흥국생명보험,X,생명보험,24,기타부채,부채,2,2023.3Q,46326.964948
KR0071,흥국생명보험,X,생명보험,24,기타부채,부채,2,2023.4Q,47523.124776
KR0071,흥국생명보험,X,생명보험,24,기타부채,부채,2,2024.1Q,47860.461661
KR0071,흥국생명보험,X,생명보험,24,기타부채,부채,2,2024.2Q,42802.883952
KR0071,흥국생명보험,X,생명보험,24,기타부채,부채,2,2024.3Q,38843.451155
KR0071,흥국생명보험,X,생명보험,24,기타부채,부채,2,2024.4Q,0.0
KR0071,흥국생명보험,X,생명보험,24,기타부채,부채,2,2025.1Q,50247.038453
KR0071,흥국생명보험,X,생명보험,24,기타부채,부채,2,2025.2Q,45492.863753
KR0071,흥국생명보험,X,생명보험,24,기타부채,부채,2,2025.3Q,51936.588199
KR0071,흥국생명보험,X,생명보험,24,기타부채,부채,2,2025.4Q,75670.761904
KR0071,흥국생명보험,X,생명보험,24,기타부채,부채,2,2026.1Q,63092.277604
KR0071,흥국생명보험,X,생명보험,24,기타부채,부채,2,2026.2Q,48982.922722
KR0071,흥국생명보험,X,생명보험,30,자본금,자본,2,2023.1Q,80119.74
KR0071,흥국생명보험,X,생명보험,30,자본금,자본,2,2023.2Q,80119.74
KR0071,흥국생명보험,X,생명보험,30,자본금,자본,2,2023.3Q,80119.74
KR0071,흥국생명보험,X,생명보험,30,자본금,자본,2,2023.4Q,80119.74
KR0071,흥국생명보험,X,생명보험,30,자본금,자본,2,2024.1Q,80119.74
KR0071,흥국생명보험,X,생명보험,30,자본금,자본,2,2024.2Q,80119.74
KR0071,흥국생명보험,X,생명보험,30,자본금,자본,2,2024.3Q,80119.74
KR0071,흥국생명보험,X,생명보험,30,자본금,자본,2,2024.4Q,80119.74
KR0071,흥국생명보험,X,생명보험,30,자본금,자본,2,2025.1Q,80119.74
KR0071,흥국생명보험,X,생명보험,30,자본금,자본,2,2025.2Q,80119.74
KR0071,흥국생명보험,X,생명보험,30,자본금,자본,2,2025.3Q,80119.74
KR0071,흥국생명보험,X,생명보험,30,자본금,자본,2,2025.4Q,80119.74
KR0071,흥국생명보험,X,생명보험,30,자본금,자본,2,2026.1Q,80119.74
KR0071,흥국생명보험,X,생명보험,30,자본금,자본,2,2026.2Q,80119.74
KR0071,흥국생명보험,X,생명보험,31,이익잉여금,자본,2,2023.1Q,627494.289086
KR0071,흥국생명보험,X,생명보험,31,이익잉여금,자본,2,2023.2Q,614256.050913
KR0071,흥국생명보험,X,생명보험,31,이익잉여금,자본,2,2023.3Q,752208.825834
KR0071,흥국생명보험,X,생명보험,31,이익잉여금,자본,2,2023.4Q,796153.578762
KR0071,흥국생명보험,X,생명보험,31,이익잉여금,자본,2,2024.1Q,808034.991069
KR0071,흥국생명보험,X,생명보험,31,이익잉여금,자본,2,2024.2Q,852586.762725
KR0071,흥국생명보험,X,생명보험,31,이익잉여금,자본,2,2024.3Q,905483.40543
KR0071,흥국생명보험,X,생명보험,31,이익잉여금,자본,2,2024.4Q,918068.529832
KR0071,흥국생명보험,X,생명보험,31,이익잉여금,자본,2,2025.1Q,953965.742956
KR0071,흥국생명보험,X,생명보험,31,이익잉여금,자본,2,2025.2Q,1004973.923655
KR0071,흥국생명보험,X,생명보험,31,이익잉여금,자본,2,2025.3Q,1049457.6095
KR0071,흥국생명보험,X,생명보험,31,이익잉여금,자본,2,2025.4Q,1488391.358349
KR0071,흥국생명보험,X,생명보험,31,이익잉여금,자본,2,2026.1Q,1522362.903695
KR0071,흥국생명보험,X,생명보험,31,이익잉여금,자본,2,2026.2Q,1599452.788966
KR0072,케이디비생명보험,X,생명보험,1,자산총계,자산,1,2023.1Q,17129873.054807
KR0072,케이디비생명보험,X,생명보험,1,자산총계,자산,1,2023.2Q,16932816.4843
KR0072,케이디비생명보험,X,생명보험,1,자산총계,자산,1,2023.3Q,16590886.373541
KR0072,케이디비생명보험,X,생명보험,1,자산총계,자산,1,2023.4Q,17457340.34721
KR0072,케이디비생명보험,X,생명보험,1,자산총계,자산,1,2024.1Q,17300116.08331
KR0072,케이디비생명보험,X,생명보험,1,자산총계,자산,1,2024.2Q,17689552.776286
KR0072,케이디비생명보험,X,생명보험,1,자산총계,자산,1,2024.3Q,17948012.719981
KR0072,케이디비생명보험,X,생명보험,1,자산총계,자산,1,2024.4Q,17764249.825659
KR0072,케이디비생명보험,X,생명보험,1,자산총계,자산,1,2025.1Q,17854053.807525
KR0072,케이디비생명보험,X,생명보험,1,자산총계,자산,1,2025.2Q,17404470.940561
KR0072,케이디비생명보험,X,생명보험,1,자산총계,자산,1,2025.3Q,17305647.806361
KR0072,케이디비생명보험,X,생명보험,1,자산총계,자산,1,2025.4Q,17204539.108016
KR0072,케이디비생명보험,X,생명보험,1,자산총계,자산,1,2026.1Q,16557551.070221
KR0072,케이디비생명보험,X,생명보험,1,자산총계,자산,1,2026.2Q,16143656.459552
KR0072,케이디비생명보험,X,생명보험,2,부채총계,부채,1,2023.1Q,16577240.971141
KR0072,케이디비생명보험,X,생명보험,2,부채총계,부채,1,2023.2Q,16244129.993237
KR0072,케이디비생명보험,X,생명보험,2,부채총계,부채,1,2023.3Q,15788431.792102
KR0072,케이디비생명보험,X,생명보험,2,부채총계,부채,1,2023.4Q,17071709.757624
KR0072,케이디비생명보험,X,생명보험,2,부채총계,부채,1,2024.1Q,17069184.749259
KR0072,케이디비생명보험,X,생명보험,2,부채총계,부채,1,2024.2Q,17535096.271788
KR0072,케이디비생명보험,X,생명보험,2,부채총계,부채,1,2024.3Q,17851455.39208
KR0072,케이디비생명보험,X,생명보험,2,부채총계,부채,1,2024.4Q,17702932.734235
KR0072,케이디비생명보험,X,생명보험,2,부채총계,부채,1,2025.1Q,17988862.953387
KR0072,케이디비생명보험,X,생명보험,2,부채총계,부채,1,2025.2Q,17528624.174574
KR0072,케이디비생명보험,X,생명보험,2,부채총계,부채,1,2025.3Q,17407306.110224
KR0072,케이디비생명보험,X,생명보험,2,부채총계,부채,1,2025.4Q,16795492.38323
KR0072,케이디비생명보험,X,생명보험,2,부채총계,부채,1,2026.1Q,16073559.693832
KR0072,케이디비생명보험,X,생명보험,2,부채총계,부채,1,2026.2Q,15617470.71631
KR0072,케이디비생명보험,X,생명보험,3,자본총계,자본,1,2023.1Q,552632.083666
KR0072,케이디비생명보험,X,생명보험,3,자본총계,자본,1,2023.2Q,688686.491063
KR0072,케이디비생명보험,X,생명보험,3,자본총계,자본,1,2023.3Q,802454.581439
KR0072,케이디비생명보험,X,생명보험,3,자본총계,자본,1,2023.4Q,385630.589586
KR0072,케이디비생명보험,X,생명보험,3,자본총계,자본,1,2024.1Q,230931.334051
KR0072,케이디비생명보험,X,생명보험,3,자본총계,자본,1,2024.2Q,154456.504498
KR0072,케이디비생명보험,X,생명보험,3,자본총계,자본,1,2024.3Q,96557.327901
KR0072,케이디비생명보험,X,생명보험,3,자본총계,자본,1,2024.4Q,61317.091424
KR0072,케이디비생명보험,X,생명보험,3,자본총계,자본,1,2025.1Q,-134809.145862
KR0072,케이디비생명보험,X,생명보험,3,자본총계,자본,1,2025.2Q,-124153.234013
KR0072,케이디비생명보험,X,생명보험,3,자본총계,자본,1,2025.3Q,-101658.303863
KR0072,케이디비생명보험,X,생명보험,3,자본총계,자본,1,2025.4Q,409046.724786
KR0072,케이디비생명보험,X,생명보험,3,자본총계,자본,1,2026.1Q,483991.376389
KR0072,케이디비생명보험,X,생명보험,3,자본총계,자본,1,2026.2Q,526185.743242
KR0072,케이디비생명보험,X,생명보험,4,기타포괄손익 누계액,자본,2,2023.1Q,-286942.994452
KR0072,케이디비생명보험,X,생명보험,4,기타포괄손익 누계액,자본,2,2023.2Q,-116742.694959
KR0072,케이디비생명보험,X,생명보험,4,기타포괄손익 누계액,자본,2,2023.3Q,-21970.263032
KR0072,케이디비생명보험,X,생명보험,4,기타포괄손익 누계액,자본,2,2023.4Q,-512024.239615
KR0072,케이디비생명보험,X,생명보험,4,기타포괄손익 누계액,자본,2,2024.1Q,-669924.496429
KR0072,케이디비생명보험,X,생명보험,4,기타포괄손익 누계액,자본,2,2024.2Q,-1039478.076617
KR0072,케이디비생명보험,X,생명보험,4,기타포괄손익 누계액,자본,2,2024.3Q,-1098094.072627
KR0072,케이디비생명보험,X,생명보험,4,기타포괄손익 누계액,자본,2,2024.4Q,-1160862.309005
KR0072,케이디비생명보험,X,생명보험,4,기타포괄손익 누계액,자본,2,2025.1Q,-1355413.526086
KR0072,케이디비생명보험,X,생명보험,4,기타포괄손익 누계액,자본,2,2025.2Q,-1327438.207385
KR0072,케이디비생명보험,X,생명보험,4,기타포괄손익 누계액,자본,2,2025.3Q,-1281979.836839
KR0072,케이디비생명보험,X,생명보험,4,기타포괄손익 누계액,자본,2,2025.4Q,-1179733.554861
KR0072,케이디비생명보험,X,생명보험,4,기타포괄손익 누계액,자본,2,2026.1Q,-1128338.453686
KR0072,케이디비생명보험,X,생명보험,4,기타포괄손익 누계액,자본,2,2026.2Q,-1066920.867728
KR0072,케이디비생명보험,X,생명보험,5,해약환급금준비금 적립액,준비금,2,2025.1Q,1338.0
KR0072,케이디비생명보험,X,생명보험,5,해약환급금준비금 적립액,준비금,2,2026.1Q,23550.0
KR0072,케이디비생명보험,X,생명보험,5,해약환급금준비금 적립액,준비금,2,2026.2Q,4323.0
KR0072,케이디비생명보험,X,생명보험,8,보증준비금 적립액,준비금,2,2024.1Q,3201.0
KR0072,케이디비생명보험,X,생명보험,8,보증준비금 적립액,준비금,2,2024.2Q,3201.0
KR0072,케이디비생명보험,X,생명보험,8,보증준비금 적립액,준비금,2,2024.3Q,3201.0
KR0072,케이디비생명보험,X,생명보험,8,보증준비금 적립액,준비금,2,2024.4Q,2913.0
KR0072,케이디비생명보험,X,생명보험,8,보증준비금 적립액,준비금,2,2025.1Q,0.0
KR0072,케이디비생명보험,X,생명보험,8,보증준비금 적립액,준비금,2,2025.2Q,0.0
KR0072,케이디비생명보험,X,생명보험,8,보증준비금 적립액,준비금,2,2025.3Q,0.0
KR0072,케이디비생명보험,X,생명보험,8,보증준비금 적립액,준비금,2,2025.4Q,0.0
KR0072,케이디비생명보험,X,생명보험,8,보증준비금 적립액,준비금,2,2026.1Q,0.0
KR0072,케이디비생명보험,X,생명보험,8,보증준비금 적립액,준비금,2,2026.2Q,0.0
KR0072,케이디비생명보험,X,생명보험,10,현금및현금성자산,자산,2,2023.1Q,201523.301938
KR0072,케이디비생명보험,X,생명보험,10,현금및현금성자산,자산,2,2023.2Q,307015.386101
KR0072,케이디비생명보험,X,생명보험,10,현금및현금성자산,자산,2,2023.3Q,235158.74541
KR0072,케이디비생명보험,X,생명보험,10,현금및현금성자산,자산,2,2023.4Q,200767.089093
KR0072,케이디비생명보험,X,생명보험,10,현금및현금성자산,자산,2,2024.1Q,273602.944441
KR0072,케이디비생명보험,X,생명보험,10,현금및현금성자산,자산,2,2024.2Q,213332.96588
KR0072,케이디비생명보험,X,생명보험,10,현금및현금성자산,자산,2,2024.3Q,176596.859654
KR0072,케이디비생명보험,X,생명보험,10,현금및현금성자산,자산,2,2024.4Q,140025.13021
KR0072,케이디비생명보험,X,생명보험,10,현금및현금성자산,자산,2,2025.1Q,136494.230769
KR0072,케이디비생명보험,X,생명보험,10,현금및현금성자산,자산,2,2025.2Q,268056.030521
KR0072,케이디비생명보험,X,생명보험,10,현금및현금성자산,자산,2,2025.3Q,219846.821526
KR0072,케이디비생명보험,X,생명보험,10,현금및현금성자산,자산,2,2025.4Q,678405.945962
KR0072,케이디비생명보험,X,생명보험,10,현금및현금성자산,자산,2,2026.1Q,166236.501789
KR0072,케이디비생명보험,X,생명보험,10,현금및현금성자산,자산,2,2026.2Q,127527.416248
KR0072,케이디비생명보험,X,생명보험,11,당기손익-공정가치측정금융자산,자산,2,2023.1Q,4709008.803805
KR0072,케이디비생명보험,X,생명보험,11,당기손익-공정가치측정금융자산,자산,2,2023.2Q,4818602.124019
KR0072,케이디비생명보험,X,생명보험,11,당기손익-공정가치측정금융자산,자산,2,2023.3Q,4853813.743767
KR0072,케이디비생명보험,X,생명보험,11,당기손익-공정가치측정금융자산,자산,2,2023.4Q,4936899.651231
KR0072,케이디비생명보험,X,생명보험,11,당기손익-공정가치측정금융자산,자산,2,2024.1Q,5015640.337229
KR0072,케이디비생명보험,X,생명보험,11,당기손익-공정가치측정금융자산,자산,2,2024.2Q,5386608.724435
KR0072,케이디비생명보험,X,생명보험,11,당기손익-공정가치측정금융자산,자산,2,2024.3Q,5113109.576189
KR0072,케이디비생명보험,X,생명보험,11,당기손익-공정가치측정금융자산,자산,2,2024.4Q,5340155.081429
KR0072,케이디비생명보험,X,생명보험,11,당기손익-공정가치측정금융자산,자산,2,2025.1Q,4772692.576286
KR0072,케이디비생명보험,X,생명보험,11,당기손익-공정가치측정금융자산,자산,2,2025.2Q,4594644.151262
KR0072,케이디비생명보험,X,생명보험,11,당기손익-공정가치측정금융자산,자산,2,2025.3Q,4739332.765703
KR0072,케이디비생명보험,X,생명보험,11,당기손익-공정가치측정금융자산,자산,2,2025.4Q,4459723.054124
KR0072,케이디비생명보험,X,생명보험,11,당기손익-공정가치측정금융자산,자산,2,2026.1Q,4877910.906108
KR0072,케이디비생명보험,X,생명보험,11,당기손익-공정가치측정금융자산,자산,2,2026.2Q,4975683.06078
KR0072,케이디비생명보험,X,생명보험,12,기타포괄손익-공정가치측정금융자산,자산,2,2023.1Q,8698144.20214
KR0072,케이디비생명보험,X,생명보험,12,기타포괄손익-공정가치측정금융자산,자산,2,2023.2Q,8389906.873922
KR0072,케이디비생명보험,X,생명보험,12,기타포괄손익-공정가치측정금융자산,자산,2,2023.3Q,8103462.357416
KR0072,케이디비생명보험,X,생명보험,12,기타포괄손익-공정가치측정금융자산,자산,2,2023.4Q,8930702.452368
KR0072,케이디비생명보험,X,생명보험,12,기타포괄손익-공정가치측정금융자산,자산,2,2024.1Q,8641245.115807
KR0072,케이디비생명보험,X,생명보험,12,기타포괄손익-공정가치측정금융자산,자산,2,2024.2Q,8766166.406151
KR0072,케이디비생명보험,X,생명보험,12,기타포괄손익-공정가치측정금융자산,자산,2,2024.3Q,9510740.309846
KR0072,케이디비생명보험,X,생명보험,12,기타포괄손익-공정가치측정금융자산,자산,2,2024.4Q,9306652.633706
KR0072,케이디비생명보험,X,생명보험,12,기타포괄손익-공정가치측정금융자산,자산,2,2025.1Q,9949955.865419
KR0072,케이디비생명보험,X,생명보험,12,기타포괄손익-공정가치측정금융자산,자산,2,2025.2Q,9638255.556368
KR0072,케이디비생명보험,X,생명보험,12,기타포괄손익-공정가치측정금융자산,자산,2,2025.3Q,9514038.103047
KR0072,케이디비생명보험,X,생명보험,12,기타포괄손익-공정가치측정금융자산,자산,2,2025.4Q,9023895.818626
KR0072,케이디비생명보험,X,생명보험,12,기타포괄손익-공정가치측정금융자산,자산,2,2026.1Q,8509286.573645
KR0072,케이디비생명보험,X,생명보험,12,기타포괄손익-공정가치측정금융자산,자산,2,2026.2Q,8104307.655985
KR0072,케이디비생명보험,X,생명보험,13,상각후원가측정금융자산,자산,2,2023.1Q,3045158.650195
KR0072,케이디비생명보험,X,생명보험,13,상각후원가측정금융자산,자산,2,2023.2Q,2982062.968383
KR0072,케이디비생명보험,X,생명보험,13,상각후원가측정금융자산,자산,2,2023.3Q,3179035.472636
KR0072,케이디비생명보험,X,생명보험,13,상각후원가측정금융자산,자산,2,2023.4Q,3155958.446965
KR0072,케이디비생명보험,X,생명보험,13,상각후원가측정금융자산,자산,2,2024.1Q,3147438.656321
KR0072,케이디비생명보험,X,생명보험,13,상각후원가측정금융자산,자산,2,2024.2Q,3138769.800498
KR0072,케이디비생명보험,X,생명보험,13,상각후원가측정금융자산,자산,2,2024.3Q,2932562.022197
KR0072,케이디비생명보험,X,생명보험,13,상각후원가측정금융자산,자산,2,2024.4Q,2788641.107364
KR0072,케이디비생명보험,X,생명보험,13,상각후원가측정금융자산,자산,2,2025.1Q,2794786.976979
KR0072,케이디비생명보험,X,생명보험,13,상각후원가측정금융자산,자산,2,2025.2Q,2716321.91649
KR0072,케이디비생명보험,X,생명보험,13,상각후원가측정금융자산,자산,2,2025.3Q,2672146.188635
KR0072,케이디비생명보험,X,생명보험,13,상각후원가측정금융자산,자산,2,2025.4Q,2657416.394536
KR0072,케이디비생명보험,X,생명보험,13,상각후원가측정금융자산,자산,2,2026.1Q,2624787.344772
KR0072,케이디비생명보험,X,생명보험,13,상각후원가측정금융자산,자산,2,2026.2Q,2609112.198319
KR0072,케이디비생명보험,X,생명보험,14,재보험계약자산,자산,2,2023.1Q,44.841957
KR0072,케이디비생명보험,X,생명보험,14,재보험계약자산,자산,2,2023.2Q,5669.821367
KR0072,케이디비생명보험,X,생명보험,14,재보험계약자산,자산,2,2023.3Q,10004.402965
KR0072,케이디비생명보험,X,생명보험,14,재보험계약자산,자산,2,2023.4Q,12832.722719
KR0072,케이디비생명보험,X,생명보험,14,재보험계약자산,자산,2,2024.1Q,16882.440492
KR0072,케이디비생명보험,X,생명보험,14,재보험계약자산,자산,2,2024.2Q,7026.415376
KR0072,케이디비생명보험,X,생명보험,14,재보험계약자산,자산,2,2024.3Q,6290.879103
KR0072,케이디비생명보험,X,생명보험,14,재보험계약자산,자산,2,2024.4Q,2710.075566
KR0072,케이디비생명보험,X,생명보험,14,재보험계약자산,자산,2,2025.1Q,1365.62803
KR0072,케이디비생명보험,X,생명보험,14,재보험계약자산,자산,2,2025.2Q,0.0
KR0072,케이디비생명보험,X,생명보험,14,재보험계약자산,자산,2,2025.3Q,0.0
KR0072,케이디비생명보험,X,생명보험,14,재보험계약자산,자산,2,2025.4Q,219932.690947
KR0072,케이디비생명보험,X,생명보험,14,재보험계약자산,자산,2,2026.1Q,193457.614437
KR0072,케이디비생명보험,X,생명보험,14,재보험계약자산,자산,2,2026.2Q,176661.438762
KR0072,케이디비생명보험,X,생명보험,15,유형자산,자산,2,2023.1Q,53095.058468
KR0072,케이디비생명보험,X,생명보험,15,유형자산,자산,2,2023.2Q,51123.591379
KR0072,케이디비생명보험,X,생명보험,15,유형자산,자산,2,2023.3Q,49081.601108
KR0072,케이디비생명보험,X,생명보험,15,유형자산,자산,2,2023.4Q,47992.082322
KR0072,케이디비생명보험,X,생명보험,15,유형자산,자산,2,2024.1Q,46022.068084
KR0072,케이디비생명보험,X,생명보험,15,유형자산,자산,2,2024.2Q,43251.497
KR0072,케이디비생명보험,X,생명보험,15,유형자산,자산,2,2024.3Q,43751.30445
KR0072,케이디비생명보험,X,생명보험,15,유형자산,자산,2,2024.4Q,43331.985911
KR0072,케이디비생명보험,X,생명보험,15,유형자산,자산,2,2025.1Q,38659.510732
KR0072,케이디비생명보험,X,생명보험,15,유형자산,자산,2,2025.2Q,38647.259271
KR0072,케이디비생명보험,X,생명보험,15,유형자산,자산,2,2025.3Q,37040.46824
KR0072,케이디비생명보험,X,생명보험,15,유형자산,자산,2,2025.4Q,36973.622799
KR0072,케이디비생명보험,X,생명보험,15,유형자산,자산,2,2026.1Q,40783.223597
KR0072,케이디비생명보험,X,생명보험,15,유형자산,자산,2,2026.2Q,39743.32854
KR0072,케이디비생명보험,X,생명보험,20,보험계약부채,부채,2,2023.1Q,15805352.451669
KR0072,케이디비생명보험,X,생명보험,20,보험계약부채,부채,2,2023.2Q,15398156.555099
KR0072,케이디비생명보험,X,생명보험,20,보험계약부채,부채,2,2023.3Q,15019746.759721
KR0072,케이디비생명보험,X,생명보험,20,보험계약부채,부채,2,2023.4Q,16339172.353675
KR0072,케이디비생명보험,X,생명보험,20,보험계약부채,부채,2,2024.1Q,16274997.534947
KR0072,케이디비생명보험,X,생명보험,20,보험계약부채,부채,2,2024.2Q,16772121.661488
KR0072,케이디비생명보험,X,생명보험,20,보험계약부채,부채,2,2024.3Q,17032780.876568
KR0072,케이디비생명보험,X,생명보험,20,보험계약부채,부채,2,2024.4Q,16838419.630703
KR0072,케이디비생명보험,X,생명보험,20,보험계약부채,부채,2,2025.1Q,17148903.240607
KR0072,케이디비생명보험,X,생명보험,20,보험계약부채,부채,2,2025.2Q,16880672.311145
KR0072,케이디비생명보험,X,생명보험,20,보험계약부채,부채,2,2025.3Q,16732169.038289
KR0072,케이디비생명보험,X,생명보험,20,보험계약부채,부채,2,2025.4Q,16087116.901284
KR0072,케이디비생명보험,X,생명보험,20,보험계약부채,부채,2,2026.1Q,15259982.275621
KR0072,케이디비생명보험,X,생명보험,20,보험계약부채,부채,2,2026.2Q,14831149.423046
KR0072,케이디비생명보험,X,생명보험,21,재보험계약부채,부채,2,2023.1Q,28633.812402
KR0072,케이디비생명보험,X,생명보험,21,재보험계약부채,부채,2,2023.2Q,26430.67369
KR0072,케이디비생명보험,X,생명보험,21,재보험계약부채,부채,2,2023.3Q,21741.3136
KR0072,케이디비생명보험,X,생명보험,21,재보험계약부채,부채,2,2023.4Q,27577.430636
KR0072,케이디비생명보험,X,생명보험,21,재보험계약부채,부채,2,2024.1Q,23572.935581
KR0072,케이디비생명보험,X,생명보험,21,재보험계약부채,부채,2,2024.2Q,28895.810323
KR0072,케이디비생명보험,X,생명보험,21,재보험계약부채,부채,2,2024.3Q,23457.143073
KR0072,케이디비생명보험,X,생명보험,21,재보험계약부채,부채,2,2024.4Q,10300.968118
KR0072,케이디비생명보험,X,생명보험,21,재보험계약부채,부채,2,2025.1Q,13949.855295
KR0072,케이디비생명보험,X,생명보험,21,재보험계약부채,부채,2,2025.2Q,16222.097987
KR0072,케이디비생명보험,X,생명보험,21,재보험계약부채,부채,2,2025.3Q,19646.409008
KR0072,케이디비생명보험,X,생명보험,21,재보험계약부채,부채,2,2025.4Q,13027.868592
KR0072,케이디비생명보험,X,생명보험,21,재보험계약부채,부채,2,2026.1Q,18147.364373
KR0072,케이디비생명보험,X,생명보험,21,재보험계약부채,부채,2,2026.2Q,19138.912631
KR0072,케이디비생명보험,X,생명보험,22,투자계약부채,부채,2,2023.1Q,0.091368
KR0072,케이디비생명보험,X,생명보험,22,투자계약부채,부채,2,2023.2Q,0.092069
KR0072,케이디비생명보험,X,생명보험,22,투자계약부채,부채,2,2023.4Q,0.0
KR0072,케이디비생명보험,X,생명보험,22,투자계약부채,부채,2,2024.4Q,0.0
KR0072,케이디비생명보험,X,생명보험,23,차입부채,부채,2,2023.1Q,437619.958384
KR0072,케이디비생명보험,X,생명보험,23,차입부채,부채,2,2023.2Q,527268.950057
KR0072,케이디비생명보험,X,생명보험,23,차입부채,부채,2,2023.3Q,426206.123068
KR0072,케이디비생명보험,X,생명보험,23,차입부채,부채,2,2023.4Q,426270.86388
KR0072,케이디비생명보험,X,생명보험,23,차입부채,부채,2,2024.1Q,426336.497201
KR0072,케이디비생명보험,X,생명보험,23,차입부채,부채,2,2024.2Q,327704.213333
KR0072,케이디비생명보험,X,생명보험,23,차입부채,부채,2,2024.3Q,525509.075382
KR0072,케이디비생명보험,X,생명보험,23,차입부채,부채,2,2024.4Q,405932.612494
KR0072,케이디비생명보험,X,생명보험,23,차입부채,부채,2,2025.1Q,406014.993972
KR0072,케이디비생명보험,X,생명보험,23,차입부채,부채,2,2025.2Q,386690.517001
KR0072,케이디비생명보험,X,생명보험,23,차입부채,부채,2,2025.3Q,387202.531487
KR0072,케이디비생명보험,X,생명보험,23,차입부채,부채,2,2025.4Q,387708.718208
KR0072,케이디비생명보험,X,생명보험,23,차입부채,부채,2,2026.1Q,388242.027743
KR0072,케이디비생명보험,X,생명보험,23,차입부채,부채,2,2026.2Q,388802.995622
KR0072,케이디비생명보험,X,생명보험,24,기타부채,부채,2,2023.1Q,10606.097473
KR0072,케이디비생명보험,X,생명보험,24,기타부채,부채,2,2023.2Q,11044.302568
KR0072,케이디비생명보험,X,생명보험,24,기타부채,부채,2,2023.3Q,12372.955809
KR0072,케이디비생명보험,X,생명보험,24,기타부채,부채,2,2023.4Q,7270.244527
KR0072,케이디비생명보험,X,생명보험,24,기타부채,부채,2,2024.1Q,8158.21809
KR0072,케이디비생명보험,X,생명보험,24,기타부채,부채,2,2024.2Q,6799.720622
KR0072,케이디비생명보험,X,생명보험,24,기타부채,부채,2,2024.3Q,8024.003423
KR0072,케이디비생명보험,X,생명보험,24,기타부채,부채,2,2024.4Q,10544.109718
KR0072,케이디비생명보험,X,생명보험,24,기타부채,부채,2,2025.1Q,11833.862738
KR0072,케이디비생명보험,X,생명보험,24,기타부채,부채,2,2025.2Q,12770.794699
KR0072,케이디비생명보험,X,생명보험,24,기타부채,부채,2,2025.3Q,13355.13282
KR0072,케이디비생명보험,X,생명보험,24,기타부채,부채,2,2025.4Q,21255.53473
KR0072,케이디비생명보험,X,생명보험,24,기타부채,부채,2,2026.1Q,23109.046726
KR0072,케이디비생명보험,X,생명보험,24,기타부채,부채,2,2026.2Q,24465.879495
KR0072,케이디비생명보험,X,생명보험,30,자본금,자본,2,2023.1Q,474324.8
KR0072,케이디비생명보험,X,생명보험,30,자본금,자본,2,2023.2Q,474324.8
KR0072,케이디비생명보험,X,생명보험,30,자본금,자본,2,2023.3Q,199309.195
KR0072,케이디비생명보험,X,생명보험,30,자본금,자본,2,2023.4Q,199309.195
KR0072,케이디비생명보험,X,생명보험,30,자본금,자본,2,2024.1Q,199309.195
KR0072,케이디비생명보험,X,생명보험,30,자본금,자본,2,2024.2Q,498325.645
KR0072,케이디비생명보험,X,생명보험,30,자본금,자본,2,2024.3Q,498325.645
KR0072,케이디비생명보험,X,생명보험,30,자본금,자본,2,2024.4Q,498325.645
KR0072,케이디비생명보험,X,생명보험,30,자본금,자본,2,2025.1Q,498325.645
KR0072,케이디비생명보험,X,생명보험,30,자본금,자본,2,2025.2Q,498325.645
KR0072,케이디비생명보험,X,생명보험,30,자본금,자본,2,2025.3Q,498325.645
KR0072,케이디비생명보험,X,생명보험,30,자본금,자본,2,2025.4Q,583073.355
KR0072,케이디비생명보험,X,생명보험,30,자본금,자본,2,2026.1Q,583073.355
KR0072,케이디비생명보험,X,생명보험,30,자본금,자본,2,2026.2Q,583073.355
KR0072,케이디비생명보험,X,생명보험,31,이익잉여금,자본,2,2023.3Q,-190161.118397
KR0072,케이디비생명보험,X,생명보험,31,이익잉여금,자본,2,2023.4Q,-116909.602727
KR0072,케이디비생명보험,X,생명보험,31,이익잉여금,자본,2,2024.1Q,3201.001279
KR0072,케이디비생명보험,X,생명보험,31,이익잉여금,자본,2,2024.2Q,-858.178696
KR0072,케이디비생명보험,X,생명보험,31,이익잉여금,자본,2,2024.3Q,-141.359283
KR0072,케이디비생명보험,X,생명보험,31,이익잉여금,자본,2,2024.4Q,2912.783618
KR0072,케이디비생명보험,X,생명보험,31,이익잉여금,자본,2,2025.1Q,1337.763413
KR0072,케이디비생명보험,X,생명보험,31,이익잉여금,자본,2,2025.2Q,-15984.902303
KR0072,케이디비생명보험,X,생명보험,31,이익잉여금,자본,2,2025.3Q,-38948.342699
KR0072,케이디비생명보험,X,생명보험,31,이익잉여금,자본,2,2025.4Q,-126399.98166
KR0072,케이디비생명보험,X,생명보험,31,이익잉여금,자본,2,2026.1Q,23549.550428
KR0072,케이디비생명보험,X,생명보험,31,이익잉여금,자본,2,2026.2Q,4323.263585
KR0073,교보생명보험,X,생명보험,1,자산총계,자산,1,2023.1Q,107222186.486784
KR0073,교보생명보험,X,생명보험,1,자산총계,자산,1,2023.2Q,106477145.654582
KR0073,교보생명보험,X,생명보험,1,자산총계,자산,1,2023.3Q,104798841.212419
KR0073,교보생명보험,X,생명보험,1,자산총계,자산,1,2023.4Q,115079638.554295
KR0073,교보생명보험,X,생명보험,1,자산총계,자산,1,2024.1Q,116079871.91687
KR0073,교보생명보험,X,생명보험,1,자산총계,자산,1,2024.2Q,117955433.988319
KR0073,교보생명보험,X,생명보험,1,자산총계,자산,1,2024.3Q,120733403.724992
KR0073,교보생명보험,X,생명보험,1,자산총계,자산,1,2024.4Q,122408983.045999
KR0073,교보생명보험,X,생명보험,1,자산총계,자산,1,2025.1Q,126859785.228232
KR0073,교보생명보험,X,생명보험,1,자산총계,자산,1,2025.2Q,127213347.303222
KR0073,교보생명보험,X,생명보험,1,자산총계,자산,1,2025.3Q,128834955.558457
KR0073,교보생명보험,X,생명보험,1,자산총계,자산,1,2025.4Q,128165794.274358
KR0073,교보생명보험,X,생명보험,1,자산총계,자산,1,2026.1Q,128058989.898137
KR0073,교보생명보험,X,생명보험,1,자산총계,자산,1,2026.2Q,130836733.593057
KR0073,교보생명보험,X,생명보험,2,부채총계,부채,1,2023.1Q,96642913.173096
KR0073,교보생명보험,X,생명보험,2,부채총계,부채,1,2023.2Q,95052924.277271
KR0073,교보생명보험,X,생명보험,2,부채총계,부채,1,2023.3Q,94339552.688121
KR0073,교보생명보험,X,생명보험,2,부채총계,부채,1,2023.4Q,105317246.584092
KR0073,교보생명보험,X,생명보험,2,부채총계,부채,1,2024.1Q,107343182.533149
KR0073,교보생명보험,X,생명보험,2,부채총계,부채,1,2024.2Q,110305009.89897
KR0073,교보생명보험,X,생명보험,2,부채총계,부채,1,2024.3Q,112964907.410006
KR0073,교보생명보험,X,생명보험,2,부채총계,부채,1,2024.4Q,115103965.327422
KR0073,교보생명보험,X,생명보험,2,부채총계,부채,1,2025.1Q,120327285.76426
KR0073,교보생명보험,X,생명보험,2,부채총계,부채,1,2025.2Q,120412433.540692
KR0073,교보생명보험,X,생명보험,2,부채총계,부채,1,2025.3Q,121671773.914205
KR0073,교보생명보험,X,생명보험,2,부채총계,부채,1,2025.4Q,120511035.106442
KR0073,교보생명보험,X,생명보험,2,부채총계,부채,1,2026.1Q,119820416.316514
KR0073,교보생명보험,X,생명보험,2,부채총계,부채,1,2026.2Q,121665902.068336
KR0073,교보생명보험,X,생명보험,3,자본총계,자본,1,2023.1Q,10579273.313688
KR0073,교보생명보험,X,생명보험,3,자본총계,자본,1,2023.2Q,11424221.377311
KR0073,교보생명보험,X,생명보험,3,자본총계,자본,1,2023.3Q,10459288.524298
KR0073,교보생명보험,X,생명보험,3,자본총계,자본,1,2023.4Q,9762391.970203
KR0073,교보생명보험,X,생명보험,3,자본총계,자본,1,2024.1Q,8736689.383721
KR0073,교보생명보험,X,생명보험,3,자본총계,자본,1,2024.2Q,7650424.089349
KR0073,교보생명보험,X,생명보험,3,자본총계,자본,1,2024.3Q,7768496.314986
KR0073,교보생명보험,X,생명보험,3,자본총계,자본,1,2024.4Q,7305017.718577
KR0073,교보생명보험,X,생명보험,3,자본총계,자본,1,2025.1Q,6532499.463972
KR0073,교보생명보험,X,생명보험,3,자본총계,자본,1,2025.2Q,6800913.76253
KR0073,교보생명보험,X,생명보험,3,자본총계,자본,1,2025.3Q,7163181.644252
KR0073,교보생명보험,X,생명보험,3,자본총계,자본,1,2025.4Q,7654759.167916
KR0073,교보생명보험,X,생명보험,3,자본총계,자본,1,2026.1Q,8238573.581623
KR0073,교보생명보험,X,생명보험,3,자본총계,자본,1,2026.2Q,9170831.524721
KR0073,교보생명보험,X,생명보험,4,기타포괄손익 누계액,자본,2,2023.1Q,2587516.156541
KR0073,교보생명보험,X,생명보험,4,기타포괄손익 누계액,자본,2,2023.2Q,2744658.813508
KR0073,교보생명보험,X,생명보험,4,기타포괄손익 누계액,자본,2,2023.3Q,2190794.33063
KR0073,교보생명보험,X,생명보험,4,기타포괄손익 누계액,자본,2,2023.4Q,1670167.445676
KR0073,교보생명보험,X,생명보험,4,기타포괄손익 누계액,자본,2,2024.1Q,354872.139601
KR0073,교보생명보험,X,생명보험,4,기타포괄손익 누계액,자본,2,2024.2Q,-1005746.644036
KR0073,교보생명보험,X,생명보험,4,기타포괄손익 누계액,자본,2,2024.3Q,-1411756.365928
KR0073,교보생명보험,X,생명보험,4,기타포괄손익 누계액,자본,2,2024.4Q,-2205732.209538
KR0073,교보생명보험,X,생명보험,4,기타포괄손익 누계액,자본,2,2025.1Q,-3143991.714419
KR0073,교보생명보험,X,생명보험,4,기타포괄손익 누계액,자본,2,2025.2Q,-3117696.479842
KR0073,교보생명보험,X,생명보험,4,기타포괄손익 누계액,자본,2,2025.3Q,-2988311.663637
KR0073,교보생명보험,X,생명보험,4,기타포괄손익 누계액,자본,2,2025.4Q,-2397981.022366
KR0073,교보생명보험,X,생명보험,4,기타포괄손익 누계액,자본,2,2026.1Q,-1993223.112353
KR0073,교보생명보험,X,생명보험,4,기타포괄손익 누계액,자본,2,2026.2Q,-1184332.530722
KR0073,교보생명보험,X,생명보험,5,해약환급금준비금 적립액,준비금,2,2025.3Q,448503.0
KR0073,교보생명보험,X,생명보험,5,해약환급금준비금 적립액,준비금,2,2025.4Q,1255979.0
KR0073,교보생명보험,X,생명보험,5,해약환급금준비금 적립액,준비금,2,2026.1Q,1861046.0
KR0073,교보생명보험,X,생명보험,5,해약환급금준비금 적립액,준비금,2,2026.2Q,3103342.0
KR0073,교보생명보험,X,생명보험,7,대손준비금 적립액,준비금,2,2023.1Q,101042.0
KR0073,교보생명보험,X,생명보험,7,대손준비금 적립액,준비금,2,2023.2Q,109496.0
KR0073,교보생명보험,X,생명보험,7,대손준비금 적립액,준비금,2,2023.3Q,113164.979877
KR0073,교보생명보험,X,생명보험,7,대손준비금 적립액,준비금,2,2023.4Q,126552.0
KR0073,교보생명보험,X,생명보험,7,대손준비금 적립액,준비금,2,2024.1Q,126605.0
KR0073,교보생명보험,X,생명보험,7,대손준비금 적립액,준비금,2,2024.2Q,106696.0
KR0073,교보생명보험,X,생명보험,7,대손준비금 적립액,준비금,2,2024.3Q,112352.0
KR0073,교보생명보험,X,생명보험,7,대손준비금 적립액,준비금,2,2024.4Q,105638.0
KR0073,교보생명보험,X,생명보험,7,대손준비금 적립액,준비금,2,2025.1Q,90649.0
KR0073,교보생명보험,X,생명보험,7,대손준비금 적립액,준비금,2,2025.2Q,94093.0
KR0073,교보생명보험,X,생명보험,7,대손준비금 적립액,준비금,2,2025.3Q,101103.0
KR0073,교보생명보험,X,생명보험,7,대손준비금 적립액,준비금,2,2025.4Q,108269.0
KR0073,교보생명보험,X,생명보험,7,대손준비금 적립액,준비금,2,2026.1Q,108886.0
KR0073,교보생명보험,X,생명보험,7,대손준비금 적립액,준비금,2,2026.2Q,107397.0
KR0073,교보생명보험,X,생명보험,8,보증준비금 적립액,준비금,2,2023.1Q,220294.0
KR0073,교보생명보험,X,생명보험,8,보증준비금 적립액,준비금,2,2023.2Q,241973.0
KR0073,교보생명보험,X,생명보험,8,보증준비금 적립액,준비금,2,2023.3Q,259245.303892
KR0073,교보생명보험,X,생명보험,8,보증준비금 적립액,준비금,2,2023.4Q,275996.0
KR0073,교보생명보험,X,생명보험,8,보증준비금 적립액,준비금,2,2024.1Q,291615.0
KR0073,교보생명보험,X,생명보험,8,보증준비금 적립액,준비금,2,2024.2Q,307062.0
KR0073,교보생명보험,X,생명보험,8,보증준비금 적립액,준비금,2,2024.3Q,322375.0
KR0073,교보생명보험,X,생명보험,8,보증준비금 적립액,준비금,2,2024.4Q,330778.0
KR0073,교보생명보험,X,생명보험,8,보증준비금 적립액,준비금,2,2025.1Q,342990.0
KR0073,교보생명보험,X,생명보험,8,보증준비금 적립액,준비금,2,2025.2Q,356624.0
KR0073,교보생명보험,X,생명보험,8,보증준비금 적립액,준비금,2,2025.3Q,369651.0
KR0073,교보생명보험,X,생명보험,8,보증준비금 적립액,준비금,2,2025.4Q,383236.0
KR0073,교보생명보험,X,생명보험,8,보증준비금 적립액,준비금,2,2026.1Q,396607.0
KR0073,교보생명보험,X,생명보험,8,보증준비금 적립액,준비금,2,2026.2Q,410522.0
KR0073,교보생명보험,X,생명보험,10,현금및현금성자산,자산,2,2023.1Q,2091568.695199
KR0073,교보생명보험,X,생명보험,10,현금및현금성자산,자산,2,2023.2Q,2009029.724838
KR0073,교보생명보험,X,생명보험,10,현금및현금성자산,자산,2,2023.3Q,1874056.88163
KR0073,교보생명보험,X,생명보험,10,현금및현금성자산,자산,2,2023.4Q,4265642.709444
KR0073,교보생명보험,X,생명보험,10,현금및현금성자산,자산,2,2024.1Q,3187777.694603
KR0073,교보생명보험,X,생명보험,10,현금및현금성자산,자산,2,2024.2Q,3697213.118505
KR0073,교보생명보험,X,생명보험,10,현금및현금성자산,자산,2,2024.3Q,3173723.415605
KR0073,교보생명보험,X,생명보험,10,현금및현금성자산,자산,2,2024.4Q,3501249.993037
KR0073,교보생명보험,X,생명보험,10,현금및현금성자산,자산,2,2025.1Q,2963936.028909
KR0073,교보생명보험,X,생명보험,10,현금및현금성자산,자산,2,2025.2Q,3066066.897868
KR0073,교보생명보험,X,생명보험,10,현금및현금성자산,자산,2,2025.3Q,3003654.986557
KR0073,교보생명보험,X,생명보험,10,현금및현금성자산,자산,2,2025.4Q,3980067.576209
KR0073,교보생명보험,X,생명보험,10,현금및현금성자산,자산,2,2026.1Q,3467613.513457
KR0073,교보생명보험,X,생명보험,10,현금및현금성자산,자산,2,2026.2Q,3733039.310944
KR0073,교보생명보험,X,생명보험,11,당기손익-공정가치측정금융자산,자산,2,2023.1Q,33469892.367069
KR0073,교보생명보험,X,생명보험,11,당기손익-공정가치측정금융자산,자산,2,2023.2Q,31424256.347454
KR0073,교보생명보험,X,생명보험,11,당기손익-공정가치측정금융자산,자산,2,2023.3Q,30816516.415748
KR0073,교보생명보험,X,생명보험,11,당기손익-공정가치측정금융자산,자산,2,2023.4Q,34153491.484438
KR0073,교보생명보험,X,생명보험,11,당기손익-공정가치측정금융자산,자산,2,2024.1Q,34151089.25785
KR0073,교보생명보험,X,생명보험,11,당기손익-공정가치측정금융자산,자산,2,2024.2Q,33425101.339777
KR0073,교보생명보험,X,생명보험,11,당기손익-공정가치측정금융자산,자산,2,2024.3Q,33351189.919017
KR0073,교보생명보험,X,생명보험,11,당기손익-공정가치측정금융자산,자산,2,2024.4Q,32211658.924788
KR0073,교보생명보험,X,생명보험,11,당기손익-공정가치측정금융자산,자산,2,2025.1Q,33157762.128662
KR0073,교보생명보험,X,생명보험,11,당기손익-공정가치측정금융자산,자산,2,2025.2Q,33587374.99602
KR0073,교보생명보험,X,생명보험,11,당기손익-공정가치측정금융자산,자산,2,2025.3Q,34613499.508074
KR0073,교보생명보험,X,생명보험,11,당기손익-공정가치측정금융자산,자산,2,2025.4Q,34182822.710133
KR0073,교보생명보험,X,생명보험,11,당기손익-공정가치측정금융자산,자산,2,2026.1Q,36597664.650127
KR0073,교보생명보험,X,생명보험,11,당기손익-공정가치측정금융자산,자산,2,2026.2Q,40258006.957508
KR0073,교보생명보험,X,생명보험,12,기타포괄손익-공정가치측정금융자산,자산,2,2023.1Q,46453108.288087
KR0073,교보생명보험,X,생명보험,12,기타포괄손익-공정가치측정금융자산,자산,2,2023.2Q,47491353.721771
KR0073,교보생명보험,X,생명보험,12,기타포괄손익-공정가치측정금융자산,자산,2,2023.3Q,45939598.863207
KR0073,교보생명보험,X,생명보험,12,기타포괄손익-공정가치측정금융자산,자산,2,2023.4Q,49724360.239462
KR0073,교보생명보험,X,생명보험,12,기타포괄손익-공정가치측정금융자산,자산,2,2024.1Q,51821849.488485
KR0073,교보생명보험,X,생명보험,12,기타포괄손익-공정가치측정금융자산,자산,2,2024.2Q,53538675.741257
KR0073,교보생명보험,X,생명보험,12,기타포괄손익-공정가치측정금융자산,자산,2,2024.3Q,56226329.354524
KR0073,교보생명보험,X,생명보험,12,기타포괄손익-공정가치측정금융자산,자산,2,2024.4Q,58025921.849151
KR0073,교보생명보험,X,생명보험,12,기타포괄손익-공정가치측정금융자산,자산,2,2025.1Q,61122832.921236
KR0073,교보생명보험,X,생명보험,12,기타포괄손익-공정가치측정금융자산,자산,2,2025.2Q,61044087.170703
KR0073,교보생명보험,X,생명보험,12,기타포괄손익-공정가치측정금융자산,자산,2,2025.3Q,62288665.739015
KR0073,교보생명보험,X,생명보험,12,기타포괄손익-공정가치측정금융자산,자산,2,2025.4Q,60829887.653638
KR0073,교보생명보험,X,생명보험,12,기타포괄손익-공정가치측정금융자산,자산,2,2026.1Q,59064842.435849
KR0073,교보생명보험,X,생명보험,12,기타포괄손익-공정가치측정금융자산,자산,2,2026.2Q,57805675.709908
KR0073,교보생명보험,X,생명보험,13,상각후원가측정금융자산,자산,2,2023.1Q,20079408.343713
KR0073,교보생명보험,X,생명보험,13,상각후원가측정금융자산,자산,2,2023.2Q,20449395.461466
KR0073,교보생명보험,X,생명보험,13,상각후원가측정금융자산,자산,2,2023.3Q,21546250.164419
KR0073,교보생명보험,X,생명보험,13,상각후원가측정금융자산,자산,2,2023.4Q,21463504.771095
KR0073,교보생명보험,X,생명보험,13,상각후원가측정금융자산,자산,2,2024.1Q,21254305.831791
KR0073,교보생명보험,X,생명보험,13,상각후원가측정금융자산,자산,2,2024.2Q,21124110.458167
KR0073,교보생명보험,X,생명보험,13,상각후원가측정금융자산,자산,2,2024.3Q,21251424.435137
KR0073,교보생명보험,X,생명보험,13,상각후원가측정금융자산,자산,2,2024.4Q,21294759.61627
KR0073,교보생명보험,X,생명보험,13,상각후원가측정금융자산,자산,2,2025.1Q,21902515.984605
KR0073,교보생명보험,X,생명보험,13,상각후원가측정금융자산,자산,2,2025.2Q,21428384.401341
KR0073,교보생명보험,X,생명보험,13,상각후원가측정금융자산,자산,2,2025.3Q,21073764.32719
KR0073,교보생명보험,X,생명보험,13,상각후원가측정금융자산,자산,2,2025.4Q,21546474.040616
KR0073,교보생명보험,X,생명보험,13,상각후원가측정금융자산,자산,2,2026.1Q,21528000.961847
KR0073,교보생명보험,X,생명보험,13,상각후원가측정금융자산,자산,2,2026.2Q,20921353.270864
KR0073,교보생명보험,X,생명보험,14,재보험계약자산,자산,2,2023.1Q,142771.745663
KR0073,교보생명보험,X,생명보험,14,재보험계약자산,자산,2,2023.2Q,162466.630997
KR0073,교보생명보험,X,생명보험,14,재보험계약자산,자산,2,2023.3Q,130055.353434
KR0073,교보생명보험,X,생명보험,14,재보험계약자산,자산,2,2023.4Q,173481.167358
KR0073,교보생명보험,X,생명보험,14,재보험계약자산,자산,2,2024.1Q,144988.494174
KR0073,교보생명보험,X,생명보험,14,재보험계약자산,자산,2,2024.2Q,179564.438969
KR0073,교보생명보험,X,생명보험,14,재보험계약자산,자산,2,2024.3Q,176220.372786
KR0073,교보생명보험,X,생명보험,14,재보험계약자산,자산,2,2024.4Q,193269.198006
KR0073,교보생명보험,X,생명보험,14,재보험계약자산,자산,2,2025.1Q,163836.958753
KR0073,교보생명보험,X,생명보험,14,재보험계약자산,자산,2,2025.2Q,179897.938247
KR0073,교보생명보험,X,생명보험,14,재보험계약자산,자산,2,2025.3Q,177808.000907
KR0073,교보생명보험,X,생명보험,14,재보험계약자산,자산,2,2025.4Q,189577.741652
KR0073,교보생명보험,X,생명보험,14,재보험계약자산,자산,2,2026.1Q,153238.552855
KR0073,교보생명보험,X,생명보험,14,재보험계약자산,자산,2,2026.2Q,165325.123495
KR0073,교보생명보험,X,생명보험,15,유형자산,자산,2,2023.1Q,879485.290176
KR0073,교보생명보험,X,생명보험,15,유형자산,자산,2,2023.2Q,880115.211375
KR0073,교보생명보험,X,생명보험,15,유형자산,자산,2,2023.3Q,874070.880258
KR0073,교보생명보험,X,생명보험,15,유형자산,자산,2,2023.4Q,871607.952815
KR0073,교보생명보험,X,생명보험,15,유형자산,자산,2,2024.1Q,860839.85619
KR0073,교보생명보험,X,생명보험,15,유형자산,자산,2,2024.2Q,880654.127095
KR0073,교보생명보험,X,생명보험,15,유형자산,자산,2,2024.3Q,873767.835815
KR0073,교보생명보험,X,생명보험,15,유형자산,자산,2,2024.4Q,863882.978325
KR0073,교보생명보험,X,생명보험,15,유형자산,자산,2,2025.1Q,857302.63161
KR0073,교보생명보험,X,생명보험,15,유형자산,자산,2,2025.2Q,855113.044667
KR0073,교보생명보험,X,생명보험,15,유형자산,자산,2,2025.3Q,850483.729144
KR0073,교보생명보험,X,생명보험,15,유형자산,자산,2,2025.4Q,862533.116875
KR0073,교보생명보험,X,생명보험,15,유형자산,자산,2,2026.1Q,903856.222878
KR0073,교보생명보험,X,생명보험,15,유형자산,자산,2,2026.2Q,928951.174885
KR0073,교보생명보험,X,생명보험,20,보험계약부채,부채,2,2023.1Q,81739267.702344
KR0073,교보생명보험,X,생명보험,20,보험계약부채,부채,2,2023.2Q,80362510.035209
KR0073,교보생명보험,X,생명보험,20,보험계약부채,부채,2,2023.3Q,79723358.536481
KR0073,교보생명보험,X,생명보험,20,보험계약부채,부채,2,2023.4Q,87533336.488348
KR0073,교보생명보험,X,생명보험,20,보험계약부채,부채,2,2024.1Q,88983312.943397
KR0073,교보생명보험,X,생명보험,20,보험계약부채,부채,2,2024.2Q,91614520.744866
KR0073,교보생명보험,X,생명보험,20,보험계약부채,부채,2,2024.3Q,94037255.315908
KR0073,교보생명보험,X,생명보험,20,보험계약부채,부채,2,2024.4Q,94441284.045036
KR0073,교보생명보험,X,생명보험,20,보험계약부채,부채,2,2025.1Q,98627700.365508
KR0073,교보생명보험,X,생명보험,20,보험계약부채,부채,2,2025.2Q,99364709.846058
KR0073,교보생명보험,X,생명보험,20,보험계약부채,부채,2,2025.3Q,100053052.334892
KR0073,교보생명보험,X,생명보험,20,보험계약부채,부채,2,2025.4Q,96832758.625991
KR0073,교보생명보험,X,생명보험,20,보험계약부채,부채,2,2026.1Q,93723307.455192
KR0073,교보생명보험,X,생명보험,20,보험계약부채,부채,2,2026.2Q,94368576.830479
KR0073,교보생명보험,X,생명보험,21,재보험계약부채,부채,2,2023.1Q,208679.807105
KR0073,교보생명보험,X,생명보험,21,재보험계약부채,부채,2,2023.2Q,231886.569063
KR0073,교보생명보험,X,생명보험,21,재보험계약부채,부채,2,2023.3Q,213701.222689
KR0073,교보생명보험,X,생명보험,21,재보험계약부채,부채,2,2023.4Q,255240.639692
KR0073,교보생명보험,X,생명보험,21,재보험계약부채,부채,2,2024.1Q,237863.483144
KR0073,교보생명보험,X,생명보험,21,재보험계약부채,부채,2,2024.2Q,274944.052979
KR0073,교보생명보험,X,생명보험,21,재보험계약부채,부채,2,2024.3Q,258922.790678
KR0073,교보생명보험,X,생명보험,21,재보험계약부채,부채,2,2024.4Q,272808.210343
KR0073,교보생명보험,X,생명보험,21,재보험계약부채,부채,2,2025.1Q,265114.848109
KR0073,교보생명보험,X,생명보험,21,재보험계약부채,부채,2,2025.2Q,273972.826958
KR0073,교보생명보험,X,생명보험,21,재보험계약부채,부채,2,2025.3Q,251522.247905
KR0073,교보생명보험,X,생명보험,21,재보험계약부채,부채,2,2025.4Q,261341.268914
KR0073,교보생명보험,X,생명보험,21,재보험계약부채,부채,2,2026.1Q,235239.384801
KR0073,교보생명보험,X,생명보험,21,재보험계약부채,부채,2,2026.2Q,242746.039025
KR0073,교보생명보험,X,생명보험,22,투자계약부채,부채,2,2023.3Q,11706279.185155
KR0073,교보생명보험,X,생명보험,22,투자계약부채,부채,2,2023.4Q,15427506.286619
KR0073,교보생명보험,X,생명보험,22,투자계약부채,부채,2,2024.1Q,15738954.355848
KR0073,교보생명보험,X,생명보험,22,투자계약부채,부채,2,2024.2Q,15841232.021771
KR0073,교보생명보험,X,생명보험,22,투자계약부채,부채,2,2024.3Q,15986459.526824
KR0073,교보생명보험,X,생명보험,22,투자계약부채,부채,2,2024.4Q,16000079.179581
KR0073,교보생명보험,X,생명보험,22,투자계약부채,부채,2,2025.1Q,17174039.429717
KR0073,교보생명보험,X,생명보험,22,투자계약부채,부채,2,2025.2Q,17657753.521859
KR0073,교보생명보험,X,생명보험,22,투자계약부채,부채,2,2025.3Q,17713282.604106
KR0073,교보생명보험,X,생명보험,22,투자계약부채,부채,2,2025.4Q,18578965.665688
KR0073,교보생명보험,X,생명보험,22,투자계약부채,부채,2,2026.1Q,18957048.292079
KR0073,교보생명보험,X,생명보험,22,투자계약부채,부채,2,2026.2Q,18105692.745238
KR0073,교보생명보험,X,생명보험,23,차입부채,부채,2,2023.1Q,930000.0
KR0073,교보생명보험,X,생명보험,23,차입부채,부채,2,2023.3Q,0.0
KR0073,교보생명보험,X,생명보험,23,차입부채,부채,2,2023.4Q,0.0
KR0073,교보생명보험,X,생명보험,23,차입부채,부채,2,2024.3Q,698039.628431
KR0073,교보생명보험,X,생명보험,23,차입부채,부채,2,2024.4Q,698079.778815
KR0073,교보생명보험,X,생명보험,23,차입부채,부채,2,2025.1Q,698120.269751
KR0073,교보생명보험,X,생명보험,23,차입부채,부채,2,2025.2Q,698161.389712
KR0073,교보생명보험,X,생명보험,23,차입부채,부채,2,2025.3Q,698202.859709
KR0073,교보생명보험,X,생명보험,23,차입부채,부채,2,2025.4Q,698244.779146
KR0073,교보생명보험,X,생명보험,23,차입부채,부채,2,2026.1Q,1048287.05414
KR0073,교보생명보험,X,생명보험,23,차입부채,부채,2,2026.2Q,2848329.985874
KR0073,교보생명보험,X,생명보험,24,기타부채,부채,2,2023.1Q,79948.087382
KR0073,교보생명보험,X,생명보험,24,기타부채,부채,2,2023.2Q,69305.497645
KR0073,교보생명보험,X,생명보험,24,기타부채,부채,2,2023.3Q,79741.346319
KR0073,교보생명보험,X,생명보험,24,기타부채,부채,2,2023.4Q,97681.927809
KR0073,교보생명보험,X,생명보험,24,기타부채,부채,2,2024.1Q,84368.213578
KR0073,교보생명보험,X,생명보험,24,기타부채,부채,2,2024.2Q,66193.714436
KR0073,교보생명보험,X,생명보험,24,기타부채,부채,2,2024.3Q,74583.494905
KR0073,교보생명보험,X,생명보험,24,기타부채,부채,2,2024.4Q,80956.755099
KR0073,교보생명보험,X,생명보험,24,기타부채,부채,2,2025.1Q,90101.864981
KR0073,교보생명보험,X,생명보험,24,기타부채,부채,2,2025.2Q,72157.028964
KR0073,교보생명보험,X,생명보험,24,기타부채,부채,2,2025.3Q,68619.915443
KR0073,교보생명보험,X,생명보험,24,기타부채,부채,2,2025.4Q,65069.096906
KR0073,교보생명보험,X,생명보험,24,기타부채,부채,2,2026.1Q,76346.566371
KR0073,교보생명보험,X,생명보험,24,기타부채,부채,2,2026.2Q,77010.340663
KR0073,교보생명보험,X,생명보험,30,자본금,자본,2,2023.1Q,102500.0
KR0073,교보생명보험,X,생명보험,30,자본금,자본,2,2023.2Q,102500.0
KR0073,교보생명보험,X,생명보험,30,자본금,자본,2,2023.3Q,102500.0
KR0073,교보생명보험,X,생명보험,30,자본금,자본,2,2023.4Q,102500.0
KR0073,교보생명보험,X,생명보험,30,자본금,자본,2,2024.1Q,102500.0
KR0073,교보생명보험,X,생명보험,30,자본금,자본,2,2024.2Q,102500.0
KR0073,교보생명보험,X,생명보험,30,자본금,자본,2,2024.3Q,102500.0
KR0073,교보생명보험,X,생명보험,30,자본금,자본,2,2024.4Q,102500.0
KR0073,교보생명보험,X,생명보험,30,자본금,자본,2,2025.1Q,102500.0
KR0073,교보생명보험,X,생명보험,30,자본금,자본,2,2025.2Q,102500.0
KR0073,교보생명보험,X,생명보험,30,자본금,자본,2,2025.3Q,102500.0
KR0073,교보생명보험,X,생명보험,30,자본금,자본,2,2025.4Q,102500.0
KR0073,교보생명보험,X,생명보험,30,자본금,자본,2,2026.1Q,102500.0
KR0073,교보생명보험,X,생명보험,30,자본금,자본,2,2026.2Q,102500.0
KR0073,교보생명보험,X,생명보험,31,이익잉여금,자본,2,2023.1Q,6527828.730024
KR0073,교보생명보험,X,생명보험,31,이익잉여금,자본,2,2023.2Q,6717092.65668
KR0073,교보생명보험,X,생명보험,31,이익잉여금,자본,2,2023.3Q,6390032.162145
KR0073,교보생명보험,X,생명보험,31,이익잉여금,자본,2,2023.4Q,6213762.493004
KR0073,교보생명보험,X,생명보험,31,이익잉여금,자본,2,2024.1Q,6503355.212597
KR0073,교보생명보험,X,생명보험,31,이익잉여금,자본,2,2024.2Q,6777708.701862
KR0073,교보생명보험,X,생명보험,31,이익잉여금,자본,2,2024.3Q,7301790.649391
KR0073,교보생명보험,X,생명보험,31,이익잉여금,자본,2,2024.4Q,7034002.116592
KR0073,교보생명보험,X,생명보험,31,이익잉여금,자본,2,2025.1Q,7199743.366868
KR0073,교보생명보험,X,생명보험,31,이익잉여금,자본,2,2025.2Q,7441652.486049
KR0073,교보생명보험,X,생명보험,31,이익잉여금,자본,2,2025.3Q,7674535.551566
KR0073,교보생명보험,X,생명보험,31,이익잉여금,자본,2,2025.4Q,7575782.433959
KR0073,교보생명보험,X,생명보험,31,이익잉여금,자본,2,2026.1Q,7754838.937653
KR0073,교보생명보험,X,생명보험,31,이익잉여금,자본,2,2026.2Q,7877778.63352
KR0074,라이나생명보험,X,생명보험,1,자산총계,자산,1,2022.4Q,5563455.920764
KR0074,라이나생명보험,X,생명보험,1,자산총계,자산,1,2023.4Q,5727196.565913
KR0074,라이나생명보험,X,생명보험,1,자산총계,자산,1,2024.4Q,8865600.379577
KR0074,라이나생명보험,X,생명보험,1,자산총계,자산,1,2025.4Q,8642262.568948
KR0074,라이나생명보험,X,생명보험,2,부채총계,부채,1,2022.4Q,3867820.92418
KR0074,라이나생명보험,X,생명보험,2,부채총계,부채,1,2023.4Q,1573409.122821
KR0074,라이나생명보험,X,생명보험,2,부채총계,부채,1,2024.4Q,2757586.935943
KR0074,라이나생명보험,X,생명보험,2,부채총계,부채,1,2025.4Q,2634500.820638
KR0074,라이나생명보험,X,생명보험,3,자본총계,자본,1,2022.4Q,1695634.996584
KR0074,라이나생명보험,X,생명보험,3,자본총계,자본,1,2023.4Q,4153787.443092
KR0074,라이나생명보험,X,생명보험,3,자본총계,자본,1,2024.4Q,6108013.443634
KR0074,라이나생명보험,X,생명보험,3,자본총계,자본,1,2025.4Q,6007761.74831
KR0074,라이나생명보험,X,생명보험,4,기타포괄손익 누계액,자본,2,2022.4Q,-187066.903149
KR0074,라이나생명보험,X,생명보험,4,기타포괄손익 누계액,자본,2,2023.4Q,210420.831461
KR0074,라이나생명보험,X,생명보험,4,기타포괄손익 누계액,자본,2,2024.4Q,177093.136067
KR0074,라이나생명보험,X,생명보험,4,기타포괄손익 누계액,자본,2,2025.4Q,20399.57093
KR0074,라이나생명보험,X,생명보험,5,해약환급금준비금 적립액,준비금,2,2023.4Q,2251255.583
KR0074,라이나생명보험,X,생명보험,5,해약환급금준비금 적립액,준비금,2,2024.1Q,2251255.583
KR0074,라이나생명보험,X,생명보험,5,해약환급금준비금 적립액,준비금,2,2024.2Q,2251255.583
KR0074,라이나생명보험,X,생명보험,5,해약환급금준비금 적립액,준비금,2,2024.3Q,2251255.583
KR0074,라이나생명보험,X,생명보험,5,해약환급금준비금 적립액,준비금,2,2024.4Q,3720602.949
KR0074,라이나생명보험,X,생명보험,5,해약환급금준비금 적립액,준비금,2,2025.1Q,3720602.949
KR0074,라이나생명보험,X,생명보험,5,해약환급금준비금 적립액,준비금,2,2025.2Q,3720602.949
KR0074,라이나생명보험,X,생명보험,5,해약환급금준비금 적립액,준비금,2,2025.3Q,3720602.949
KR0074,라이나생명보험,X,생명보험,5,해약환급금준비금 적립액,준비금,2,2025.4Q,3939467.78
KR0074,라이나생명보험,X,생명보험,5,해약환급금준비금 적립액,준비금,2,2026.1Q,3939467.78
KR0074,라이나생명보험,X,생명보험,5,해약환급금준비금 적립액,준비금,2,2026.2Q,3939467.78
KR0074,라이나생명보험,X,생명보험,7,대손준비금 적립액,준비금,2,2022.4Q,945.982
KR0074,라이나생명보험,X,생명보험,7,대손준비금 적립액,준비금,2,2023.1Q,945.982
KR0074,라이나생명보험,X,생명보험,7,대손준비금 적립액,준비금,2,2023.2Q,945.982
KR0074,라이나생명보험,X,생명보험,7,대손준비금 적립액,준비금,2,2023.3Q,945.982
KR0074,라이나생명보험,X,생명보험,7,대손준비금 적립액,준비금,2,2023.4Q,101.343
KR0074,라이나생명보험,X,생명보험,7,대손준비금 적립액,준비금,2,2024.1Q,101.343
KR0074,라이나생명보험,X,생명보험,7,대손준비금 적립액,준비금,2,2024.2Q,101.343
KR0074,라이나생명보험,X,생명보험,7,대손준비금 적립액,준비금,2,2024.3Q,101.343
KR0074,라이나생명보험,X,생명보험,7,대손준비금 적립액,준비금,2,2024.4Q,53.781
KR0074,라이나생명보험,X,생명보험,7,대손준비금 적립액,준비금,2,2025.1Q,53.781
KR0074,라이나생명보험,X,생명보험,7,대손준비금 적립액,준비금,2,2025.2Q,53.781
KR0074,라이나생명보험,X,생명보험,7,대손준비금 적립액,준비금,2,2025.3Q,53.781
KR0074,라이나생명보험,X,생명보험,7,대손준비금 적립액,준비금,2,2025.4Q,40.971
KR0074,라이나생명보험,X,생명보험,7,대손준비금 적립액,준비금,2,2026.1Q,40.971
KR0074,라이나생명보험,X,생명보험,7,대손준비금 적립액,준비금,2,2026.2Q,40.971
KR0074,라이나생명보험,X,생명보험,8,보증준비금 적립액,준비금,2,2023.4Q,2847.006
KR0074,라이나생명보험,X,생명보험,8,보증준비금 적립액,준비금,2,2024.1Q,2847.006
KR0074,라이나생명보험,X,생명보험,8,보증준비금 적립액,준비금,2,2024.2Q,2847.006
KR0074,라이나생명보험,X,생명보험,8,보증준비금 적립액,준비금,2,2024.3Q,2847.006
KR0074,라이나생명보험,X,생명보험,8,보증준비금 적립액,준비금,2,2024.4Q,2766.283
KR0074,라이나생명보험,X,생명보험,8,보증준비금 적립액,준비금,2,2025.1Q,2766.283
KR0074,라이나생명보험,X,생명보험,8,보증준비금 적립액,준비금,2,2025.2Q,2766.283
KR0074,라이나생명보험,X,생명보험,8,보증준비금 적립액,준비금,2,2025.3Q,2766.283
KR0074,라이나생명보험,X,생명보험,8,보증준비금 적립액,준비금,2,2025.4Q,2713.83
KR0074,라이나생명보험,X,생명보험,8,보증준비금 적립액,준비금,2,2026.1Q,2713.83
KR0074,라이나생명보험,X,생명보험,8,보증준비금 적립액,준비금,2,2026.2Q,2713.83
KR0074,라이나생명보험,X,생명보험,10,현금및현금성자산,자산,2,2022.4Q,121449.801157
KR0074,라이나생명보험,X,생명보험,10,현금및현금성자산,자산,2,2023.4Q,149068.028331
KR0074,라이나생명보험,X,생명보험,10,현금및현금성자산,자산,2,2024.4Q,147332.402421
KR0074,라이나생명보험,X,생명보험,10,현금및현금성자산,자산,2,2025.4Q,119915.133175
KR0074,라이나생명보험,X,생명보험,11,당기손익-공정가치측정금융자산,자산,2,2023.4Q,1607376.305599
KR0074,라이나생명보험,X,생명보험,11,당기손익-공정가치측정금융자산,자산,2,2024.4Q,1790165.888487
KR0074,라이나생명보험,X,생명보험,11,당기손익-공정가치측정금융자산,자산,2,2025.4Q,1809635.376881
KR0074,라이나생명보험,X,생명보험,12,기타포괄손익-공정가치측정금융자산,자산,2,2023.4Q,3428242.656617
KR0074,라이나생명보험,X,생명보험,12,기타포괄손익-공정가치측정금융자산,자산,2,2024.4Q,4225046.888099
KR0074,라이나생명보험,X,생명보험,12,기타포괄손익-공정가치측정금융자산,자산,2,2025.4Q,4049152.99823
KR0074,라이나생명보험,X,생명보험,13,상각후원가측정금융자산,자산,2,2023.4Q,38132.617189
KR0074,라이나생명보험,X,생명보험,13,상각후원가측정금융자산,자산,2,2024.4Q,42791.29585
KR0074,라이나생명보험,X,생명보험,13,상각후원가측정금융자산,자산,2,2025.4Q,45519.511648
KR0074,라이나생명보험,X,생명보험,14,재보험계약자산,자산,2,2024.4Q,33906.085177
KR0074,라이나생명보험,X,생명보험,14,재보험계약자산,자산,2,2025.4Q,47414.125033
KR0074,라이나생명보험,X,생명보험,15,유형자산,자산,2,2022.4Q,192919.12539
KR0074,라이나생명보험,X,생명보험,15,유형자산,자산,2,2023.4Q,147226.408448
KR0074,라이나생명보험,X,생명보험,15,유형자산,자산,2,2024.4Q,129800.937598
KR0074,라이나생명보험,X,생명보험,15,유형자산,자산,2,2025.4Q,131877.531897
KR0074,라이나생명보험,X,생명보험,20,보험계약부채,부채,2,2022.4Q,3515576.506001
KR0074,라이나생명보험,X,생명보험,20,보험계약부채,부채,2,2023.4Q,698047.642799
KR0074,라이나생명보험,X,생명보험,20,보험계약부채,부채,2,2024.4Q,1115414.861448
KR0074,라이나생명보험,X,생명보험,20,보험계약부채,부채,2,2025.4Q,1380628.432889
KR0074,라이나생명보험,X,생명보험,21,재보험계약부채,부채,2,2023.4Q,44946.702495
KR0074,라이나생명보험,X,생명보험,21,재보험계약부채,부채,2,2024.4Q,10217.399561
KR0074,라이나생명보험,X,생명보험,21,재보험계약부채,부채,2,2025.4Q,10986.376181
KR0074,라이나생명보험,X,생명보험,24,기타부채,부채,2,2022.4Q,38712.640927
KR0074,라이나생명보험,X,생명보험,24,기타부채,부채,2,2023.4Q,29002.472331
KR0074,라이나생명보험,X,생명보험,24,기타부채,부채,2,2024.4Q,35173.019144
KR0074,라이나생명보험,X,생명보험,24,기타부채,부채,2,2025.4Q,32173.696074
KR0074,라이나생명보험,X,생명보험,30,자본금,자본,2,2022.4Q,34860.0
KR0074,라이나생명보험,X,생명보험,30,자본금,자본,2,2023.4Q,34860.0
KR0074,라이나생명보험,X,생명보험,30,자본금,자본,2,2024.4Q,34860.0
KR0074,라이나생명보험,X,생명보험,30,자본금,자본,2,2025.4Q,34860.0
KR0074,라이나생명보험,X,생명보험,31,이익잉여금,자본,2,2022.4Q,1816008.895342
KR0074,라이나생명보험,X,생명보험,31,이익잉여금,자본,2,2023.4Q,3876673.60724
KR0074,라이나생명보험,X,생명보험,31,이익잉여금,자본,2,2024.4Q,5864227.303176
KR0074,라이나생명보험,X,생명보험,31,이익잉여금,자본,2,2025.4Q,5920669.172989
KR0075,비엔피파리바카디프생명보험,X,생명보험,5,해약환급금준비금 적립액,준비금,2,2024.4Q,0.0
KR0075,비엔피파리바카디프생명보험,X,생명보험,5,해약환급금준비금 적립액,준비금,2,2025.1Q,0.0
KR0075,비엔피파리바카디프생명보험,X,생명보험,5,해약환급금준비금 적립액,준비금,2,2025.2Q,0.0
KR0075,비엔피파리바카디프생명보험,X,생명보험,5,해약환급금준비금 적립액,준비금,2,2025.3Q,0.0
KR0075,비엔피파리바카디프생명보험,X,생명보험,5,해약환급금준비금 적립액,준비금,2,2025.4Q,0.0
KR0075,비엔피파리바카디프생명보험,X,생명보험,5,해약환급금준비금 적립액,준비금,2,2026.1Q,0.0
KR0075,비엔피파리바카디프생명보험,X,생명보험,5,해약환급금준비금 적립액,준비금,2,2026.2Q,0.0
KR0075,비엔피파리바카디프생명보험,X,생명보험,7,대손준비금 적립액,준비금,2,2024.4Q,166.46
KR0075,비엔피파리바카디프생명보험,X,생명보험,7,대손준비금 적립액,준비금,2,2025.1Q,166.46
KR0075,비엔피파리바카디프생명보험,X,생명보험,7,대손준비금 적립액,준비금,2,2025.2Q,166.46
KR0075,비엔피파리바카디프생명보험,X,생명보험,7,대손준비금 적립액,준비금,2,2025.3Q,166.46
KR0075,비엔피파리바카디프생명보험,X,생명보험,7,대손준비금 적립액,준비금,2,2025.4Q,166.46
KR0075,비엔피파리바카디프생명보험,X,생명보험,7,대손준비금 적립액,준비금,2,2026.1Q,166.46
KR0075,비엔피파리바카디프생명보험,X,생명보험,7,대손준비금 적립액,준비금,2,2026.2Q,166.46
KR0076,아이엠라이프생명보험,X,생명보험,1,자산총계,자산,1,2022.4Q,6702090.088696
KR0076,아이엠라이프생명보험,X,생명보험,1,자산총계,자산,1,2023.4Q,6037874.056992
KR0076,아이엠라이프생명보험,X,생명보험,1,자산총계,자산,1,2024.4Q,6643886.844926
KR0076,아이엠라이프생명보험,X,생명보험,1,자산총계,자산,1,2025.4Q,6835036.115448
KR0076,아이엠라이프생명보험,X,생명보험,2,부채총계,부채,1,2022.4Q,6436658.239696
KR0076,아이엠라이프생명보험,X,생명보험,2,부채총계,부채,1,2023.4Q,5520870.786088
KR0076,아이엠라이프생명보험,X,생명보험,2,부채총계,부채,1,2024.4Q,6362627.076067
KR0076,아이엠라이프생명보험,X,생명보험,2,부채총계,부채,1,2025.4Q,6595140.743666
KR0076,아이엠라이프생명보험,X,생명보험,3,자본총계,자본,1,2022.4Q,265431.849
KR0076,아이엠라이프생명보험,X,생명보험,3,자본총계,자본,1,2023.4Q,517003.270904
KR0076,아이엠라이프생명보험,X,생명보험,3,자본총계,자본,1,2024.4Q,281259.768859
KR0076,아이엠라이프생명보험,X,생명보험,3,자본총계,자본,1,2025.4Q,239895.371782
KR0076,아이엠라이프생명보험,X,생명보험,4,기타포괄손익 누계액,자본,2,2022.4Q,-414604.311145
KR0076,아이엠라이프생명보험,X,생명보험,4,기타포괄손익 누계액,자본,2,2023.4Q,-261543.059243
KR0076,아이엠라이프생명보험,X,생명보험,4,기타포괄손익 누계액,자본,2,2024.4Q,-554715.255794
KR0076,아이엠라이프생명보험,X,생명보험,4,기타포괄손익 누계액,자본,2,2025.4Q,-616988.962157
KR0076,아이엠라이프생명보험,X,생명보험,5,해약환급금준비금 적립액,준비금,2,2023.4Q,12137.0
KR0076,아이엠라이프생명보험,X,생명보험,5,해약환급금준비금 적립액,준비금,2,2024.1Q,12137.0
KR0076,아이엠라이프생명보험,X,생명보험,5,해약환급금준비금 적립액,준비금,2,2024.2Q,12137.0
KR0076,아이엠라이프생명보험,X,생명보험,5,해약환급금준비금 적립액,준비금,2,2024.3Q,12137.0
KR0076,아이엠라이프생명보험,X,생명보험,5,해약환급금준비금 적립액,준비금,2,2024.4Q,92185.0
KR0076,아이엠라이프생명보험,X,생명보험,5,해약환급금준비금 적립액,준비금,2,2025.1Q,92185.0
KR0076,아이엠라이프생명보험,X,생명보험,5,해약환급금준비금 적립액,준비금,2,2025.2Q,92185.0
KR0076,아이엠라이프생명보험,X,생명보험,5,해약환급금준비금 적립액,준비금,2,2025.3Q,92185.0
KR0076,아이엠라이프생명보험,X,생명보험,5,해약환급금준비금 적립액,준비금,2,2025.4Q,185944.0
KR0076,아이엠라이프생명보험,X,생명보험,5,해약환급금준비금 적립액,준비금,2,2026.1Q,185944.0
KR0076,아이엠라이프생명보험,X,생명보험,5,해약환급금준비금 적립액,준비금,2,2026.2Q,185944.0
KR0076,아이엠라이프생명보험,X,생명보험,7,대손준비금 적립액,준비금,2,2022.4Q,4477.0
KR0076,아이엠라이프생명보험,X,생명보험,7,대손준비금 적립액,준비금,2,2023.1Q,4477.0
KR0076,아이엠라이프생명보험,X,생명보험,7,대손준비금 적립액,준비금,2,2023.2Q,4477.0
KR0076,아이엠라이프생명보험,X,생명보험,7,대손준비금 적립액,준비금,2,2023.3Q,4477.0
KR0076,아이엠라이프생명보험,X,생명보험,7,대손준비금 적립액,준비금,2,2023.4Q,293.0
KR0076,아이엠라이프생명보험,X,생명보험,7,대손준비금 적립액,준비금,2,2024.1Q,293.0
KR0076,아이엠라이프생명보험,X,생명보험,7,대손준비금 적립액,준비금,2,2024.2Q,293.0
KR0076,아이엠라이프생명보험,X,생명보험,7,대손준비금 적립액,준비금,2,2024.3Q,293.0
KR0076,아이엠라이프생명보험,X,생명보험,7,대손준비금 적립액,준비금,2,2024.4Q,0.0
KR0076,아이엠라이프생명보험,X,생명보험,7,대손준비금 적립액,준비금,2,2025.1Q,0.0
KR0076,아이엠라이프생명보험,X,생명보험,7,대손준비금 적립액,준비금,2,2025.2Q,0.0
KR0076,아이엠라이프생명보험,X,생명보험,7,대손준비금 적립액,준비금,2,2025.3Q,0.0
KR0076,아이엠라이프생명보험,X,생명보험,7,대손준비금 적립액,준비금,2,2025.4Q,0.0
KR0076,아이엠라이프생명보험,X,생명보험,7,대손준비금 적립액,준비금,2,2026.1Q,0.0
KR0076,아이엠라이프생명보험,X,생명보험,7,대손준비금 적립액,준비금,2,2026.2Q,0.0
KR0076,아이엠라이프생명보험,X,생명보험,8,보증준비금 적립액,준비금,2,2023.4Q,116527.0
KR0076,아이엠라이프생명보험,X,생명보험,8,보증준비금 적립액,준비금,2,2024.1Q,116527.0
KR0076,아이엠라이프생명보험,X,생명보험,8,보증준비금 적립액,준비금,2,2024.2Q,116527.0
KR0076,아이엠라이프생명보험,X,생명보험,8,보증준비금 적립액,준비금,2,2024.3Q,116527.0
KR0076,아이엠라이프생명보험,X,생명보험,8,보증준비금 적립액,준비금,2,2024.4Q,134740.0
KR0076,아이엠라이프생명보험,X,생명보험,8,보증준비금 적립액,준비금,2,2025.1Q,134740.0
KR0076,아이엠라이프생명보험,X,생명보험,8,보증준비금 적립액,준비금,2,2025.2Q,134740.0
KR0076,아이엠라이프생명보험,X,생명보험,8,보증준비금 적립액,준비금,2,2025.3Q,134740.0
KR0076,아이엠라이프생명보험,X,생명보험,8,보증준비금 적립액,준비금,2,2025.4Q,61990.0
KR0076,아이엠라이프생명보험,X,생명보험,8,보증준비금 적립액,준비금,2,2026.1Q,61990.0
KR0076,아이엠라이프생명보험,X,생명보험,8,보증준비금 적립액,준비금,2,2026.2Q,61990.0
KR0076,아이엠라이프생명보험,X,생명보험,10,현금및현금성자산,자산,2,2022.4Q,90074.701876
KR0076,아이엠라이프생명보험,X,생명보험,10,현금및현금성자산,자산,2,2023.4Q,182176.040791
KR0076,아이엠라이프생명보험,X,생명보험,10,현금및현금성자산,자산,2,2024.4Q,202122.254087
KR0076,아이엠라이프생명보험,X,생명보험,10,현금및현금성자산,자산,2,2025.4Q,295976.995489
KR0076,아이엠라이프생명보험,X,생명보험,11,당기손익-공정가치측정금융자산,자산,2,2022.4Q,696971.162081
KR0076,아이엠라이프생명보험,X,생명보험,11,당기손익-공정가치측정금융자산,자산,2,2023.4Q,1867096.021953
KR0076,아이엠라이프생명보험,X,생명보험,11,당기손익-공정가치측정금융자산,자산,2,2024.4Q,2253751.117045
KR0076,아이엠라이프생명보험,X,생명보험,11,당기손익-공정가치측정금융자산,자산,2,2025.4Q,2331445.880826
KR0076,아이엠라이프생명보험,X,생명보험,12,기타포괄손익-공정가치측정금융자산,자산,2,2022.4Q,1914920.110747
KR0076,아이엠라이프생명보험,X,생명보험,12,기타포괄손익-공정가치측정금융자산,자산,2,2023.4Q,3593277.786245
KR0076,아이엠라이프생명보험,X,생명보험,12,기타포괄손익-공정가치측정금융자산,자산,2,2024.4Q,3659389.513611
KR0076,아이엠라이프생명보험,X,생명보험,12,기타포괄손익-공정가치측정금융자산,자산,2,2025.4Q,3657085.668445
KR0076,아이엠라이프생명보험,X,생명보험,13,상각후원가측정금융자산,자산,2,2022.4Q,2696497.668923
KR0076,아이엠라이프생명보험,X,생명보험,13,상각후원가측정금융자산,자산,2,2023.4Q,189590.348506
KR0076,아이엠라이프생명보험,X,생명보험,13,상각후원가측정금융자산,자산,2,2024.4Q,275941.572264
KR0076,아이엠라이프생명보험,X,생명보험,13,상각후원가측정금융자산,자산,2,2025.4Q,284370.454265
KR0076,아이엠라이프생명보험,X,생명보험,14,재보험계약자산,자산,2,2023.4Q,6917.233241
KR0076,아이엠라이프생명보험,X,생명보험,14,재보험계약자산,자산,2,2024.4Q,2918.469035
KR0076,아이엠라이프생명보험,X,생명보험,14,재보험계약자산,자산,2,2025.4Q,1566.995447
KR0076,아이엠라이프생명보험,X,생명보험,15,유형자산,자산,2,2022.4Q,15371.224075
KR0076,아이엠라이프생명보험,X,생명보험,15,유형자산,자산,2,2023.4Q,12314.336316
KR0076,아이엠라이프생명보험,X,생명보험,15,유형자산,자산,2,2024.4Q,8354.568429
KR0076,아이엠라이프생명보험,X,생명보험,15,유형자산,자산,2,2025.4Q,12661.29981
KR0076,아이엠라이프생명보험,X,생명보험,20,보험계약부채,부채,2,2022.4Q,5308305.435108
KR0076,아이엠라이프생명보험,X,생명보험,20,보험계약부채,부채,2,2023.4Q,5363737.755315
KR0076,아이엠라이프생명보험,X,생명보험,20,보험계약부채,부채,2,2024.4Q,6062986.196636
KR0076,아이엠라이프생명보험,X,생명보험,21,재보험계약부채,부채,2,2023.4Q,10879.185544
KR0076,아이엠라이프생명보험,X,생명보험,21,재보험계약부채,부채,2,2024.4Q,12022.048754
KR0076,아이엠라이프생명보험,X,생명보험,21,재보험계약부채,부채,2,2025.4Q,17409.295445
KR0076,아이엠라이프생명보험,X,생명보험,23,차입부채,부채,2,2022.4Q,99729.362186
KR0076,아이엠라이프생명보험,X,생명보험,23,차입부채,부채,2,2023.4Q,49894.57282
KR0076,아이엠라이프생명보험,X,생명보험,23,차입부채,부채,2,2024.4Q,149617.231931
KR0076,아이엠라이프생명보험,X,생명보험,23,차입부채,부채,2,2025.4Q,224568.613178
KR0076,아이엠라이프생명보험,X,생명보험,24,기타부채,부채,2,2022.4Q,26633.305268
KR0076,아이엠라이프생명보험,X,생명보험,24,기타부채,부채,2,2023.4Q,2537.510577
KR0076,아이엠라이프생명보험,X,생명보험,24,기타부채,부채,2,2024.4Q,3078.218817
KR0076,아이엠라이프생명보험,X,생명보험,24,기타부채,부채,2,2025.4Q,2692.537398
KR0076,아이엠라이프생명보험,X,생명보험,30,자본금,자본,2,2022.4Q,290649.565
KR0076,아이엠라이프생명보험,X,생명보험,30,자본금,자본,2,2023.4Q,302281.525
KR0076,아이엠라이프생명보험,X,생명보험,30,자본금,자본,2,2024.4Q,302281.525
KR0076,아이엠라이프생명보험,X,생명보험,30,자본금,자본,2,2025.4Q,302281.525
KR0076,아이엠라이프생명보험,X,생명보험,31,이익잉여금,자본,2,2022.4Q,91338.247922
KR0076,아이엠라이프생명보험,X,생명보험,31,이익잉여금,자본,2,2023.4Q,169942.5759
KR0076,아이엠라이프생명보험,X,생명보험,31,이익잉여금,자본,2,2024.4Q,227371.270406
KR0076,아이엠라이프생명보험,X,생명보험,31,이익잉여금,자본,2,2025.4Q,248280.579692
KR0079,미래에셋생명보험,085620,생명보험,1,자산총계,자산,1,2023.1Q,33188650.467659
KR0079,미래에셋생명보험,085620,생명보험,1,자산총계,자산,1,2023.2Q,33053385.020776
KR0079,미래에셋생명보험,085620,생명보험,1,자산총계,자산,1,2023.3Q,32111059.738975
KR0079,미래에셋생명보험,085620,생명보험,1,자산총계,자산,1,2023.4Q,33046193.024997
KR0079,미래에셋생명보험,085620,생명보험,1,자산총계,자산,1,2024.1Q,32333017.256452
KR0079,미래에셋생명보험,085620,생명보험,1,자산총계,자산,1,2024.2Q,32188592.706805
KR0079,미래에셋생명보험,085620,생명보험,1,자산총계,자산,1,2024.3Q,32232652.833785
KR0079,미래에셋생명보험,085620,생명보험,1,자산총계,자산,1,2024.4Q,32404438.804746
KR0079,미래에셋생명보험,085620,생명보험,1,자산총계,자산,1,2025.1Q,32214588.505664
KR0079,미래에셋생명보험,085620,생명보험,1,자산총계,자산,1,2025.2Q,32215468.491141
KR0079,미래에셋생명보험,085620,생명보험,1,자산총계,자산,1,2025.3Q,33165463.238684
KR0079,미래에셋생명보험,085620,생명보험,1,자산총계,자산,1,2025.4Q,32855181.935106
KR0079,미래에셋생명보험,085620,생명보험,1,자산총계,자산,1,2026.1Q,32201238.251402
KR0079,미래에셋생명보험,085620,생명보험,1,자산총계,자산,1,2026.2Q,34264164.8581
KR0079,미래에셋생명보험,085620,생명보험,2,부채총계,부채,1,2023.1Q,30322482.178092
KR0079,미래에셋생명보험,085620,생명보험,2,부채총계,부채,1,2023.2Q,30106554.59372
KR0079,미래에셋생명보험,085620,생명보험,2,부채총계,부채,1,2023.3Q,29140783.776516
KR0079,미래에셋생명보험,085620,생명보험,2,부채총계,부채,1,2023.4Q,30131929.468494
KR0079,미래에셋생명보험,085620,생명보험,2,부채총계,부채,1,2024.1Q,29705347.844146
KR0079,미래에셋생명보험,085620,생명보험,2,부채총계,부채,1,2024.2Q,29773609.255745
KR0079,미래에셋생명보험,085620,생명보험,2,부채총계,부채,1,2024.3Q,29827851.940506
KR0079,미래에셋생명보험,085620,생명보험,2,부채총계,부채,1,2024.4Q,29851200.854978
KR0079,미래에셋생명보험,085620,생명보험,2,부채총계,부채,1,2025.1Q,29747791.285061
KR0079,미래에셋생명보험,085620,생명보험,2,부채총계,부채,1,2025.2Q,29744745.599781
KR0079,미래에셋생명보험,085620,생명보험,2,부채총계,부채,1,2025.3Q,30683351.810687
KR0079,미래에셋생명보험,085620,생명보험,2,부채총계,부채,1,2025.4Q,30418680.379437
KR0079,미래에셋생명보험,085620,생명보험,2,부채총계,부채,1,2026.1Q,29807737.405234
KR0079,미래에셋생명보험,085620,생명보험,2,부채총계,부채,1,2026.2Q,31861700.814149
KR0079,미래에셋생명보험,085620,생명보험,3,자본총계,자본,1,2023.1Q,2866168.289567
KR0079,미래에셋생명보험,085620,생명보험,3,자본총계,자본,1,2023.2Q,2946830.427056
KR0079,미래에셋생명보험,085620,생명보험,3,자본총계,자본,1,2023.3Q,2970275.962459
KR0079,미래에셋생명보험,085620,생명보험,3,자본총계,자본,1,2023.4Q,2914263.556503
KR0079,미래에셋생명보험,085620,생명보험,3,자본총계,자본,1,2024.1Q,2627669.412306
KR0079,미래에셋생명보험,085620,생명보험,3,자본총계,자본,1,2024.2Q,2414983.45106
KR0079,미래에셋생명보험,085620,생명보험,3,자본총계,자본,1,2024.3Q,2404800.893279
KR0079,미래에셋생명보험,085620,생명보험,3,자본총계,자본,1,2024.4Q,2553237.949768
KR0079,미래에셋생명보험,085620,생명보험,3,자본총계,자본,1,2025.1Q,2466797.220603
KR0079,미래에셋생명보험,085620,생명보험,3,자본총계,자본,1,2025.2Q,2470722.89136
KR0079,미래에셋생명보험,085620,생명보험,3,자본총계,자본,1,2025.3Q,2482111.427997
KR0079,미래에셋생명보험,085620,생명보험,3,자본총계,자본,1,2025.4Q,2436501.555669
KR0079,미래에셋생명보험,085620,생명보험,3,자본총계,자본,1,2026.1Q,2393500.846168
KR0079,미래에셋생명보험,085620,생명보험,3,자본총계,자본,1,2026.2Q,2402464.043951
KR0079,미래에셋생명보험,085620,생명보험,4,기타포괄손익 누계액,자본,2,2023.1Q,351027.063786
KR0079,미래에셋생명보험,085620,생명보험,4,기타포괄손익 누계액,자본,2,2023.2Q,386354.006891
KR0079,미래에셋생명보험,085620,생명보험,4,기타포괄손익 누계액,자본,2,2023.3Q,421884.570458
KR0079,미래에셋생명보험,085620,생명보험,4,기타포괄손익 누계액,자본,2,2023.4Q,400103.553823
KR0079,미래에셋생명보험,085620,생명보험,4,기타포괄손익 누계액,자본,2,2024.1Q,74074.074779
KR0079,미래에셋생명보험,085620,생명보험,4,기타포괄손익 누계액,자본,2,2024.2Q,-157827.352999
KR0079,미래에셋생명보험,085620,생명보험,4,기타포괄손익 누계액,자본,2,2024.3Q,-171531.040273
KR0079,미래에셋생명보험,085620,생명보험,4,기타포괄손익 누계액,자본,2,2024.4Q,-190609.909176
KR0079,미래에셋생명보험,085620,생명보험,4,기타포괄손익 누계액,자본,2,2025.1Q,-301370.406516
KR0079,미래에셋생명보험,085620,생명보험,4,기타포괄손익 누계액,자본,2,2025.2Q,-347798.366721
KR0079,미래에셋생명보험,085620,생명보험,4,기타포괄손익 누계액,자본,2,2025.3Q,-382933.654079
KR0079,미래에셋생명보험,085620,생명보험,4,기타포괄손익 누계액,자본,2,2025.4Q,-432246.692496
KR0079,미래에셋생명보험,085620,생명보험,4,기타포괄손익 누계액,자본,2,2026.1Q,-524743.402379
KR0079,미래에셋생명보험,085620,생명보험,4,기타포괄손익 누계액,자본,2,2026.2Q,-490078.27441
KR0079,미래에셋생명보험,085620,생명보험,5,해약환급금준비금 적립액,준비금,2,2023.1Q,768764.0
KR0079,미래에셋생명보험,085620,생명보험,5,해약환급금준비금 적립액,준비금,2,2023.2Q,796955.0
KR0079,미래에셋생명보험,085620,생명보험,5,해약환급금준비금 적립액,준비금,2,2023.3Q,845009.0
KR0079,미래에셋생명보험,085620,생명보험,5,해약환급금준비금 적립액,준비금,2,2023.4Q,900203.422735
KR0079,미래에셋생명보험,085620,생명보험,5,해약환급금준비금 적립액,준비금,2,2024.1Q,949080.859423
KR0079,미래에셋생명보험,085620,생명보험,5,해약환급금준비금 적립액,준비금,2,2024.2Q,990284.0
KR0079,미래에셋생명보험,085620,생명보험,5,해약환급금준비금 적립액,준비금,2,2024.3Q,1039089.0
KR0079,미래에셋생명보험,085620,생명보험,5,해약환급금준비금 적립액,준비금,2,2024.4Q,992343.0
KR0079,미래에셋생명보험,085620,생명보험,5,해약환급금준비금 적립액,준비금,2,2025.1Q,1031843.0
KR0079,미래에셋생명보험,085620,생명보험,5,해약환급금준비금 적립액,준비금,2,2025.2Q,1075511.159716
KR0079,미래에셋생명보험,085620,생명보험,5,해약환급금준비금 적립액,준비금,2,2025.3Q,1147657.428006
KR0079,미래에셋생명보험,085620,생명보험,5,해약환급금준비금 적립액,준비금,2,2025.4Q,1219968.190692
KR0079,미래에셋생명보험,085620,생명보험,5,해약환급금준비금 적립액,준비금,2,2026.1Q,1309943.330217
KR0079,미래에셋생명보험,085620,생명보험,5,해약환급금준비금 적립액,준비금,2,2026.2Q,1388869.148769
KR0079,미래에셋생명보험,085620,생명보험,7,대손준비금 적립액,준비금,2,2023.1Q,15771.0
KR0079,미래에셋생명보험,085620,생명보험,7,대손준비금 적립액,준비금,2,2023.2Q,18575.0
KR0079,미래에셋생명보험,085620,생명보험,7,대손준비금 적립액,준비금,2,2023.3Q,15574.0
KR0079,미래에셋생명보험,085620,생명보험,7,대손준비금 적립액,준비금,2,2023.4Q,39620.620866
KR0079,미래에셋생명보험,085620,생명보험,7,대손준비금 적립액,준비금,2,2024.1Q,18403.451012
KR0079,미래에셋생명보험,085620,생명보험,7,대손준비금 적립액,준비금,2,2024.2Q,17481.0
KR0079,미래에셋생명보험,085620,생명보험,7,대손준비금 적립액,준비금,2,2024.3Q,15765.0
KR0079,미래에셋생명보험,085620,생명보험,7,대손준비금 적립액,준비금,2,2024.4Q,13211.0
KR0079,미래에셋생명보험,085620,생명보험,7,대손준비금 적립액,준비금,2,2025.1Q,11362.0
KR0079,미래에셋생명보험,085620,생명보험,7,대손준비금 적립액,준비금,2,2025.2Q,10539.449002
KR0079,미래에셋생명보험,085620,생명보험,7,대손준비금 적립액,준비금,2,2025.3Q,10098.738398
KR0079,미래에셋생명보험,085620,생명보험,7,대손준비금 적립액,준비금,2,2025.4Q,8123.0394
KR0079,미래에셋생명보험,085620,생명보험,7,대손준비금 적립액,준비금,2,2026.1Q,8197.574583
KR0079,미래에셋생명보험,085620,생명보험,7,대손준비금 적립액,준비금,2,2026.2Q,8578.163324
KR0079,미래에셋생명보험,085620,생명보험,8,보증준비금 적립액,준비금,2,2023.1Q,156679.0
KR0079,미래에셋생명보험,085620,생명보험,8,보증준비금 적립액,준비금,2,2023.2Q,159254.0
KR0079,미래에셋생명보험,085620,생명보험,8,보증준비금 적립액,준비금,2,2023.3Q,163566.0
KR0079,미래에셋생명보험,085620,생명보험,8,보증준비금 적립액,준비금,2,2023.4Q,168173.918393
KR0079,미래에셋생명보험,085620,생명보험,8,보증준비금 적립액,준비금,2,2024.1Q,171703.366301
KR0079,미래에셋생명보험,085620,생명보험,8,보증준비금 적립액,준비금,2,2024.2Q,175398.0
KR0079,미래에셋생명보험,085620,생명보험,8,보증준비금 적립액,준비금,2,2024.3Q,179941.0
KR0079,미래에셋생명보험,085620,생명보험,8,보증준비금 적립액,준비금,2,2024.4Q,183597.0
KR0079,미래에셋생명보험,085620,생명보험,8,보증준비금 적립액,준비금,2,2025.1Q,171727.0
KR0079,미래에셋생명보험,085620,생명보험,8,보증준비금 적립액,준비금,2,2025.2Q,192939.255492
KR0079,미래에셋생명보험,085620,생명보험,8,보증준비금 적립액,준비금,2,2025.3Q,196800.675018
KR0079,미래에셋생명보험,085620,생명보험,8,보증준비금 적립액,준비금,2,2025.4Q,201039.498136
KR0079,미래에셋생명보험,085620,생명보험,8,보증준비금 적립액,준비금,2,2026.1Q,204079.070585
KR0079,미래에셋생명보험,085620,생명보험,8,보증준비금 적립액,준비금,2,2026.2Q,206883.737089
KR0079,미래에셋생명보험,085620,생명보험,10,현금및현금성자산,자산,2,2023.1Q,633738.528618
KR0079,미래에셋생명보험,085620,생명보험,10,현금및현금성자산,자산,2,2023.2Q,519507.409762
KR0079,미래에셋생명보험,085620,생명보험,10,현금및현금성자산,자산,2,2023.3Q,507699.828147
KR0079,미래에셋생명보험,085620,생명보험,10,현금및현금성자산,자산,2,2023.4Q,1227248.463335
KR0079,미래에셋생명보험,085620,생명보험,10,현금및현금성자산,자산,2,2024.1Q,763207.047503
KR0079,미래에셋생명보험,085620,생명보험,10,현금및현금성자산,자산,2,2024.2Q,681207.694747
KR0079,미래에셋생명보험,085620,생명보험,10,현금및현금성자산,자산,2,2024.3Q,713309.680187
KR0079,미래에셋생명보험,085620,생명보험,10,현금및현금성자산,자산,2,2024.4Q,921939.699519
KR0079,미래에셋생명보험,085620,생명보험,10,현금및현금성자산,자산,2,2025.1Q,759488.89843
KR0079,미래에셋생명보험,085620,생명보험,10,현금및현금성자산,자산,2,2025.2Q,755020.186006
KR0079,미래에셋생명보험,085620,생명보험,10,현금및현금성자산,자산,2,2025.3Q,844622.819485
KR0079,미래에셋생명보험,085620,생명보험,10,현금및현금성자산,자산,2,2025.4Q,969619.998612
KR0079,미래에셋생명보험,085620,생명보험,10,현금및현금성자산,자산,2,2026.1Q,986017.364903
KR0079,미래에셋생명보험,085620,생명보험,10,현금및현금성자산,자산,2,2026.2Q,1108055.629237
KR0079,미래에셋생명보험,085620,생명보험,11,당기손익-공정가치측정금융자산,자산,2,2023.1Q,16432279.506894
KR0079,미래에셋생명보험,085620,생명보험,11,당기손익-공정가치측정금융자산,자산,2,2023.2Q,16485139.255874
KR0079,미래에셋생명보험,085620,생명보험,11,당기손익-공정가치측정금융자산,자산,2,2023.3Q,16008301.186498
KR0079,미래에셋생명보험,085620,생명보험,11,당기손익-공정가치측정금융자산,자산,2,2023.4Q,15850238.18747
KR0079,미래에셋생명보험,085620,생명보험,11,당기손익-공정가치측정금융자산,자산,2,2024.1Q,16239528.590327
KR0079,미래에셋생명보험,085620,생명보험,11,당기손익-공정가치측정금융자산,자산,2,2024.2Q,15956866.565023
KR0079,미래에셋생명보험,085620,생명보험,11,당기손익-공정가치측정금융자산,자산,2,2024.3Q,15649979.749228
KR0079,미래에셋생명보험,085620,생명보험,11,당기손익-공정가치측정금융자산,자산,2,2024.4Q,15392284.369489
KR0079,미래에셋생명보험,085620,생명보험,11,당기손익-공정가치측정금융자산,자산,2,2025.1Q,15112991.502851
KR0079,미래에셋생명보험,085620,생명보험,11,당기손익-공정가치측정금융자산,자산,2,2025.2Q,15656028.855631
KR0079,미래에셋생명보험,085620,생명보험,11,당기손익-공정가치측정금융자산,자산,2,2025.3Q,16558856.627634
KR0079,미래에셋생명보험,085620,생명보험,11,당기손익-공정가치측정금융자산,자산,2,2025.4Q,16944446.771969
KR0079,미래에셋생명보험,085620,생명보험,11,당기손익-공정가치측정금융자산,자산,2,2026.1Q,17004985.734272
KR0079,미래에셋생명보험,085620,생명보험,11,당기손익-공정가치측정금융자산,자산,2,2026.2Q,19598536.666159
KR0079,미래에셋생명보험,085620,생명보험,12,기타포괄손익-공정가치측정금융자산,자산,2,2023.1Q,11257618.893872
KR0079,미래에셋생명보험,085620,생명보험,12,기타포괄손익-공정가치측정금융자산,자산,2,2023.2Q,11286579.149371
KR0079,미래에셋생명보험,085620,생명보험,12,기타포괄손익-공정가치측정금융자산,자산,2,2023.3Q,11032722.029203
KR0079,미래에셋생명보험,085620,생명보험,12,기타포괄손익-공정가치측정금융자산,자산,2,2023.4Q,11226454.380747
KR0079,미래에셋생명보험,085620,생명보험,12,기타포괄손익-공정가치측정금융자산,자산,2,2024.1Q,10964242.30709
KR0079,미래에셋생명보험,085620,생명보험,12,기타포괄손익-공정가치측정금융자산,자산,2,2024.2Q,11285427.462307
KR0079,미래에셋생명보험,085620,생명보험,12,기타포괄손익-공정가치측정금융자산,자산,2,2024.3Q,11814069.090092
KR0079,미래에셋생명보험,085620,생명보험,12,기타포괄손익-공정가치측정금융자산,자산,2,2024.4Q,11969183.336759
KR0079,미래에셋생명보험,085620,생명보험,12,기타포괄손익-공정가치측정금융자산,자산,2,2025.1Q,12442117.804534
KR0079,미래에셋생명보험,085620,생명보험,12,기타포괄손익-공정가치측정금융자산,자산,2,2025.2Q,12053808.702816
KR0079,미래에셋생명보험,085620,생명보험,12,기타포괄손익-공정가치측정금융자산,자산,2,2025.3Q,12326566.814335
KR0079,미래에셋생명보험,085620,생명보험,12,기타포괄손익-공정가치측정금융자산,자산,2,2025.4Q,11663557.366015
KR0079,미래에셋생명보험,085620,생명보험,12,기타포괄손익-공정가치측정금융자산,자산,2,2026.1Q,11000897.152399
KR0079,미래에셋생명보험,085620,생명보험,12,기타포괄손익-공정가치측정금융자산,자산,2,2026.2Q,10360997.44462
KR0079,미래에셋생명보험,085620,생명보험,13,상각후원가측정금융자산,자산,2,2023.1Q,106223.499771
KR0079,미래에셋생명보험,085620,생명보험,13,상각후원가측정금융자산,자산,2,2023.2Q,106681.449815
KR0079,미래에셋생명보험,085620,생명보험,13,상각후원가측정금융자산,자산,2,2023.3Q,107048.597708
KR0079,미래에셋생명보험,085620,생명보험,13,상각후원가측정금융자산,자산,2,2023.4Q,4193467.376169
KR0079,미래에셋생명보험,085620,생명보험,13,상각후원가측정금융자산,자산,2,2024.1Q,3913198.285532
KR0079,미래에셋생명보험,085620,생명보험,13,상각후원가측정금융자산,자산,2,2024.2Q,3831419.114371
KR0079,미래에셋생명보험,085620,생명보험,13,상각후원가측정금융자산,자산,2,2024.3Q,3420351.209938
KR0079,미래에셋생명보험,085620,생명보험,13,상각후원가측정금융자산,자산,2,2024.4Q,3499463.44569
KR0079,미래에셋생명보험,085620,생명보험,13,상각후원가측정금융자산,자산,2,2025.1Q,3110827.729214
KR0079,미래에셋생명보험,085620,생명보험,13,상각후원가측정금융자산,자산,2,2025.2Q,3067006.105679
KR0079,미래에셋생명보험,085620,생명보험,13,상각후원가측정금융자산,자산,2,2025.3Q,2883514.038402
KR0079,미래에셋생명보험,085620,생명보험,13,상각후원가측정금융자산,자산,2,2025.4Q,2801450.399792
KR0079,미래에셋생명보험,085620,생명보험,13,상각후원가측정금융자산,자산,2,2026.1Q,2703661.065564
KR0079,미래에셋생명보험,085620,생명보험,13,상각후원가측정금융자산,자산,2,2026.2Q,2735997.82482
KR0079,미래에셋생명보험,085620,생명보험,14,재보험계약자산,자산,2,2023.2Q,18264.456063
KR0079,미래에셋생명보험,085620,생명보험,14,재보험계약자산,자산,2,2023.3Q,23232.248629
KR0079,미래에셋생명보험,085620,생명보험,14,재보험계약자산,자산,2,2023.4Q,24241.130941
KR0079,미래에셋생명보험,085620,생명보험,14,재보험계약자산,자산,2,2024.1Q,24546.810546
KR0079,미래에셋생명보험,085620,생명보험,14,재보험계약자산,자산,2,2024.2Q,26435.510162
KR0079,미래에셋생명보험,085620,생명보험,14,재보험계약자산,자산,2,2024.3Q,28884.462926
KR0079,미래에셋생명보험,085620,생명보험,14,재보험계약자산,자산,2,2024.4Q,29754.04865
KR0079,미래에셋생명보험,085620,생명보험,14,재보험계약자산,자산,2,2025.1Q,27189.94314
KR0079,미래에셋생명보험,085620,생명보험,14,재보험계약자산,자산,2,2025.2Q,30622.189036
KR0079,미래에셋생명보험,085620,생명보험,14,재보험계약자산,자산,2,2025.3Q,35615.423696
KR0079,미래에셋생명보험,085620,생명보험,14,재보험계약자산,자산,2,2025.4Q,37355.226946
KR0079,미래에셋생명보험,085620,생명보험,14,재보험계약자산,자산,2,2026.1Q,32457.828319
KR0079,미래에셋생명보험,085620,생명보험,14,재보험계약자산,자산,2,2026.2Q,38228.2938
KR0079,미래에셋생명보험,085620,생명보험,15,유형자산,자산,2,2023.1Q,95961.637
KR0079,미래에셋생명보험,085620,생명보험,15,유형자산,자산,2,2023.2Q,94951.976061
KR0079,미래에셋생명보험,085620,생명보험,15,유형자산,자산,2,2023.3Q,84586.467742
KR0079,미래에셋생명보험,085620,생명보험,15,유형자산,자산,2,2023.4Q,78749.23183
KR0079,미래에셋생명보험,085620,생명보험,15,유형자산,자산,2,2024.1Q,77619.517562
KR0079,미래에셋생명보험,085620,생명보험,15,유형자산,자산,2,2024.2Q,78716.63474
KR0079,미래에셋생명보험,085620,생명보험,15,유형자산,자산,2,2024.3Q,77900.497617
KR0079,미래에셋생명보험,085620,생명보험,15,유형자산,자산,2,2024.4Q,77027.881524
KR0079,미래에셋생명보험,085620,생명보험,15,유형자산,자산,2,2025.1Q,76698.298156
KR0079,미래에셋생명보험,085620,생명보험,15,유형자산,자산,2,2025.2Q,75862.894896
KR0079,미래에셋생명보험,085620,생명보험,15,유형자산,자산,2,2025.3Q,75147.391895
KR0079,미래에셋생명보험,085620,생명보험,15,유형자산,자산,2,2025.4Q,75663.924728
KR0079,미래에셋생명보험,085620,생명보험,15,유형자산,자산,2,2026.1Q,76243.034646
KR0079,미래에셋생명보험,085620,생명보험,15,유형자산,자산,2,2026.2Q,75607.713305
KR0079,미래에셋생명보험,085620,생명보험,20,보험계약부채,부채,2,2023.1Q,25045177.309656
KR0079,미래에셋생명보험,085620,생명보험,20,보험계약부채,부채,2,2023.2Q,24896210.359886
KR0079,미래에셋생명보험,085620,생명보험,20,보험계약부채,부채,2,2023.3Q,24045985.965682
KR0079,미래에셋생명보험,085620,생명보험,20,보험계약부채,부채,2,2023.4Q,25782954.737248
KR0079,미래에셋생명보험,085620,생명보험,20,보험계약부채,부채,2,2024.1Q,25926028.699768
KR0079,미래에셋생명보험,085620,생명보험,20,보험계약부채,부채,2,2024.2Q,26191615.195131
KR0079,미래에셋생명보험,085620,생명보험,20,보험계약부채,부채,2,2024.3Q,26342312.823386
KR0079,미래에셋생명보험,085620,생명보험,20,보험계약부채,부채,2,2024.4Q,26248411.835353
KR0079,미래에셋생명보험,085620,생명보험,20,보험계약부채,부채,2,2025.1Q,26550413.233904
KR0079,미래에셋생명보험,085620,생명보험,20,보험계약부채,부채,2,2025.2Q,26726920.177778
KR0079,미래에셋생명보험,085620,생명보험,20,보험계약부채,부채,2,2025.3Q,27342067.893353
KR0079,미래에셋생명보험,085620,생명보험,20,보험계약부채,부채,2,2025.4Q,26996698.255523
KR0079,미래에셋생명보험,085620,생명보험,20,보험계약부채,부채,2,2026.1Q,26199434.861578
KR0079,미래에셋생명보험,085620,생명보험,20,보험계약부채,부채,2,2026.2Q,28354405.026851
KR0079,미래에셋생명보험,085620,생명보험,21,재보험계약부채,부채,2,2023.1Q,5709.025784
KR0079,미래에셋생명보험,085620,생명보험,21,재보험계약부채,부채,2,2023.2Q,4562.151901
KR0079,미래에셋생명보험,085620,생명보험,21,재보험계약부채,부채,2,2023.3Q,446.205263
KR0079,미래에셋생명보험,085620,생명보험,21,재보험계약부채,부채,2,2023.4Q,847.926609
KR0079,미래에셋생명보험,085620,생명보험,21,재보험계약부채,부채,2,2024.1Q,5926.704663
KR0079,미래에셋생명보험,085620,생명보험,21,재보험계약부채,부채,2,2024.2Q,4724.709313
KR0079,미래에셋생명보험,085620,생명보험,21,재보험계약부채,부채,2,2024.3Q,3543.138142
KR0079,미래에셋생명보험,085620,생명보험,21,재보험계약부채,부채,2,2024.4Q,1370.826673
KR0079,미래에셋생명보험,085620,생명보험,21,재보험계약부채,부채,2,2025.1Q,4336.26529
KR0079,미래에셋생명보험,085620,생명보험,21,재보험계약부채,부채,2,2025.2Q,2416.589085
KR0079,미래에셋생명보험,085620,생명보험,21,재보험계약부채,부채,2,2025.3Q,0.0
KR0079,미래에셋생명보험,085620,생명보험,21,재보험계약부채,부채,2,2025.4Q,0.0
KR0079,미래에셋생명보험,085620,생명보험,21,재보험계약부채,부채,2,2026.1Q,179.11375
KR0079,미래에셋생명보험,085620,생명보험,21,재보험계약부채,부채,2,2026.2Q,1554.98072
KR0079,미래에셋생명보험,085620,생명보험,22,투자계약부채,부채,2,2023.2Q,3901369.950922
KR0079,미래에셋생명보험,085620,생명보험,22,투자계약부채,부채,2,2023.3Q,3899809.805016
KR0079,미래에셋생명보험,085620,생명보험,22,투자계약부채,부채,2,2023.4Q,3175249.446237
KR0079,미래에셋생명보험,085620,생명보험,22,투자계약부채,부채,2,2024.1Q,2986415.143373
KR0079,미래에셋생명보험,085620,생명보험,22,투자계약부채,부채,2,2024.2Q,2848514.35216
KR0079,미래에셋생명보험,085620,생명보험,22,투자계약부채,부채,2,2024.3Q,2827468.038211
KR0079,미래에셋생명보험,085620,생명보험,22,투자계약부채,부채,2,2024.4Q,2425557.129899
KR0079,미래에셋생명보험,085620,생명보험,22,투자계약부채,부채,2,2025.1Q,2314633.601195
KR0079,미래에셋생명보험,085620,생명보험,22,투자계약부채,부채,2,2025.2Q,2265696.847631
KR0079,미래에셋생명보험,085620,생명보험,22,투자계약부채,부채,2,2025.3Q,2211509.498561
KR0079,미래에셋생명보험,085620,생명보험,22,투자계약부채,부채,2,2025.4Q,2179749.901051
KR0079,미래에셋생명보험,085620,생명보험,22,투자계약부채,부채,2,2026.1Q,2077055.784473
KR0079,미래에셋생명보험,085620,생명보험,22,투자계약부채,부채,2,2026.2Q,2016019.270073
KR0079,미래에셋생명보험,085620,생명보험,23,차입부채,부채,2,2023.1Q,498823.576561
KR0079,미래에셋생명보험,085620,생명보험,23,차입부채,부채,2,2023.2Q,498857.060289
KR0079,미래에셋생명보험,085620,생명보험,23,차입부채,부채,2,2023.3Q,498890.911969
KR0079,미래에셋생명보험,085620,생명보험,23,차입부채,부채,2,2023.4Q,549320.99856
KR0079,미래에셋생명보험,085620,생명보험,23,차입부채,부채,2,2024.1Q,299348.132986
KR0079,미래에셋생명보험,085620,생명보험,23,차입부채,부채,2,2024.2Q,299375.207412
KR0079,미래에셋생명보험,085620,생명보험,23,차입부채,부채,2,2024.3Q,299402.579359
KR0079,미래에셋생명보험,085620,생명보험,23,차입부채,부채,2,2024.4Q,499429.951306
KR0079,미래에셋생명보험,085620,생명보험,23,차입부채,부채,2,2025.1Q,299449.666324
KR0079,미래에셋생명보험,085620,생명보험,23,차입부채,부채,2,2025.2Q,299469.600398
KR0079,미래에셋생명보험,085620,생명보험,23,차입부채,부채,2,2025.3Q,299489.753528
KR0079,미래에셋생명보험,085620,생명보험,23,차입부채,부채,2,2025.4Q,598648.785162
KR0079,미래에셋생명보험,085620,생명보험,23,차입부채,부채,2,2026.1Q,598686.130433
KR0079,미래에셋생명보험,085620,생명보험,23,차입부채,부채,2,2026.2Q,299179.501065
KR0079,미래에셋생명보험,085620,생명보험,24,기타부채,부채,2,2023.1Q,4201213.147728
KR0079,미래에셋생명보험,085620,생명보험,24,기타부채,부채,2,2023.2Q,268643.742823
KR0079,미래에셋생명보험,085620,생명보험,24,기타부채,부채,2,2023.3Q,126630.88886
KR0079,미래에셋생명보험,085620,생명보험,24,기타부채,부채,2,2023.4Q,240122.210211
KR0079,미래에셋생명보험,085620,생명보험,24,기타부채,부채,2,2024.1Q,129970.911033
KR0079,미래에셋생명보험,085620,생명보험,24,기타부채,부채,2,2024.2Q,108135.19632
KR0079,미래에셋생명보험,085620,생명보험,24,기타부채,부채,2,2024.3Q,117179.530597
KR0079,미래에셋생명보험,085620,생명보험,24,기타부채,부채,2,2024.4Q,151652.427294
KR0079,미래에셋생명보험,085620,생명보험,24,기타부채,부채,2,2025.1Q,141980.216351
KR0079,미래에셋생명보험,085620,생명보험,24,기타부채,부채,2,2025.2Q,179835.692944
KR0079,미래에셋생명보험,085620,생명보험,24,기타부채,부채,2,2025.3Q,455978.425987
KR0079,미래에셋생명보험,085620,생명보험,24,기타부채,부채,2,2025.4Q,170902.452843
KR0079,미래에셋생명보험,085620,생명보험,24,기타부채,부채,2,2026.1Q,132895.375762
KR0079,미래에셋생명보험,085620,생명보험,24,기타부채,부채,2,2026.2Q,153576.145986
KR0079,미래에셋생명보험,085620,생명보험,30,자본금,자본,2,2023.1Q,990714.745
KR0079,미래에셋생명보험,085620,생명보험,30,자본금,자본,2,2023.2Q,990714.745
KR0079,미래에셋생명보험,085620,생명보험,30,자본금,자본,2,2023.3Q,990714.745
KR0079,미래에셋생명보험,085620,생명보험,30,자본금,자본,2,2023.4Q,990714.745
KR0079,미래에셋생명보험,085620,생명보험,30,자본금,자본,2,2024.1Q,990714.745
KR0079,미래에셋생명보험,085620,생명보험,30,자본금,자본,2,2024.2Q,990714.745
KR0079,미래에셋생명보험,085620,생명보험,30,자본금,자본,2,2024.3Q,990714.745
KR0079,미래에셋생명보험,085620,생명보험,30,자본금,자본,2,2024.4Q,990714.745
KR0079,미래에셋생명보험,085620,생명보험,30,자본금,자본,2,2025.1Q,990714.745
KR0079,미래에셋생명보험,085620,생명보험,30,자본금,자본,2,2025.2Q,990714.745
KR0079,미래에셋생명보험,085620,생명보험,30,자본금,자본,2,2025.3Q,990714.745
KR0079,미래에셋생명보험,085620,생명보험,30,자본금,자본,2,2025.4Q,990714.745
KR0079,미래에셋생명보험,085620,생명보험,30,자본금,자본,2,2026.1Q,990714.745
KR0079,미래에셋생명보험,085620,생명보험,30,자본금,자본,2,2026.2Q,990714.745
KR0079,미래에셋생명보험,085620,생명보험,31,이익잉여금,자본,2,2023.1Q,1714318.249836
KR0079,미래에셋생명보험,085620,생명보험,31,이익잉여금,자본,2,2023.2Q,1759653.44422
KR0079,미래에셋생명보험,085620,생명보험,31,이익잉여금,자본,2,2023.3Q,1747467.612056
KR0079,미래에셋생명보험,085620,생명보험,31,이익잉여금,자본,2,2023.4Q,1713236.222735
KR0079,미래에셋생명보험,085620,생명보험,31,이익잉여금,자본,2,2024.1Q,1752671.557582
KR0079,미래에셋생명보험,085620,생명보험,31,이익잉여금,자본,2,2024.2Q,1771887.024114
KR0079,미래에셋생명보험,085620,생명보험,31,이익잉여금,자본,2,2024.3Q,1775408.153607
KR0079,미래에셋생명보험,085620,생명보험,31,이익잉여금,자본,2,2024.4Q,1942924.078999
KR0079,미래에셋생명보험,085620,생명보험,31,이익잉여금,자본,2,2025.1Q,1967243.847174
KR0079,미래에셋생명보험,085620,생명보험,31,이익잉여금,자본,2,2025.2Q,2017597.478136
KR0079,미래에셋생명보험,085620,생명보험,31,이익잉여금,자본,2,2025.3Q,2064121.302131
KR0079,미래에셋생명보험,085620,생명보험,31,이익잉여금,자본,2,2025.4Q,2067824.46822
KR0079,미래에셋생명보험,085620,생명보험,31,이익잉여금,자본,2,2026.1Q,1767260.426226
KR0079,미래에셋생명보험,085620,생명보험,31,이익잉여금,자본,2,2026.2Q,1782120.49604
KR0080,에이아이에이생명보험,X,생명보험,1,자산총계,자산,1,2022.4Q,17511287.089
KR0080,에이아이에이생명보험,X,생명보험,1,자산총계,자산,1,2023.4Q,17002766.689
KR0080,에이아이에이생명보험,X,생명보험,1,자산총계,자산,1,2024.4Q,18814382.839
KR0080,에이아이에이생명보험,X,생명보험,1,자산총계,자산,1,2025.4Q,19548418.914
KR0080,에이아이에이생명보험,X,생명보험,2,부채총계,부채,1,2022.4Q,15829145.145
KR0080,에이아이에이생명보험,X,생명보험,2,부채총계,부채,1,2023.4Q,13837038.322
KR0080,에이아이에이생명보험,X,생명보험,2,부채총계,부채,1,2024.4Q,15831422.83
KR0080,에이아이에이생명보험,X,생명보험,2,부채총계,부채,1,2025.4Q,16849939.944
KR0080,에이아이에이생명보험,X,생명보험,3,자본총계,자본,1,2022.4Q,1682141.944
KR0080,에이아이에이생명보험,X,생명보험,3,자본총계,자본,1,2023.4Q,3165728.367
KR0080,에이아이에이생명보험,X,생명보험,3,자본총계,자본,1,2024.4Q,2982960.009
KR0080,에이아이에이생명보험,X,생명보험,3,자본총계,자본,1,2025.4Q,2698478.97
KR0080,에이아이에이생명보험,X,생명보험,4,기타포괄손익 누계액,자본,2,2022.4Q,-453187.4
KR0080,에이아이에이생명보험,X,생명보험,4,기타포괄손익 누계액,자본,2,2023.4Q,388165.036
KR0080,에이아이에이생명보험,X,생명보험,4,기타포괄손익 누계액,자본,2,2024.4Q,131568.963
KR0080,에이아이에이생명보험,X,생명보험,4,기타포괄손익 누계액,자본,2,2025.4Q,-231187.57
KR0080,에이아이에이생명보험,X,생명보험,5,해약환급금준비금 적립액,준비금,2,2023.4Q,761784.0
KR0080,에이아이에이생명보험,X,생명보험,5,해약환급금준비금 적립액,준비금,2,2024.4Q,613943.0
KR0080,에이아이에이생명보험,X,생명보험,5,해약환급금준비금 적립액,준비금,2,2025.1Q,613943.0
KR0080,에이아이에이생명보험,X,생명보험,5,해약환급금준비금 적립액,준비금,2,2025.2Q,613943.0
KR0080,에이아이에이생명보험,X,생명보험,5,해약환급금준비금 적립액,준비금,2,2025.3Q,613943.0
KR0080,에이아이에이생명보험,X,생명보험,5,해약환급금준비금 적립액,준비금,2,2025.4Q,751339.0
KR0080,에이아이에이생명보험,X,생명보험,5,해약환급금준비금 적립액,준비금,2,2026.1Q,751339.0
KR0080,에이아이에이생명보험,X,생명보험,5,해약환급금준비금 적립액,준비금,2,2026.2Q,751339.0
KR0080,에이아이에이생명보험,X,생명보험,7,대손준비금 적립액,준비금,2,2022.4Q,6603.0
KR0080,에이아이에이생명보험,X,생명보험,7,대손준비금 적립액,준비금,2,2023.1Q,6603.0
KR0080,에이아이에이생명보험,X,생명보험,7,대손준비금 적립액,준비금,2,2023.2Q,6603.0
KR0080,에이아이에이생명보험,X,생명보험,7,대손준비금 적립액,준비금,2,2023.3Q,6603.0
KR0080,에이아이에이생명보험,X,생명보험,7,대손준비금 적립액,준비금,2,2023.4Q,6193.0
KR0080,에이아이에이생명보험,X,생명보험,7,대손준비금 적립액,준비금,2,2024.1Q,6193.0
KR0080,에이아이에이생명보험,X,생명보험,7,대손준비금 적립액,준비금,2,2024.2Q,6193.0
KR0080,에이아이에이생명보험,X,생명보험,7,대손준비금 적립액,준비금,2,2024.3Q,6193.0
KR0080,에이아이에이생명보험,X,생명보험,7,대손준비금 적립액,준비금,2,2024.4Q,396.0
KR0080,에이아이에이생명보험,X,생명보험,7,대손준비금 적립액,준비금,2,2025.1Q,396.0
KR0080,에이아이에이생명보험,X,생명보험,7,대손준비금 적립액,준비금,2,2025.2Q,396.0
KR0080,에이아이에이생명보험,X,생명보험,7,대손준비금 적립액,준비금,2,2025.3Q,396.0
KR0080,에이아이에이생명보험,X,생명보험,7,대손준비금 적립액,준비금,2,2025.4Q,357.0
KR0080,에이아이에이생명보험,X,생명보험,7,대손준비금 적립액,준비금,2,2026.1Q,357.0
KR0080,에이아이에이생명보험,X,생명보험,7,대손준비금 적립액,준비금,2,2026.2Q,357.0
KR0080,에이아이에이생명보험,X,생명보험,8,보증준비금 적립액,준비금,2,2023.4Q,146020.0
KR0080,에이아이에이생명보험,X,생명보험,8,보증준비금 적립액,준비금,2,2024.4Q,140866.0
KR0080,에이아이에이생명보험,X,생명보험,8,보증준비금 적립액,준비금,2,2025.1Q,140866.0
KR0080,에이아이에이생명보험,X,생명보험,8,보증준비금 적립액,준비금,2,2025.2Q,140866.0
KR0080,에이아이에이생명보험,X,생명보험,8,보증준비금 적립액,준비금,2,2025.3Q,140866.0
KR0080,에이아이에이생명보험,X,생명보험,8,보증준비금 적립액,준비금,2,2025.4Q,137382.0
KR0080,에이아이에이생명보험,X,생명보험,8,보증준비금 적립액,준비금,2,2026.1Q,137382.0
KR0080,에이아이에이생명보험,X,생명보험,8,보증준비금 적립액,준비금,2,2026.2Q,137382.0
KR0080,에이아이에이생명보험,X,생명보험,10,현금및현금성자산,자산,2,2022.4Q,261000.975
KR0080,에이아이에이생명보험,X,생명보험,10,현금및현금성자산,자산,2,2023.4Q,325125.448
KR0080,에이아이에이생명보험,X,생명보험,10,현금및현금성자산,자산,2,2024.4Q,281784.356
KR0080,에이아이에이생명보험,X,생명보험,10,현금및현금성자산,자산,2,2025.4Q,369944.078
KR0080,에이아이에이생명보험,X,생명보험,11,당기손익-공정가치측정금융자산,자산,2,2023.4Q,1578869.19
KR0080,에이아이에이생명보험,X,생명보험,11,당기손익-공정가치측정금융자산,자산,2,2024.4Q,1607186.2
KR0080,에이아이에이생명보험,X,생명보험,11,당기손익-공정가치측정금융자산,자산,2,2025.4Q,2389835.8
KR0080,에이아이에이생명보험,X,생명보험,12,기타포괄손익-공정가치측정금융자산,자산,2,2023.4Q,14518407.309
KR0080,에이아이에이생명보험,X,생명보험,12,기타포괄손익-공정가치측정금융자산,자산,2,2024.4Q,16328398.576
KR0080,에이아이에이생명보험,X,생명보험,12,기타포괄손익-공정가치측정금융자산,자산,2,2025.4Q,16082766.277
KR0080,에이아이에이생명보험,X,생명보험,14,재보험계약자산,자산,2,2023.4Q,529.519
KR0080,에이아이에이생명보험,X,생명보험,14,재보험계약자산,자산,2,2024.4Q,550.921
KR0080,에이아이에이생명보험,X,생명보험,14,재보험계약자산,자산,2,2025.4Q,379.265
KR0080,에이아이에이생명보험,X,생명보험,15,유형자산,자산,2,2022.4Q,66977.194
KR0080,에이아이에이생명보험,X,생명보험,15,유형자산,자산,2,2023.4Q,64742.715
KR0080,에이아이에이생명보험,X,생명보험,15,유형자산,자산,2,2024.4Q,65819.861
KR0080,에이아이에이생명보험,X,생명보험,15,유형자산,자산,2,2025.4Q,67451.759
KR0080,에이아이에이생명보험,X,생명보험,20,보험계약부채,부채,2,2022.4Q,14564804.627
KR0080,에이아이에이생명보험,X,생명보험,20,보험계약부채,부채,2,2023.4Q,12938161.407
KR0080,에이아이에이생명보험,X,생명보험,20,보험계약부채,부채,2,2024.4Q,14910458.892
KR0080,에이아이에이생명보험,X,생명보험,20,보험계약부채,부채,2,2025.4Q,15931735.453
KR0080,에이아이에이생명보험,X,생명보험,21,재보험계약부채,부채,2,2023.4Q,238292.234
KR0080,에이아이에이생명보험,X,생명보험,21,재보험계약부채,부채,2,2024.4Q,312281.025
KR0080,에이아이에이생명보험,X,생명보험,21,재보험계약부채,부채,2,2025.4Q,361688.603
KR0080,에이아이에이생명보험,X,생명보험,24,기타부채,부채,2,2022.4Q,46175.624
KR0080,에이아이에이생명보험,X,생명보험,24,기타부채,부채,2,2023.4Q,44938.503
KR0080,에이아이에이생명보험,X,생명보험,24,기타부채,부채,2,2024.4Q,43644.198
KR0080,에이아이에이생명보험,X,생명보험,24,기타부채,부채,2,2025.4Q,45122.238
KR0080,에이아이에이생명보험,X,생명보험,30,자본금,자본,2,2022.4Q,603289.32
KR0080,에이아이에이생명보험,X,생명보험,30,자본금,자본,2,2023.4Q,603289.32
KR0080,에이아이에이생명보험,X,생명보험,30,자본금,자본,2,2024.4Q,603289.32
KR0080,에이아이에이생명보험,X,생명보험,30,자본금,자본,2,2025.4Q,603289.32
KR0080,에이아이에이생명보험,X,생명보험,31,이익잉여금,자본,2,2022.4Q,627122.972
KR0080,에이아이에이생명보험,X,생명보험,31,이익잉여금,자본,2,2023.4Q,1269358.545
KR0080,에이아이에이생명보험,X,생명보험,31,이익잉여금,자본,2,2024.4Q,1343167.749
KR0080,에이아이에이생명보험,X,생명보험,31,이익잉여금,자본,2,2025.4Q,1421443.243
KR0082,DB생명보험,X,생명보험,1,자산총계,자산,1,2023.1Q,9778130.118741
KR0082,DB생명보험,X,생명보험,1,자산총계,자산,1,2023.2Q,9690887.809175
KR0082,DB생명보험,X,생명보험,1,자산총계,자산,1,2023.3Q,9454722.418288
KR0082,DB생명보험,X,생명보험,1,자산총계,자산,1,2023.4Q,10230555.043163
KR0082,DB생명보험,X,생명보험,1,자산총계,자산,1,2024.1Q,10224125.136331
KR0082,DB생명보험,X,생명보험,1,자산총계,자산,1,2024.2Q,10478738.253452
KR0082,DB생명보험,X,생명보험,1,자산총계,자산,1,2024.3Q,10830944.075984
KR0082,DB생명보험,X,생명보험,1,자산총계,자산,1,2024.4Q,11129301.411583
KR0082,DB생명보험,X,생명보험,1,자산총계,자산,1,2025.1Q,11807083.010125
KR0082,DB생명보험,X,생명보험,1,자산총계,자산,1,2025.2Q,11739521.859705
KR0082,DB생명보험,X,생명보험,1,자산총계,자산,1,2025.3Q,12065508.966519
KR0082,DB생명보험,X,생명보험,1,자산총계,자산,1,2025.4Q,12112521.772647
KR0082,DB생명보험,X,생명보험,1,자산총계,자산,1,2026.1Q,11962298.509865
KR0082,DB생명보험,X,생명보험,1,자산총계,자산,1,2026.2Q,11968742.342579
KR0082,DB생명보험,X,생명보험,2,부채총계,부채,1,2023.1Q,7943581.23807
KR0082,DB생명보험,X,생명보험,2,부채총계,부채,1,2023.2Q,7765712.720018
KR0082,DB생명보험,X,생명보험,2,부채총계,부채,1,2023.3Q,7490256.304309
KR0082,DB생명보험,X,생명보험,2,부채총계,부채,1,2023.4Q,8445968.908877
KR0082,DB생명보험,X,생명보험,2,부채총계,부채,1,2024.1Q,8553012.497048
KR0082,DB생명보험,X,생명보험,2,부채총계,부채,1,2024.2Q,9053310.993552
KR0082,DB생명보험,X,생명보험,2,부채총계,부채,1,2024.3Q,9520083.803333
KR0082,DB생명보험,X,생명보험,2,부채총계,부채,1,2024.4Q,10010481.644641
KR0082,DB생명보험,X,생명보험,2,부채총계,부채,1,2025.1Q,10982930.181054
KR0082,DB생명보험,X,생명보험,2,부채총계,부채,1,2025.2Q,10793610.557924
KR0082,DB생명보험,X,생명보험,2,부채총계,부채,1,2025.3Q,11070704.009413
KR0082,DB생명보험,X,생명보험,2,부채총계,부채,1,2025.4Q,10923508.038023
KR0082,DB생명보험,X,생명보험,2,부채총계,부채,1,2026.1Q,10559149.376012
KR0082,DB생명보험,X,생명보험,2,부채총계,부채,1,2026.2Q,10169213.994301
KR0082,DB생명보험,X,생명보험,3,자본총계,자본,1,2023.1Q,1834548.880671
KR0082,DB생명보험,X,생명보험,3,자본총계,자본,1,2023.2Q,1925175.089157
KR0082,DB생명보험,X,생명보험,3,자본총계,자본,1,2023.3Q,1964466.113979
KR0082,DB생명보험,X,생명보험,3,자본총계,자본,1,2023.4Q,1784586.134286
KR0082,DB생명보험,X,생명보험,3,자본총계,자본,1,2024.1Q,1671112.639283
KR0082,DB생명보험,X,생명보험,3,자본총계,자본,1,2024.2Q,1425427.2599
KR0082,DB생명보험,X,생명보험,3,자본총계,자본,1,2024.3Q,1310860.272651
KR0082,DB생명보험,X,생명보험,3,자본총계,자본,1,2024.4Q,1118819.766942
KR0082,DB생명보험,X,생명보험,3,자본총계,자본,1,2025.1Q,824152.829071
KR0082,DB생명보험,X,생명보험,3,자본총계,자본,1,2025.2Q,945911.301781
KR0082,DB생명보험,X,생명보험,3,자본총계,자본,1,2025.3Q,994804.957106
KR0082,DB생명보험,X,생명보험,3,자본총계,자본,1,2025.4Q,1189013.734624
KR0082,DB생명보험,X,생명보험,3,자본총계,자본,1,2026.1Q,1403149.133853
KR0082,DB생명보험,X,생명보험,3,자본총계,자본,1,2026.2Q,1799528.348278
KR0082,DB생명보험,X,생명보험,4,기타포괄손익 누계액,자본,2,2023.1Q,-160300.508358
KR0082,DB생명보험,X,생명보험,4,기타포괄손익 누계액,자본,2,2023.2Q,-86675.604284
KR0082,DB생명보험,X,생명보험,4,기타포괄손익 누계액,자본,2,2023.3Q,-50764.432166
KR0082,DB생명보험,X,생명보험,4,기타포괄손익 누계액,자본,2,2023.4Q,-258061.927247
KR0082,DB생명보험,X,생명보험,4,기타포괄손익 누계액,자본,2,2024.1Q,-406511.67366
KR0082,DB생명보험,X,생명보험,4,기타포괄손익 누계액,자본,2,2024.2Q,-686501.3325
KR0082,DB생명보험,X,생명보험,4,기타포괄손익 누계액,자본,2,2024.3Q,-840169.364142
KR0082,DB생명보험,X,생명보험,4,기타포괄손익 누계액,자본,2,2024.4Q,-1069073.152594
KR0082,DB생명보험,X,생명보험,4,기타포괄손익 누계액,자본,2,2025.1Q,-1400848.745311
KR0082,DB생명보험,X,생명보험,4,기타포괄손익 누계액,자본,2,2025.2Q,-1294294.960407
KR0082,DB생명보험,X,생명보험,4,기타포괄손익 누계액,자본,2,2025.3Q,-1304005.337335
KR0082,DB생명보험,X,생명보험,4,기타포괄손익 누계액,자본,2,2025.4Q,-1150054.812091
KR0082,DB생명보험,X,생명보험,4,기타포괄손익 누계액,자본,2,2026.1Q,-990613.057382
KR0082,DB생명보험,X,생명보험,4,기타포괄손익 누계액,자본,2,2026.2Q,-737626.028808
KR0082,DB생명보험,X,생명보험,5,해약환급금준비금 적립액,준비금,2,2023.4Q,1633087.0
KR0082,DB생명보험,X,생명보험,5,해약환급금준비금 적립액,준비금,2,2024.1Q,1633087.0
KR0082,DB생명보험,X,생명보험,5,해약환급금준비금 적립액,준비금,2,2024.2Q,1633087.0
KR0082,DB생명보험,X,생명보험,5,해약환급금준비금 적립액,준비금,2,2024.3Q,1633087.0
KR0082,DB생명보험,X,생명보험,5,해약환급금준비금 적립액,준비금,2,2024.4Q,1817131.0
KR0082,DB생명보험,X,생명보험,5,해약환급금준비금 적립액,준비금,2,2025.1Q,1851882.0
KR0082,DB생명보험,X,생명보험,5,해약환급금준비금 적립액,준비금,2,2025.2Q,1907133.0
KR0082,DB생명보험,X,생명보험,5,해약환급금준비금 적립액,준비금,2,2025.3Q,1967920.0
KR0082,DB생명보험,X,생명보험,5,해약환급금준비금 적립액,준비금,2,2025.4Q,2008431.0
KR0082,DB생명보험,X,생명보험,5,해약환급금준비금 적립액,준비금,2,2026.1Q,2061753.0
KR0082,DB생명보험,X,생명보험,5,해약환급금준비금 적립액,준비금,2,2026.2Q,2400123.0
KR0082,DB생명보험,X,생명보험,7,대손준비금 적립액,준비금,2,2023.1Q,20801.0
KR0082,DB생명보험,X,생명보험,7,대손준비금 적립액,준비금,2,2023.2Q,23303.0
KR0082,DB생명보험,X,생명보험,7,대손준비금 적립액,준비금,2,2023.3Q,22960.0
KR0082,DB생명보험,X,생명보험,7,대손준비금 적립액,준비금,2,2023.4Q,21481.0
KR0082,DB생명보험,X,생명보험,7,대손준비금 적립액,준비금,2,2024.1Q,24597.0
KR0082,DB생명보험,X,생명보험,7,대손준비금 적립액,준비금,2,2024.2Q,22059.0
KR0082,DB생명보험,X,생명보험,7,대손준비금 적립액,준비금,2,2024.3Q,21070.0
KR0082,DB생명보험,X,생명보험,7,대손준비금 적립액,준비금,2,2024.4Q,22586.0
KR0082,DB생명보험,X,생명보험,7,대손준비금 적립액,준비금,2,2025.1Q,24943.0
KR0082,DB생명보험,X,생명보험,7,대손준비금 적립액,준비금,2,2025.2Q,24897.0
KR0082,DB생명보험,X,생명보험,7,대손준비금 적립액,준비금,2,2025.3Q,22714.0
KR0082,DB생명보험,X,생명보험,7,대손준비금 적립액,준비금,2,2025.4Q,22461.0
KR0082,DB생명보험,X,생명보험,7,대손준비금 적립액,준비금,2,2026.1Q,23832.0
KR0082,DB생명보험,X,생명보험,7,대손준비금 적립액,준비금,2,2026.2Q,24701.0
KR0082,DB생명보험,X,생명보험,8,보증준비금 적립액,준비금,2,2023.4Q,39904.0
KR0082,DB생명보험,X,생명보험,8,보증준비금 적립액,준비금,2,2024.1Q,39904.0
KR0082,DB생명보험,X,생명보험,8,보증준비금 적립액,준비금,2,2024.2Q,39904.0
KR0082,DB생명보험,X,생명보험,8,보증준비금 적립액,준비금,2,2024.3Q,39904.0
KR0082,DB생명보험,X,생명보험,8,보증준비금 적립액,준비금,2,2024.4Q,0.0
KR0082,DB생명보험,X,생명보험,8,보증준비금 적립액,준비금,2,2025.1Q,0.0
KR0082,DB생명보험,X,생명보험,8,보증준비금 적립액,준비금,2,2025.2Q,0.0
KR0082,DB생명보험,X,생명보험,8,보증준비금 적립액,준비금,2,2025.3Q,0.0
KR0082,DB생명보험,X,생명보험,8,보증준비금 적립액,준비금,2,2025.4Q,0.0
KR0082,DB생명보험,X,생명보험,8,보증준비금 적립액,준비금,2,2026.1Q,0.0
KR0082,DB생명보험,X,생명보험,8,보증준비금 적립액,준비금,2,2026.2Q,0.0
KR0082,DB생명보험,X,생명보험,10,현금및현금성자산,자산,2,2023.1Q,133600.286826
KR0082,DB생명보험,X,생명보험,10,현금및현금성자산,자산,2,2023.2Q,157471.889294
KR0082,DB생명보험,X,생명보험,10,현금및현금성자산,자산,2,2023.3Q,158538.544584
KR0082,DB생명보험,X,생명보험,10,현금및현금성자산,자산,2,2023.4Q,251386.575669
KR0082,DB생명보험,X,생명보험,10,현금및현금성자산,자산,2,2024.1Q,152816.203488
KR0082,DB생명보험,X,생명보험,10,현금및현금성자산,자산,2,2024.2Q,167793.49617
KR0082,DB생명보험,X,생명보험,10,현금및현금성자산,자산,2,2024.3Q,125037.380645
KR0082,DB생명보험,X,생명보험,10,현금및현금성자산,자산,2,2024.4Q,244309.462783
KR0082,DB생명보험,X,생명보험,10,현금및현금성자산,자산,2,2025.1Q,145256.90732
KR0082,DB생명보험,X,생명보험,10,현금및현금성자산,자산,2,2025.2Q,163749.212992
KR0082,DB생명보험,X,생명보험,10,현금및현금성자산,자산,2,2025.3Q,143723.222275
KR0082,DB생명보험,X,생명보험,10,현금및현금성자산,자산,2,2025.4Q,305580.06431
KR0082,DB생명보험,X,생명보험,10,현금및현금성자산,자산,2,2026.1Q,164348.584635
KR0082,DB생명보험,X,생명보험,10,현금및현금성자산,자산,2,2026.2Q,182053.144426
KR0082,DB생명보험,X,생명보험,11,당기손익-공정가치측정금융자산,자산,2,2023.1Q,2788550.104706
KR0082,DB생명보험,X,생명보험,11,당기손익-공정가치측정금융자산,자산,2,2023.2Q,2798712.055062
KR0082,DB생명보험,X,생명보험,11,당기손익-공정가치측정금융자산,자산,2,2023.3Q,2756425.346524
KR0082,DB생명보험,X,생명보험,11,당기손익-공정가치측정금융자산,자산,2,2023.4Q,2876413.126121
KR0082,DB생명보험,X,생명보험,11,당기손익-공정가치측정금융자산,자산,2,2024.1Q,2815967.845621
KR0082,DB생명보험,X,생명보험,11,당기손익-공정가치측정금융자산,자산,2,2024.2Q,2988327.624553
KR0082,DB생명보험,X,생명보험,11,당기손익-공정가치측정금융자산,자산,2,2024.3Q,2905756.456332
KR0082,DB생명보험,X,생명보험,11,당기손익-공정가치측정금융자산,자산,2,2024.4Q,2974688.004473
KR0082,DB생명보험,X,생명보험,11,당기손익-공정가치측정금융자산,자산,2,2025.1Q,2918450.937816
KR0082,DB생명보험,X,생명보험,11,당기손익-공정가치측정금융자산,자산,2,2025.2Q,2992711.296758
KR0082,DB생명보험,X,생명보험,11,당기손익-공정가치측정금융자산,자산,2,2025.3Q,3091730.582404
KR0082,DB생명보험,X,생명보험,11,당기손익-공정가치측정금융자산,자산,2,2025.4Q,3199396.524448
KR0082,DB생명보험,X,생명보험,11,당기손익-공정가치측정금융자산,자산,2,2026.1Q,3209117.946841
KR0082,DB생명보험,X,생명보험,11,당기손익-공정가치측정금융자산,자산,2,2026.2Q,3519142.992852
KR0082,DB생명보험,X,생명보험,12,기타포괄손익-공정가치측정금융자산,자산,2,2023.1Q,6123358.310063
KR0082,DB생명보험,X,생명보험,12,기타포괄손익-공정가치측정금융자산,자산,2,2023.2Q,6003524.729862
KR0082,DB생명보험,X,생명보험,12,기타포괄손익-공정가치측정금융자산,자산,2,2023.3Q,5816013.727568
KR0082,DB생명보험,X,생명보험,12,기타포괄손익-공정가치측정금융자산,자산,2,2023.4Q,6311675.17342
KR0082,DB생명보험,X,생명보험,12,기타포괄손익-공정가치측정금융자산,자산,2,2024.1Q,6482994.123523
KR0082,DB생명보험,X,생명보험,12,기타포괄손익-공정가치측정금융자산,자산,2,2024.2Q,6571845.121738
KR0082,DB생명보험,X,생명보험,12,기타포괄손익-공정가치측정금융자산,자산,2,2024.3Q,6989695.685552
KR0082,DB생명보험,X,생명보험,12,기타포괄손익-공정가치측정금융자산,자산,2,2024.4Q,7073700.413243
KR0082,DB생명보험,X,생명보험,12,기타포괄손익-공정가치측정금융자산,자산,2,2025.1Q,7847502.158984
KR0082,DB생명보험,X,생명보험,12,기타포괄손익-공정가치측정금융자산,자산,2,2025.2Q,7796642.672032
KR0082,DB생명보험,X,생명보험,12,기타포괄손익-공정가치측정금융자산,자산,2,2025.3Q,8005197.89997
KR0082,DB생명보험,X,생명보험,12,기타포괄손익-공정가치측정금융자산,자산,2,2025.4Q,7830375.749322
KR0082,DB생명보험,X,생명보험,12,기타포괄손익-공정가치측정금융자산,자산,2,2026.1Q,7683648.981622
KR0082,DB생명보험,X,생명보험,12,기타포괄손익-공정가치측정금융자산,자산,2,2026.2Q,7466981.896383
KR0082,DB생명보험,X,생명보험,13,상각후원가측정금융자산,자산,2,2023.1Q,95.86959
KR0082,DB생명보험,X,생명보험,13,상각후원가측정금융자산,자산,2,2023.2Q,60.748708
KR0082,DB생명보험,X,생명보험,13,상각후원가측정금융자산,자산,2,2023.3Q,19.967305
KR0082,DB생명보험,X,생명보험,13,상각후원가측정금융자산,자산,2,2023.4Q,0.0
KR0082,DB생명보험,X,생명보험,13,상각후원가측정금융자산,자산,2,2024.1Q,0.0
KR0082,DB생명보험,X,생명보험,13,상각후원가측정금융자산,자산,2,2024.2Q,0.0
KR0082,DB생명보험,X,생명보험,13,상각후원가측정금융자산,자산,2,2024.3Q,255943.939491
KR0082,DB생명보험,X,생명보험,13,상각후원가측정금융자산,자산,2,2024.4Q,288473.994776
KR0082,DB생명보험,X,생명보험,13,상각후원가측정금융자산,자산,2,2025.1Q,301516.797293
KR0082,DB생명보험,X,생명보험,13,상각후원가측정금융자산,자산,2,2025.2Q,292429.743039
KR0082,DB생명보험,X,생명보험,13,상각후원가측정금융자산,자산,2,2025.3Q,348971.020972
KR0082,DB생명보험,X,생명보험,13,상각후원가측정금융자산,자산,2,2025.4Q,319023.570028
KR0082,DB생명보험,X,생명보험,13,상각후원가측정금융자산,자산,2,2026.1Q,445531.623011
KR0082,DB생명보험,X,생명보험,13,상각후원가측정금융자산,자산,2,2026.2Q,373071.560007
KR0082,DB생명보험,X,생명보험,15,유형자산,자산,2,2023.1Q,33492.815011
KR0082,DB생명보험,X,생명보험,15,유형자산,자산,2,2023.2Q,32718.950098
KR0082,DB생명보험,X,생명보험,15,유형자산,자산,2,2023.3Q,32823.466192
KR0082,DB생명보험,X,생명보험,15,유형자산,자산,2,2023.4Q,31312.461384
KR0082,DB생명보험,X,생명보험,15,유형자산,자산,2,2024.1Q,30711.312025
KR0082,DB생명보험,X,생명보험,15,유형자산,자산,2,2024.2Q,30305.830806
KR0082,DB생명보험,X,생명보험,15,유형자산,자산,2,2024.3Q,29575.110265
KR0082,DB생명보험,X,생명보험,15,유형자산,자산,2,2024.4Q,27061.306044
KR0082,DB생명보험,X,생명보험,15,유형자산,자산,2,2025.1Q,26721.734956
KR0082,DB생명보험,X,생명보험,15,유형자산,자산,2,2025.2Q,26530.610307
KR0082,DB생명보험,X,생명보험,15,유형자산,자산,2,2025.3Q,26167.31043
KR0082,DB생명보험,X,생명보험,15,유형자산,자산,2,2025.4Q,26409.071248
KR0082,DB생명보험,X,생명보험,15,유형자산,자산,2,2026.1Q,26211.210268
KR0082,DB생명보험,X,생명보험,15,유형자산,자산,2,2026.2Q,28888.094333
KR0082,DB생명보험,X,생명보험,20,보험계약부채,부채,2,2023.1Q,6830337.543495
KR0082,DB생명보험,X,생명보험,20,보험계약부채,부채,2,2023.2Q,6665575.883383
KR0082,DB생명보험,X,생명보험,20,보험계약부채,부채,2,2023.3Q,6384758.54958
KR0082,DB생명보험,X,생명보험,20,보험계약부채,부채,2,2023.4Q,7480408.949474
KR0082,DB생명보험,X,생명보험,20,보험계약부채,부채,2,2024.1Q,7582324.268997
KR0082,DB생명보험,X,생명보험,20,보험계약부채,부채,2,2024.2Q,8094017.373998
KR0082,DB생명보험,X,생명보험,20,보험계약부채,부채,2,2024.3Q,8664151.948846
KR0082,DB생명보험,X,생명보험,20,보험계약부채,부채,2,2024.4Q,8695421.576985
KR0082,DB생명보험,X,생명보험,20,보험계약부채,부채,2,2025.1Q,9434086.561395
KR0082,DB생명보험,X,생명보험,20,보험계약부채,부채,2,2025.2Q,9362348.03745
KR0082,DB생명보험,X,생명보험,20,보험계약부채,부채,2,2025.3Q,9451759.690398
KR0082,DB생명보험,X,생명보험,20,보험계약부채,부채,2,2025.4Q,8811488.724059
KR0082,DB생명보험,X,생명보험,20,보험계약부채,부채,2,2026.1Q,8088783.836454
KR0082,DB생명보험,X,생명보험,20,보험계약부채,부채,2,2026.2Q,7644301.157056
KR0082,DB생명보험,X,생명보험,21,재보험계약부채,부채,2,2023.1Q,44811.338797
KR0082,DB생명보험,X,생명보험,21,재보험계약부채,부채,2,2023.2Q,43068.757669
KR0082,DB생명보험,X,생명보험,21,재보험계약부채,부채,2,2023.3Q,37539.740986
KR0082,DB생명보험,X,생명보험,21,재보험계약부채,부채,2,2023.4Q,39443.621818
KR0082,DB생명보험,X,생명보험,21,재보험계약부채,부채,2,2024.1Q,42973.175022
KR0082,DB생명보험,X,생명보험,21,재보험계약부채,부채,2,2024.2Q,46436.243912
KR0082,DB생명보험,X,생명보험,21,재보험계약부채,부채,2,2024.3Q,51829.79946
KR0082,DB생명보험,X,생명보험,21,재보험계약부채,부채,2,2024.4Q,49221.141224
KR0082,DB생명보험,X,생명보험,21,재보험계약부채,부채,2,2025.1Q,63362.901034
KR0082,DB생명보험,X,생명보험,21,재보험계약부채,부채,2,2025.2Q,58691.014064
KR0082,DB생명보험,X,생명보험,21,재보험계약부채,부채,2,2025.3Q,55332.281978
KR0082,DB생명보험,X,생명보험,21,재보험계약부채,부채,2,2025.4Q,56916.682053
KR0082,DB생명보험,X,생명보험,21,재보험계약부채,부채,2,2026.1Q,51077.447228
KR0082,DB생명보험,X,생명보험,21,재보험계약부채,부채,2,2026.2Q,45043.82917
KR0082,DB생명보험,X,생명보험,22,투자계약부채,부채,2,2023.1Q,412023.12181
KR0082,DB생명보험,X,생명보험,22,투자계약부채,부채,2,2023.2Q,400136.15421
KR0082,DB생명보험,X,생명보험,22,투자계약부채,부채,2,2023.3Q,416569.873101
KR0082,DB생명보험,X,생명보험,22,투자계약부채,부채,2,2023.4Q,479919.26704
KR0082,DB생명보험,X,생명보험,22,투자계약부채,부채,2,2024.1Q,471680.021235
KR0082,DB생명보험,X,생명보험,22,투자계약부채,부채,2,2024.2Q,492251.166617
KR0082,DB생명보험,X,생명보험,22,투자계약부채,부채,2,2024.3Q,491367.168482
KR0082,DB생명보험,X,생명보험,22,투자계약부채,부채,2,2024.4Q,786320.397426
KR0082,DB생명보험,X,생명보험,22,투자계약부채,부채,2,2025.1Q,786727.639148
KR0082,DB생명보험,X,생명보험,22,투자계약부채,부채,2,2025.2Q,780643.547943
KR0082,DB생명보험,X,생명보험,22,투자계약부채,부채,2,2025.3Q,800744.647993
KR0082,DB생명보험,X,생명보험,22,투자계약부채,부채,2,2025.4Q,1083313.751542
KR0082,DB생명보험,X,생명보험,22,투자계약부채,부채,2,2026.1Q,1033711.565687
KR0082,DB생명보험,X,생명보험,22,투자계약부채,부채,2,2026.2Q,979116.943024
KR0082,DB생명보험,X,생명보험,23,차입부채,부채,2,2023.1Q,90666.064668
KR0082,DB생명보험,X,생명보험,23,차입부채,부채,2,2023.2Q,90837.147927
KR0082,DB생명보험,X,생명보험,23,차입부채,부채,2,2023.3Q,90843.687687
KR0082,DB생명보험,X,생명보험,23,차입부채,부채,2,2023.4Q,29944.88051
KR0082,DB생명보험,X,생명보험,23,차입부채,부채,2,2024.1Q,0.0
KR0082,DB생명보험,X,생명보험,23,차입부채,부채,2,2024.2Q,0.0
KR0082,DB생명보험,X,생명보험,23,차입부채,부채,2,2024.3Q,0.0
KR0082,DB생명보험,X,생명보험,23,차입부채,부채,2,2024.4Q,0.0
KR0082,DB생명보험,X,생명보험,23,차입부채,부채,2,2025.1Q,298970.549273
KR0082,DB생명보험,X,생명보험,23,차입부채,부채,2,2025.2Q,298990.897804
KR0082,DB생명보험,X,생명보험,23,차입부채,부채,2,2025.3Q,299011.397513
KR0082,DB생명보험,X,생명보험,23,차입부채,부채,2,2025.4Q,299032.157283
KR0082,DB생명보험,X,생명보험,23,차입부채,부채,2,2026.1Q,299053.069326
KR0082,DB생명보험,X,생명보험,23,차입부채,부채,2,2026.2Q,299074.470239
KR0082,DB생명보험,X,생명보험,24,기타부채,부채,2,2023.1Q,103960.612663
KR0082,DB생명보험,X,생명보험,24,기타부채,부채,2,2023.2Q,92860.057161
KR0082,DB생명보험,X,생명보험,24,기타부채,부채,2,2023.3Q,74788.198002
KR0082,DB생명보험,X,생명보험,24,기타부채,부채,2,2023.4Q,93051.881102
KR0082,DB생명보험,X,생명보험,24,기타부채,부채,2,2024.1Q,106584.82834
KR0082,DB생명보험,X,생명보험,24,기타부채,부채,2,2024.2Q,93149.513309
KR0082,DB생명보험,X,생명보험,24,기타부채,부채,2,2024.3Q,90176.663026
KR0082,DB생명보험,X,생명보험,24,기타부채,부채,2,2024.4Q,109208.579683
KR0082,DB생명보험,X,생명보험,24,기타부채,부채,2,2025.1Q,108652.519813
KR0082,DB생명보험,X,생명보험,24,기타부채,부채,2,2025.2Q,93643.401922
KR0082,DB생명보험,X,생명보험,24,기타부채,부채,2,2025.3Q,166482.667508
KR0082,DB생명보험,X,생명보험,24,기타부채,부채,2,2025.4Q,130531.334737
KR0082,DB생명보험,X,생명보험,24,기타부채,부채,2,2026.1Q,248196.555531
KR0082,DB생명보험,X,생명보험,24,기타부채,부채,2,2026.2Q,100287.571295
KR0082,DB생명보험,X,생명보험,30,자본금,자본,2,2023.1Q,253333.575
KR0082,DB생명보험,X,생명보험,30,자본금,자본,2,2023.2Q,253333.575
KR0082,DB생명보험,X,생명보험,30,자본금,자본,2,2023.3Q,253333.575
KR0082,DB생명보험,X,생명보험,30,자본금,자본,2,2023.4Q,253333.575
KR0082,DB생명보험,X,생명보험,30,자본금,자본,2,2024.1Q,253333.575
KR0082,DB생명보험,X,생명보험,30,자본금,자본,2,2024.2Q,253333.575
KR0082,DB생명보험,X,생명보험,30,자본금,자본,2,2024.3Q,253333.575
KR0082,DB생명보험,X,생명보험,30,자본금,자본,2,2024.4Q,253333.575
KR0082,DB생명보험,X,생명보험,30,자본금,자본,2,2025.1Q,253333.575
KR0082,DB생명보험,X,생명보험,30,자본금,자본,2,2025.2Q,253333.575
KR0082,DB생명보험,X,생명보험,30,자본금,자본,2,2025.3Q,253333.575
KR0082,DB생명보험,X,생명보험,30,자본금,자본,2,2025.4Q,253333.575
KR0082,DB생명보험,X,생명보험,30,자본금,자본,2,2026.1Q,253333.575
KR0082,DB생명보험,X,생명보험,30,자본금,자본,2,2026.2Q,253333.575
KR0082,DB생명보험,X,생명보험,31,이익잉여금,자본,2,2023.1Q,1621232.047588
KR0082,DB생명보험,X,생명보험,31,이익잉여금,자본,2,2023.2Q,1668233.352
KR0082,DB생명보험,X,생명보험,31,이익잉여금,자본,2,2023.3Q,1671613.204704
KR0082,DB생명보험,X,생명보험,31,이익잉여금,자본,2,2023.4Q,1699030.720092
KR0082,DB생명보험,X,생명보험,31,이익잉여금,자본,2,2024.1Q,1734006.971502
KR0082,DB생명보험,X,생명보험,31,이익잉여금,자본,2,2024.2Q,1768311.250959
KR0082,DB생명보험,X,생명보험,31,이익잉여금,자본,2,2024.3Q,1807412.295352
KR0082,DB생명보험,X,생명보험,31,이익잉여금,자본,2,2024.4Q,1844275.578095
KR0082,DB생명보험,X,생명보험,31,이익잉여금,자본,2,2025.1Q,1881384.232941
KR0082,DB생명보험,X,생명보험,31,이익잉여금,자본,2,2025.2Q,1936588.920747
KR0082,DB생명보험,X,생명보험,31,이익잉여금,자본,2,2025.3Q,1995192.953
KR0082,DB생명보험,X,생명보험,31,이익잉여금,자본,2,2025.4Q,2035451.205274
KR0082,DB생명보험,X,생명보험,31,이익잉여금,자본,2,2026.1Q,2090144.849794
KR0082,DB생명보험,X,생명보험,31,이익잉여금,자본,2,2026.2Q,2233537.035645
KR0083,푸본현대생명보험,X,생명보험,1,자산총계,자산,1,2023.3Q,18149825.094735
KR0083,푸본현대생명보험,X,생명보험,1,자산총계,자산,1,2023.4Q,18150006.379785
KR0083,푸본현대생명보험,X,생명보험,1,자산총계,자산,1,2024.1Q,17995726.106063
KR0083,푸본현대생명보험,X,생명보험,1,자산총계,자산,1,2024.2Q,18271397.870272
KR0083,푸본현대생명보험,X,생명보험,1,자산총계,자산,1,2024.3Q,18093877.764586
KR0083,푸본현대생명보험,X,생명보험,1,자산총계,자산,1,2024.4Q,18214781.856971
KR0083,푸본현대생명보험,X,생명보험,1,자산총계,자산,1,2025.1Q,17678985.959212
KR0083,푸본현대생명보험,X,생명보험,1,자산총계,자산,1,2025.2Q,17669794.544998
KR0083,푸본현대생명보험,X,생명보험,1,자산총계,자산,1,2025.3Q,17984860.665317
KR0083,푸본현대생명보험,X,생명보험,1,자산총계,자산,1,2025.4Q,17983036.646935
KR0083,푸본현대생명보험,X,생명보험,1,자산총계,자산,1,2026.1Q,17391885.133928
KR0083,푸본현대생명보험,X,생명보험,1,자산총계,자산,1,2026.2Q,17614602.600395
KR0083,푸본현대생명보험,X,생명보험,2,부채총계,부채,1,2023.3Q,17260848.255508
KR0083,푸본현대생명보험,X,생명보험,2,부채총계,부채,1,2023.4Q,17279182.696926
KR0083,푸본현대생명보험,X,생명보험,2,부채총계,부채,1,2024.1Q,17173249.073743
KR0083,푸본현대생명보험,X,생명보험,2,부채총계,부채,1,2024.2Q,17572498.686689
KR0083,푸본현대생명보험,X,생명보험,2,부채총계,부채,1,2024.3Q,17442062.57177
KR0083,푸본현대생명보험,X,생명보험,2,부채총계,부채,1,2024.4Q,17728091.21862
KR0083,푸본현대생명보험,X,생명보험,2,부채총계,부채,1,2025.1Q,17324471.919243
KR0083,푸본현대생명보험,X,생명보험,2,부채총계,부채,1,2025.2Q,17203588.428851
KR0083,푸본현대생명보험,X,생명보험,2,부채총계,부채,1,2025.3Q,17428034.914959
KR0083,푸본현대생명보험,X,생명보험,2,부채총계,부채,1,2025.4Q,16616772.774032
KR0083,푸본현대생명보험,X,생명보험,2,부채총계,부채,1,2026.1Q,15940891.955521
KR0083,푸본현대생명보험,X,생명보험,2,부채총계,부채,1,2026.2Q,15802737.083654
KR0083,푸본현대생명보험,X,생명보험,3,자본총계,자본,1,2023.3Q,888976.839227
KR0083,푸본현대생명보험,X,생명보험,3,자본총계,자본,1,2023.4Q,870823.682859
KR0083,푸본현대생명보험,X,생명보험,3,자본총계,자본,1,2024.1Q,822477.03232
KR0083,푸본현대생명보험,X,생명보험,3,자본총계,자본,1,2024.2Q,698899.183583
KR0083,푸본현대생명보험,X,생명보험,3,자본총계,자본,1,2024.3Q,651815.192816
KR0083,푸본현대생명보험,X,생명보험,3,자본총계,자본,1,2024.4Q,486690.638351
KR0083,푸본현대생명보험,X,생명보험,3,자본총계,자본,1,2025.1Q,354514.039969
KR0083,푸본현대생명보험,X,생명보험,3,자본총계,자본,1,2025.2Q,466206.116147
KR0083,푸본현대생명보험,X,생명보험,3,자본총계,자본,1,2025.3Q,556825.750358
KR0083,푸본현대생명보험,X,생명보험,3,자본총계,자본,1,2025.4Q,1366263.872903
KR0083,푸본현대생명보험,X,생명보험,3,자본총계,자본,1,2026.1Q,1450993.178407
KR0083,푸본현대생명보험,X,생명보험,3,자본총계,자본,1,2026.2Q,1811865.516741
KR0083,푸본현대생명보험,X,생명보험,4,기타포괄손익 누계액,자본,2,2023.1Q,-582932.57618
KR0083,푸본현대생명보험,X,생명보험,4,기타포괄손익 누계액,자본,2,2023.2Q,-582932.57618
KR0083,푸본현대생명보험,X,생명보험,4,기타포괄손익 누계액,자본,2,2023.3Q,-519080.837878
KR0083,푸본현대생명보험,X,생명보험,4,기타포괄손익 누계액,자본,2,2023.4Q,-458471.056315
KR0083,푸본현대생명보험,X,생명보험,4,기타포괄손익 누계액,자본,2,2024.1Q,-534308.773985
KR0083,푸본현대생명보험,X,생명보험,4,기타포괄손익 누계액,자본,2,2024.2Q,-654015.783747
KR0083,푸본현대생명보험,X,생명보험,4,기타포괄손익 누계액,자본,2,2024.3Q,-607311.185676
KR0083,푸본현대생명보험,X,생명보험,4,기타포괄손익 누계액,자본,2,2024.4Q,-801321.854497
KR0083,푸본현대생명보험,X,생명보험,4,기타포괄손익 누계액,자본,2,2025.1Q,-847200.646559
KR0083,푸본현대생명보험,X,생명보험,4,기타포괄손익 누계액,자본,2,2025.2Q,-725942.262413
KR0083,푸본현대생명보험,X,생명보험,4,기타포괄손익 누계액,자본,2,2025.3Q,-628883.242379
KR0083,푸본현대생명보험,X,생명보험,4,기타포괄손익 누계액,자본,2,2025.4Q,-480438.546785
KR0083,푸본현대생명보험,X,생명보험,4,기타포괄손익 누계액,자본,2,2026.1Q,-397051.660006
KR0083,푸본현대생명보험,X,생명보험,4,기타포괄손익 누계액,자본,2,2026.2Q,-189868.970463
KR0083,푸본현대생명보험,X,생명보험,7,대손준비금 적립액,준비금,2,2023.1Q,47622.0
KR0083,푸본현대생명보험,X,생명보험,7,대손준비금 적립액,준비금,2,2023.2Q,47622.0
KR0083,푸본현대생명보험,X,생명보험,7,대손준비금 적립액,준비금,2,2023.3Q,47622.0
KR0083,푸본현대생명보험,X,생명보험,7,대손준비금 적립액,준비금,2,2023.4Q,0.0
KR0083,푸본현대생명보험,X,생명보험,7,대손준비금 적립액,준비금,2,2024.1Q,0.0
KR0083,푸본현대생명보험,X,생명보험,7,대손준비금 적립액,준비금,2,2024.2Q,0.0
KR0083,푸본현대생명보험,X,생명보험,7,대손준비금 적립액,준비금,2,2024.3Q,0.0
KR0083,푸본현대생명보험,X,생명보험,7,대손준비금 적립액,준비금,2,2024.4Q,0.0
KR0083,푸본현대생명보험,X,생명보험,7,대손준비금 적립액,준비금,2,2025.1Q,0.0
KR0083,푸본현대생명보험,X,생명보험,7,대손준비금 적립액,준비금,2,2025.2Q,0.0
KR0083,푸본현대생명보험,X,생명보험,7,대손준비금 적립액,준비금,2,2025.3Q,0.0
KR0083,푸본현대생명보험,X,생명보험,7,대손준비금 적립액,준비금,2,2025.4Q,0.0
KR0083,푸본현대생명보험,X,생명보험,7,대손준비금 적립액,준비금,2,2026.1Q,0.0
KR0083,푸본현대생명보험,X,생명보험,7,대손준비금 적립액,준비금,2,2026.2Q,0.0
KR0083,푸본현대생명보험,X,생명보험,10,현금및현금성자산,자산,2,2023.3Q,449838.711173
KR0083,푸본현대생명보험,X,생명보험,10,현금및현금성자산,자산,2,2023.4Q,955189.731564
KR0083,푸본현대생명보험,X,생명보험,10,현금및현금성자산,자산,2,2024.1Q,693694.508956
KR0083,푸본현대생명보험,X,생명보험,10,현금및현금성자산,자산,2,2024.2Q,622749.821535
KR0083,푸본현대생명보험,X,생명보험,10,현금및현금성자산,자산,2,2024.3Q,576353.59584
KR0083,푸본현대생명보험,X,생명보험,10,현금및현금성자산,자산,2,2024.4Q,1173764.758762
KR0083,푸본현대생명보험,X,생명보험,10,현금및현금성자산,자산,2,2025.1Q,442490.236381
KR0083,푸본현대생명보험,X,생명보험,10,현금및현금성자산,자산,2,2025.2Q,872014.264836
KR0083,푸본현대생명보험,X,생명보험,10,현금및현금성자산,자산,2,2025.3Q,673387.813591
KR0083,푸본현대생명보험,X,생명보험,10,현금및현금성자산,자산,2,2025.4Q,1188253.432172
KR0083,푸본현대생명보험,X,생명보험,10,현금및현금성자산,자산,2,2026.1Q,496568.089066
KR0083,푸본현대생명보험,X,생명보험,10,현금및현금성자산,자산,2,2026.2Q,443563.296817
KR0083,푸본현대생명보험,X,생명보험,11,당기손익-공정가치측정금융자산,자산,2,2023.3Q,2618891.480551
KR0083,푸본현대생명보험,X,생명보험,11,당기손익-공정가치측정금융자산,자산,2,2023.4Q,2357963.053727
KR0083,푸본현대생명보험,X,생명보험,11,당기손익-공정가치측정금융자산,자산,2,2024.1Q,2432483.742583
KR0083,푸본현대생명보험,X,생명보험,11,당기손익-공정가치측정금융자산,자산,2,2024.2Q,2629445.193893
KR0083,푸본현대생명보험,X,생명보험,11,당기손익-공정가치측정금융자산,자산,2,2024.3Q,2516439.861991
KR0083,푸본현대생명보험,X,생명보험,11,당기손익-공정가치측정금융자산,자산,2,2024.4Q,1812498.032929
KR0083,푸본현대생명보험,X,생명보험,11,당기손익-공정가치측정금융자산,자산,2,2025.1Q,2265946.082699
KR0083,푸본현대생명보험,X,생명보험,11,당기손익-공정가치측정금융자산,자산,2,2025.2Q,2431602.989259
KR0083,푸본현대생명보험,X,생명보험,11,당기손익-공정가치측정금융자산,자산,2,2025.3Q,3014467.804425
KR0083,푸본현대생명보험,X,생명보험,11,당기손익-공정가치측정금융자산,자산,2,2025.4Q,2451952.581265
KR0083,푸본현대생명보험,X,생명보험,11,당기손익-공정가치측정금융자산,자산,2,2026.1Q,2588872.430656
KR0083,푸본현대생명보험,X,생명보험,11,당기손익-공정가치측정금융자산,자산,2,2026.2Q,2845943.963546
KR0083,푸본현대생명보험,X,생명보험,12,기타포괄손익-공정가치측정금융자산,자산,2,2023.4Q,7192631.400032
KR0083,푸본현대생명보험,X,생명보험,12,기타포괄손익-공정가치측정금융자산,자산,2,2024.1Q,7258104.348655
KR0083,푸본현대생명보험,X,생명보험,12,기타포괄손익-공정가치측정금융자산,자산,2,2024.2Q,7398464.249891
KR0083,푸본현대생명보험,X,생명보험,12,기타포괄손익-공정가치측정금융자산,자산,2,2024.3Q,7475744.145146
KR0083,푸본현대생명보험,X,생명보험,12,기타포괄손익-공정가치측정금융자산,자산,2,2024.4Q,7513375.390128
KR0083,푸본현대생명보험,X,생명보험,12,기타포괄손익-공정가치측정금융자산,자산,2,2025.1Q,7332821.099816
KR0083,푸본현대생명보험,X,생명보험,12,기타포괄손익-공정가치측정금융자산,자산,2,2025.2Q,6906878.529842
KR0083,푸본현대생명보험,X,생명보험,12,기타포괄손익-공정가치측정금융자산,자산,2,2025.3Q,6885719.080932
KR0083,푸본현대생명보험,X,생명보험,12,기타포괄손익-공정가치측정금융자산,자산,2,2025.4Q,6868849.012813
KR0083,푸본현대생명보험,X,생명보험,12,기타포괄손익-공정가치측정금융자산,자산,2,2026.1Q,6850606.242022
KR0083,푸본현대생명보험,X,생명보험,12,기타포괄손익-공정가치측정금융자산,자산,2,2026.2Q,6954770.990217
KR0083,푸본현대생명보험,X,생명보험,13,상각후원가측정금융자산,자산,2,2023.3Q,7192740.816767
KR0083,푸본현대생명보험,X,생명보험,13,상각후원가측정금융자산,자산,2,2023.4Q,3820173.775701
KR0083,푸본현대생명보험,X,생명보험,13,상각후원가측정금융자산,자산,2,2024.1Q,3911109.110343
KR0083,푸본현대생명보험,X,생명보험,13,상각후원가측정금융자산,자산,2,2024.2Q,3977436.188095
KR0083,푸본현대생명보험,X,생명보험,13,상각후원가측정금융자산,자산,2,2024.3Q,3831283.784276
KR0083,푸본현대생명보험,X,생명보험,13,상각후원가측정금융자산,자산,2,2024.4Q,4071331.556717
KR0083,푸본현대생명보험,X,생명보험,13,상각후원가측정금융자산,자산,2,2025.1Q,4041134.802388
KR0083,푸본현대생명보험,X,생명보험,13,상각후원가측정금융자산,자산,2,2025.2Q,3851754.341071
KR0083,푸본현대생명보험,X,생명보험,13,상각후원가측정금융자산,자산,2,2025.3Q,3922893.007535
KR0083,푸본현대생명보험,X,생명보험,13,상각후원가측정금융자산,자산,2,2025.4Q,3973088.679008
KR0083,푸본현대생명보험,X,생명보험,13,상각후원가측정금융자산,자산,2,2026.1Q,4096107.261488
KR0083,푸본현대생명보험,X,생명보험,13,상각후원가측정금융자산,자산,2,2026.2Q,4138107.687082
KR0083,푸본현대생명보험,X,생명보험,14,재보험계약자산,자산,2,2023.3Q,11016.780144
KR0083,푸본현대생명보험,X,생명보험,14,재보험계약자산,자산,2,2023.4Q,11428.331112
KR0083,푸본현대생명보험,X,생명보험,14,재보험계약자산,자산,2,2024.1Q,8281.226789
KR0083,푸본현대생명보험,X,생명보험,14,재보험계약자산,자산,2,2024.2Q,8635.207499
KR0083,푸본현대생명보험,X,생명보험,14,재보험계약자산,자산,2,2024.3Q,8013.253365
KR0083,푸본현대생명보험,X,생명보험,14,재보험계약자산,자산,2,2024.4Q,7382.389804
KR0083,푸본현대생명보험,X,생명보험,14,재보험계약자산,자산,2,2025.1Q,0.0
KR0083,푸본현대생명보험,X,생명보험,14,재보험계약자산,자산,2,2025.2Q,1958.425836
KR0083,푸본현대생명보험,X,생명보험,14,재보험계약자산,자산,2,2025.3Q,5130.731521
KR0083,푸본현대생명보험,X,생명보험,14,재보험계약자산,자산,2,2025.4Q,7235.565041
KR0083,푸본현대생명보험,X,생명보험,14,재보험계약자산,자산,2,2026.1Q,5477.82259
KR0083,푸본현대생명보험,X,생명보험,14,재보험계약자산,자산,2,2026.2Q,5919.583829
KR0083,푸본현대생명보험,X,생명보험,15,유형자산,자산,2,2023.3Q,12655.085201
KR0083,푸본현대생명보험,X,생명보험,15,유형자산,자산,2,2023.4Q,12746.031531
KR0083,푸본현대생명보험,X,생명보험,15,유형자산,자산,2,2024.1Q,12053.408556
KR0083,푸본현대생명보험,X,생명보험,15,유형자산,자산,2,2024.2Q,11893.491898
KR0083,푸본현대생명보험,X,생명보험,15,유형자산,자산,2,2024.3Q,10899.11867
KR0083,푸본현대생명보험,X,생명보험,15,유형자산,자산,2,2024.4Q,12493.109021
KR0083,푸본현대생명보험,X,생명보험,15,유형자산,자산,2,2025.1Q,12090.393903
KR0083,푸본현대생명보험,X,생명보험,15,유형자산,자산,2,2025.2Q,11488.098094
KR0083,푸본현대생명보험,X,생명보험,15,유형자산,자산,2,2025.3Q,10874.818078
KR0083,푸본현대생명보험,X,생명보험,15,유형자산,자산,2,2025.4Q,10162.310504
KR0083,푸본현대생명보험,X,생명보험,15,유형자산,자산,2,2026.1Q,9705.05776
KR0083,푸본현대생명보험,X,생명보험,15,유형자산,자산,2,2026.2Q,9226.054933
KR0083,푸본현대생명보험,X,생명보험,20,보험계약부채,부채,2,2023.3Q,7458747.688471
KR0083,푸본현대생명보험,X,생명보험,20,보험계약부채,부채,2,2023.4Q,8048489.673964
KR0083,푸본현대생명보험,X,생명보험,20,보험계약부채,부채,2,2024.1Q,8306608.542806
KR0083,푸본현대생명보험,X,생명보험,20,보험계약부채,부채,2,2024.2Q,8332720.031285
KR0083,푸본현대생명보험,X,생명보험,20,보험계약부채,부채,2,2024.3Q,8414992.160559
KR0083,푸본현대생명보험,X,생명보험,20,보험계약부채,부채,2,2024.4Q,8473220.108357
KR0083,푸본현대생명보험,X,생명보험,20,보험계약부채,부채,2,2025.1Q,8643532.008385
KR0083,푸본현대생명보험,X,생명보험,20,보험계약부채,부채,2,2025.2Q,8742768.404852
KR0083,푸본현대생명보험,X,생명보험,20,보험계약부채,부채,2,2025.3Q,8529890.866248
KR0083,푸본현대생명보험,X,생명보험,20,보험계약부채,부채,2,2025.4Q,8185814.094955
KR0083,푸본현대생명보험,X,생명보험,20,보험계약부채,부채,2,2026.1Q,7794540.520467
KR0083,푸본현대생명보험,X,생명보험,20,보험계약부채,부채,2,2026.2Q,7750998.172139
KR0083,푸본현대생명보험,X,생명보험,21,재보험계약부채,부채,2,2024.1Q,210.176885
KR0083,푸본현대생명보험,X,생명보험,21,재보험계약부채,부채,2,2024.2Q,0.0
KR0083,푸본현대생명보험,X,생명보험,21,재보험계약부채,부채,2,2024.3Q,760.187217
KR0083,푸본현대생명보험,X,생명보험,21,재보험계약부채,부채,2,2025.1Q,1264.703416
KR0083,푸본현대생명보험,X,생명보험,21,재보험계약부채,부채,2,2025.2Q,14.034504
KR0083,푸본현대생명보험,X,생명보험,22,투자계약부채,부채,2,2023.3Q,8771055.893162
KR0083,푸본현대생명보험,X,생명보험,22,투자계약부채,부채,2,2023.4Q,7713384.86623
KR0083,푸본현대생명보험,X,생명보험,22,투자계약부채,부채,2,2024.1Q,7415924.73346
KR0083,푸본현대생명보험,X,생명보험,22,투자계약부채,부채,2,2024.2Q,7998321.964903
KR0083,푸본현대생명보험,X,생명보험,22,투자계약부채,부채,2,2024.3Q,7991530.231886
KR0083,푸본현대생명보험,X,생명보험,22,투자계약부채,부채,2,2024.4Q,7468076.370536
KR0083,푸본현대생명보험,X,생명보험,22,투자계약부채,부채,2,2025.1Q,6974599.01787
KR0083,푸본현대생명보험,X,생명보험,22,투자계약부채,부채,2,2025.2Q,7278197.691348
KR0083,푸본현대생명보험,X,생명보험,22,투자계약부채,부채,2,2025.3Q,7910592.935352
KR0083,푸본현대생명보험,X,생명보험,22,투자계약부채,부채,2,2025.4Q,7031463.014983
KR0083,푸본현대생명보험,X,생명보험,22,투자계약부채,부채,2,2026.1Q,6743788.44338
KR0083,푸본현대생명보험,X,생명보험,22,투자계약부채,부채,2,2026.2Q,6809426.80833
KR0083,푸본현대생명보험,X,생명보험,23,차입부채,부채,2,2023.3Q,770093.548494
KR0083,푸본현대생명보험,X,생명보험,23,차입부채,부채,2,2023.4Q,1420163.069974
KR0083,푸본현대생명보험,X,생명보험,23,차입부채,부채,2,2024.1Q,1235013.088607
KR0083,푸본현대생명보험,X,생명보험,23,차입부채,부채,2,2024.2Q,939592.385208
KR0083,푸본현대생명보험,X,생명보험,23,차입부채,부채,2,2024.3Q,889737.515691
KR0083,푸본현대생명보험,X,생명보험,23,차입부채,부채,2,2024.4Q,1180028.785541
KR0083,푸본현대생명보험,X,생명보험,23,차입부채,부채,2,2025.1Q,1255090.310704
KR0083,푸본현대생명보험,X,생명보험,23,차입부채,부채,2,2025.2Q,930174.159208
KR0083,푸본현대생명보험,X,생명보험,23,차입부채,부채,2,2025.3Q,725354.635466
KR0083,푸본현대생명보험,X,생명보험,23,차입부채,부채,2,2025.4Q,1125413.198188
KR0083,푸본현대생명보험,X,생명보험,23,차입부채,부채,2,2026.1Q,915472.192934
KR0083,푸본현대생명보험,X,생명보험,23,차입부채,부채,2,2026.2Q,671108.698457
KR0083,푸본현대생명보험,X,생명보험,24,기타부채,부채,2,2023.3Q,5913.270046
KR0083,푸본현대생명보험,X,생명보험,24,기타부채,부채,2,2023.4Q,5533.572225
KR0083,푸본현대생명보험,X,생명보험,24,기타부채,부채,2,2024.1Q,4301.494487
KR0083,푸본현대생명보험,X,생명보험,24,기타부채,부채,2,2024.2Q,3972.482284
KR0083,푸본현대생명보험,X,생명보험,24,기타부채,부채,2,2024.3Q,3402.691588
KR0083,푸본현대생명보험,X,생명보험,24,기타부채,부채,2,2024.4Q,4569.251866
KR0083,푸본현대생명보험,X,생명보험,24,기타부채,부채,2,2025.1Q,4113.207517
KR0083,푸본현대생명보험,X,생명보험,24,기타부채,부채,2,2025.2Q,4467.260963
KR0083,푸본현대생명보험,X,생명보험,24,기타부채,부채,2,2025.3Q,12496.699367
KR0083,푸본현대생명보험,X,생명보험,24,기타부채,부채,2,2025.4Q,5210.986663
KR0083,푸본현대생명보험,X,생명보험,24,기타부채,부채,2,2026.1Q,4672.921757
KR0083,푸본현대생명보험,X,생명보험,24,기타부채,부채,2,2026.2Q,3204.318009
KR0083,푸본현대생명보험,X,생명보험,30,자본금,자본,2,2023.3Q,1530132.47
KR0083,푸본현대생명보험,X,생명보험,30,자본금,자본,2,2023.4Q,1530132.47
KR0083,푸본현대생명보험,X,생명보험,30,자본금,자본,2,2024.1Q,1530132.47
KR0083,푸본현대생명보험,X,생명보험,30,자본금,자본,2,2024.2Q,1530132.47
KR0083,푸본현대생명보험,X,생명보험,30,자본금,자본,2,2024.3Q,1530132.47
KR0083,푸본현대생명보험,X,생명보험,30,자본금,자본,2,2024.4Q,1530132.47
KR0083,푸본현대생명보험,X,생명보험,30,자본금,자본,2,2025.1Q,1530132.47
KR0083,푸본현대생명보험,X,생명보험,30,자본금,자본,2,2025.2Q,1530132.47
KR0083,푸본현대생명보험,X,생명보험,30,자본금,자본,2,2025.3Q,1530132.47
KR0083,푸본현대생명보험,X,생명보험,30,자본금,자본,2,2025.4Q,2230132.47
KR0083,푸본현대생명보험,X,생명보험,30,자본금,자본,2,2026.1Q,2230132.47
KR0083,푸본현대생명보험,X,생명보험,30,자본금,자본,2,2026.2Q,2230132.47
KR0083,푸본현대생명보험,X,생명보험,31,이익잉여금,자본,2,2023.3Q,-242405.877887
KR0083,푸본현대생명보험,X,생명보험,31,이익잉여금,자본,2,2023.4Q,-321053.315818
KR0083,푸본현대생명보험,X,생명보험,31,이익잉여금,자본,2,2024.1Q,-293562.248687
KR0083,푸본현대생명보험,X,생명보험,31,이익잉여금,자본,2,2024.2Q,-297433.087662
KR0083,푸본현대생명보험,X,생명보험,31,이익잉여금,자본,2,2024.3Q,-391221.6765
KR0083,푸본현대생명보험,X,생명보험,31,이익잉여금,자본,2,2024.4Q,-362335.562144
KR0083,푸본현대생명보험,X,생명보험,31,이익잉여금,자본,2,2025.1Q,-448633.368464
KR0083,푸본현대생명보험,X,생명보험,31,이익잉여금,자본,2,2025.2Q,-458199.676432
KR0083,푸본현대생명보험,X,생명보험,31,이익잉여금,자본,2,2025.3Q,-464639.062255
KR0083,푸본현대생명보험,X,생명보험,31,이익잉여금,자본,2,2025.4Q,-500276.249934
KR0083,푸본현대생명보험,X,생명보험,31,이익잉여금,자본,2,2026.1Q,-498933.831209
KR0083,푸본현대생명보험,X,생명보험,31,이익잉여금,자본,2,2026.2Q,-345244.182418
KR0087,동양생명,082640,생명보험,1,자산총계,자산,1,2023.1Q,32329313.933104
KR0087,동양생명,082640,생명보험,1,자산총계,자산,1,2023.2Q,31672967.484632
KR0087,동양생명,082640,생명보험,1,자산총계,자산,1,2023.3Q,30893910.511639
KR0087,동양생명,082640,생명보험,1,자산총계,자산,1,2023.4Q,32895665.240515
KR0087,동양생명,082640,생명보험,1,자산총계,자산,1,2024.1Q,32440246.915114
KR0087,동양생명,082640,생명보험,1,자산총계,자산,1,2024.2Q,33347499.641056
KR0087,동양생명,082640,생명보험,1,자산총계,자산,1,2024.3Q,33924748.468551
KR0087,동양생명,082640,생명보험,1,자산총계,자산,1,2024.4Q,34577574.866215
KR0087,동양생명,082640,생명보험,1,자산총계,자산,1,2025.1Q,35191700.895998
KR0087,동양생명,082640,생명보험,1,자산총계,자산,1,2025.2Q,35647471.326781
KR0087,동양생명,082640,생명보험,1,자산총계,자산,1,2025.3Q,35727983.0
KR0087,동양생명,082640,생명보험,1,자산총계,자산,1,2025.4Q,35315258.0
KR0087,동양생명,082640,생명보험,1,자산총계,자산,1,2026.1Q,34461410.0
KR0087,동양생명,082640,생명보험,1,자산총계,자산,1,2026.2Q,35264923.0
KR0087,동양생명,082640,생명보험,2,부채총계,부채,1,2023.1Q,29312470.313378
KR0087,동양생명,082640,생명보험,2,부채총계,부채,1,2023.2Q,28449003.152378
KR0087,동양생명,082640,생명보험,2,부채총계,부채,1,2023.3Q,27623721.67202
KR0087,동양생명,082640,생명보험,2,부채총계,부채,1,2023.4Q,29943905.139579
KR0087,동양생명,082640,생명보험,2,부채총계,부채,1,2024.1Q,29855015.834173
KR0087,동양생명,082640,생명보험,2,부채총계,부채,1,2024.2Q,31099194.999646
KR0087,동양생명,082640,생명보험,2,부채총계,부채,1,2024.3Q,31801531.436948
KR0087,동양생명,082640,생명보험,2,부채총계,부채,1,2024.4Q,32567035.838663
KR0087,동양생명,082640,생명보험,2,부채총계,부채,1,2025.1Q,33666177.100012
KR0087,동양생명,082640,생명보험,2,부채총계,부채,1,2025.2Q,33949684.811107
KR0087,동양생명,082640,생명보험,2,부채총계,부채,1,2025.3Q,34339205.0
KR0087,동양생명,082640,생명보험,2,부채총계,부채,1,2025.4Q,33781287.0
KR0087,동양생명,082640,생명보험,2,부채총계,부채,1,2026.1Q,32635103.0
KR0087,동양생명,082640,생명보험,2,부채총계,부채,1,2026.2Q,32943800.0
KR0087,동양생명,082640,생명보험,3,자본총계,자본,1,2023.1Q,3016843.619726
KR0087,동양생명,082640,생명보험,3,자본총계,자본,1,2023.2Q,3223964.332254
KR0087,동양생명,082640,생명보험,3,자본총계,자본,1,2023.3Q,3270188.839619
KR0087,동양생명,082640,생명보험,3,자본총계,자본,1,2023.4Q,2951760.100936
KR0087,동양생명,082640,생명보험,3,자본총계,자본,1,2024.1Q,2585231.080941
KR0087,동양생명,082640,생명보험,3,자본총계,자본,1,2024.2Q,2248304.64141
KR0087,동양생명,082640,생명보험,3,자본총계,자본,1,2024.3Q,2123217.031603
KR0087,동양생명,082640,생명보험,3,자본총계,자본,1,2024.4Q,2010539.027552
KR0087,동양생명,082640,생명보험,3,자본총계,자본,1,2025.1Q,1525523.795986
KR0087,동양생명,082640,생명보험,3,자본총계,자본,1,2025.2Q,1697786.515674
KR0087,동양생명,082640,생명보험,3,자본총계,자본,1,2025.3Q,1388778.0
KR0087,동양생명,082640,생명보험,3,자본총계,자본,1,2025.4Q,1533971.0
KR0087,동양생명,082640,생명보험,3,자본총계,자본,1,2026.1Q,1826307.0
KR0087,동양생명,082640,생명보험,3,자본총계,자본,1,2026.2Q,2321123.0
KR0087,동양생명,082640,생명보험,4,기타포괄손익 누계액,자본,2,2023.1Q,229663.391144
KR0087,동양생명,082640,생명보험,4,기타포괄손익 누계액,자본,2,2023.2Q,393030.536628
KR0087,동양생명,082640,생명보험,4,기타포괄손익 누계액,자본,2,2023.3Q,432482.389506
KR0087,동양생명,082640,생명보험,4,기타포괄손익 누계액,자본,2,2023.4Q,35801.094648
KR0087,동양생명,082640,생명보험,4,기타포괄손익 누계액,자본,2,2024.1Q,-346666.445483
KR0087,동양생명,082640,생명보험,4,기타포괄손익 누계액,자본,2,2024.2Q,-770531.184004
KR0087,동양생명,082640,생명보험,4,기타포괄손익 누계액,자본,2,2024.3Q,-975421.016041
KR0087,동양생명,082640,생명보험,4,기타포괄손익 누계액,자본,2,2024.4Q,-1105739.275686
KR0087,동양생명,082640,생명보험,4,기타포괄손익 누계액,자본,2,2025.1Q,-1626743.836739
KR0087,동양생명,082640,생명보험,4,기타포괄손익 누계액,자본,2,2025.2Q,-1494513.592612
KR0087,동양생명,082640,생명보험,4,기타포괄손익 누계액,자본,2,2025.3Q,-1415498.0
KR0087,동양생명,082640,생명보험,4,기타포괄손익 누계액,자본,2,2025.4Q,-1224013.0
KR0087,동양생명,082640,생명보험,4,기타포괄손익 누계액,자본,2,2026.1Q,-958677.0
KR0087,동양생명,082640,생명보험,4,기타포괄손익 누계액,자본,2,2026.2Q,-535301.0
KR0087,동양생명,082640,생명보험,5,해약환급금준비금 적립액,준비금,2,2023.1Q,505249.0
KR0087,동양생명,082640,생명보험,5,해약환급금준비금 적립액,준비금,2,2023.2Q,505249.0
KR0087,동양생명,082640,생명보험,5,해약환급금준비금 적립액,준비금,2,2023.3Q,606298.0
KR0087,동양생명,082640,생명보험,5,해약환급금준비금 적립액,준비금,2,2023.4Q,640201.0
KR0087,동양생명,082640,생명보험,5,해약환급금준비금 적립액,준비금,2,2024.1Q,764153.0
KR0087,동양생명,082640,생명보험,5,해약환급금준비금 적립액,준비금,2,2024.2Q,827491.0
KR0087,동양생명,082640,생명보험,5,해약환급금준비금 적립액,준비금,2,2024.3Q,993389.0
KR0087,동양생명,082640,생명보험,5,해약환급금준비금 적립액,준비금,2,2024.4Q,918835.0
KR0087,동양생명,082640,생명보험,5,해약환급금준비금 적립액,준비금,2,2025.1Q,957628.0
KR0087,동양생명,082640,생명보험,5,해약환급금준비금 적립액,준비금,2,2025.2Q,1146824.0
KR0087,동양생명,082640,생명보험,5,해약환급금준비금 적립액,준비금,2,2025.3Q,1026174.0
KR0087,동양생명,082640,생명보험,5,해약환급금준비금 적립액,준비금,2,2025.4Q,1106614.0
KR0087,동양생명,082640,생명보험,5,해약환급금준비금 적립액,준비금,2,2026.1Q,1202854.0
KR0087,동양생명,082640,생명보험,5,해약환급금준비금 적립액,준비금,2,2026.2Q,1357824.0
KR0087,동양생명,082640,생명보험,7,대손준비금 적립액,준비금,2,2023.1Q,71605.0
KR0087,동양생명,082640,생명보험,7,대손준비금 적립액,준비금,2,2023.2Q,71605.0
KR0087,동양생명,082640,생명보험,7,대손준비금 적립액,준비금,2,2023.3Q,71030.0
KR0087,동양생명,082640,생명보험,7,대손준비금 적립액,준비금,2,2023.4Q,30244.0
KR0087,동양생명,082640,생명보험,7,대손준비금 적립액,준비금,2,2024.1Q,25531.0
KR0087,동양생명,082640,생명보험,7,대손준비금 적립액,준비금,2,2024.2Q,6494.0
KR0087,동양생명,082640,생명보험,7,대손준비금 적립액,준비금,2,2024.3Q,6745.0
KR0087,동양생명,082640,생명보험,7,대손준비금 적립액,준비금,2,2024.4Q,2838.0
KR0087,동양생명,082640,생명보험,7,대손준비금 적립액,준비금,2,2025.1Q,3904.0
KR0087,동양생명,082640,생명보험,7,대손준비금 적립액,준비금,2,2025.2Q,1397.0
KR0087,동양생명,082640,생명보험,7,대손준비금 적립액,준비금,2,2025.3Q,21703.0
KR0087,동양생명,082640,생명보험,7,대손준비금 적립액,준비금,2,2025.4Q,23192.0
KR0087,동양생명,082640,생명보험,7,대손준비금 적립액,준비금,2,2026.1Q,24839.0
KR0087,동양생명,082640,생명보험,7,대손준비금 적립액,준비금,2,2026.2Q,14868.0
KR0087,동양생명,082640,생명보험,8,보증준비금 적립액,준비금,2,2023.1Q,34020.0
KR0087,동양생명,082640,생명보험,8,보증준비금 적립액,준비금,2,2023.2Q,34020.0
KR0087,동양생명,082640,생명보험,8,보증준비금 적립액,준비금,2,2023.3Q,19724.0
KR0087,동양생명,082640,생명보험,8,보증준비금 적립액,준비금,2,2023.4Q,16959.0
KR0087,동양생명,082640,생명보험,8,보증준비금 적립액,준비금,2,2024.1Q,17536.0
KR0087,동양생명,082640,생명보험,8,보증준비금 적립액,준비금,2,2024.2Q,18630.0
KR0087,동양생명,082640,생명보험,8,보증준비금 적립액,준비금,2,2024.3Q,18188.0
KR0087,동양생명,082640,생명보험,8,보증준비금 적립액,준비금,2,2024.4Q,18896.0
KR0087,동양생명,082640,생명보험,8,보증준비금 적립액,준비금,2,2025.1Q,42296.0
KR0087,동양생명,082640,생명보험,8,보증준비금 적립액,준비금,2,2025.2Q,51062.0
KR0087,동양생명,082640,생명보험,8,보증준비금 적립액,준비금,2,2025.3Q,54844.0
KR0087,동양생명,082640,생명보험,8,보증준비금 적립액,준비금,2,2025.4Q,59489.0
KR0087,동양생명,082640,생명보험,8,보증준비금 적립액,준비금,2,2026.1Q,71356.0
KR0087,동양생명,082640,생명보험,8,보증준비금 적립액,준비금,2,2026.2Q,111790.0
KR0087,동양생명,082640,생명보험,10,현금및현금성자산,자산,2,2023.1Q,266364.642616
KR0087,동양생명,082640,생명보험,10,현금및현금성자산,자산,2,2023.2Q,457633.257411
KR0087,동양생명,082640,생명보험,10,현금및현금성자산,자산,2,2023.3Q,412479.289862
KR0087,동양생명,082640,생명보험,10,현금및현금성자산,자산,2,2023.4Q,947559.820264
KR0087,동양생명,082640,생명보험,10,현금및현금성자산,자산,2,2024.1Q,359430.230772
KR0087,동양생명,082640,생명보험,10,현금및현금성자산,자산,2,2024.2Q,313990.465855
KR0087,동양생명,082640,생명보험,10,현금및현금성자산,자산,2,2024.3Q,237568.335503
KR0087,동양생명,082640,생명보험,10,현금및현금성자산,자산,2,2024.4Q,257345.273788
KR0087,동양생명,082640,생명보험,10,현금및현금성자산,자산,2,2025.1Q,235165.253519
KR0087,동양생명,082640,생명보험,10,현금및현금성자산,자산,2,2025.2Q,277030.14217
KR0087,동양생명,082640,생명보험,10,현금및현금성자산,자산,2,2025.3Q,277704.0
KR0087,동양생명,082640,생명보험,10,현금및현금성자산,자산,2,2025.4Q,249172.0
KR0087,동양생명,082640,생명보험,10,현금및현금성자산,자산,2,2026.1Q,355450.0
KR0087,동양생명,082640,생명보험,10,현금및현금성자산,자산,2,2026.2Q,410851.0
KR0087,동양생명,082640,생명보험,11,당기손익-공정가치측정금융자산,자산,2,2023.1Q,7304310.946649
KR0087,동양생명,082640,생명보험,11,당기손익-공정가치측정금융자산,자산,2,2023.2Q,6591683.417585
KR0087,동양생명,082640,생명보험,11,당기손익-공정가치측정금융자산,자산,2,2023.3Q,5904245.400203
KR0087,동양생명,082640,생명보험,11,당기손익-공정가치측정금융자산,자산,2,2023.4Q,5401652.920025
KR0087,동양생명,082640,생명보험,11,당기손익-공정가치측정금융자산,자산,2,2024.1Q,6297164.168502
KR0087,동양생명,082640,생명보험,11,당기손익-공정가치측정금융자산,자산,2,2024.2Q,6135400.12398
KR0087,동양생명,082640,생명보험,11,당기손익-공정가치측정금융자산,자산,2,2024.3Q,6236609.161805
KR0087,동양생명,082640,생명보험,11,당기손익-공정가치측정금융자산,자산,2,2024.4Q,5857335.621093
KR0087,동양생명,082640,생명보험,11,당기손익-공정가치측정금융자산,자산,2,2025.1Q,5927777.722747
KR0087,동양생명,082640,생명보험,11,당기손익-공정가치측정금융자산,자산,2,2025.2Q,5799448.636205
KR0087,동양생명,082640,생명보험,11,당기손익-공정가치측정금융자산,자산,2,2025.3Q,5507528.0
KR0087,동양생명,082640,생명보험,11,당기손익-공정가치측정금융자산,자산,2,2025.4Q,5375104.0
KR0087,동양생명,082640,생명보험,11,당기손익-공정가치측정금융자산,자산,2,2026.1Q,5177276.0
KR0087,동양생명,082640,생명보험,11,당기손익-공정가치측정금융자산,자산,2,2026.2Q,6576623.0
KR0087,동양생명,082640,생명보험,12,기타포괄손익-공정가치측정금융자산,자산,2,2023.1Q,16368577.134511
KR0087,동양생명,082640,생명보험,12,기타포괄손익-공정가치측정금융자산,자산,2,2023.2Q,16737965.411684
KR0087,동양생명,082640,생명보험,12,기타포괄손익-공정가치측정금융자산,자산,2,2023.3Q,16908356.090856
KR0087,동양생명,082640,생명보험,12,기타포괄손익-공정가치측정금융자산,자산,2,2023.4Q,18570667.309792
KR0087,동양생명,082640,생명보험,12,기타포괄손익-공정가치측정금융자산,자산,2,2024.1Q,18056703.225424
KR0087,동양생명,082640,생명보험,12,기타포괄손익-공정가치측정금융자산,자산,2,2024.2Q,18744636.840722
KR0087,동양생명,082640,생명보험,12,기타포괄손익-공정가치측정금융자산,자산,2,2024.3Q,19195910.489467
KR0087,동양생명,082640,생명보험,12,기타포괄손익-공정가치측정금융자산,자산,2,2024.4Q,20037393.225611
KR0087,동양생명,082640,생명보험,12,기타포괄손익-공정가치측정금융자산,자산,2,2025.1Q,20858794.351852
KR0087,동양생명,082640,생명보험,12,기타포괄손익-공정가치측정금융자산,자산,2,2025.2Q,21635551.140032
KR0087,동양생명,082640,생명보험,12,기타포괄손익-공정가치측정금융자산,자산,2,2025.3Q,22988363.0
KR0087,동양생명,082640,생명보험,12,기타포괄손익-공정가치측정금융자산,자산,2,2025.4Q,22837835.0
KR0087,동양생명,082640,생명보험,12,기타포괄손익-공정가치측정금융자산,자산,2,2026.1Q,22414696.0
KR0087,동양생명,082640,생명보험,12,기타포괄손익-공정가치측정금융자산,자산,2,2026.2Q,22307750.0
KR0087,동양생명,082640,생명보험,13,상각후원가측정금융자산,자산,2,2023.1Q,7689341.73468
KR0087,동양생명,082640,생명보험,13,상각후원가측정금융자산,자산,2,2023.2Q,7248471.157895
KR0087,동양생명,082640,생명보험,13,상각후원가측정금융자산,자산,2,2023.3Q,7061424.486731
KR0087,동양생명,082640,생명보험,13,상각후원가측정금융자산,자산,2,2023.4Q,7203997.089818
KR0087,동양생명,082640,생명보험,13,상각후원가측정금융자산,자산,2,2024.1Q,7005618.759864
KR0087,동양생명,082640,생명보험,13,상각후원가측정금융자산,자산,2,2024.2Q,7139081.034488
KR0087,동양생명,082640,생명보험,13,상각후원가측정금융자산,자산,2,2024.3Q,6862996.292971
KR0087,동양생명,082640,생명보험,13,상각후원가측정금융자산,자산,2,2024.4Q,7063305.228962
KR0087,동양생명,082640,생명보험,13,상각후원가측정금융자산,자산,2,2025.1Q,6559862.106122
KR0087,동양생명,082640,생명보험,13,상각후원가측정금융자산,자산,2,2025.2Q,6437918.571102
KR0087,동양생명,082640,생명보험,13,상각후원가측정금융자산,자산,2,2025.3Q,5574981.0
KR0087,동양생명,082640,생명보험,13,상각후원가측정금융자산,자산,2,2025.4Q,5622603.0
KR0087,동양생명,082640,생명보험,13,상각후원가측정금융자산,자산,2,2026.1Q,5387697.0
KR0087,동양생명,082640,생명보험,13,상각후원가측정금융자산,자산,2,2026.2Q,5099437.0
KR0087,동양생명,082640,생명보험,14,재보험계약자산,자산,2,2023.1Q,31416.59385
KR0087,동양생명,082640,생명보험,14,재보험계약자산,자산,2,2023.2Q,28099.221769
KR0087,동양생명,082640,생명보험,14,재보험계약자산,자산,2,2023.3Q,302.041096
KR0087,동양생명,082640,생명보험,14,재보험계약자산,자산,2,2023.4Q,12333.245076
KR0087,동양생명,082640,생명보험,14,재보험계약자산,자산,2,2024.1Q,13383.658973
KR0087,동양생명,082640,생명보험,14,재보험계약자산,자산,2,2024.2Q,244025.145335
KR0087,동양생명,082640,생명보험,14,재보험계약자산,자산,2,2024.3Q,430989.491291
KR0087,동양생명,082640,생명보험,14,재보험계약자산,자산,2,2024.4Q,449126.940456
KR0087,동양생명,082640,생명보험,14,재보험계약자산,자산,2,2025.1Q,473333.560591
KR0087,동양생명,082640,생명보험,14,재보험계약자산,자산,2,2025.2Q,463357.795189
KR0087,동양생명,082640,생명보험,14,재보험계약자산,자산,2,2025.3Q,464676.0
KR0087,동양생명,082640,생명보험,14,재보험계약자산,자산,2,2025.4Q,448682.0
KR0087,동양생명,082640,생명보험,14,재보험계약자산,자산,2,2026.1Q,417348.0
KR0087,동양생명,082640,생명보험,14,재보험계약자산,자산,2,2026.2Q,397105.0
KR0087,동양생명,082640,생명보험,15,유형자산,자산,2,2023.1Q,49283.706381
KR0087,동양생명,082640,생명보험,15,유형자산,자산,2,2023.2Q,47342.887464
KR0087,동양생명,082640,생명보험,15,유형자산,자산,2,2023.3Q,37833.515462
KR0087,동양생명,082640,생명보험,15,유형자산,자산,2,2023.4Q,42468.656637
KR0087,동양생명,082640,생명보험,15,유형자산,자산,2,2024.1Q,43062.482427
KR0087,동양생명,082640,생명보험,15,유형자산,자산,2,2024.2Q,103911.66559
KR0087,동양생명,082640,생명보험,15,유형자산,자산,2,2024.3Q,98102.534215
KR0087,동양생명,082640,생명보험,15,유형자산,자산,2,2024.4Q,78146.156623
KR0087,동양생명,082640,생명보험,15,유형자산,자산,2,2025.1Q,77526.314767
KR0087,동양생명,082640,생명보험,15,유형자산,자산,2,2025.2Q,78957.885195
KR0087,동양생명,082640,생명보험,15,유형자산,자산,2,2025.3Q,69738.0
KR0087,동양생명,082640,생명보험,15,유형자산,자산,2,2025.4Q,75685.0
KR0087,동양생명,082640,생명보험,15,유형자산,자산,2,2026.1Q,85300.0
KR0087,동양생명,082640,생명보험,15,유형자산,자산,2,2026.2Q,74538.0
KR0087,동양생명,082640,생명보험,20,보험계약부채,부채,2,2023.1Q,26141994.719972
KR0087,동양생명,082640,생명보험,20,보험계약부채,부채,2,2023.2Q,25158262.792063
KR0087,동양생명,082640,생명보험,20,보험계약부채,부채,2,2023.3Q,24304420.269497
KR0087,동양생명,082640,생명보험,20,보험계약부채,부채,2,2023.4Q,26417000.323931
KR0087,동양생명,082640,생명보험,20,보험계약부채,부채,2,2024.1Q,26396249.13053
KR0087,동양생명,082640,생명보험,20,보험계약부채,부채,2,2024.2Q,27414763.030438
KR0087,동양생명,082640,생명보험,20,보험계약부채,부채,2,2024.3Q,28226798.687767
KR0087,동양생명,082640,생명보험,20,보험계약부채,부채,2,2024.4Q,28221455.749061
KR0087,동양생명,082640,생명보험,20,보험계약부채,부채,2,2025.1Q,29330677.006867
KR0087,동양생명,082640,생명보험,20,보험계약부채,부채,2,2025.2Q,29166616.193315
KR0087,동양생명,082640,생명보험,20,보험계약부채,부채,2,2025.3Q,29392006.0
KR0087,동양생명,082640,생명보험,20,보험계약부채,부채,2,2025.4Q,28145079.0
KR0087,동양생명,082640,생명보험,20,보험계약부채,부채,2,2026.1Q,26584371.0
KR0087,동양생명,082640,생명보험,20,보험계약부채,부채,2,2026.2Q,25971370.0
KR0087,동양생명,082640,생명보험,21,재보험계약부채,부채,2,2023.1Q,8380.529934
KR0087,동양생명,082640,생명보험,21,재보험계약부채,부채,2,2023.2Q,7951.429292
KR0087,동양생명,082640,생명보험,21,재보험계약부채,부채,2,2023.3Q,14427.382023
KR0087,동양생명,082640,생명보험,21,재보험계약부채,부채,2,2023.4Q,8909.175948
KR0087,동양생명,082640,생명보험,21,재보험계약부채,부채,2,2024.1Q,9476.846725
KR0087,동양생명,082640,생명보험,21,재보험계약부채,부채,2,2024.2Q,10351.842676
KR0087,동양생명,082640,생명보험,21,재보험계약부채,부채,2,2024.3Q,10752.327751
KR0087,동양생명,082640,생명보험,21,재보험계약부채,부채,2,2024.4Q,11136.160827
KR0087,동양생명,082640,생명보험,21,재보험계약부채,부채,2,2025.1Q,11683.720053
KR0087,동양생명,082640,생명보험,21,재보험계약부채,부채,2,2025.2Q,10899.672058
KR0087,동양생명,082640,생명보험,21,재보험계약부채,부채,2,2025.3Q,10583.0
KR0087,동양생명,082640,생명보험,21,재보험계약부채,부채,2,2025.4Q,9656.0
KR0087,동양생명,082640,생명보험,21,재보험계약부채,부채,2,2026.1Q,8874.0
KR0087,동양생명,082640,생명보험,21,재보험계약부채,부채,2,2026.2Q,7752.0
KR0087,동양생명,082640,생명보험,22,투자계약부채,부채,2,2023.1Q,2434367.458074
KR0087,동양생명,082640,생명보험,22,투자계약부채,부채,2,2023.2Q,2483467.296111
KR0087,동양생명,082640,생명보험,22,투자계약부채,부채,2,2023.3Q,2618495.493124
KR0087,동양생명,082640,생명보험,22,투자계약부채,부채,2,2023.4Q,3058395.190919
KR0087,동양생명,082640,생명보험,22,투자계약부채,부채,2,2024.1Q,3158990.527885
KR0087,동양생명,082640,생명보험,22,투자계약부채,부채,2,2024.2Q,3241303.623311
KR0087,동양생명,082640,생명보험,22,투자계약부채,부채,2,2024.3Q,3296287.16123
KR0087,동양생명,082640,생명보험,22,투자계약부채,부채,2,2024.4Q,3469088.29105
KR0087,동양생명,082640,생명보험,22,투자계약부채,부채,2,2025.1Q,3464386.356605
KR0087,동양생명,082640,생명보험,22,투자계약부채,부채,2,2025.2Q,3474425.432287
KR0087,동양생명,082640,생명보험,22,투자계약부채,부채,2,2025.3Q,3460587.0
KR0087,동양생명,082640,생명보험,22,투자계약부채,부채,2,2025.4Q,3705358.0
KR0087,동양생명,082640,생명보험,22,투자계약부채,부채,2,2026.1Q,3649785.0
KR0087,동양생명,082640,생명보험,22,투자계약부채,부채,2,2026.2Q,4463676.0
KR0087,동양생명,082640,생명보험,24,기타부채,부채,2,2023.1Q,162373.558037
KR0087,동양생명,082640,생명보험,24,기타부채,부채,2,2023.2Q,220842.674798
KR0087,동양생명,082640,생명보험,24,기타부채,부채,2,2023.3Q,18806.129095
KR0087,동양생명,082640,생명보험,24,기타부채,부채,2,2023.4Q,35087.817373
KR0087,동양생명,082640,생명보험,24,기타부채,부채,2,2024.1Q,15632.145607
KR0087,동양생명,082640,생명보험,24,기타부채,부채,2,2024.2Q,20678.862692
KR0087,동양생명,082640,생명보험,24,기타부채,부채,2,2024.3Q,23857.314886
KR0087,동양생명,082640,생명보험,24,기타부채,부채,2,2024.4Q,40097.310812
KR0087,동양생명,082640,생명보험,24,기타부채,부채,2,2025.1Q,19227.36964
KR0087,동양생명,082640,생명보험,24,기타부채,부채,2,2025.2Q,21681.44786
KR0087,동양생명,082640,생명보험,24,기타부채,부채,2,2025.3Q,5985.0
KR0087,동양생명,082640,생명보험,24,기타부채,부채,2,2025.4Q,10029.0
KR0087,동양생명,082640,생명보험,24,기타부채,부채,2,2026.1Q,6315.0
KR0087,동양생명,082640,생명보험,24,기타부채,부채,2,2026.2Q,34411.0
KR0087,동양생명,082640,생명보험,30,자본금,자본,2,2023.1Q,806792.925
KR0087,동양생명,082640,생명보험,30,자본금,자본,2,2023.2Q,806792.925
KR0087,동양생명,082640,생명보험,30,자본금,자본,2,2023.3Q,806792.925
KR0087,동양생명,082640,생명보험,30,자본금,자본,2,2023.4Q,806792.925
KR0087,동양생명,082640,생명보험,30,자본금,자본,2,2024.1Q,806792.925
KR0087,동양생명,082640,생명보험,30,자본금,자본,2,2024.2Q,806792.925
KR0087,동양생명,082640,생명보험,30,자본금,자본,2,2024.3Q,806792.925
KR0087,동양생명,082640,생명보험,30,자본금,자본,2,2024.4Q,806792.925
KR0087,동양생명,082640,생명보험,30,자본금,자본,2,2025.1Q,806792.925
KR0087,동양생명,082640,생명보험,30,자본금,자본,2,2025.2Q,806792.925
KR0087,동양생명,082640,생명보험,30,자본금,자본,2,2025.3Q,806793.0
KR0087,동양생명,082640,생명보험,30,자본금,자본,2,2025.4Q,806793.0
KR0087,동양생명,082640,생명보험,30,자본금,자본,2,2026.1Q,806793.0
KR0087,동양생명,082640,생명보험,30,자본금,자본,2,2026.2Q,806793.0
KR0087,동양생명,082640,생명보험,31,이익잉여금,자본,2,2023.1Q,1232806.211026
KR0087,동양생명,082640,생명보험,31,이익잉여금,자본,2,2023.2Q,1276559.77807
KR0087,동양생명,082640,생명보험,31,이익잉여금,자본,2,2023.3Q,1283332.432557
KR0087,동양생명,082640,생명보험,31,이익잉여금,자본,2,2023.4Q,1361584.988732
KR0087,동양생명,082640,생명보험,31,이익잉여금,자본,2,2024.1Q,1377241.498188
KR0087,동양생명,082640,생명보험,31,이익잉여금,자본,2,2024.2Q,1464055.759871
KR0087,동양생명,082640,생명보험,31,이익잉여금,자본,2,2024.3Q,1543857.982101
KR0087,동양생명,082640,생명보험,31,이익잉여금,자본,2,2024.4Q,1561498.237695
KR0087,동양생명,082640,생명보험,31,이익잉여금,자본,2,2025.1Q,1596767.530773
KR0087,동양생명,082640,생명보험,31,이익잉여금,자본,2,2025.2Q,1636800.006334
KR0087,동양생명,082640,생명보험,31,이익잉여금,자본,2,2025.3Q,1651794.0
KR0087,동양생명,082640,생명보험,31,이익잉여금,자본,2,2025.4Q,1604417.0
KR0087,동양생명,082640,생명보험,31,이익잉여금,자본,2,2026.1Q,1631417.0
KR0087,동양생명,082640,생명보험,31,이익잉여금,자본,2,2026.2Q,1644306.0
KR0094,신한라이프생명보험,X,생명보험,1,자산총계,자산,1,2023.1Q,57988646.0
KR0094,신한라이프생명보험,X,생명보험,1,자산총계,자산,1,2023.2Q,57222543.0
KR0094,신한라이프생명보험,X,생명보험,1,자산총계,자산,1,2023.3Q,56146491.0
KR0094,신한라이프생명보험,X,생명보험,1,자산총계,자산,1,2023.4Q,58508315.0
KR0094,신한라이프생명보험,X,생명보험,1,자산총계,자산,1,2024.1Q,57595225.0
KR0094,신한라이프생명보험,X,생명보험,1,자산총계,자산,1,2024.2Q,58457396.0
KR0094,신한라이프생명보험,X,생명보험,1,자산총계,자산,1,2024.3Q,60020845.0
KR0094,신한라이프생명보험,X,생명보험,1,자산총계,자산,1,2024.4Q,59617796.0
KR0094,신한라이프생명보험,X,생명보험,1,자산총계,자산,1,2025.1Q,60193893.0
KR0094,신한라이프생명보험,X,생명보험,1,자산총계,자산,1,2025.2Q,60224722.0
KR0094,신한라이프생명보험,X,생명보험,1,자산총계,자산,1,2025.3Q,60171813.0
KR0094,신한라이프생명보험,X,생명보험,1,자산총계,자산,1,2025.4Q,59448032.0
KR0094,신한라이프생명보험,X,생명보험,1,자산총계,자산,1,2026.1Q,57725150.0
KR0094,신한라이프생명보험,X,생명보험,1,자산총계,자산,1,2026.2Q,59078872.0
KR0094,신한라이프생명보험,X,생명보험,2,부채총계,부채,1,2023.1Q,49681607.0
KR0094,신한라이프생명보험,X,생명보험,2,부채총계,부채,1,2023.2Q,48710603.0
KR0094,신한라이프생명보험,X,생명보험,2,부채총계,부채,1,2023.3Q,47450048.0
KR0094,신한라이프생명보험,X,생명보험,2,부채총계,부채,1,2023.4Q,50061766.0
KR0094,신한라이프생명보험,X,생명보험,2,부채총계,부채,1,2024.1Q,49927391.0
KR0094,신한라이프생명보험,X,생명보험,2,부채총계,부채,1,2024.2Q,51151593.0
KR0094,신한라이프생명보험,X,생명보험,2,부채총계,부채,1,2024.3Q,52740799.0
KR0094,신한라이프생명보험,X,생명보험,2,부채총계,부채,1,2024.4Q,52555228.0
KR0094,신한라이프생명보험,X,생명보험,2,부채총계,부채,1,2025.1Q,54035219.0
KR0094,신한라이프생명보험,X,생명보험,2,부채총계,부채,1,2025.2Q,53792250.0
KR0094,신한라이프생명보험,X,생명보험,2,부채총계,부채,1,2025.3Q,54020222.0
KR0094,신한라이프생명보험,X,생명보험,2,부채총계,부채,1,2025.4Q,53208738.0
KR0094,신한라이프생명보험,X,생명보험,2,부채총계,부채,1,2026.1Q,51173547.0
KR0094,신한라이프생명보험,X,생명보험,2,부채총계,부채,1,2026.2Q,51810614.0
KR0094,신한라이프생명보험,X,생명보험,3,자본총계,자본,1,2023.1Q,8307039.0
KR0094,신한라이프생명보험,X,생명보험,3,자본총계,자본,1,2023.2Q,8511940.0
KR0094,신한라이프생명보험,X,생명보험,3,자본총계,자본,1,2023.3Q,8696443.0
KR0094,신한라이프생명보험,X,생명보험,3,자본총계,자본,1,2023.4Q,8446549.0
KR0094,신한라이프생명보험,X,생명보험,3,자본총계,자본,1,2024.1Q,7667834.0
KR0094,신한라이프생명보험,X,생명보험,3,자본총계,자본,1,2024.2Q,7305803.0
KR0094,신한라이프생명보험,X,생명보험,3,자본총계,자본,1,2024.3Q,7280046.0
KR0094,신한라이프생명보험,X,생명보험,3,자본총계,자본,1,2024.4Q,7062568.0
KR0094,신한라이프생명보험,X,생명보험,3,자본총계,자본,1,2025.1Q,6158674.0
KR0094,신한라이프생명보험,X,생명보험,3,자본총계,자본,1,2025.2Q,6432472.0
KR0094,신한라이프생명보험,X,생명보험,3,자본총계,자본,1,2025.3Q,6151591.0
KR0094,신한라이프생명보험,X,생명보험,3,자본총계,자본,1,2025.4Q,6239294.0
KR0094,신한라이프생명보험,X,생명보험,3,자본총계,자본,1,2026.1Q,6551603.0
KR0094,신한라이프생명보험,X,생명보험,3,자본총계,자본,1,2026.2Q,7268258.0
KR0094,신한라이프생명보험,X,생명보험,4,기타포괄손익 누계액,자본,2,2023.1Q,311077.0
KR0094,신한라이프생명보험,X,생명보험,4,기타포괄손익 누계액,자본,2,2023.2Q,343503.0
KR0094,신한라이프생명보험,X,생명보험,4,기타포괄손익 누계액,자본,2,2023.3Q,416131.0
KR0094,신한라이프생명보험,X,생명보험,4,기타포괄손익 누계액,자본,2,2023.4Q,117417.0
KR0094,신한라이프생명보험,X,생명보험,4,기타포괄손익 누계액,자본,2,2024.1Q,-650959.0
KR0094,신한라이프생명보험,X,생명보험,4,기타포괄손익 누계액,자본,2,2024.2Q,-1176180.0
KR0094,신한라이프생명보험,X,생명보험,4,기타포괄손익 누계액,자본,2,2024.3Q,-1361228.0
KR0094,신한라이프생명보험,X,생명보험,4,기타포괄손익 누계액,자본,2,2024.4Q,-1474062.0
KR0094,신한라이프생명보험,X,생명보험,4,기타포괄손익 누계액,자본,2,2025.1Q,-2162591.0
KR0094,신한라이프생명보험,X,생명보험,4,기타포괄손익 누계액,자본,2,2025.2Q,-2065718.0
KR0094,신한라이프생명보험,X,생명보험,4,기타포괄손익 누계액,자본,2,2025.3Q,-2219352.0
KR0094,신한라이프생명보험,X,생명보험,4,기타포괄손익 누계액,자본,2,2025.4Q,-2128291.0
KR0094,신한라이프생명보험,X,생명보험,4,기타포괄손익 누계액,자본,2,2026.1Q,-1928009.0
KR0094,신한라이프생명보험,X,생명보험,4,기타포괄손익 누계액,자본,2,2026.2Q,-1403311.0
KR0094,신한라이프생명보험,X,생명보험,5,해약환급금준비금 적립액,준비금,2,2023.2Q,3169786.0
KR0094,신한라이프생명보험,X,생명보험,5,해약환급금준비금 적립액,준비금,2,2023.3Q,3318801.0
KR0094,신한라이프생명보험,X,생명보험,5,해약환급금준비금 적립액,준비금,2,2023.4Q,3449210.0
KR0094,신한라이프생명보험,X,생명보험,5,해약환급금준비금 적립액,준비금,2,2024.1Q,3782633.0
KR0094,신한라이프생명보험,X,생명보험,5,해약환급금준비금 적립액,준비금,2,2024.2Q,4018556.0
KR0094,신한라이프생명보험,X,생명보험,5,해약환급금준비금 적립액,준비금,2,2024.3Q,4311838.0
KR0094,신한라이프생명보험,X,생명보험,5,해약환급금준비금 적립액,준비금,2,2024.4Q,3638116.0
KR0094,신한라이프생명보험,X,생명보험,5,해약환급금준비금 적립액,준비금,2,2025.1Q,3904563.0
KR0094,신한라이프생명보험,X,생명보험,5,해약환급금준비금 적립액,준비금,2,2025.2Q,4156050.0
KR0094,신한라이프생명보험,X,생명보험,5,해약환급금준비금 적립액,준비금,2,2025.3Q,4572593.0
KR0094,신한라이프생명보험,X,생명보험,5,해약환급금준비금 적립액,준비금,2,2025.4Q,4918355.0
KR0094,신한라이프생명보험,X,생명보험,5,해약환급금준비금 적립액,준비금,2,2026.1Q,5205188.0
KR0094,신한라이프생명보험,X,생명보험,5,해약환급금준비금 적립액,준비금,2,2026.2Q,5649188.0
KR0094,신한라이프생명보험,X,생명보험,7,대손준비금 적립액,준비금,2,2023.1Q,4557.0
KR0094,신한라이프생명보험,X,생명보험,7,대손준비금 적립액,준비금,2,2023.2Q,1025.0
KR0094,신한라이프생명보험,X,생명보험,7,대손준비금 적립액,준비금,2,2023.3Q,9687.0
KR0094,신한라이프생명보험,X,생명보험,7,대손준비금 적립액,준비금,2,2023.4Q,6997.0
KR0094,신한라이프생명보험,X,생명보험,7,대손준비금 적립액,준비금,2,2024.1Q,4934.0
KR0094,신한라이프생명보험,X,생명보험,7,대손준비금 적립액,준비금,2,2024.2Q,4667.0
KR0094,신한라이프생명보험,X,생명보험,7,대손준비금 적립액,준비금,2,2024.3Q,4940.0
KR0094,신한라이프생명보험,X,생명보험,7,대손준비금 적립액,준비금,2,2024.4Q,5989.0
KR0094,신한라이프생명보험,X,생명보험,7,대손준비금 적립액,준비금,2,2025.1Q,6185.0
KR0094,신한라이프생명보험,X,생명보험,7,대손준비금 적립액,준비금,2,2025.2Q,6765.0
KR0094,신한라이프생명보험,X,생명보험,7,대손준비금 적립액,준비금,2,2025.3Q,6997.0
KR0094,신한라이프생명보험,X,생명보험,7,대손준비금 적립액,준비금,2,2025.4Q,6342.0
KR0094,신한라이프생명보험,X,생명보험,7,대손준비금 적립액,준비금,2,2026.1Q,10801.0
KR0094,신한라이프생명보험,X,생명보험,7,대손준비금 적립액,준비금,2,2026.2Q,6292.0
KR0094,신한라이프생명보험,X,생명보험,8,보증준비금 적립액,준비금,2,2023.2Q,343851.0
KR0094,신한라이프생명보험,X,생명보험,8,보증준비금 적립액,준비금,2,2023.3Q,349475.0
KR0094,신한라이프생명보험,X,생명보험,8,보증준비금 적립액,준비금,2,2023.4Q,354282.0
KR0094,신한라이프생명보험,X,생명보험,8,보증준비금 적립액,준비금,2,2024.1Q,359332.0
KR0094,신한라이프생명보험,X,생명보험,8,보증준비금 적립액,준비금,2,2024.2Q,364115.0
KR0094,신한라이프생명보험,X,생명보험,8,보증준비금 적립액,준비금,2,2024.3Q,369000.0
KR0094,신한라이프생명보험,X,생명보험,8,보증준비금 적립액,준비금,2,2024.4Q,374035.0
KR0094,신한라이프생명보험,X,생명보험,8,보증준비금 적립액,준비금,2,2025.1Q,380534.0
KR0094,신한라이프생명보험,X,생명보험,8,보증준비금 적립액,준비금,2,2025.2Q,389035.0
KR0094,신한라이프생명보험,X,생명보험,8,보증준비금 적립액,준비금,2,2025.3Q,397625.0
KR0094,신한라이프생명보험,X,생명보험,8,보증준비금 적립액,준비금,2,2025.4Q,407335.0
KR0094,신한라이프생명보험,X,생명보험,8,보증준비금 적립액,준비금,2,2026.1Q,415545.0
KR0094,신한라이프생명보험,X,생명보험,8,보증준비금 적립액,준비금,2,2026.2Q,423121.0
KR0094,신한라이프생명보험,X,생명보험,10,현금및현금성자산,자산,2,2023.1Q,1416796.0
KR0094,신한라이프생명보험,X,생명보험,10,현금및현금성자산,자산,2,2023.2Q,1577487.0
KR0094,신한라이프생명보험,X,생명보험,10,현금및현금성자산,자산,2,2023.3Q,1607620.0
KR0094,신한라이프생명보험,X,생명보험,10,현금및현금성자산,자산,2,2023.4Q,1640481.0
KR0094,신한라이프생명보험,X,생명보험,10,현금및현금성자산,자산,2,2024.1Q,1307408.0
KR0094,신한라이프생명보험,X,생명보험,10,현금및현금성자산,자산,2,2024.2Q,1302599.0
KR0094,신한라이프생명보험,X,생명보험,10,현금및현금성자산,자산,2,2024.3Q,1419918.0
KR0094,신한라이프생명보험,X,생명보험,10,현금및현금성자산,자산,2,2024.4Q,1528871.0
KR0094,신한라이프생명보험,X,생명보험,10,현금및현금성자산,자산,2,2025.1Q,1591581.0
KR0094,신한라이프생명보험,X,생명보험,10,현금및현금성자산,자산,2,2025.2Q,1707510.0
KR0094,신한라이프생명보험,X,생명보험,10,현금및현금성자산,자산,2,2025.3Q,1452013.0
KR0094,신한라이프생명보험,X,생명보험,10,현금및현금성자산,자산,2,2025.4Q,2286855.0
KR0094,신한라이프생명보험,X,생명보험,10,현금및현금성자산,자산,2,2026.1Q,1436592.0
KR0094,신한라이프생명보험,X,생명보험,10,현금및현금성자산,자산,2,2026.2Q,1949583.0
KR0094,신한라이프생명보험,X,생명보험,11,당기손익-공정가치측정금융자산,자산,2,2023.1Q,11938853.0
KR0094,신한라이프생명보험,X,생명보험,11,당기손익-공정가치측정금융자산,자산,2,2023.2Q,11838490.0
KR0094,신한라이프생명보험,X,생명보험,11,당기손익-공정가치측정금융자산,자산,2,2023.3Q,11545258.0
KR0094,신한라이프생명보험,X,생명보험,11,당기손익-공정가치측정금융자산,자산,2,2023.4Q,11478700.0
KR0094,신한라이프생명보험,X,생명보험,11,당기손익-공정가치측정금융자산,자산,2,2024.1Q,11959451.0
KR0094,신한라이프생명보험,X,생명보험,11,당기손익-공정가치측정금융자산,자산,2,2024.2Q,12056945.0
KR0094,신한라이프생명보험,X,생명보험,11,당기손익-공정가치측정금융자산,자산,2,2024.3Q,12017684.0
KR0094,신한라이프생명보험,X,생명보험,11,당기손익-공정가치측정금융자산,자산,2,2024.4Q,11579983.0
KR0094,신한라이프생명보험,X,생명보험,11,당기손익-공정가치측정금융자산,자산,2,2025.1Q,11699546.0
KR0094,신한라이프생명보험,X,생명보험,11,당기손익-공정가치측정금융자산,자산,2,2025.2Q,12155002.0
KR0094,신한라이프생명보험,X,생명보험,11,당기손익-공정가치측정금융자산,자산,2,2025.3Q,12903089.0
KR0094,신한라이프생명보험,X,생명보험,11,당기손익-공정가치측정금융자산,자산,2,2025.4Q,13265276.0
KR0094,신한라이프생명보험,X,생명보험,11,당기손익-공정가치측정금융자산,자산,2,2026.1Q,13722907.0
KR0094,신한라이프생명보험,X,생명보험,11,당기손익-공정가치측정금융자산,자산,2,2026.2Q,15490003.0
KR0094,신한라이프생명보험,X,생명보험,13,상각후원가측정금융자산,자산,2,2023.1Q,10176909.0
KR0094,신한라이프생명보험,X,생명보험,13,상각후원가측정금융자산,자산,2,2023.2Q,10232348.0
KR0094,신한라이프생명보험,X,생명보험,13,상각후원가측정금융자산,자산,2,2023.3Q,4345833.0
KR0094,신한라이프생명보험,X,생명보험,13,상각후원가측정금융자산,자산,2,2023.4Q,4348023.0
KR0094,신한라이프생명보험,X,생명보험,13,상각후원가측정금융자산,자산,2,2024.1Q,4350348.0
KR0094,신한라이프생명보험,X,생명보험,13,상각후원가측정금융자산,자산,2,2024.2Q,4352736.0
KR0094,신한라이프생명보험,X,생명보험,13,상각후원가측정금융자산,자산,2,2024.3Q,3927495.0
KR0094,신한라이프생명보험,X,생명보험,13,상각후원가측정금융자산,자산,2,2024.4Q,3931915.0
KR0094,신한라이프생명보험,X,생명보험,13,상각후원가측정금융자산,자산,2,2025.1Q,3936399.0
KR0094,신한라이프생명보험,X,생명보험,13,상각후원가측정금융자산,자산,2,2025.2Q,3941080.0
KR0094,신한라이프생명보험,X,생명보험,13,상각후원가측정금융자산,자산,2,2025.3Q,3945885.0
KR0094,신한라이프생명보험,X,생명보험,13,상각후원가측정금융자산,자산,2,2025.4Q,7402581.0
KR0094,신한라이프생명보험,X,생명보험,13,상각후원가측정금융자산,자산,2,2026.1Q,6574452.0
KR0094,신한라이프생명보험,X,생명보험,13,상각후원가측정금융자산,자산,2,2026.2Q,3188733.0
KR0094,신한라이프생명보험,X,생명보험,14,재보험계약자산,자산,2,2023.1Q,45020.0
KR0094,신한라이프생명보험,X,생명보험,14,재보험계약자산,자산,2,2023.2Q,46564.0
KR0094,신한라이프생명보험,X,생명보험,14,재보험계약자산,자산,2,2023.3Q,52897.0
KR0094,신한라이프생명보험,X,생명보험,14,재보험계약자산,자산,2,2023.4Q,62815.0
KR0094,신한라이프생명보험,X,생명보험,14,재보험계약자산,자산,2,2024.1Q,51611.0
KR0094,신한라이프생명보험,X,생명보험,14,재보험계약자산,자산,2,2024.2Q,65020.0
KR0094,신한라이프생명보험,X,생명보험,14,재보험계약자산,자산,2,2024.3Q,84382.0
KR0094,신한라이프생명보험,X,생명보험,14,재보험계약자산,자산,2,2024.4Q,107668.0
KR0094,신한라이프생명보험,X,생명보험,14,재보험계약자산,자산,2,2025.1Q,91924.0
KR0094,신한라이프생명보험,X,생명보험,14,재보험계약자산,자산,2,2025.2Q,664410.0
KR0094,신한라이프생명보험,X,생명보험,14,재보험계약자산,자산,2,2025.3Q,637611.0
KR0094,신한라이프생명보험,X,생명보험,14,재보험계약자산,자산,2,2025.4Q,494226.0
KR0094,신한라이프생명보험,X,생명보험,14,재보험계약자산,자산,2,2026.1Q,338182.0
KR0094,신한라이프생명보험,X,생명보험,14,재보험계약자산,자산,2,2026.2Q,235935.0
KR0094,신한라이프생명보험,X,생명보험,15,유형자산,자산,2,2023.1Q,82890.0
KR0094,신한라이프생명보험,X,생명보험,15,유형자산,자산,2,2023.2Q,80587.0
KR0094,신한라이프생명보험,X,생명보험,15,유형자산,자산,2,2023.3Q,79247.0
KR0094,신한라이프생명보험,X,생명보험,15,유형자산,자산,2,2023.4Q,76122.0
KR0094,신한라이프생명보험,X,생명보험,15,유형자산,자산,2,2024.1Q,74511.0
KR0094,신한라이프생명보험,X,생명보험,15,유형자산,자산,2,2024.2Q,73015.0
KR0094,신한라이프생명보험,X,생명보험,15,유형자산,자산,2,2024.3Q,70858.0
KR0094,신한라이프생명보험,X,생명보험,15,유형자산,자산,2,2024.4Q,67924.0
KR0094,신한라이프생명보험,X,생명보험,15,유형자산,자산,2,2025.1Q,65160.0
KR0094,신한라이프생명보험,X,생명보험,15,유형자산,자산,2,2025.2Q,63533.0
KR0094,신한라이프생명보험,X,생명보험,15,유형자산,자산,2,2025.3Q,63530.0
KR0094,신한라이프생명보험,X,생명보험,15,유형자산,자산,2,2025.4Q,68917.0
KR0094,신한라이프생명보험,X,생명보험,15,유형자산,자산,2,2026.1Q,68548.0
KR0094,신한라이프생명보험,X,생명보험,15,유형자산,자산,2,2026.2Q,71002.0
KR0094,신한라이프생명보험,X,생명보험,20,보험계약부채,부채,2,2023.1Q,43970987.0
KR0094,신한라이프생명보험,X,생명보험,20,보험계약부채,부채,2,2023.2Q,42994833.0
KR0094,신한라이프생명보험,X,생명보험,20,보험계약부채,부채,2,2023.3Q,41541116.0
KR0094,신한라이프생명보험,X,생명보험,20,보험계약부채,부채,2,2023.4Q,45528986.0
KR0094,신한라이프생명보험,X,생명보험,20,보험계약부채,부채,2,2024.1Q,45565653.0
KR0094,신한라이프생명보험,X,생명보험,20,보험계약부채,부채,2,2024.2Q,46897060.0
KR0094,신한라이프생명보험,X,생명보험,20,보험계약부채,부채,2,2024.3Q,48362370.0
KR0094,신한라이프생명보험,X,생명보험,20,보험계약부채,부채,2,2024.4Q,48419650.0
KR0094,신한라이프생명보험,X,생명보험,20,보험계약부채,부채,2,2025.1Q,50191711.0
KR0094,신한라이프생명보험,X,생명보험,20,보험계약부채,부채,2,2025.2Q,49900166.0
KR0094,신한라이프생명보험,X,생명보험,20,보험계약부채,부채,2,2025.3Q,49760283.0
KR0094,신한라이프생명보험,X,생명보험,20,보험계약부채,부채,2,2025.4Q,47912623.0
KR0094,신한라이프생명보험,X,생명보험,20,보험계약부채,부채,2,2026.1Q,45501659.0
KR0094,신한라이프생명보험,X,생명보험,20,보험계약부채,부채,2,2026.2Q,45346996.0
KR0094,신한라이프생명보험,X,생명보험,21,재보험계약부채,부채,2,2023.1Q,94745.0
KR0094,신한라이프생명보험,X,생명보험,21,재보험계약부채,부채,2,2023.2Q,75660.0
KR0094,신한라이프생명보험,X,생명보험,21,재보험계약부채,부채,2,2023.3Q,67236.0
KR0094,신한라이프생명보험,X,생명보험,21,재보험계약부채,부채,2,2023.4Q,93120.0
KR0094,신한라이프생명보험,X,생명보험,21,재보험계약부채,부채,2,2024.1Q,108666.0
KR0094,신한라이프생명보험,X,생명보험,21,재보험계약부채,부채,2,2024.2Q,116410.0
KR0094,신한라이프생명보험,X,생명보험,21,재보험계약부채,부채,2,2024.3Q,116574.0
KR0094,신한라이프생명보험,X,생명보험,21,재보험계약부채,부채,2,2024.4Q,98058.0
KR0094,신한라이프생명보험,X,생명보험,21,재보험계약부채,부채,2,2025.1Q,130589.0
KR0094,신한라이프생명보험,X,생명보험,21,재보험계약부채,부채,2,2025.2Q,115691.0
KR0094,신한라이프생명보험,X,생명보험,21,재보험계약부채,부채,2,2025.3Q,106659.0
KR0094,신한라이프생명보험,X,생명보험,21,재보험계약부채,부채,2,2025.4Q,56378.0
KR0094,신한라이프생명보험,X,생명보험,21,재보험계약부채,부채,2,2026.1Q,31144.0
KR0094,신한라이프생명보험,X,생명보험,21,재보험계약부채,부채,2,2026.2Q,24709.0
KR0094,신한라이프생명보험,X,생명보험,22,투자계약부채,부채,2,2023.1Q,2480183.0
KR0094,신한라이프생명보험,X,생명보험,22,투자계약부채,부채,2,2023.2Q,2391085.0
KR0094,신한라이프생명보험,X,생명보험,22,투자계약부채,부채,2,2023.3Q,2395494.0
KR0094,신한라이프생명보험,X,생명보험,22,투자계약부채,부채,2,2023.4Q,1831826.0
KR0094,신한라이프생명보험,X,생명보험,22,투자계약부채,부채,2,2024.1Q,1647638.0
KR0094,신한라이프생명보험,X,생명보험,22,투자계약부채,부채,2,2024.2Q,1621830.0
KR0094,신한라이프생명보험,X,생명보험,22,투자계약부채,부채,2,2024.3Q,1617012.0
KR0094,신한라이프생명보험,X,생명보험,22,투자계약부채,부채,2,2024.4Q,1332468.0
KR0094,신한라이프생명보험,X,생명보험,22,투자계약부채,부채,2,2025.1Q,1083656.0
KR0094,신한라이프생명보험,X,생명보험,22,투자계약부채,부채,2,2025.2Q,862083.0
KR0094,신한라이프생명보험,X,생명보험,22,투자계약부채,부채,2,2025.3Q,801065.0
KR0094,신한라이프생명보험,X,생명보험,22,투자계약부채,부채,2,2025.4Q,1541684.0
KR0094,신한라이프생명보험,X,생명보험,22,투자계약부채,부채,2,2026.1Q,1314282.0
KR0094,신한라이프생명보험,X,생명보험,22,투자계약부채,부채,2,2026.2Q,1592487.0
KR0094,신한라이프생명보험,X,생명보험,23,차입부채,부채,2,2023.1Q,24100.0
KR0094,신한라이프생명보험,X,생명보험,23,차입부채,부채,2,2023.3Q,0.0
KR0094,신한라이프생명보험,X,생명보험,23,차입부채,부채,2,2023.4Q,0.0
KR0094,신한라이프생명보험,X,생명보험,23,차입부채,부채,2,2024.4Q,0.0
KR0094,신한라이프생명보험,X,생명보험,24,기타부채,부채,2,2023.1Q,39878.0
KR0094,신한라이프생명보험,X,생명보험,24,기타부채,부채,2,2023.2Q,38265.0
KR0094,신한라이프생명보험,X,생명보험,24,기타부채,부채,2,2023.3Q,30691.0
KR0094,신한라이프생명보험,X,생명보험,24,기타부채,부채,2,2023.4Q,32533.0
KR0094,신한라이프생명보험,X,생명보험,24,기타부채,부채,2,2024.1Q,44447.0
KR0094,신한라이프생명보험,X,생명보험,24,기타부채,부채,2,2024.2Q,36700.0
KR0094,신한라이프생명보험,X,생명보험,24,기타부채,부채,2,2024.3Q,30842.0
KR0094,신한라이프생명보험,X,생명보험,24,기타부채,부채,2,2024.4Q,31270.0
KR0094,신한라이프생명보험,X,생명보험,24,기타부채,부채,2,2025.1Q,47971.0
KR0094,신한라이프생명보험,X,생명보험,24,기타부채,부채,2,2025.2Q,31353.0
KR0094,신한라이프생명보험,X,생명보험,24,기타부채,부채,2,2025.3Q,31256.0
KR0094,신한라이프생명보험,X,생명보험,24,기타부채,부채,2,2025.4Q,28164.0
KR0094,신한라이프생명보험,X,생명보험,24,기타부채,부채,2,2026.1Q,48330.0
KR0094,신한라이프생명보험,X,생명보험,24,기타부채,부채,2,2026.2Q,35496.0
KR0094,신한라이프생명보험,X,생명보험,30,자본금,자본,2,2023.1Q,578274.0
KR0094,신한라이프생명보험,X,생명보험,30,자본금,자본,2,2023.2Q,578274.0
KR0094,신한라이프생명보험,X,생명보험,30,자본금,자본,2,2023.3Q,578274.0
KR0094,신한라이프생명보험,X,생명보험,30,자본금,자본,2,2023.4Q,578274.0
KR0094,신한라이프생명보험,X,생명보험,30,자본금,자본,2,2024.1Q,578274.0
KR0094,신한라이프생명보험,X,생명보험,30,자본금,자본,2,2024.2Q,578274.0
KR0094,신한라이프생명보험,X,생명보험,30,자본금,자본,2,2024.3Q,578274.0
KR0094,신한라이프생명보험,X,생명보험,30,자본금,자본,2,2024.4Q,578274.0
KR0094,신한라이프생명보험,X,생명보험,30,자본금,자본,2,2025.1Q,578274.0
KR0094,신한라이프생명보험,X,생명보험,30,자본금,자본,2,2025.2Q,578274.0
KR0094,신한라이프생명보험,X,생명보험,30,자본금,자본,2,2025.3Q,578274.0
KR0094,신한라이프생명보험,X,생명보험,30,자본금,자본,2,2025.4Q,578274.0
KR0094,신한라이프생명보험,X,생명보험,30,자본금,자본,2,2026.1Q,578274.0
KR0094,신한라이프생명보험,X,생명보험,30,자본금,자본,2,2026.2Q,578274.0
KR0094,신한라이프생명보험,X,생명보험,31,이익잉여금,자본,2,2023.1Q,6296752.0
KR0094,신한라이프생명보험,X,생명보험,31,이익잉여금,자본,2,2023.2Q,6469227.0
KR0094,신한라이프생명보험,X,생명보험,31,이익잉여금,자본,2,2023.3Q,6581103.0
KR0094,신한라이프생명보험,X,생명보험,31,이익잉여금,자본,2,2023.4Q,6629922.0
KR0094,신한라이프생명보험,X,생명보험,31,이익잉여금,자본,2,2024.1Q,6619583.0
KR0094,신한라이프생명보험,X,생명보험,31,이익잉여금,자본,2,2024.2Q,6782773.0
KR0094,신한라이프생명보험,X,생명보험,31,이익잉여금,자본,2,2024.3Q,6942064.0
KR0094,신한라이프생명보험,X,생명보험,31,이익잉여금,자본,2,2024.4Q,6837420.0
KR0094,신한라이프생명보험,X,생명보험,31,이익잉여금,자본,2,2025.1Q,6622055.0
KR0094,신한라이프생명보험,X,생명보험,31,이익잉여금,자본,2,2025.2Q,6798980.0
KR0094,신한라이프생명보험,X,생명보험,31,이익잉여금,자본,2,2025.3Q,6971741.0
KR0094,신한라이프생명보험,X,생명보험,31,이익잉여금,자본,2,2025.4Q,6968397.0
KR0094,신한라이프생명보험,X,생명보험,31,이익잉여금,자본,2,2026.1Q,7080424.0
KR0094,신한라이프생명보험,X,생명보험,31,이익잉여금,자본,2,2026.2Q,7271838.0
KR0095,메트라이프생명보험,X,생명보험,1,자산총계,자산,1,2022.4Q,23521174.063015
KR0095,메트라이프생명보험,X,생명보험,1,자산총계,자산,1,2023.4Q,23186454.52475
KR0095,메트라이프생명보험,X,생명보험,1,자산총계,자산,1,2024.4Q,25236678.494911
KR0095,메트라이프생명보험,X,생명보험,1,자산총계,자산,1,2025.4Q,28376220.390188
KR0095,메트라이프생명보험,X,생명보험,2,부채총계,부채,1,2022.4Q,21967836.719095
KR0095,메트라이프생명보험,X,생명보험,2,부채총계,부채,1,2023.4Q,18746708.754432
KR0095,메트라이프생명보험,X,생명보험,2,부채총계,부채,1,2024.4Q,21348829.301336
KR0095,메트라이프생명보험,X,생명보험,2,부채총계,부채,1,2025.4Q,24957002.553288
KR0095,메트라이프생명보험,X,생명보험,3,자본총계,자본,1,2022.4Q,1553337.34392
KR0095,메트라이프생명보험,X,생명보험,3,자본총계,자본,1,2023.4Q,4439745.770318
KR0095,메트라이프생명보험,X,생명보험,3,자본총계,자본,1,2024.4Q,3887849.193575
KR0095,메트라이프생명보험,X,생명보험,3,자본총계,자본,1,2025.4Q,3419217.8369
KR0095,메트라이프생명보험,X,생명보험,4,기타포괄손익 누계액,자본,2,2022.4Q,-70498.853833
KR0095,메트라이프생명보험,X,생명보험,5,해약환급금준비금 적립액,준비금,2,2023.4Q,2091379.427
KR0095,메트라이프생명보험,X,생명보험,5,해약환급금준비금 적립액,준비금,2,2024.1Q,2091379.427
KR0095,메트라이프생명보험,X,생명보험,5,해약환급금준비금 적립액,준비금,2,2024.2Q,2091379.427
KR0095,메트라이프생명보험,X,생명보험,5,해약환급금준비금 적립액,준비금,2,2024.3Q,2091379.427
KR0095,메트라이프생명보험,X,생명보험,5,해약환급금준비금 적립액,준비금,2,2024.4Q,1333423.78
KR0095,메트라이프생명보험,X,생명보험,5,해약환급금준비금 적립액,준비금,2,2025.1Q,1333423.78
KR0095,메트라이프생명보험,X,생명보험,5,해약환급금준비금 적립액,준비금,2,2025.2Q,1333423.78
KR0095,메트라이프생명보험,X,생명보험,5,해약환급금준비금 적립액,준비금,2,2025.3Q,1333423.78
KR0095,메트라이프생명보험,X,생명보험,5,해약환급금준비금 적립액,준비금,2,2025.4Q,2021231.209
KR0095,메트라이프생명보험,X,생명보험,5,해약환급금준비금 적립액,준비금,2,2026.1Q,2021231.209
KR0095,메트라이프생명보험,X,생명보험,5,해약환급금준비금 적립액,준비금,2,2026.2Q,2021231.209
KR0095,메트라이프생명보험,X,생명보험,7,대손준비금 적립액,준비금,2,2022.4Q,18330.398
KR0095,메트라이프생명보험,X,생명보험,7,대손준비금 적립액,준비금,2,2023.1Q,18330.398
KR0095,메트라이프생명보험,X,생명보험,7,대손준비금 적립액,준비금,2,2023.2Q,18330.398
KR0095,메트라이프생명보험,X,생명보험,7,대손준비금 적립액,준비금,2,2023.3Q,18330.398
KR0095,메트라이프생명보험,X,생명보험,7,대손준비금 적립액,준비금,2,2023.4Q,10515.021
KR0095,메트라이프생명보험,X,생명보험,7,대손준비금 적립액,준비금,2,2024.1Q,10515.021
KR0095,메트라이프생명보험,X,생명보험,7,대손준비금 적립액,준비금,2,2024.2Q,10515.021
KR0095,메트라이프생명보험,X,생명보험,7,대손준비금 적립액,준비금,2,2024.3Q,10515.021
KR0095,메트라이프생명보험,X,생명보험,7,대손준비금 적립액,준비금,2,2024.4Q,10123.723
KR0095,메트라이프생명보험,X,생명보험,7,대손준비금 적립액,준비금,2,2025.1Q,10123.723
KR0095,메트라이프생명보험,X,생명보험,7,대손준비금 적립액,준비금,2,2025.2Q,10123.723
KR0095,메트라이프생명보험,X,생명보험,7,대손준비금 적립액,준비금,2,2025.3Q,10123.723
KR0095,메트라이프생명보험,X,생명보험,7,대손준비금 적립액,준비금,2,2025.4Q,10362.298
KR0095,메트라이프생명보험,X,생명보험,7,대손준비금 적립액,준비금,2,2026.1Q,10362.298
KR0095,메트라이프생명보험,X,생명보험,7,대손준비금 적립액,준비금,2,2026.2Q,10362.298
KR0095,메트라이프생명보험,X,생명보험,8,보증준비금 적립액,준비금,2,2023.4Q,971720.131
KR0095,메트라이프생명보험,X,생명보험,8,보증준비금 적립액,준비금,2,2024.1Q,971720.131
KR0095,메트라이프생명보험,X,생명보험,8,보증준비금 적립액,준비금,2,2024.2Q,971720.131
KR0095,메트라이프생명보험,X,생명보험,8,보증준비금 적립액,준비금,2,2024.3Q,971720.131
KR0095,메트라이프생명보험,X,생명보험,8,보증준비금 적립액,준비금,2,2024.4Q,213387.223
KR0095,메트라이프생명보험,X,생명보험,8,보증준비금 적립액,준비금,2,2025.1Q,213387.223
KR0095,메트라이프생명보험,X,생명보험,8,보증준비금 적립액,준비금,2,2025.2Q,213387.223
KR0095,메트라이프생명보험,X,생명보험,8,보증준비금 적립액,준비금,2,2025.3Q,213387.223
KR0095,메트라이프생명보험,X,생명보험,8,보증준비금 적립액,준비금,2,2025.4Q,62146.913
KR0095,메트라이프생명보험,X,생명보험,8,보증준비금 적립액,준비금,2,2026.1Q,62146.913
KR0095,메트라이프생명보험,X,생명보험,8,보증준비금 적립액,준비금,2,2026.2Q,62146.913
KR0095,메트라이프생명보험,X,생명보험,10,현금및현금성자산,자산,2,2022.4Q,266561.369389
KR0095,메트라이프생명보험,X,생명보험,10,현금및현금성자산,자산,2,2023.4Q,800231.5908
KR0095,메트라이프생명보험,X,생명보험,10,현금및현금성자산,자산,2,2024.4Q,1254948.471008
KR0095,메트라이프생명보험,X,생명보험,10,현금및현금성자산,자산,2,2025.4Q,1063277.390412
KR0095,메트라이프생명보험,X,생명보험,11,당기손익-공정가치측정금융자산,자산,2,2023.4Q,12801789.193347
KR0095,메트라이프생명보험,X,생명보험,11,당기손익-공정가치측정금융자산,자산,2,2024.4Q,13182927.677472
KR0095,메트라이프생명보험,X,생명보험,11,당기손익-공정가치측정금융자산,자산,2,2025.4Q,16214920.960532
KR0095,메트라이프생명보험,X,생명보험,12,기타포괄손익-공정가치측정금융자산,자산,2,2023.4Q,8129911.170575
KR0095,메트라이프생명보험,X,생명보험,12,기타포괄손익-공정가치측정금융자산,자산,2,2024.4Q,9245488.802372
KR0095,메트라이프생명보험,X,생명보험,12,기타포괄손익-공정가치측정금융자산,자산,2,2025.4Q,9604264.374234
KR0095,메트라이프생명보험,X,생명보험,13,상각후원가측정금융자산,자산,2,2023.4Q,1164241.672067
KR0095,메트라이프생명보험,X,생명보험,13,상각후원가측정금융자산,자산,2,2024.4Q,1152907.86941
KR0095,메트라이프생명보험,X,생명보험,13,상각후원가측정금융자산,자산,2,2025.4Q,1318109.758519
KR0095,메트라이프생명보험,X,생명보험,14,재보험계약자산,자산,2,2024.4Q,156.262795
KR0095,메트라이프생명보험,X,생명보험,14,재보험계약자산,자산,2,2025.4Q,161.654386
KR0095,메트라이프생명보험,X,생명보험,15,유형자산,자산,2,2022.4Q,12699.635081
KR0095,메트라이프생명보험,X,생명보험,15,유형자산,자산,2,2023.4Q,11386.612764
KR0095,메트라이프생명보험,X,생명보험,15,유형자산,자산,2,2024.4Q,10285.815049
KR0095,메트라이프생명보험,X,생명보험,15,유형자산,자산,2,2025.4Q,12334.583773
KR0095,메트라이프생명보험,X,생명보험,20,보험계약부채,부채,2,2022.4Q,10856247.314288
KR0095,메트라이프생명보험,X,생명보험,20,보험계약부채,부채,2,2023.4Q,17756977.015445
KR0095,메트라이프생명보험,X,생명보험,20,보험계약부채,부채,2,2024.4Q,20455254.448471
KR0095,메트라이프생명보험,X,생명보험,20,보험계약부채,부채,2,2025.4Q,24023079.108979
KR0095,메트라이프생명보험,X,생명보험,21,재보험계약부채,부채,2,2023.4Q,49206.232441
KR0095,메트라이프생명보험,X,생명보험,21,재보험계약부채,부채,2,2024.4Q,67112.733247
KR0095,메트라이프생명보험,X,생명보험,21,재보험계약부채,부채,2,2025.4Q,64268.89391
KR0095,메트라이프생명보험,X,생명보험,22,투자계약부채,부채,2,2023.4Q,94.811667
KR0095,메트라이프생명보험,X,생명보험,22,투자계약부채,부채,2,2024.4Q,88.310136
KR0095,메트라이프생명보험,X,생명보험,22,투자계약부채,부채,2,2025.4Q,84.532429
KR0095,메트라이프생명보험,X,생명보험,24,기타부채,부채,2,2022.4Q,28222.14884
KR0095,메트라이프생명보험,X,생명보험,24,기타부채,부채,2,2023.4Q,6141.946957
KR0095,메트라이프생명보험,X,생명보험,24,기타부채,부채,2,2024.4Q,15935.576938
KR0095,메트라이프생명보험,X,생명보험,24,기타부채,부채,2,2025.4Q,14275.179034
KR0095,메트라이프생명보험,X,생명보험,30,자본금,자본,2,2022.4Q,141570.32
KR0095,메트라이프생명보험,X,생명보험,30,자본금,자본,2,2023.4Q,141570.32
KR0095,메트라이프생명보험,X,생명보험,30,자본금,자본,2,2024.4Q,141570.32
KR0095,메트라이프생명보험,X,생명보험,30,자본금,자본,2,2025.4Q,141570.32
KR0095,메트라이프생명보험,X,생명보험,31,이익잉여금,자본,2,2022.4Q,1414112.375539
KR0095,메트라이프생명보험,X,생명보험,31,이익잉여금,자본,2,2023.4Q,3986766.306732
KR0095,메트라이프생명보험,X,생명보험,31,이익잉여금,자본,2,2024.4Q,3809998.131253
KR0095,메트라이프생명보험,X,생명보험,31,이익잉여금,자본,2,2025.4Q,3556427.259905
KR0097,하나생명보험,X,생명보험,1,자산총계,자산,1,2022.4Q,5876464.494448
KR0097,하나생명보험,X,생명보험,1,자산총계,자산,1,2023.4Q,6218302.451271
KR0097,하나생명보험,X,생명보험,1,자산총계,자산,1,2024.4Q,6603137.617975
KR0097,하나생명보험,X,생명보험,1,자산총계,자산,1,2025.4Q,6979732.929858
KR0097,하나생명보험,X,생명보험,2,부채총계,부채,1,2022.4Q,5662080.996052
KR0097,하나생명보험,X,생명보험,2,부채총계,부채,1,2023.4Q,5745252.804073
KR0097,하나생명보험,X,생명보험,2,부채총계,부채,1,2024.4Q,6015129.874099
KR0097,하나생명보험,X,생명보험,2,부채총계,부채,1,2025.4Q,6494939.073663
KR0097,하나생명보험,X,생명보험,3,자본총계,자본,1,2022.4Q,214383.498396
KR0097,하나생명보험,X,생명보험,3,자본총계,자본,1,2023.4Q,473049.647198
KR0097,하나생명보험,X,생명보험,3,자본총계,자본,1,2024.4Q,588007.743876
KR0097,하나생명보험,X,생명보험,3,자본총계,자본,1,2025.4Q,484793.856195
KR0097,하나생명보험,X,생명보험,4,기타포괄손익 누계액,자본,2,2022.4Q,-276264.277447
KR0097,하나생명보험,X,생명보험,4,기타포괄손익 누계액,자본,2,2023.4Q,-187544.335466
KR0097,하나생명보험,X,생명보험,4,기타포괄손익 누계액,자본,2,2024.4Q,-261332.998345
KR0097,하나생명보험,X,생명보험,4,기타포괄손익 누계액,자본,2,2025.4Q,-372191.12539
KR0097,하나생명보험,X,생명보험,5,해약환급금준비금 적립액,준비금,2,2023.4Q,62136.939
KR0097,하나생명보험,X,생명보험,5,해약환급금준비금 적립액,준비금,2,2024.1Q,62136.939
KR0097,하나생명보험,X,생명보험,5,해약환급금준비금 적립액,준비금,2,2024.2Q,62136.939
KR0097,하나생명보험,X,생명보험,5,해약환급금준비금 적립액,준비금,2,2024.3Q,62136.939
KR0097,하나생명보험,X,생명보험,5,해약환급금준비금 적립액,준비금,2,2024.4Q,80882.732
KR0097,하나생명보험,X,생명보험,5,해약환급금준비금 적립액,준비금,2,2025.1Q,80882.732
KR0097,하나생명보험,X,생명보험,5,해약환급금준비금 적립액,준비금,2,2025.2Q,80882.732
KR0097,하나생명보험,X,생명보험,5,해약환급금준비금 적립액,준비금,2,2025.3Q,80882.732
KR0097,하나생명보험,X,생명보험,5,해약환급금준비금 적립액,준비금,2,2025.4Q,88526.971
KR0097,하나생명보험,X,생명보험,5,해약환급금준비금 적립액,준비금,2,2026.1Q,88526.971
KR0097,하나생명보험,X,생명보험,5,해약환급금준비금 적립액,준비금,2,2026.2Q,88526.971
KR0097,하나생명보험,X,생명보험,7,대손준비금 적립액,준비금,2,2022.4Q,5924.238
KR0097,하나생명보험,X,생명보험,7,대손준비금 적립액,준비금,2,2023.1Q,5924.238
KR0097,하나생명보험,X,생명보험,7,대손준비금 적립액,준비금,2,2023.2Q,5924.238
KR0097,하나생명보험,X,생명보험,7,대손준비금 적립액,준비금,2,2023.3Q,5924.238
KR0097,하나생명보험,X,생명보험,7,대손준비금 적립액,준비금,2,2023.4Q,1828.502
KR0097,하나생명보험,X,생명보험,7,대손준비금 적립액,준비금,2,2024.1Q,1828.502
KR0097,하나생명보험,X,생명보험,7,대손준비금 적립액,준비금,2,2024.2Q,1828.502
KR0097,하나생명보험,X,생명보험,7,대손준비금 적립액,준비금,2,2024.3Q,1828.502
KR0097,하나생명보험,X,생명보험,7,대손준비금 적립액,준비금,2,2024.4Q,0.0
KR0097,하나생명보험,X,생명보험,7,대손준비금 적립액,준비금,2,2025.1Q,0.0
KR0097,하나생명보험,X,생명보험,7,대손준비금 적립액,준비금,2,2025.2Q,0.0
KR0097,하나생명보험,X,생명보험,7,대손준비금 적립액,준비금,2,2025.3Q,0.0
KR0097,하나생명보험,X,생명보험,7,대손준비금 적립액,준비금,2,2025.4Q,0.0
KR0097,하나생명보험,X,생명보험,7,대손준비금 적립액,준비금,2,2026.1Q,0.0
KR0097,하나생명보험,X,생명보험,7,대손준비금 적립액,준비금,2,2026.2Q,0.0
KR0097,하나생명보험,X,생명보험,8,보증준비금 적립액,준비금,2,2023.4Q,7372.859
KR0097,하나생명보험,X,생명보험,8,보증준비금 적립액,준비금,2,2024.1Q,7372.859
KR0097,하나생명보험,X,생명보험,8,보증준비금 적립액,준비금,2,2024.2Q,7372.859
KR0097,하나생명보험,X,생명보험,8,보증준비금 적립액,준비금,2,2024.3Q,7372.859
KR0097,하나생명보험,X,생명보험,8,보증준비금 적립액,준비금,2,2024.4Q,0.0
KR0097,하나생명보험,X,생명보험,8,보증준비금 적립액,준비금,2,2025.1Q,0.0
KR0097,하나생명보험,X,생명보험,8,보증준비금 적립액,준비금,2,2025.2Q,0.0
KR0097,하나생명보험,X,생명보험,8,보증준비금 적립액,준비금,2,2025.3Q,0.0
KR0097,하나생명보험,X,생명보험,8,보증준비금 적립액,준비금,2,2025.4Q,0.0
KR0097,하나생명보험,X,생명보험,8,보증준비금 적립액,준비금,2,2026.1Q,0.0
KR0097,하나생명보험,X,생명보험,8,보증준비금 적립액,준비금,2,2026.2Q,0.0
KR0097,하나생명보험,X,생명보험,10,현금및현금성자산,자산,2,2022.4Q,107015.428587
KR0097,하나생명보험,X,생명보험,10,현금및현금성자산,자산,2,2023.4Q,325732.805287
KR0097,하나생명보험,X,생명보험,10,현금및현금성자산,자산,2,2024.4Q,327943.90712
KR0097,하나생명보험,X,생명보험,10,현금및현금성자산,자산,2,2025.4Q,448173.706446
KR0097,하나생명보험,X,생명보험,11,당기손익-공정가치측정금융자산,자산,2,2022.4Q,891678.473223
KR0097,하나생명보험,X,생명보험,11,당기손익-공정가치측정금융자산,자산,2,2023.4Q,2242972.751219
KR0097,하나생명보험,X,생명보험,11,당기손익-공정가치측정금융자산,자산,2,2024.4Q,2356028.962105
KR0097,하나생명보험,X,생명보험,11,당기손익-공정가치측정금융자산,자산,2,2025.4Q,2290777.480691
KR0097,하나생명보험,X,생명보험,12,기타포괄손익-공정가치측정금융자산,자산,2,2022.4Q,1157589.264241
KR0097,하나생명보험,X,생명보험,12,기타포괄손익-공정가치측정금융자산,자산,2,2023.4Q,2860760.724207
KR0097,하나생명보험,X,생명보험,12,기타포괄손익-공정가치측정금융자산,자산,2,2024.4Q,2963429.776843
KR0097,하나생명보험,X,생명보험,12,기타포괄손익-공정가치측정금융자산,자산,2,2025.4Q,3324424.753647
KR0097,하나생명보험,X,생명보험,13,상각후원가측정금융자산,자산,2,2022.4Q,1855243.36727
KR0097,하나생명보험,X,생명보험,13,상각후원가측정금융자산,자산,2,2023.4Q,670897.596924
KR0097,하나생명보험,X,생명보험,13,상각후원가측정금융자산,자산,2,2024.4Q,751137.757872
KR0097,하나생명보험,X,생명보험,13,상각후원가측정금융자산,자산,2,2025.4Q,688464.728028
KR0097,하나생명보험,X,생명보험,14,재보험계약자산,자산,2,2023.4Q,3961.648987
KR0097,하나생명보험,X,생명보험,14,재보험계약자산,자산,2,2024.4Q,4976.298335
KR0097,하나생명보험,X,생명보험,14,재보험계약자산,자산,2,2025.4Q,2791.763224
KR0097,하나생명보험,X,생명보험,15,유형자산,자산,2,2022.4Q,2090.640888
KR0097,하나생명보험,X,생명보험,15,유형자산,자산,2,2023.4Q,2435.977142
KR0097,하나생명보험,X,생명보험,15,유형자산,자산,2,2024.4Q,1995.423653
KR0097,하나생명보험,X,생명보험,15,유형자산,자산,2,2025.4Q,2194.342617
KR0097,하나생명보험,X,생명보험,20,보험계약부채,부채,2,2022.4Q,3644651.598663
KR0097,하나생명보험,X,생명보험,20,보험계약부채,부채,2,2023.4Q,4627715.858951
KR0097,하나생명보험,X,생명보험,20,보험계약부채,부채,2,2024.4Q,4630713.502379
KR0097,하나생명보험,X,생명보험,21,재보험계약부채,부채,2,2023.4Q,6436.335633
KR0097,하나생명보험,X,생명보험,21,재보험계약부채,부채,2,2024.4Q,7645.231229
KR0097,하나생명보험,X,생명보험,21,재보험계약부채,부채,2,2025.4Q,7181.726139
KR0097,하나생명보험,X,생명보험,22,투자계약부채,부채,2,2023.4Q,1018286.404826
KR0097,하나생명보험,X,생명보험,22,투자계약부채,부채,2,2024.4Q,1298625.499147
KR0097,하나생명보험,X,생명보험,22,투자계약부채,부채,2,2025.4Q,1410352.634521
KR0097,하나생명보험,X,생명보험,24,기타부채,부채,2,2022.4Q,183262.203856
KR0097,하나생명보험,X,생명보험,24,기타부채,부채,2,2023.4Q,89313.441564
KR0097,하나생명보험,X,생명보험,24,기타부채,부채,2,2024.4Q,64844.814931
KR0097,하나생명보험,X,생명보험,24,기타부채,부채,2,2025.4Q,74280.164846
KR0097,하나생명보험,X,생명보험,30,자본금,자본,2,2022.4Q,207026.0
KR0097,하나생명보험,X,생명보험,30,자본금,자본,2,2023.4Q,207026.0
KR0097,하나생명보험,X,생명보험,30,자본금,자본,2,2024.4Q,299626.0
KR0097,하나생명보험,X,생명보험,30,자본금,자본,2,2025.4Q,299626.0
KR0097,하나생명보험,X,생명보험,31,이익잉여금,자본,2,2022.4Q,101625.679009
KR0097,하나생명보험,X,생명보험,31,이익잉여금,자본,2,2023.4Q,91696.45583
KR0097,하나생명보험,X,생명보험,31,이익잉여금,자본,2,2024.4Q,80882.732387
KR0097,하나생명보험,X,생명보험,31,이익잉여금,자본,2,2025.4Q,88526.971751
KR0099,KB라이프생명,X,생명보험,1,자산총계,자산,1,2023.1Q,30244359.0
KR0099,KB라이프생명,X,생명보험,1,자산총계,자산,1,2023.2Q,29828913.0
KR0099,KB라이프생명,X,생명보험,1,자산총계,자산,1,2023.3Q,29390689.0
KR0099,KB라이프생명,X,생명보험,1,자산총계,자산,1,2023.4Q,31634138.0
KR0099,KB라이프생명,X,생명보험,1,자산총계,자산,1,2024.1Q,31792304.0
KR0099,KB라이프생명,X,생명보험,1,자산총계,자산,1,2024.2Q,32369759.0
KR0099,KB라이프생명,X,생명보험,1,자산총계,자산,1,2024.3Q,33268502.0
KR0099,KB라이프생명,X,생명보험,1,자산총계,자산,1,2024.4Q,33717436.0
KR0099,KB라이프생명,X,생명보험,1,자산총계,자산,1,2025.1Q,35021300.0
KR0099,KB라이프생명,X,생명보험,1,자산총계,자산,1,2025.2Q,35423110.0
KR0099,KB라이프생명,X,생명보험,1,자산총계,자산,1,2025.3Q,35815391.0
KR0099,KB라이프생명,X,생명보험,1,자산총계,자산,1,2025.4Q,35228934.0
KR0099,KB라이프생명,X,생명보험,1,자산총계,자산,1,2026.1Q,34615191.0
KR0099,KB라이프생명,X,생명보험,1,자산총계,자산,1,2026.2Q,34847703.0
KR0099,KB라이프생명,X,생명보험,2,부채총계,부채,1,2023.1Q,24870845.0
KR0099,KB라이프생명,X,생명보험,2,부채총계,부채,1,2023.2Q,24293488.0
KR0099,KB라이프생명,X,생명보험,2,부채총계,부채,1,2023.3Q,23625333.0
KR0099,KB라이프생명,X,생명보험,2,부채총계,부채,1,2023.4Q,26151264.0
KR0099,KB라이프생명,X,생명보험,2,부채총계,부채,1,2024.1Q,26820917.0
KR0099,KB라이프생명,X,생명보험,2,부채총계,부채,1,2024.2Q,27688565.0
KR0099,KB라이프생명,X,생명보험,2,부채총계,부채,1,2024.3Q,28801051.0
KR0099,KB라이프생명,X,생명보험,2,부채총계,부채,1,2024.4Q,29180278.0
KR0099,KB라이프생명,X,생명보험,2,부채총계,부채,1,2025.1Q,30859865.0
KR0099,KB라이프생명,X,생명보험,2,부채총계,부채,1,2025.2Q,31159446.0
KR0099,KB라이프생명,X,생명보험,2,부채총계,부채,1,2025.3Q,31535039.0
KR0099,KB라이프생명,X,생명보험,2,부채총계,부채,1,2025.4Q,31010346.0
KR0099,KB라이프생명,X,생명보험,2,부채총계,부채,1,2026.1Q,30291203.0
KR0099,KB라이프생명,X,생명보험,2,부채총계,부채,1,2026.2Q,30583703.0
KR0099,KB라이프생명,X,생명보험,3,자본총계,자본,1,2023.1Q,5373514.0
KR0099,KB라이프생명,X,생명보험,3,자본총계,자본,1,2023.2Q,5535425.0
KR0099,KB라이프생명,X,생명보험,3,자본총계,자본,1,2023.3Q,5765356.0
KR0099,KB라이프생명,X,생명보험,3,자본총계,자본,1,2023.4Q,5482874.0
KR0099,KB라이프생명,X,생명보험,3,자본총계,자본,1,2024.1Q,4971387.0
KR0099,KB라이프생명,X,생명보험,3,자본총계,자본,1,2024.2Q,4681194.0
KR0099,KB라이프생명,X,생명보험,3,자본총계,자본,1,2024.3Q,4467451.0
KR0099,KB라이프생명,X,생명보험,3,자본총계,자본,1,2024.4Q,4537158.0
KR0099,KB라이프생명,X,생명보험,3,자본총계,자본,1,2025.1Q,4161435.0
KR0099,KB라이프생명,X,생명보험,3,자본총계,자본,1,2025.2Q,4263664.0
KR0099,KB라이프생명,X,생명보험,3,자본총계,자본,1,2025.3Q,4280352.0
KR0099,KB라이프생명,X,생명보험,3,자본총계,자본,1,2025.4Q,4218588.0
KR0099,KB라이프생명,X,생명보험,3,자본총계,자본,1,2026.1Q,4323988.0
KR0099,KB라이프생명,X,생명보험,3,자본총계,자본,1,2026.2Q,4264000.0
KR0099,KB라이프생명,X,생명보험,4,기타포괄손익 누계액,자본,2,2023.1Q,1446545.0
KR0099,KB라이프생명,X,생명보험,4,기타포괄손익 누계액,자본,2,2023.2Q,1504121.0
KR0099,KB라이프생명,X,생명보험,4,기타포괄손익 누계액,자본,2,2023.3Q,1672707.0
KR0099,KB라이프생명,X,생명보험,4,기타포괄손익 누계액,자본,2,2023.4Q,1404468.0
KR0099,KB라이프생명,X,생명보험,4,기타포괄손익 누계액,자본,2,2024.1Q,938325.0
KR0099,KB라이프생명,X,생명보험,4,기타포괄손익 누계액,자본,2,2024.2Q,542187.0
KR0099,KB라이프생명,X,생명보험,4,기타포괄손익 누계액,자본,2,2024.3Q,245702.0
KR0099,KB라이프생명,X,생명보험,4,기타포괄손익 누계액,자본,2,2024.4Q,363125.0
KR0099,KB라이프생명,X,생명보험,4,기타포괄손익 누계액,자본,2,2025.1Q,27786.0
KR0099,KB라이프생명,X,생명보험,4,기타포괄손익 누계액,자본,2,2025.2Q,20868.0
KR0099,KB라이프생명,X,생명보험,4,기타포괄손익 누계액,자본,2,2025.3Q,-28841.0
KR0099,KB라이프생명,X,생명보험,4,기타포괄손익 누계액,자본,2,2025.4Q,31467.0
KR0099,KB라이프생명,X,생명보험,4,기타포괄손익 누계액,자본,2,2026.1Q,53878.0
KR0099,KB라이프생명,X,생명보험,4,기타포괄손익 누계액,자본,2,2026.2Q,20137.0
KR0099,KB라이프생명,X,생명보험,5,해약환급금준비금 적립액,준비금,2,2023.1Q,272942.0
KR0099,KB라이프생명,X,생명보험,5,해약환급금준비금 적립액,준비금,2,2023.2Q,681269.0
KR0099,KB라이프생명,X,생명보험,5,해약환급금준비금 적립액,준비금,2,2023.3Q,752103.0
KR0099,KB라이프생명,X,생명보험,5,해약환급금준비금 적립액,준비금,2,2023.4Q,790407.0
KR0099,KB라이프생명,X,생명보험,5,해약환급금준비금 적립액,준비금,2,2024.1Q,933677.0
KR0099,KB라이프생명,X,생명보험,5,해약환급금준비금 적립액,준비금,2,2024.2Q,1041921.0
KR0099,KB라이프생명,X,생명보험,5,해약환급금준비금 적립액,준비금,2,2024.3Q,1114361.0
KR0099,KB라이프생명,X,생명보험,5,해약환급금준비금 적립액,준비금,2,2024.4Q,938343.0
KR0099,KB라이프생명,X,생명보험,5,해약환급금준비금 적립액,준비금,2,2025.1Q,1133576.0
KR0099,KB라이프생명,X,생명보험,5,해약환급금준비금 적립액,준비금,2,2025.2Q,1204455.0
KR0099,KB라이프생명,X,생명보험,5,해약환급금준비금 적립액,준비금,2,2025.3Q,1301706.0
KR0099,KB라이프생명,X,생명보험,5,해약환급금준비금 적립액,준비금,2,2025.4Q,1361154.0
KR0099,KB라이프생명,X,생명보험,5,해약환급금준비금 적립액,준비금,2,2026.1Q,1417784.0
KR0099,KB라이프생명,X,생명보험,5,해약환급금준비금 적립액,준비금,2,2026.2Q,1471768.0
KR0099,KB라이프생명,X,생명보험,7,대손준비금 적립액,준비금,2,2023.1Q,3536.0
KR0099,KB라이프생명,X,생명보험,7,대손준비금 적립액,준비금,2,2023.2Q,5213.0
KR0099,KB라이프생명,X,생명보험,7,대손준비금 적립액,준비금,2,2023.3Q,4936.0
KR0099,KB라이프생명,X,생명보험,7,대손준비금 적립액,준비금,2,2023.4Q,4984.0
KR0099,KB라이프생명,X,생명보험,7,대손준비금 적립액,준비금,2,2024.1Q,5341.0
KR0099,KB라이프생명,X,생명보험,7,대손준비금 적립액,준비금,2,2024.2Q,5771.0
KR0099,KB라이프생명,X,생명보험,7,대손준비금 적립액,준비금,2,2024.3Q,4284.0
KR0099,KB라이프생명,X,생명보험,7,대손준비금 적립액,준비금,2,2024.4Q,4085.0
KR0099,KB라이프생명,X,생명보험,7,대손준비금 적립액,준비금,2,2025.1Q,4340.0
KR0099,KB라이프생명,X,생명보험,7,대손준비금 적립액,준비금,2,2025.2Q,3972.0
KR0099,KB라이프생명,X,생명보험,7,대손준비금 적립액,준비금,2,2025.3Q,3993.0
KR0099,KB라이프생명,X,생명보험,7,대손준비금 적립액,준비금,2,2025.4Q,4107.0
KR0099,KB라이프생명,X,생명보험,7,대손준비금 적립액,준비금,2,2026.1Q,3233.0
KR0099,KB라이프생명,X,생명보험,7,대손준비금 적립액,준비금,2,2026.2Q,3200.0
KR0099,KB라이프생명,X,생명보험,8,보증준비금 적립액,준비금,2,2023.1Q,833474.0
KR0099,KB라이프생명,X,생명보험,8,보증준비금 적립액,준비금,2,2023.2Q,862209.0
KR0099,KB라이프생명,X,생명보험,8,보증준비금 적립액,준비금,2,2023.3Q,900601.0
KR0099,KB라이프생명,X,생명보험,8,보증준비금 적립액,준비금,2,2023.4Q,792928.0
KR0099,KB라이프생명,X,생명보험,8,보증준비금 적립액,준비금,2,2024.1Q,774265.0
KR0099,KB라이프생명,X,생명보험,8,보증준비금 적립액,준비금,2,2024.2Q,743295.0
KR0099,KB라이프생명,X,생명보험,8,보증준비금 적립액,준비금,2,2024.3Q,674429.0
KR0099,KB라이프생명,X,생명보험,8,보증준비금 적립액,준비금,2,2024.4Q,689986.0
KR0099,KB라이프생명,X,생명보험,8,보증준비금 적립액,준비금,2,2025.1Q,641068.0
KR0099,KB라이프생명,X,생명보험,8,보증준비금 적립액,준비금,2,2025.2Q,741144.0
KR0099,KB라이프생명,X,생명보험,8,보증준비금 적립액,준비금,2,2025.3Q,786433.0
KR0099,KB라이프생명,X,생명보험,8,보증준비금 적립액,준비금,2,2025.4Q,940790.0
KR0099,KB라이프생명,X,생명보험,8,보증준비금 적립액,준비금,2,2026.1Q,1053623.0
KR0099,KB라이프생명,X,생명보험,8,보증준비금 적립액,준비금,2,2026.2Q,1099756.0
KR0099,KB라이프생명,X,생명보험,10,현금및현금성자산,자산,2,2023.1Q,1049398.0
KR0099,KB라이프생명,X,생명보험,10,현금및현금성자산,자산,2,2023.2Q,796242.0
KR0099,KB라이프생명,X,생명보험,10,현금및현금성자산,자산,2,2023.3Q,840106.0
KR0099,KB라이프생명,X,생명보험,10,현금및현금성자산,자산,2,2023.4Q,1109070.0
KR0099,KB라이프생명,X,생명보험,10,현금및현금성자산,자산,2,2024.1Q,808074.0
KR0099,KB라이프생명,X,생명보험,10,현금및현금성자산,자산,2,2024.2Q,731918.0
KR0099,KB라이프생명,X,생명보험,10,현금및현금성자산,자산,2,2024.3Q,768187.0
KR0099,KB라이프생명,X,생명보험,10,현금및현금성자산,자산,2,2024.4Q,964985.0
KR0099,KB라이프생명,X,생명보험,10,현금및현금성자산,자산,2,2025.1Q,877916.0
KR0099,KB라이프생명,X,생명보험,10,현금및현금성자산,자산,2,2025.2Q,952119.0
KR0099,KB라이프생명,X,생명보험,10,현금및현금성자산,자산,2,2025.3Q,905416.0
KR0099,KB라이프생명,X,생명보험,10,현금및현금성자산,자산,2,2025.4Q,1074379.0
KR0099,KB라이프생명,X,생명보험,10,현금및현금성자산,자산,2,2026.1Q,881301.0
KR0099,KB라이프생명,X,생명보험,10,현금및현금성자산,자산,2,2026.2Q,849016.0
KR0099,KB라이프생명,X,생명보험,11,당기손익-공정가치측정금융자산,자산,2,2023.1Q,7910625.0
KR0099,KB라이프생명,X,생명보험,11,당기손익-공정가치측정금융자산,자산,2,2023.2Q,8073028.0
KR0099,KB라이프생명,X,생명보험,11,당기손익-공정가치측정금융자산,자산,2,2023.3Q,7971680.0
KR0099,KB라이프생명,X,생명보험,11,당기손익-공정가치측정금융자산,자산,2,2023.4Q,8297751.0
KR0099,KB라이프생명,X,생명보험,11,당기손익-공정가치측정금융자산,자산,2,2024.1Q,8667478.0
KR0099,KB라이프생명,X,생명보험,11,당기손익-공정가치측정금융자산,자산,2,2024.2Q,8578203.0
KR0099,KB라이프생명,X,생명보험,11,당기손익-공정가치측정금융자산,자산,2,2024.3Q,8614668.0
KR0099,KB라이프생명,X,생명보험,11,당기손익-공정가치측정금융자산,자산,2,2024.4Q,8505252.0
KR0099,KB라이프생명,X,생명보험,11,당기손익-공정가치측정금융자산,자산,2,2025.1Q,8556744.0
KR0099,KB라이프생명,X,생명보험,11,당기손익-공정가치측정금융자산,자산,2,2025.2Q,8834727.0
KR0099,KB라이프생명,X,생명보험,11,당기손익-공정가치측정금융자산,자산,2,2025.3Q,8955471.0
KR0099,KB라이프생명,X,생명보험,11,당기손익-공정가치측정금융자산,자산,2,2025.4Q,9242637.0
KR0099,KB라이프생명,X,생명보험,11,당기손익-공정가치측정금융자산,자산,2,2026.1Q,9693200.0
KR0099,KB라이프생명,X,생명보험,11,당기손익-공정가치측정금융자산,자산,2,2026.2Q,10365231.0
KR0099,KB라이프생명,X,생명보험,12,기타포괄손익-공정가치측정금융자산,자산,2,2023.1Q,18779210.0
KR0099,KB라이프생명,X,생명보험,12,기타포괄손익-공정가치측정금융자산,자산,2,2023.2Q,18425633.0
KR0099,KB라이프생명,X,생명보험,12,기타포괄손익-공정가치측정금융자산,자산,2,2023.3Q,17933407.0
KR0099,KB라이프생명,X,생명보험,12,기타포괄손익-공정가치측정금융자산,자산,2,2023.4Q,19446521.0
KR0099,KB라이프생명,X,생명보험,12,기타포괄손익-공정가치측정금융자산,자산,2,2024.1Q,19516080.0
KR0099,KB라이프생명,X,생명보험,12,기타포괄손익-공정가치측정금융자산,자산,2,2024.2Q,20273694.0
KR0099,KB라이프생명,X,생명보험,12,기타포괄손익-공정가치측정금융자산,자산,2,2024.3Q,21249538.0
KR0099,KB라이프생명,X,생명보험,12,기타포괄손익-공정가치측정금융자산,자산,2,2024.4Q,21575283.0
KR0099,KB라이프생명,X,생명보험,12,기타포괄손익-공정가치측정금융자산,자산,2,2025.1Q,22820231.0
KR0099,KB라이프생명,X,생명보험,12,기타포괄손익-공정가치측정금융자산,자산,2,2025.2Q,22887011.0
KR0099,KB라이프생명,X,생명보험,12,기타포괄손익-공정가치측정금융자산,자산,2,2025.3Q,23310027.0
KR0099,KB라이프생명,X,생명보험,12,기타포괄손익-공정가치측정금융자산,자산,2,2025.4Q,22153157.0
KR0099,KB라이프생명,X,생명보험,12,기타포괄손익-공정가치측정금융자산,자산,2,2026.1Q,21436913.0
KR0099,KB라이프생명,X,생명보험,12,기타포괄손익-공정가치측정금융자산,자산,2,2026.2Q,20983374.0
KR0099,KB라이프생명,X,생명보험,13,상각후원가측정금융자산,자산,2,2023.1Q,650259.0
KR0099,KB라이프생명,X,생명보험,13,상각후원가측정금융자산,자산,2,2023.2Q,651593.0
KR0099,KB라이프생명,X,생명보험,13,상각후원가측정금융자산,자산,2,2023.3Q,1875022.0
KR0099,KB라이프생명,X,생명보험,13,상각후원가측정금융자산,자산,2,2023.4Q,1914907.0
KR0099,KB라이프생명,X,생명보험,13,상각후원가측정금융자산,자산,2,2024.1Q,1883529.0
KR0099,KB라이프생명,X,생명보험,13,상각후원가측정금융자산,자산,2,2024.2Q,1903454.0
KR0099,KB라이프생명,X,생명보험,13,상각후원가측정금융자산,자산,2,2024.3Q,1806995.0
KR0099,KB라이프생명,X,생명보험,13,상각후원가측정금융자산,자산,2,2024.4Q,1804985.0
KR0099,KB라이프생명,X,생명보험,13,상각후원가측정금융자산,자산,2,2025.1Q,1852356.0
KR0099,KB라이프생명,X,생명보험,13,상각후원가측정금융자산,자산,2,2025.2Q,1671739.0
KR0099,KB라이프생명,X,생명보험,13,상각후원가측정금융자산,자산,2,2025.3Q,1695495.0
KR0099,KB라이프생명,X,생명보험,13,상각후원가측정금융자산,자산,2,2025.4Q,1695885.0
KR0099,KB라이프생명,X,생명보험,13,상각후원가측정금융자산,자산,2,2026.1Q,1609004.0
KR0099,KB라이프생명,X,생명보험,13,상각후원가측정금융자산,자산,2,2026.2Q,1633021.0
KR0099,KB라이프생명,X,생명보험,14,재보험계약자산,자산,2,2023.1Q,2832.0
KR0099,KB라이프생명,X,생명보험,14,재보험계약자산,자산,2,2023.2Q,3944.0
KR0099,KB라이프생명,X,생명보험,14,재보험계약자산,자산,2,2023.3Q,4931.0
KR0099,KB라이프생명,X,생명보험,14,재보험계약자산,자산,2,2023.4Q,5911.0
KR0099,KB라이프생명,X,생명보험,14,재보험계약자산,자산,2,2024.1Q,4393.0
KR0099,KB라이프생명,X,생명보험,14,재보험계약자산,자산,2,2024.2Q,5576.0
KR0099,KB라이프생명,X,생명보험,14,재보험계약자산,자산,2,2024.3Q,5706.0
KR0099,KB라이프생명,X,생명보험,14,재보험계약자산,자산,2,2024.4Q,2519.0
KR0099,KB라이프생명,X,생명보험,14,재보험계약자산,자산,2,2025.1Q,7342.0
KR0099,KB라이프생명,X,생명보험,14,재보험계약자산,자산,2,2025.2Q,7520.0
KR0099,KB라이프생명,X,생명보험,14,재보험계약자산,자산,2,2025.3Q,6904.0
KR0099,KB라이프생명,X,생명보험,14,재보험계약자산,자산,2,2025.4Q,8671.0
KR0099,KB라이프생명,X,생명보험,14,재보험계약자산,자산,2,2026.1Q,9759.0
KR0099,KB라이프생명,X,생명보험,14,재보험계약자산,자산,2,2026.2Q,11577.0
KR0099,KB라이프생명,X,생명보험,15,유형자산,자산,2,2023.1Q,63703.0
KR0099,KB라이프생명,X,생명보험,15,유형자산,자산,2,2023.2Q,67540.0
KR0099,KB라이프생명,X,생명보험,15,유형자산,자산,2,2023.3Q,64355.0
KR0099,KB라이프생명,X,생명보험,15,유형자산,자산,2,2023.4Q,63981.0
KR0099,KB라이프생명,X,생명보험,15,유형자산,자산,2,2024.1Q,58682.0
KR0099,KB라이프생명,X,생명보험,15,유형자산,자산,2,2024.2Q,60998.0
KR0099,KB라이프생명,X,생명보험,15,유형자산,자산,2,2024.3Q,58097.0
KR0099,KB라이프생명,X,생명보험,15,유형자산,자산,2,2024.4Q,56558.0
KR0099,KB라이프생명,X,생명보험,15,유형자산,자산,2,2025.1Q,63877.0
KR0099,KB라이프생명,X,생명보험,15,유형자산,자산,2,2025.2Q,53329.0
KR0099,KB라이프생명,X,생명보험,15,유형자산,자산,2,2025.3Q,53170.0
KR0099,KB라이프생명,X,생명보험,15,유형자산,자산,2,2025.4Q,50802.0
KR0099,KB라이프생명,X,생명보험,15,유형자산,자산,2,2026.1Q,48826.0
KR0099,KB라이프생명,X,생명보험,15,유형자산,자산,2,2026.2Q,47430.0
KR0099,KB라이프생명,X,생명보험,20,보험계약부채,부채,2,2023.1Q,22628936.0
KR0099,KB라이프생명,X,생명보험,20,보험계약부채,부채,2,2023.2Q,22102765.0
KR0099,KB라이프생명,X,생명보험,20,보험계약부채,부채,2,2023.3Q,21258328.0
KR0099,KB라이프생명,X,생명보험,20,보험계약부채,부채,2,2023.4Q,23869743.0
KR0099,KB라이프생명,X,생명보험,20,보험계약부채,부채,2,2024.1Q,24244807.0
KR0099,KB라이프생명,X,생명보험,20,보험계약부채,부채,2,2024.2Q,25546973.0
KR0099,KB라이프생명,X,생명보험,20,보험계약부채,부채,2,2024.3Q,26802842.0
KR0099,KB라이프생명,X,생명보험,20,보험계약부채,부채,2,2024.4Q,27209738.0
KR0099,KB라이프생명,X,생명보험,20,보험계약부채,부채,2,2025.1Q,28915618.0
KR0099,KB라이프생명,X,생명보험,20,보험계약부채,부채,2,2025.2Q,29060877.0
KR0099,KB라이프생명,X,생명보험,20,보험계약부채,부채,2,2025.3Q,29308480.0
KR0099,KB라이프생명,X,생명보험,21,재보험계약부채,부채,2,2023.1Q,7728.0
KR0099,KB라이프생명,X,생명보험,21,재보험계약부채,부채,2,2023.2Q,7380.0
KR0099,KB라이프생명,X,생명보험,21,재보험계약부채,부채,2,2023.3Q,5783.0
KR0099,KB라이프생명,X,생명보험,21,재보험계약부채,부채,2,2023.4Q,9836.0
KR0099,KB라이프생명,X,생명보험,21,재보험계약부채,부채,2,2024.1Q,11274.0
KR0099,KB라이프생명,X,생명보험,21,재보험계약부채,부채,2,2024.2Q,12834.0
KR0099,KB라이프생명,X,생명보험,21,재보험계약부채,부채,2,2024.3Q,14091.0
KR0099,KB라이프생명,X,생명보험,21,재보험계약부채,부채,2,2024.4Q,11947.0
KR0099,KB라이프생명,X,생명보험,21,재보험계약부채,부채,2,2025.1Q,12357.0
KR0099,KB라이프생명,X,생명보험,21,재보험계약부채,부채,2,2025.2Q,14100.0
KR0099,KB라이프생명,X,생명보험,21,재보험계약부채,부채,2,2025.3Q,15322.0
KR0099,KB라이프생명,X,생명보험,21,재보험계약부채,부채,2,2025.4Q,12411.0
KR0099,KB라이프생명,X,생명보험,21,재보험계약부채,부채,2,2026.1Q,8775.0
KR0099,KB라이프생명,X,생명보험,21,재보험계약부채,부채,2,2026.2Q,3695.0
KR0099,KB라이프생명,X,생명보험,24,기타부채,부채,2,2023.1Q,117225.0
KR0099,KB라이프생명,X,생명보험,24,기타부채,부채,2,2023.2Q,104065.0
KR0099,KB라이프생명,X,생명보험,24,기타부채,부채,2,2023.3Q,15481.0
KR0099,KB라이프생명,X,생명보험,24,기타부채,부채,2,2023.4Q,43571.0
KR0099,KB라이프생명,X,생명보험,24,기타부채,부채,2,2024.1Q,203672.0
KR0099,KB라이프생명,X,생명보험,24,기타부채,부채,2,2024.2Q,33972.0
KR0099,KB라이프생명,X,생명보험,24,기타부채,부채,2,2024.3Q,34012.0
KR0099,KB라이프생명,X,생명보험,24,기타부채,부채,2,2024.4Q,40695.0
KR0099,KB라이프생명,X,생명보험,24,기타부채,부채,2,2025.1Q,37608.0
KR0099,KB라이프생명,X,생명보험,24,기타부채,부채,2,2025.2Q,48198.0
KR0099,KB라이프생명,X,생명보험,24,기타부채,부채,2,2025.3Q,30699.0
KR0099,KB라이프생명,X,생명보험,24,기타부채,부채,2,2025.4Q,78768.0
KR0099,KB라이프생명,X,생명보험,24,기타부채,부채,2,2026.1Q,36916.0
KR0099,KB라이프생명,X,생명보험,24,기타부채,부채,2,2026.2Q,32129.0
KR0099,KB라이프생명,X,생명보험,30,자본금,자본,2,2023.1Q,162015.0
KR0099,KB라이프생명,X,생명보험,30,자본금,자본,2,2023.2Q,162015.0
KR0099,KB라이프생명,X,생명보험,30,자본금,자본,2,2023.3Q,162015.0
KR0099,KB라이프생명,X,생명보험,30,자본금,자본,2,2023.4Q,162015.0
KR0099,KB라이프생명,X,생명보험,30,자본금,자본,2,2024.1Q,162015.0
KR0099,KB라이프생명,X,생명보험,30,자본금,자본,2,2024.2Q,162015.0
KR0099,KB라이프생명,X,생명보험,30,자본금,자본,2,2024.3Q,162015.0
KR0099,KB라이프생명,X,생명보험,30,자본금,자본,2,2024.4Q,162015.0
KR0099,KB라이프생명,X,생명보험,30,자본금,자본,2,2025.1Q,162015.0
KR0099,KB라이프생명,X,생명보험,30,자본금,자본,2,2025.2Q,162015.0
KR0099,KB라이프생명,X,생명보험,30,자본금,자본,2,2025.3Q,162015.0
KR0099,KB라이프생명,X,생명보험,30,자본금,자본,2,2025.4Q,162015.0
KR0099,KB라이프생명,X,생명보험,30,자본금,자본,2,2026.1Q,162015.0
KR0099,KB라이프생명,X,생명보험,30,자본금,자본,2,2026.2Q,162015.0
KR0099,KB라이프생명,X,생명보험,31,이익잉여금,자본,2,2023.1Q,2813835.0
KR0099,KB라이프생명,X,생명보험,31,이익잉여금,자본,2,2023.2Q,2918170.0
KR0099,KB라이프생명,X,생명보험,31,이익잉여금,자본,2,2023.3Q,2979515.0
KR0099,KB라이프생명,X,생명보험,31,이익잉여금,자본,2,2023.4Q,2963776.0
KR0099,KB라이프생명,X,생명보험,31,이익잉여금,자본,2,2024.1Q,2918432.0
KR0099,KB라이프생명,X,생명보험,31,이익잉여금,자본,2,2024.2Q,3024377.0
KR0099,KB라이프생명,X,생명보험,31,이익잉여금,자본,2,2024.3Q,3107119.0
KR0099,KB라이프생명,X,생명보험,31,이익잉여금,자본,2,2024.4Q,3145930.0
KR0099,KB라이프생명,X,생명보험,31,이익잉여금,자본,2,2025.1Q,3105546.0
KR0099,KB라이프생명,X,생명보험,31,이익잉여금,자본,2,2025.2Q,3214693.0
KR0099,KB라이프생명,X,생명보험,31,이익잉여금,자본,2,2025.3Q,3281090.0
KR0099,KB라이프생명,X,생명보험,31,이익잉여금,자본,2,2025.4Q,3159018.0
KR0099,KB라이프생명,X,생명보험,31,이익잉여금,자본,2,2026.1Q,3242007.0
KR0099,KB라이프생명,X,생명보험,31,이익잉여금,자본,2,2026.2Q,3215760.0
KR0100,처브라이프생명보험,X,생명보험,1,자산총계,자산,1,2022.4Q,1696372.345769
KR0100,처브라이프생명보험,X,생명보험,1,자산총계,자산,1,2023.4Q,1555837.061345
KR0100,처브라이프생명보험,X,생명보험,1,자산총계,자산,1,2024.4Q,1568345.252904
KR0100,처브라이프생명보험,X,생명보험,1,자산총계,자산,1,2025.4Q,1585771.3026
KR0100,처브라이프생명보험,X,생명보험,2,부채총계,부채,1,2022.4Q,1615052.11747
KR0100,처브라이프생명보험,X,생명보험,2,부채총계,부채,1,2023.4Q,1299801.193601
KR0100,처브라이프생명보험,X,생명보험,2,부채총계,부채,1,2024.4Q,1390490.112523
KR0100,처브라이프생명보험,X,생명보험,2,부채총계,부채,1,2025.4Q,1411047.592654
KR0100,처브라이프생명보험,X,생명보험,3,자본총계,자본,1,2022.4Q,81320.228299
KR0100,처브라이프생명보험,X,생명보험,3,자본총계,자본,1,2023.4Q,256035.867744
KR0100,처브라이프생명보험,X,생명보험,3,자본총계,자본,1,2024.4Q,177855.140381
KR0100,처브라이프생명보험,X,생명보험,3,자본총계,자본,1,2025.4Q,174723.709946
KR0100,처브라이프생명보험,X,생명보험,4,기타포괄손익 누계액,자본,2,2022.4Q,6642.728634
KR0100,처브라이프생명보험,X,생명보험,4,기타포괄손익 누계액,자본,2,2023.4Q,52355.015836
KR0100,처브라이프생명보험,X,생명보험,4,기타포괄손익 누계액,자본,2,2024.4Q,-35794.96326
KR0100,처브라이프생명보험,X,생명보험,4,기타포괄손익 누계액,자본,2,2025.4Q,-51796.608023
KR0100,처브라이프생명보험,X,생명보험,10,현금및현금성자산,자산,2,2022.4Q,64494.100718
KR0100,처브라이프생명보험,X,생명보험,10,현금및현금성자산,자산,2,2023.4Q,55212.67087
KR0100,처브라이프생명보험,X,생명보험,10,현금및현금성자산,자산,2,2024.4Q,28728.845047
KR0100,처브라이프생명보험,X,생명보험,10,현금및현금성자산,자산,2,2025.4Q,26897.346463
KR0100,처브라이프생명보험,X,생명보험,11,당기손익-공정가치측정금융자산,자산,2,2023.4Q,321033.781102
KR0100,처브라이프생명보험,X,생명보험,11,당기손익-공정가치측정금융자산,자산,2,2024.4Q,358902.41514
KR0100,처브라이프생명보험,X,생명보험,11,당기손익-공정가치측정금융자산,자산,2,2025.4Q,424903.618891
KR0100,처브라이프생명보험,X,생명보험,12,기타포괄손익-공정가치측정금융자산,자산,2,2023.4Q,1128076.899754
KR0100,처브라이프생명보험,X,생명보험,12,기타포괄손익-공정가치측정금융자산,자산,2,2024.4Q,1118987.283762
KR0100,처브라이프생명보험,X,생명보험,12,기타포괄손익-공정가치측정금융자산,자산,2,2025.4Q,1073819.723223
KR0100,처브라이프생명보험,X,생명보험,13,상각후원가측정금융자산,자산,2,2023.4Q,38902.852568
KR0100,처브라이프생명보험,X,생명보험,13,상각후원가측정금융자산,자산,2,2024.4Q,35317.476938
KR0100,처브라이프생명보험,X,생명보험,13,상각후원가측정금융자산,자산,2,2025.4Q,31813.073912
KR0100,처브라이프생명보험,X,생명보험,14,재보험계약자산,자산,2,2024.4Q,303.421374
KR0100,처브라이프생명보험,X,생명보험,14,재보험계약자산,자산,2,2025.4Q,1012.100779
KR0100,처브라이프생명보험,X,생명보험,15,유형자산,자산,2,2022.4Q,450.062703
KR0100,처브라이프생명보험,X,생명보험,15,유형자산,자산,2,2023.4Q,243.990819
KR0100,처브라이프생명보험,X,생명보험,15,유형자산,자산,2,2024.4Q,136.828423
KR0100,처브라이프생명보험,X,생명보험,15,유형자산,자산,2,2025.4Q,821.877298
KR0100,처브라이프생명보험,X,생명보험,20,보험계약부채,부채,2,2022.4Q,1259929.926571
KR0100,처브라이프생명보험,X,생명보험,20,보험계약부채,부채,2,2023.4Q,1222488.069199
KR0100,처브라이프생명보험,X,생명보험,20,보험계약부채,부채,2,2024.4Q,1300423.982208
KR0100,처브라이프생명보험,X,생명보험,21,재보험계약부채,부채,2,2023.4Q,23234.811049
KR0100,처브라이프생명보험,X,생명보험,21,재보험계약부채,부채,2,2024.4Q,26272.184136
KR0100,처브라이프생명보험,X,생명보험,21,재보험계약부채,부채,2,2025.4Q,24803.969271
KR0100,처브라이프생명보험,X,생명보험,24,기타부채,부채,2,2022.4Q,3221.432318
KR0100,처브라이프생명보험,X,생명보험,24,기타부채,부채,2,2023.4Q,1312.704409
KR0100,처브라이프생명보험,X,생명보험,24,기타부채,부채,2,2024.4Q,1890.648318
KR0100,처브라이프생명보험,X,생명보험,24,기타부채,부채,2,2025.4Q,3144.980231
KR0100,처브라이프생명보험,X,생명보험,30,자본금,자본,2,2022.4Q,285085.5
KR0100,처브라이프생명보험,X,생명보험,30,자본금,자본,2,2023.4Q,285215.5
KR0100,처브라이프생명보험,X,생명보험,30,자본금,자본,2,2024.4Q,285215.5
KR0100,처브라이프생명보험,X,생명보험,30,자본금,자본,2,2025.4Q,285215.5
KR0104,농협생명보험,X,생명보험,1,자산총계,자산,1,2023.1Q,55109219.0
KR0104,농협생명보험,X,생명보험,1,자산총계,자산,1,2023.2Q,53280575.0
KR0104,농협생명보험,X,생명보험,1,자산총계,자산,1,2023.3Q,52325463.0
KR0104,농협생명보험,X,생명보험,1,자산총계,자산,1,2023.4Q,53331267.983387
KR0104,농협생명보험,X,생명보험,1,자산총계,자산,1,2024.1Q,53843512.794655
KR0104,농협생명보험,X,생명보험,1,자산총계,자산,1,2024.2Q,53352009.261335
KR0104,농협생명보험,X,생명보험,1,자산총계,자산,1,2024.3Q,53440847.48369
KR0104,농협생명보험,X,생명보험,1,자산총계,자산,1,2024.4Q,53253635.524638
KR0104,농협생명보험,X,생명보험,1,자산총계,자산,1,2025.1Q,53894667.782112
KR0104,농협생명보험,X,생명보험,1,자산총계,자산,1,2025.2Q,53870387.72818
KR0104,농협생명보험,X,생명보험,1,자산총계,자산,1,2025.3Q,53750882.314697
KR0104,농협생명보험,X,생명보험,1,자산총계,자산,1,2025.4Q,52616603.460562
KR0104,농협생명보험,X,생명보험,1,자산총계,자산,1,2026.1Q,51916723.843244
KR0104,농협생명보험,X,생명보험,1,자산총계,자산,1,2026.2Q,51094197.941431
KR0104,농협생명보험,X,생명보험,2,부채총계,부채,1,2023.1Q,49710633.0
KR0104,농협생명보험,X,생명보험,2,부채총계,부채,1,2023.2Q,47832872.0
KR0104,농협생명보험,X,생명보험,2,부채총계,부채,1,2023.3Q,47049511.0
KR0104,농협생명보험,X,생명보험,2,부채총계,부채,1,2023.4Q,47992563.870291
KR0104,농협생명보험,X,생명보험,2,부채총계,부채,1,2024.1Q,48730237.982291
KR0104,농협생명보험,X,생명보험,2,부채총계,부채,1,2024.2Q,48507958.911285
KR0104,농협생명보험,X,생명보험,2,부채총계,부채,1,2024.3Q,48589176.310013
KR0104,농협생명보험,X,생명보험,2,부채총계,부채,1,2024.4Q,48380493.869375
KR0104,농협생명보험,X,생명보험,2,부채총계,부채,1,2025.1Q,49250246.994735
KR0104,농협생명보험,X,생명보험,2,부채총계,부채,1,2025.2Q,48900433.505703
KR0104,농협생명보험,X,생명보험,2,부채총계,부채,1,2025.3Q,48738660.740542
KR0104,농협생명보험,X,생명보험,2,부채총계,부채,1,2025.4Q,47528318.236586
KR0104,농협생명보험,X,생명보험,2,부채총계,부채,1,2026.1Q,46696150.899754
KR0104,농협생명보험,X,생명보험,2,부채총계,부채,1,2026.2Q,45458417.265227
KR0104,농협생명보험,X,생명보험,3,자본총계,자본,1,2023.1Q,5398586.0
KR0104,농협생명보험,X,생명보험,3,자본총계,자본,1,2023.2Q,5447703.0
KR0104,농협생명보험,X,생명보험,3,자본총계,자본,1,2023.3Q,5275952.0
KR0104,농협생명보험,X,생명보험,3,자본총계,자본,1,2023.4Q,5338704.113096
KR0104,농협생명보험,X,생명보험,3,자본총계,자본,1,2024.1Q,5113274.812364
KR0104,농협생명보험,X,생명보험,3,자본총계,자본,1,2024.2Q,4844050.35005
KR0104,농협생명보험,X,생명보험,3,자본총계,자본,1,2024.3Q,4851671.173677
KR0104,농협생명보험,X,생명보험,3,자본총계,자본,1,2024.4Q,4873141.655263
KR0104,농협생명보험,X,생명보험,3,자본총계,자본,1,2025.1Q,4644420.787377
KR0104,농협생명보험,X,생명보험,3,자본총계,자본,1,2025.2Q,4969954.222477
KR0104,농협생명보험,X,생명보험,3,자본총계,자본,1,2025.3Q,5012221.574155
KR0104,농협생명보험,X,생명보험,3,자본총계,자본,1,2025.4Q,5088285.223976
KR0104,농협생명보험,X,생명보험,3,자본총계,자본,1,2026.1Q,5220572.94349
KR0104,농협생명보험,X,생명보험,3,자본총계,자본,1,2026.2Q,5635780.676204
KR0104,농협생명보험,X,생명보험,4,기타포괄손익 누계액,자본,2,2023.1Q,-1180228.0
KR0104,농협생명보험,X,생명보험,4,기타포괄손익 누계액,자본,2,2023.2Q,-1140059.0
KR0104,농협생명보험,X,생명보험,4,기타포괄손익 누계액,자본,2,2023.3Q,-1317841.0
KR0104,농협생명보험,X,생명보험,4,기타포괄손익 누계액,자본,2,2023.4Q,-1442238.520851
KR0104,농협생명보험,X,생명보험,4,기타포괄손익 누계액,자본,2,2024.1Q,-1721297.984127
KR0104,농협생명보험,X,생명보험,4,기타포괄손익 누계액,자본,2,2024.2Q,-2071028.157147
KR0104,농협생명보험,X,생명보험,4,기타포괄손익 누계액,자본,2,2024.3Q,-2141119.838717
KR0104,농협생명보험,X,생명보험,4,기타포괄손익 누계액,자본,2,2024.4Q,-2110749.758458
KR0104,농협생명보험,X,생명보험,4,기타포괄손익 누계액,자본,2,2025.1Q,-2394934.663555
KR0104,농협생명보험,X,생명보험,4,기타포괄손익 누계액,자본,2,2025.2Q,-2148439.256121
KR0104,농협생명보험,X,생명보험,4,기타포괄손익 누계액,자본,2,2025.3Q,-2159680.686761
KR0104,농협생명보험,X,생명보험,4,기타포괄손익 누계액,자본,2,2025.4Q,-2080811.451853
KR0104,농협생명보험,X,생명보험,4,기타포괄손익 누계액,자본,2,2026.1Q,-1968664.806126
KR0104,농협생명보험,X,생명보험,4,기타포괄손익 누계액,자본,2,2026.2Q,-1565273.346013
KR0104,농협생명보험,X,생명보험,5,해약환급금준비금 적립액,준비금,2,2023.1Q,1726654.0
KR0104,농협생명보험,X,생명보험,5,해약환급금준비금 적립액,준비금,2,2023.2Q,1761757.0
KR0104,농협생명보험,X,생명보험,5,해약환급금준비금 적립액,준비금,2,2023.3Q,1767789.0
KR0104,농협생명보험,X,생명보험,5,해약환급금준비금 적립액,준비금,2,2023.4Q,1954358.0
KR0104,농협생명보험,X,생명보험,5,해약환급금준비금 적립액,준비금,2,2024.1Q,2008802.0
KR0104,농협생명보험,X,생명보험,5,해약환급금준비금 적립액,준비금,2,2024.2Q,2061802.0
KR0104,농협생명보험,X,생명보험,5,해약환급금준비금 적립액,준비금,2,2024.3Q,2139514.0
KR0104,농협생명보험,X,생명보험,5,해약환급금준비금 적립액,준비금,2,2024.4Q,2129765.0
KR0104,농협생명보험,X,생명보험,5,해약환급금준비금 적립액,준비금,2,2025.1Q,2185229.0
KR0104,농협생명보험,X,생명보험,5,해약환급금준비금 적립액,준비금,2,2025.2Q,2264267.0
KR0104,농협생명보험,X,생명보험,5,해약환급금준비금 적립액,준비금,2,2025.3Q,2317776.0
KR0104,농협생명보험,X,생명보험,5,해약환급금준비금 적립액,준비금,2,2025.4Q,2314789.0
KR0104,농협생명보험,X,생명보험,5,해약환급금준비금 적립액,준비금,2,2026.1Q,2334930.0
KR0104,농협생명보험,X,생명보험,5,해약환급금준비금 적립액,준비금,2,2026.2Q,2346747.0
KR0104,농협생명보험,X,생명보험,7,대손준비금 적립액,준비금,2,2023.1Q,41367.0
KR0104,농협생명보험,X,생명보험,7,대손준비금 적립액,준비금,2,2023.2Q,15211.0
KR0104,농협생명보험,X,생명보험,7,대손준비금 적립액,준비금,2,2023.3Q,15883.0
KR0104,농협생명보험,X,생명보험,7,대손준비금 적립액,준비금,2,2023.4Q,15156.0
KR0104,농협생명보험,X,생명보험,7,대손준비금 적립액,준비금,2,2024.1Q,14342.0
KR0104,농협생명보험,X,생명보험,7,대손준비금 적립액,준비금,2,2024.2Q,14342.0
KR0104,농협생명보험,X,생명보험,7,대손준비금 적립액,준비금,2,2024.3Q,14342.0
KR0104,농협생명보험,X,생명보험,7,대손준비금 적립액,준비금,2,2024.4Q,14342.0
KR0104,농협생명보험,X,생명보험,7,대손준비금 적립액,준비금,2,2025.1Q,14342.0
KR0104,농협생명보험,X,생명보험,7,대손준비금 적립액,준비금,2,2025.2Q,14342.0
KR0104,농협생명보험,X,생명보험,7,대손준비금 적립액,준비금,2,2025.3Q,14342.0
KR0104,농협생명보험,X,생명보험,7,대손준비금 적립액,준비금,2,2025.4Q,14342.0
KR0104,농협생명보험,X,생명보험,7,대손준비금 적립액,준비금,2,2026.1Q,14342.0
KR0104,농협생명보험,X,생명보험,7,대손준비금 적립액,준비금,2,2026.2Q,14342.0
KR0104,농협생명보험,X,생명보험,10,현금및현금성자산,자산,2,2023.1Q,335091.0
KR0104,농협생명보험,X,생명보험,10,현금및현금성자산,자산,2,2023.2Q,254083.0
KR0104,농협생명보험,X,생명보험,10,현금및현금성자산,자산,2,2023.3Q,324250.0
KR0104,농협생명보험,X,생명보험,10,현금및현금성자산,자산,2,2023.4Q,293165.90376
KR0104,농협생명보험,X,생명보험,10,현금및현금성자산,자산,2,2024.1Q,230125.063594
KR0104,농협생명보험,X,생명보험,10,현금및현금성자산,자산,2,2024.2Q,280378.694489
KR0104,농협생명보험,X,생명보험,10,현금및현금성자산,자산,2,2024.3Q,429428.763773
KR0104,농협생명보험,X,생명보험,10,현금및현금성자산,자산,2,2024.4Q,248448.399463
KR0104,농협생명보험,X,생명보험,10,현금및현금성자산,자산,2,2025.1Q,258078.672208
KR0104,농협생명보험,X,생명보험,10,현금및현금성자산,자산,2,2025.2Q,356010.84398
KR0104,농협생명보험,X,생명보험,10,현금및현금성자산,자산,2,2025.3Q,264026.749582
KR0104,농협생명보험,X,생명보험,10,현금및현금성자산,자산,2,2025.4Q,256152.551793
KR0104,농협생명보험,X,생명보험,10,현금및현금성자산,자산,2,2026.1Q,330975.302613
KR0104,농협생명보험,X,생명보험,10,현금및현금성자산,자산,2,2026.2Q,269126.284764
KR0104,농협생명보험,X,생명보험,11,당기손익-공정가치측정금융자산,자산,2,2023.1Q,7397793.0
KR0104,농협생명보험,X,생명보험,11,당기손익-공정가치측정금융자산,자산,2,2023.2Q,7247833.0
KR0104,농협생명보험,X,생명보험,11,당기손익-공정가치측정금융자산,자산,2,2023.3Q,6794319.0
KR0104,농협생명보험,X,생명보험,11,당기손익-공정가치측정금융자산,자산,2,2023.4Q,6157359.545324
KR0104,농협생명보험,X,생명보험,11,당기손익-공정가치측정금융자산,자산,2,2024.1Q,6415077.337044
KR0104,농협생명보험,X,생명보험,11,당기손익-공정가치측정금융자산,자산,2,2024.2Q,5897650.219625
KR0104,농협생명보험,X,생명보험,11,당기손익-공정가치측정금융자산,자산,2,2024.3Q,5957403.456792
KR0104,농협생명보험,X,생명보험,11,당기손익-공정가치측정금융자산,자산,2,2024.4Q,6605557.328864
KR0104,농협생명보험,X,생명보험,11,당기손익-공정가치측정금융자산,자산,2,2025.1Q,5826098.211114
KR0104,농협생명보험,X,생명보험,11,당기손익-공정가치측정금융자산,자산,2,2025.2Q,6088413.850157
KR0104,농협생명보험,X,생명보험,11,당기손익-공정가치측정금융자산,자산,2,2025.3Q,5841451.338579
KR0104,농협생명보험,X,생명보험,11,당기손익-공정가치측정금융자산,자산,2,2025.4Q,5603430.735503
KR0104,농협생명보험,X,생명보험,11,당기손익-공정가치측정금융자산,자산,2,2026.1Q,5515745.177842
KR0104,농협생명보험,X,생명보험,11,당기손익-공정가치측정금융자산,자산,2,2026.2Q,5485520.521167
KR0104,농협생명보험,X,생명보험,12,기타포괄손익-공정가치측정금융자산,자산,2,2023.3Q,28658651.0
KR0104,농협생명보험,X,생명보험,12,기타포괄손익-공정가치측정금융자산,자산,2,2023.4Q,29871074.764031
KR0104,농협생명보험,X,생명보험,12,기타포괄손익-공정가치측정금융자산,자산,2,2024.1Q,30079013.367337
KR0104,농협생명보험,X,생명보험,12,기타포괄손익-공정가치측정금융자산,자산,2,2024.2Q,30293276.850984
KR0104,농협생명보험,X,생명보험,12,기타포괄손익-공정가치측정금융자산,자산,2,2024.3Q,30278331.665727
KR0104,농협생명보험,X,생명보험,12,기타포괄손익-공정가치측정금융자산,자산,2,2024.4Q,29467352.965036
KR0104,농협생명보험,X,생명보험,12,기타포괄손익-공정가치측정금융자산,자산,2,2025.1Q,30706676.051337
KR0104,농협생명보험,X,생명보험,12,기타포괄손익-공정가치측정금융자산,자산,2,2025.2Q,31371474.900583
KR0104,농협생명보험,X,생명보험,12,기타포괄손익-공정가치측정금융자산,자산,2,2025.3Q,31620817.570888
KR0104,농협생명보험,X,생명보험,12,기타포괄손익-공정가치측정금융자산,자산,2,2025.4Q,30557492.258133
KR0104,농협생명보험,X,생명보험,12,기타포괄손익-공정가치측정금융자산,자산,2,2026.1Q,29703520.356726
KR0104,농협생명보험,X,생명보험,12,기타포괄손익-공정가치측정금융자산,자산,2,2026.2Q,29180433.826499
KR0104,농협생명보험,X,생명보험,13,상각후원가측정금융자산,자산,2,2023.1Q,16106434.0
KR0104,농협생명보험,X,생명보험,13,상각후원가측정금융자산,자산,2,2023.2Q,15749591.0
KR0104,농협생명보험,X,생명보험,13,상각후원가측정금융자산,자산,2,2023.3Q,9202993.0
KR0104,농협생명보험,X,생명보험,13,상각후원가측정금융자산,자산,2,2023.4Q,9464731.455086
KR0104,농협생명보험,X,생명보험,13,상각후원가측정금융자산,자산,2,2024.1Q,9604436.538318
KR0104,농협생명보험,X,생명보험,13,상각후원가측정금융자산,자산,2,2024.2Q,9667586.324048
KR0104,농협생명보험,X,생명보험,13,상각후원가측정금융자산,자산,2,2024.3Q,9533326.144742
KR0104,농협생명보험,X,생명보험,13,상각후원가측정금융자산,자산,2,2024.4Q,9668339.708354
KR0104,농협생명보험,X,생명보험,13,상각후원가측정금융자산,자산,2,2025.1Q,9722610.569522
KR0104,농협생명보험,X,생명보험,13,상각후원가측정금융자산,자산,2,2025.2Q,8818338.59069
KR0104,농협생명보험,X,생명보험,13,상각후원가측정금융자산,자산,2,2025.3Q,8667418.14093
KR0104,농협생명보험,X,생명보험,13,상각후원가측정금융자산,자산,2,2025.4Q,8708348.783255
KR0104,농협생명보험,X,생명보험,13,상각후원가측정금융자산,자산,2,2026.1Q,8739174.010132
KR0104,농협생명보험,X,생명보험,13,상각후원가측정금융자산,자산,2,2026.2Q,8690342.792465
KR0104,농협생명보험,X,생명보험,15,유형자산,자산,2,2023.1Q,278953.0
KR0104,농협생명보험,X,생명보험,15,유형자산,자산,2,2023.2Q,287918.0
KR0104,농협생명보험,X,생명보험,15,유형자산,자산,2,2023.3Q,285130.0
KR0104,농협생명보험,X,생명보험,15,유형자산,자산,2,2023.4Q,288607.138007
KR0104,농협생명보험,X,생명보험,15,유형자산,자산,2,2024.1Q,284398.101948
KR0104,농협생명보험,X,생명보험,15,유형자산,자산,2,2024.2Q,284456.060005
KR0104,농협생명보험,X,생명보험,15,유형자산,자산,2,2024.3Q,285343.103308
KR0104,농협생명보험,X,생명보험,15,유형자산,자산,2,2024.4Q,300887.785099
KR0104,농협생명보험,X,생명보험,15,유형자산,자산,2,2025.1Q,297680.314084
KR0104,농협생명보험,X,생명보험,15,유형자산,자산,2,2025.2Q,296801.548766
KR0104,농협생명보험,X,생명보험,15,유형자산,자산,2,2025.3Q,297064.29943
KR0104,농협생명보험,X,생명보험,15,유형자산,자산,2,2025.4Q,297638.515821
KR0104,농협생명보험,X,생명보험,15,유형자산,자산,2,2026.1Q,294011.819933
KR0104,농협생명보험,X,생명보험,15,유형자산,자산,2,2026.2Q,292780.80658
KR0104,농협생명보험,X,생명보험,20,보험계약부채,부채,2,2023.1Q,46243518.0
KR0104,농협생명보험,X,생명보험,20,보험계약부채,부채,2,2023.2Q,44696095.0
KR0104,농협생명보험,X,생명보험,20,보험계약부채,부채,2,2023.3Q,44169567.0
KR0104,농협생명보험,X,생명보험,20,보험계약부채,부채,2,2023.4Q,45958814.064136
KR0104,농협생명보험,X,생명보험,20,보험계약부채,부채,2,2024.1Q,46037234.971699
KR0104,농협생명보험,X,생명보험,20,보험계약부채,부채,2,2024.2Q,46140791.116609
KR0104,농협생명보험,X,생명보험,20,보험계약부채,부채,2,2024.3Q,46668525.743466
KR0104,농협생명보험,X,생명보험,20,보험계약부채,부채,2,2024.4Q,46128470.206775
KR0104,농협생명보험,X,생명보험,20,보험계약부채,부채,2,2025.1Q,47040700.716112
KR0104,농협생명보험,X,생명보험,20,보험계약부채,부채,2,2025.2Q,47069140.647812
KR0104,농협생명보험,X,생명보험,20,보험계약부채,부채,2,2025.3Q,46669695.924659
KR0104,농협생명보험,X,생명보험,20,보험계약부채,부채,2,2025.4Q,45132868.156176
KR0104,농협생명보험,X,생명보험,20,보험계약부채,부채,2,2026.1Q,43665846.578747
KR0104,농협생명보험,X,생명보험,20,보험계약부채,부채,2,2026.2Q,42329518.331875
KR0104,농협생명보험,X,생명보험,21,재보험계약부채,부채,2,2023.1Q,70455.0
KR0104,농협생명보험,X,생명보험,21,재보험계약부채,부채,2,2023.2Q,56238.0
KR0104,농협생명보험,X,생명보험,21,재보험계약부채,부채,2,2023.3Q,42443.0
KR0104,농협생명보험,X,생명보험,21,재보험계약부채,부채,2,2023.4Q,54552.501056
KR0104,농협생명보험,X,생명보험,21,재보험계약부채,부채,2,2024.1Q,74327.109208
KR0104,농협생명보험,X,생명보험,21,재보험계약부채,부채,2,2024.2Q,71027.59809
KR0104,농협생명보험,X,생명보험,21,재보험계약부채,부채,2,2024.3Q,70326.03017
KR0104,농협생명보험,X,생명보험,21,재보험계약부채,부채,2,2024.4Q,67468.672136
KR0104,농협생명보험,X,생명보험,21,재보험계약부채,부채,2,2025.1Q,91378.862419
KR0104,농협생명보험,X,생명보험,21,재보험계약부채,부채,2,2025.2Q,82148.700515
KR0104,농협생명보험,X,생명보험,21,재보험계약부채,부채,2,2025.3Q,73182.40567
KR0104,농협생명보험,X,생명보험,21,재보험계약부채,부채,2,2025.4Q,62105.039519
KR0104,농협생명보험,X,생명보험,21,재보험계약부채,부채,2,2026.1Q,68190.041526
KR0104,농협생명보험,X,생명보험,21,재보험계약부채,부채,2,2026.2Q,52283.376253
KR0104,농협생명보험,X,생명보험,23,차입부채,부채,2,2023.1Q,2357592.0
KR0104,농협생명보험,X,생명보험,23,차입부채,부채,2,2023.2Q,2077704.0
KR0104,농협생명보험,X,생명보험,23,차입부채,부채,2,2023.3Q,1777788.0
KR0104,농협생명보험,X,생명보험,23,차입부채,부채,2,2023.4Q,1277872.456869
KR0104,농협생명보험,X,생명보험,23,차입부채,부채,2,2024.1Q,1677957.96149
KR0104,농협생명보험,X,생명보험,23,차입부채,부채,2,2024.2Q,1408031.008963
KR0104,농협생명보험,X,생명보험,23,차입부채,부채,2,2024.3Q,1308098.771621
KR0104,농협생명보험,X,생명보험,23,차입부채,부채,2,2024.4Q,1108167.241286
KR0104,농협생명보험,X,생명보험,23,차입부채,부채,2,2025.1Q,1108236.425399
KR0104,농협생명보험,X,생명보험,23,차입부채,부채,2,2025.2Q,1108306.331478
KR0104,농협생명보험,X,생명보험,23,차입부채,부채,2,2025.3Q,1108376.967121
KR0104,농협생명보험,X,생명보험,23,차입부채,부채,2,2025.4Q,1108448.340013
KR0104,농협생명보험,X,생명보험,23,차입부채,부채,2,2026.1Q,1108520.457908
KR0104,농협생명보험,X,생명보험,23,차입부채,부채,2,2026.2Q,1108593.328652
KR0104,농협생명보험,X,생명보험,24,기타부채,부채,2,2023.1Q,30790.0
KR0104,농협생명보험,X,생명보험,24,기타부채,부채,2,2023.2Q,18888.0
KR0104,농협생명보험,X,생명보험,24,기타부채,부채,2,2023.3Q,18170.0
KR0104,농협생명보험,X,생명보험,24,기타부채,부채,2,2023.4Q,22257.903194
KR0104,농협생명보험,X,생명보험,24,기타부채,부채,2,2024.1Q,17620.344532
KR0104,농협생명보험,X,생명보험,24,기타부채,부채,2,2024.2Q,19085.279832
KR0104,농협생명보험,X,생명보험,24,기타부채,부채,2,2024.3Q,20376.688129
KR0104,농협생명보험,X,생명보험,24,기타부채,부채,2,2024.4Q,23929.826496
KR0104,농협생명보험,X,생명보험,24,기타부채,부채,2,2025.1Q,19808.46828
KR0104,농협생명보험,X,생명보험,24,기타부채,부채,2,2025.2Q,18566.188002
KR0104,농협생명보험,X,생명보험,24,기타부채,부채,2,2025.3Q,19246.128107
KR0104,농협생명보험,X,생명보험,24,기타부채,부채,2,2025.4Q,27360.545695
KR0104,농협생명보험,X,생명보험,24,기타부채,부채,2,2026.1Q,49838.350683
KR0104,농협생명보험,X,생명보험,24,기타부채,부채,2,2026.2Q,29690.156104
KR0104,농협생명보험,X,생명보험,30,자본금,자본,2,2023.1Q,698969.0
KR0104,농협생명보험,X,생명보험,30,자본금,자본,2,2023.2Q,698969.0
KR0104,농협생명보험,X,생명보험,30,자본금,자본,2,2023.3Q,698969.0
KR0104,농협생명보험,X,생명보험,30,자본금,자본,2,2023.4Q,698968.75
KR0104,농협생명보험,X,생명보험,30,자본금,자본,2,2024.1Q,698968.75
KR0104,농협생명보험,X,생명보험,30,자본금,자본,2,2024.2Q,698968.75
KR0104,농협생명보험,X,생명보험,30,자본금,자본,2,2024.3Q,698968.75
KR0104,농협생명보험,X,생명보험,30,자본금,자본,2,2024.4Q,698968.75
KR0104,농협생명보험,X,생명보험,30,자본금,자본,2,2025.1Q,698968.75
KR0104,농협생명보험,X,생명보험,30,자본금,자본,2,2025.2Q,698968.75
KR0104,농협생명보험,X,생명보험,30,자본금,자본,2,2025.3Q,698968.75
KR0104,농협생명보험,X,생명보험,30,자본금,자본,2,2025.4Q,698968.75
KR0104,농협생명보험,X,생명보험,30,자본금,자본,2,2026.1Q,698968.75
KR0104,농협생명보험,X,생명보험,30,자본금,자본,2,2026.2Q,698968.75
KR0104,농협생명보험,X,생명보험,31,이익잉여금,자본,2,2023.1Q,2113450.0
KR0104,농협생명보험,X,생명보험,31,이익잉여금,자본,2,2023.2Q,2122398.0
KR0104,농협생명보험,X,생명보험,31,이익잉여금,자본,2,2023.3Q,2128429.0
KR0104,농협생명보험,X,생명보험,31,이익잉여금,자본,2,2023.4Q,2315578.483855
KR0104,농협생명보험,X,생명보험,31,이익잉여금,자본,2,2024.1Q,2341703.209085
KR0104,농협생명보험,X,생명보험,31,이익잉여금,자본,2,2024.2Q,2422208.919791
KR0104,농협생명보험,X,생명보험,31,이익잉여금,자본,2,2024.3Q,2499921.424988
KR0104,농협생명보험,X,생명보험,31,이익잉여금,자본,2,2024.4Q,2491021.826315
KR0104,농협생명보험,X,생명보험,31,이익잉여금,자본,2,2025.1Q,2546485.863526
KR0104,농협생명보험,X,생명보험,31,이익잉여금,자본,2,2025.2Q,2625523.891192
KR0104,농협생명보험,X,생명보험,31,이익잉여금,자본,2,2025.3Q,2679032.67351
KR0104,농협생명보험,X,생명보험,31,이익잉여금,자본,2,2025.4Q,2676227.088423
KR0104,농협생명보험,X,생명보험,31,이익잉여금,자본,2,2026.1Q,2696368.16221
KR0104,농협생명보험,X,생명보험,31,이익잉여금,자본,2,2026.2Q,2708184.434811
KR0150,서울보증보험,031210,손해보험,1,자산총계,자산,1,2024.4Q,9302947.931038
KR0150,서울보증보험,031210,손해보험,1,자산총계,자산,1,2025.1Q,9508935.126029
KR0150,서울보증보험,031210,손해보험,1,자산총계,자산,1,2025.2Q,9407097.698856
KR0150,서울보증보험,031210,손해보험,1,자산총계,자산,1,2025.3Q,9361964.961268
KR0150,서울보증보험,031210,손해보험,1,자산총계,자산,1,2025.4Q,9373829.222023
KR0150,서울보증보험,031210,손해보험,1,자산총계,자산,1,2026.1Q,9423932.442354
KR0150,서울보증보험,031210,손해보험,1,자산총계,자산,1,2026.2Q,9259639.965084
KR0150,서울보증보험,031210,손해보험,2,부채총계,부채,1,2024.4Q,4144657.34045
KR0150,서울보증보험,031210,손해보험,2,부채총계,부채,1,2025.1Q,4490485.336809
KR0150,서울보증보험,031210,손해보험,2,부채총계,부채,1,2025.2Q,4219719.566171
KR0150,서울보증보험,031210,손해보험,2,부채총계,부채,1,2025.3Q,4193535.898903
KR0150,서울보증보험,031210,손해보험,2,부채총계,부채,1,2025.4Q,4199807.603545
KR0150,서울보증보험,031210,손해보험,2,부채총계,부채,1,2026.1Q,4460687.210467
KR0150,서울보증보험,031210,손해보험,2,부채총계,부채,1,2026.2Q,4265939.126367
KR0150,서울보증보험,031210,손해보험,3,자본총계,자본,1,2024.4Q,5158290.590588
KR0150,서울보증보험,031210,손해보험,3,자본총계,자본,1,2025.1Q,5018449.78922
KR0150,서울보증보험,031210,손해보험,3,자본총계,자본,1,2025.2Q,5187378.132685
KR0150,서울보증보험,031210,손해보험,3,자본총계,자본,1,2025.3Q,5168429.062365
KR0150,서울보증보험,031210,손해보험,3,자본총계,자본,1,2025.4Q,5174021.618478
KR0150,서울보증보험,031210,손해보험,3,자본총계,자본,1,2026.1Q,4963245.231887
KR0150,서울보증보험,031210,손해보험,3,자본총계,자본,1,2026.2Q,4993700.838717
KR0150,서울보증보험,031210,손해보험,4,기타포괄손익 누계액,자본,2,2024.4Q,23836.371389
KR0150,서울보증보험,031210,손해보험,4,기타포괄손익 누계액,자본,2,2025.1Q,64962.912838
KR0150,서울보증보험,031210,손해보험,4,기타포괄손익 누계액,자본,2,2025.2Q,166099.761661
KR0150,서울보증보험,031210,손해보험,4,기타포괄손익 누계액,자본,2,2025.3Q,85828.123071
KR0150,서울보증보험,031210,손해보험,4,기타포괄손익 누계액,자본,2,2025.4Q,-27580.415929
KR0150,서울보증보험,031210,손해보험,4,기타포괄손익 누계액,자본,2,2026.1Q,-95577.001859
KR0150,서울보증보험,031210,손해보험,4,기타포괄손익 누계액,자본,2,2026.2Q,-130638.01198
KR0150,서울보증보험,031210,손해보험,6,비상위험준비금 적립액,준비금,2,2024.4Q,2488079.096
KR0150,서울보증보험,031210,손해보험,6,비상위험준비금 적립액,준비금,2,2025.1Q,2510952.122177
KR0150,서울보증보험,031210,손해보험,6,비상위험준비금 적립액,준비금,2,2025.2Q,2535823.60816
KR0150,서울보증보험,031210,손해보험,6,비상위험준비금 적립액,준비금,2,2025.3Q,2557270.018167
KR0150,서울보증보험,031210,손해보험,6,비상위험준비금 적립액,준비금,2,2025.4Q,2127025.241117
KR0150,서울보증보험,031210,손해보험,6,비상위험준비금 적립액,준비금,2,2026.1Q,2146921.473262
KR0150,서울보증보험,031210,손해보험,6,비상위험준비금 적립액,준비금,2,2026.2Q,2163240.130238
KR0150,서울보증보험,031210,손해보험,7,대손준비금 적립액,준비금,2,2024.4Q,48.155
KR0150,서울보증보험,031210,손해보험,7,대손준비금 적립액,준비금,2,2025.1Q,61.425987
KR0150,서울보증보험,031210,손해보험,7,대손준비금 적립액,준비금,2,2025.2Q,83.953706
KR0150,서울보증보험,031210,손해보험,7,대손준비금 적립액,준비금,2,2025.3Q,26.074422
KR0150,서울보증보험,031210,손해보험,7,대손준비금 적립액,준비금,2,2025.4Q,735.569139
KR0150,서울보증보험,031210,손해보험,7,대손준비금 적립액,준비금,2,2026.1Q,789.341506
KR0150,서울보증보험,031210,손해보험,7,대손준비금 적립액,준비금,2,2026.2Q,754.28233
KR0150,서울보증보험,031210,손해보험,10,현금및현금성자산,자산,2,2024.4Q,217512.296022
KR0150,서울보증보험,031210,손해보험,10,현금및현금성자산,자산,2,2025.1Q,204944.337638
KR0150,서울보증보험,031210,손해보험,10,현금및현금성자산,자산,2,2025.2Q,188028.843877
KR0150,서울보증보험,031210,손해보험,10,현금및현금성자산,자산,2,2025.3Q,188087.704767
KR0150,서울보증보험,031210,손해보험,10,현금및현금성자산,자산,2,2025.4Q,155588.886013
KR0150,서울보증보험,031210,손해보험,10,현금및현금성자산,자산,2,2026.1Q,156963.823993
KR0150,서울보증보험,031210,손해보험,10,현금및현금성자산,자산,2,2026.2Q,164906.087831
KR0150,서울보증보험,031210,손해보험,11,당기손익-공정가치측정금융자산,자산,2,2024.4Q,1406073.520618
KR0150,서울보증보험,031210,손해보험,11,당기손익-공정가치측정금융자산,자산,2,2025.1Q,1403384.880816
KR0150,서울보증보험,031210,손해보험,11,당기손익-공정가치측정금융자산,자산,2,2025.2Q,1396492.609015
KR0150,서울보증보험,031210,손해보험,11,당기손익-공정가치측정금융자산,자산,2,2025.3Q,1469358.001572
KR0150,서울보증보험,031210,손해보험,11,당기손익-공정가치측정금융자산,자산,2,2025.4Q,1582179.901494
KR0150,서울보증보험,031210,손해보험,11,당기손익-공정가치측정금융자산,자산,2,2026.1Q,1653617.344656
KR0150,서울보증보험,031210,손해보험,11,당기손익-공정가치측정금융자산,자산,2,2026.2Q,1633397.0
KR0150,서울보증보험,031210,손해보험,12,기타포괄손익-공정가치측정금융자산,자산,2,2024.4Q,6243264.962873
KR0150,서울보증보험,031210,손해보험,12,기타포괄손익-공정가치측정금융자산,자산,2,2025.1Q,6408618.188982
KR0150,서울보증보험,031210,손해보험,12,기타포괄손익-공정가치측정금융자산,자산,2,2025.2Q,6309360.497547
KR0150,서울보증보험,031210,손해보험,12,기타포괄손익-공정가치측정금융자산,자산,2,2025.3Q,6242959.94999
KR0150,서울보증보험,031210,손해보험,12,기타포괄손익-공정가치측정금융자산,자산,2,2025.4Q,6197338.712758
KR0150,서울보증보험,031210,손해보험,12,기타포괄손익-공정가치측정금융자산,자산,2,2026.1Q,6171968.553359
KR0150,서울보증보험,031210,손해보험,12,기타포괄손익-공정가치측정금융자산,자산,2,2026.2Q,6019932.213895
KR0150,서울보증보험,031210,손해보험,13,상각후원가측정금융자산,자산,2,2024.4Q,757220.641131
KR0150,서울보증보험,031210,손해보험,13,상각후원가측정금융자산,자산,2,2025.1Q,773768.232242
KR0150,서울보증보험,031210,손해보험,13,상각후원가측정금융자산,자산,2,2025.2Q,784493.091719
KR0150,서울보증보험,031210,손해보험,13,상각후원가측정금융자산,자산,2,2025.3Q,781306.755224
KR0150,서울보증보험,031210,손해보험,13,상각후원가측정금융자산,자산,2,2025.4Q,789401.349357
KR0150,서울보증보험,031210,손해보험,13,상각후원가측정금융자산,자산,2,2026.1Q,805437.301082
KR0150,서울보증보험,031210,손해보험,13,상각후원가측정금융자산,자산,2,2026.2Q,807047.06473
KR0150,서울보증보험,031210,손해보험,14,재보험계약자산,자산,2,2024.4Q,305825.042558
KR0150,서울보증보험,031210,손해보험,14,재보험계약자산,자산,2,2025.1Q,281856.734282
KR0150,서울보증보험,031210,손해보험,14,재보험계약자산,자산,2,2025.2Q,280349.131325
KR0150,서울보증보험,031210,손해보험,14,재보험계약자산,자산,2,2025.3Q,279347.245432
KR0150,서울보증보험,031210,손해보험,14,재보험계약자산,자산,2,2025.4Q,255108.594876
KR0150,서울보증보험,031210,손해보험,14,재보험계약자산,자산,2,2026.1Q,253722.897156
KR0150,서울보증보험,031210,손해보험,14,재보험계약자산,자산,2,2026.2Q,258569.018388
KR0150,서울보증보험,031210,손해보험,15,유형자산,자산,2,2024.4Q,192654.513248
KR0150,서울보증보험,031210,손해보험,15,유형자산,자산,2,2025.1Q,140881.196285
KR0150,서울보증보험,031210,손해보험,15,유형자산,자산,2,2025.2Q,140139.319702
KR0150,서울보증보험,031210,손해보험,15,유형자산,자산,2,2025.3Q,137643.607691
KR0150,서울보증보험,031210,손해보험,15,유형자산,자산,2,2025.4Q,139562.521892
KR0150,서울보증보험,031210,손해보험,15,유형자산,자산,2,2026.1Q,136989.923389
KR0150,서울보증보험,031210,손해보험,15,유형자산,자산,2,2026.2Q,138220.309537
KR0150,서울보증보험,031210,손해보험,20,보험계약부채,부채,2,2024.4Q,3262977.164442
KR0150,서울보증보험,031210,손해보험,20,보험계약부채,부채,2,2025.1Q,3337391.053019
KR0150,서울보증보험,031210,손해보험,20,보험계약부채,부채,2,2025.2Q,3316804.892299
KR0150,서울보증보험,031210,손해보험,20,보험계약부채,부채,2,2025.3Q,3259210.12124
KR0150,서울보증보험,031210,손해보험,20,보험계약부채,부채,2,2025.4Q,3228356.793194
KR0150,서울보증보험,031210,손해보험,20,보험계약부채,부채,2,2026.1Q,3371418.464353
KR0150,서울보증보험,031210,손해보험,20,보험계약부채,부채,2,2026.2Q,3422582.846867
KR0150,서울보증보험,031210,손해보험,21,재보험계약부채,부채,2,2025.1Q,195.0
KR0150,서울보증보험,031210,손해보험,21,재보험계약부채,부채,2,2025.2Q,390.0
KR0150,서울보증보험,031210,손해보험,21,재보험계약부채,부채,2,2025.3Q,585.0
KR0150,서울보증보험,031210,손해보험,21,재보험계약부채,부채,2,2025.4Q,0.0
KR0150,서울보증보험,031210,손해보험,21,재보험계약부채,부채,2,2026.2Q,0.0
KR0150,서울보증보험,031210,손해보험,23,차입부채,부채,2,2024.4Q,39650.197438
KR0150,서울보증보험,031210,손해보험,23,차입부채,부채,2,2025.1Q,39819.538561
KR0150,서울보증보험,031210,손해보험,23,차입부채,부채,2,2025.2Q,39999.777218
KR0150,서울보증보험,031210,손해보험,23,차입부채,부채,2,2025.3Q,38246.808516
KR0150,서울보증보험,031210,손해보험,23,차입부채,부채,2,2025.4Q,38426.07103
KR0150,서울보증보험,031210,손해보험,23,차입부채,부채,2,2026.1Q,38593.412377
KR0150,서울보증보험,031210,손해보험,23,차입부채,부채,2,2026.2Q,38771.0
KR0150,서울보증보험,031210,손해보험,24,기타부채,부채,2,2024.4Q,96400.692284
KR0150,서울보증보험,031210,손해보험,24,기타부채,부채,2,2025.1Q,105494.013339
KR0150,서울보증보험,031210,손해보험,24,기타부채,부채,2,2025.2Q,105073.579763
KR0150,서울보증보험,031210,손해보험,24,기타부채,부채,2,2025.3Q,116625.676373
KR0150,서울보증보험,031210,손해보험,24,기타부채,부채,2,2025.4Q,144657.764464
KR0150,서울보증보험,031210,손해보험,24,기타부채,부채,2,2026.1Q,113319.201104
KR0150,서울보증보험,031210,손해보험,24,기타부채,부채,2,2026.2Q,108447.466338
KR0150,서울보증보험,031210,손해보험,30,자본금,자본,2,2024.4Q,174553.995
KR0150,서울보증보험,031210,손해보험,30,자본금,자본,2,2025.1Q,174553.995
KR0150,서울보증보험,031210,손해보험,30,자본금,자본,2,2025.2Q,174553.995
KR0150,서울보증보험,031210,손해보험,30,자본금,자본,2,2025.3Q,174553.995
KR0150,서울보증보험,031210,손해보험,30,자본금,자본,2,2025.4Q,174553.995
KR0150,서울보증보험,031210,손해보험,30,자본금,자본,2,2026.1Q,174553.995
KR0150,서울보증보험,031210,손해보험,30,자본금,자본,2,2026.2Q,174553.995
KR0150,서울보증보험,031210,손해보험,31,이익잉여금,자본,2,2024.4Q,4959900.224199
KR0150,서울보증보험,031210,손해보험,31,이익잉여금,자본,2,2025.1Q,4778932.881382
KR0150,서울보증보험,031210,손해보험,31,이익잉여금,자본,2,2025.2Q,4846724.376024
KR0150,서울보증보험,031210,손해보험,31,이익잉여금,자본,2,2025.3Q,4908046.944294
KR0150,서울보증보험,031210,손해보험,31,이익잉여금,자본,2,2025.4Q,5027048.039407
KR0150,서울보증보험,031210,손해보험,31,이익잉여금,자본,2,2026.1Q,4884268.238746
KR0150,서울보증보험,031210,손해보험,31,이익잉여금,자본,2,2026.2Q,4949784.855697
KR1000,코리안리재보험,003690,손해보험,1,자산총계,자산,1,2023.1Q,11017223.0
KR1000,코리안리재보험,003690,손해보험,1,자산총계,자산,1,2023.2Q,11017223.0
KR1000,코리안리재보험,003690,손해보험,1,자산총계,자산,1,2023.3Q,11142510.24506
KR1000,코리안리재보험,003690,손해보험,1,자산총계,자산,1,2023.4Q,12001188.423461
KR1000,코리안리재보험,003690,손해보험,1,자산총계,자산,1,2024.1Q,11839185.92034
KR1000,코리안리재보험,003690,손해보험,1,자산총계,자산,1,2024.2Q,12249545.120649
KR1000,코리안리재보험,003690,손해보험,1,자산총계,자산,1,2024.3Q,12699320.878166
KR1000,코리안리재보험,003690,손해보험,1,자산총계,자산,1,2024.4Q,12926721.576165
KR1000,코리안리재보험,003690,손해보험,1,자산총계,자산,1,2025.1Q,12889630.753896
KR1000,코리안리재보험,003690,손해보험,1,자산총계,자산,1,2025.2Q,13019096.276434
KR1000,코리안리재보험,003690,손해보험,1,자산총계,자산,1,2025.3Q,13447230.828789
KR1000,코리안리재보험,003690,손해보험,1,자산총계,자산,1,2025.4Q,13999805.465756
KR1000,코리안리재보험,003690,손해보험,1,자산총계,자산,1,2026.1Q,14042054.379302
KR1000,코리안리재보험,003690,손해보험,1,자산총계,자산,1,2026.2Q,14329940.487124
KR1000,코리안리재보험,003690,손해보험,2,부채총계,부채,1,2023.1Q,8301593.0
KR1000,코리안리재보험,003690,손해보험,2,부채총계,부채,1,2023.2Q,8301593.0
KR1000,코리안리재보험,003690,손해보험,2,부채총계,부채,1,2023.3Q,7897936.569534
KR1000,코리안리재보험,003690,손해보험,2,부채총계,부채,1,2023.4Q,8700103.466992
KR1000,코리안리재보험,003690,손해보험,2,부채총계,부채,1,2024.1Q,8621544.525252
KR1000,코리안리재보험,003690,손해보험,2,부채총계,부채,1,2024.2Q,8938602.742306
KR1000,코리안리재보험,003690,손해보험,2,부채총계,부채,1,2024.3Q,9318463.807183
KR1000,코리안리재보험,003690,손해보험,2,부채총계,부채,1,2024.4Q,9473107.607853
KR1000,코리안리재보험,003690,손해보험,2,부채총계,부채,1,2025.1Q,9493512.698379
KR1000,코리안리재보험,003690,손해보험,2,부채총계,부채,1,2025.2Q,9537188.147568
KR1000,코리안리재보험,003690,손해보험,2,부채총계,부채,1,2025.3Q,9864127.65697
KR1000,코리안리재보험,003690,손해보험,2,부채총계,부채,1,2025.4Q,10340348.790039
KR1000,코리안리재보험,003690,손해보험,2,부채총계,부채,1,2026.1Q,10278160.046594
KR1000,코리안리재보험,003690,손해보험,2,부채총계,부채,1,2026.2Q,10344817.821535
KR1000,코리안리재보험,003690,손해보험,3,자본총계,자본,1,2023.1Q,2715630.0
KR1000,코리안리재보험,003690,손해보험,3,자본총계,자본,1,2023.2Q,2715630.0
KR1000,코리안리재보험,003690,손해보험,3,자본총계,자본,1,2023.3Q,3244573.675526
KR1000,코리안리재보험,003690,손해보험,3,자본총계,자본,1,2023.4Q,3301084.956469
KR1000,코리안리재보험,003690,손해보험,3,자본총계,자본,1,2024.1Q,3217641.395088
KR1000,코리안리재보험,003690,손해보험,3,자본총계,자본,1,2024.2Q,3310942.378343
KR1000,코리안리재보험,003690,손해보험,3,자본총계,자본,1,2024.3Q,3380857.070983
KR1000,코리안리재보험,003690,손해보험,3,자본총계,자본,1,2024.4Q,3453613.968312
KR1000,코리안리재보험,003690,손해보험,3,자본총계,자본,1,2025.1Q,3396118.055517
KR1000,코리안리재보험,003690,손해보험,3,자본총계,자본,1,2025.2Q,3481908.128866
KR1000,코리안리재보험,003690,손해보험,3,자본총계,자본,1,2025.3Q,3583103.171819
KR1000,코리안리재보험,003690,손해보험,3,자본총계,자본,1,2025.4Q,3659456.675717
KR1000,코리안리재보험,003690,손해보험,3,자본총계,자본,1,2026.1Q,3763894.332708
KR1000,코리안리재보험,003690,손해보험,3,자본총계,자본,1,2026.2Q,3985122.665589
KR1000,코리안리재보험,003690,손해보험,4,기타포괄손익 누계액,자본,2,2023.1Q,149592.0
KR1000,코리안리재보험,003690,손해보험,4,기타포괄손익 누계액,자본,2,2023.2Q,149592.0
KR1000,코리안리재보험,003690,손해보험,4,기타포괄손익 누계액,자본,2,2023.3Q,149572.960087
KR1000,코리안리재보험,003690,손해보험,4,기타포괄손익 누계액,자본,2,2023.4Q,211644.726375
KR1000,코리안리재보험,003690,손해보험,4,기타포괄손익 누계액,자본,2,2024.1Q,183782.345049
KR1000,코리안리재보험,003690,손해보험,4,기타포괄손익 누계액,자본,2,2024.2Q,185139.978767
KR1000,코리안리재보험,003690,손해보험,4,기타포괄손익 누계액,자본,2,2024.3Q,187546.12421
KR1000,코리안리재보험,003690,손해보험,4,기타포괄손익 누계액,자본,2,2024.4Q,199184.32226
KR1000,코리안리재보험,003690,손해보험,4,기타포괄손익 누계액,자본,2,2025.1Q,183686.184267
KR1000,코리안리재보험,003690,손해보험,4,기타포괄손익 누계액,자본,2,2025.2Q,164493.377481
KR1000,코리안리재보험,003690,손해보험,4,기타포괄손익 누계액,자본,2,2025.3Q,191488.637944
KR1000,코리안리재보험,003690,손해보험,4,기타포괄손익 누계액,자본,2,2025.4Q,220943.679634
KR1000,코리안리재보험,003690,손해보험,4,기타포괄손익 누계액,자본,2,2026.1Q,258150.380815
KR1000,코리안리재보험,003690,손해보험,4,기타포괄손익 누계액,자본,2,2026.2Q,341594.911101
KR1000,코리안리재보험,003690,손해보험,5,해약환급금준비금 적립액,준비금,2,2023.3Q,136804.753907
KR1000,코리안리재보험,003690,손해보험,5,해약환급금준비금 적립액,준비금,2,2023.4Q,102014.79042
KR1000,코리안리재보험,003690,손해보험,5,해약환급금준비금 적립액,준비금,2,2024.1Q,102381.739473
KR1000,코리안리재보험,003690,손해보험,5,해약환급금준비금 적립액,준비금,2,2024.2Q,104190.004269
KR1000,코리안리재보험,003690,손해보험,5,해약환급금준비금 적립액,준비금,2,2024.3Q,106006.160772
KR1000,코리안리재보험,003690,손해보험,5,해약환급금준비금 적립액,준비금,2,2024.4Q,93396.438012
KR1000,코리안리재보험,003690,손해보험,5,해약환급금준비금 적립액,준비금,2,2025.1Q,93881.093852
KR1000,코리안리재보험,003690,손해보험,5,해약환급금준비금 적립액,준비금,2,2025.2Q,84095.435097
KR1000,코리안리재보험,003690,손해보험,5,해약환급금준비금 적립액,준비금,2,2025.3Q,85351.84784
KR1000,코리안리재보험,003690,손해보험,5,해약환급금준비금 적립액,준비금,2,2025.4Q,71814.500847
KR1000,코리안리재보험,003690,손해보험,5,해약환급금준비금 적립액,준비금,2,2026.1Q,73532.756522
KR1000,코리안리재보험,003690,손해보험,5,해약환급금준비금 적립액,준비금,2,2026.2Q,75368.953018
KR1000,코리안리재보험,003690,손해보험,6,비상위험준비금 적립액,준비금,2,2023.3Q,1509228.709329
KR1000,코리안리재보험,003690,손해보험,6,비상위험준비금 적립액,준비금,2,2023.4Q,1378547.972406
KR1000,코리안리재보험,003690,손해보험,6,비상위험준비금 적립액,준비금,2,2024.1Q,1396499.155617
KR1000,코리안리재보험,003690,손해보험,6,비상위험준비금 적립액,준비금,2,2024.2Q,1414817.190479
KR1000,코리안리재보험,003690,손해보험,6,비상위험준비금 적립액,준비금,2,2024.3Q,1431525.22223
KR1000,코리안리재보험,003690,손해보험,6,비상위험준비금 적립액,준비금,2,2024.4Q,1399845.915548
KR1000,코리안리재보험,003690,손해보험,6,비상위험준비금 적립액,준비금,2,2025.1Q,1417297.418963
KR1000,코리안리재보험,003690,손해보험,6,비상위험준비금 적립액,준비금,2,2025.2Q,1434835.908636
KR1000,코리안리재보험,003690,손해보험,6,비상위험준비금 적립액,준비금,2,2025.3Q,1451773.530848
KR1000,코리안리재보험,003690,손해보험,6,비상위험준비금 적립액,준비금,2,2025.4Q,1450338.506425
KR1000,코리안리재보험,003690,손해보험,6,비상위험준비금 적립액,준비금,2,2026.1Q,1482980.429465
KR1000,코리안리재보험,003690,손해보험,6,비상위험준비금 적립액,준비금,2,2026.2Q,1516927.506358
KR1000,코리안리재보험,003690,손해보험,7,대손준비금 적립액,준비금,2,2023.3Q,16516.330805
KR1000,코리안리재보험,003690,손해보험,7,대손준비금 적립액,준비금,2,2023.4Q,22202.257744
KR1000,코리안리재보험,003690,손해보험,7,대손준비금 적립액,준비금,2,2024.1Q,42332.679086
KR1000,코리안리재보험,003690,손해보험,7,대손준비금 적립액,준비금,2,2024.2Q,48324.777524
KR1000,코리안리재보험,003690,손해보험,7,대손준비금 적립액,준비금,2,2024.3Q,47753.516973
KR1000,코리안리재보험,003690,손해보험,7,대손준비금 적립액,준비금,2,2024.4Q,31650.14616
KR1000,코리안리재보험,003690,손해보험,7,대손준비금 적립액,준비금,2,2025.1Q,18558.985218
KR1000,코리안리재보험,003690,손해보험,7,대손준비금 적립액,준비금,2,2025.2Q,18475.865426
KR1000,코리안리재보험,003690,손해보험,7,대손준비금 적립액,준비금,2,2025.3Q,22637.413088
KR1000,코리안리재보험,003690,손해보험,7,대손준비금 적립액,준비금,2,2025.4Q,1028.428267
KR1000,코리안리재보험,003690,손해보험,7,대손준비금 적립액,준비금,2,2026.1Q,1014.507436
KR1000,코리안리재보험,003690,손해보험,7,대손준비금 적립액,준비금,2,2026.2Q,798.344074
KR1000,코리안리재보험,003690,손해보험,10,현금및현금성자산,자산,2,2023.1Q,498904.0
KR1000,코리안리재보험,003690,손해보험,10,현금및현금성자산,자산,2,2023.2Q,498904.0
KR1000,코리안리재보험,003690,손해보험,10,현금및현금성자산,자산,2,2023.3Q,279990.249547
KR1000,코리안리재보험,003690,손해보험,10,현금및현금성자산,자산,2,2023.4Q,311609.854317
KR1000,코리안리재보험,003690,손해보험,10,현금및현금성자산,자산,2,2024.1Q,356774.158296
KR1000,코리안리재보험,003690,손해보험,10,현금및현금성자산,자산,2,2024.2Q,424770.895156
KR1000,코리안리재보험,003690,손해보험,10,현금및현금성자산,자산,2,2024.3Q,348322.964534
KR1000,코리안리재보험,003690,손해보험,10,현금및현금성자산,자산,2,2024.4Q,239868.974674
KR1000,코리안리재보험,003690,손해보험,10,현금및현금성자산,자산,2,2025.1Q,272843.41216
KR1000,코리안리재보험,003690,손해보험,10,현금및현금성자산,자산,2,2025.2Q,206503.928598
KR1000,코리안리재보험,003690,손해보험,10,현금및현금성자산,자산,2,2025.3Q,196987.276974
KR1000,코리안리재보험,003690,손해보험,10,현금및현금성자산,자산,2,2025.4Q,174651.524338
KR1000,코리안리재보험,003690,손해보험,10,현금및현금성자산,자산,2,2026.1Q,180442.450118
KR1000,코리안리재보험,003690,손해보험,10,현금및현금성자산,자산,2,2026.2Q,190834.322812
KR1000,코리안리재보험,003690,손해보험,11,당기손익-공정가치측정금융자산,자산,2,2023.3Q,2073404.373468
KR1000,코리안리재보험,003690,손해보험,11,당기손익-공정가치측정금융자산,자산,2,2023.4Q,2249343.04768
KR1000,코리안리재보험,003690,손해보험,11,당기손익-공정가치측정금융자산,자산,2,2024.1Q,2018257.173245
KR1000,코리안리재보험,003690,손해보험,11,당기손익-공정가치측정금융자산,자산,2,2024.2Q,2198133.279883
KR1000,코리안리재보험,003690,손해보험,11,당기손익-공정가치측정금융자산,자산,2,2024.3Q,2367851.249886
KR1000,코리안리재보험,003690,손해보험,11,당기손익-공정가치측정금융자산,자산,2,2024.4Q,2540027.006633
KR1000,코리안리재보험,003690,손해보험,11,당기손익-공정가치측정금융자산,자산,2,2025.1Q,2091259.56267
KR1000,코리안리재보험,003690,손해보험,11,당기손익-공정가치측정금융자산,자산,2,2025.2Q,2305066.322012
KR1000,코리안리재보험,003690,손해보험,11,당기손익-공정가치측정금융자산,자산,2,2025.3Q,2606336.168613
KR1000,코리안리재보험,003690,손해보험,11,당기손익-공정가치측정금융자산,자산,2,2025.4Q,2814039.393897
KR1000,코리안리재보험,003690,손해보험,11,당기손익-공정가치측정금융자산,자산,2,2026.1Q,3018215.234422
KR1000,코리안리재보험,003690,손해보험,11,당기손익-공정가치측정금융자산,자산,2,2026.2Q,3216594.215719
KR1000,코리안리재보험,003690,손해보험,12,기타포괄손익-공정가치측정금융자산,자산,2,2023.3Q,1708481.948557
KR1000,코리안리재보험,003690,손해보험,12,기타포괄손익-공정가치측정금융자산,자산,2,2023.4Q,2640635.696346
KR1000,코리안리재보험,003690,손해보험,12,기타포괄손익-공정가치측정금융자산,자산,2,2024.1Q,2819301.805586
KR1000,코리안리재보험,003690,손해보험,12,기타포괄손익-공정가치측정금융자산,자산,2,2024.2Q,3216511.941541
KR1000,코리안리재보험,003690,손해보험,12,기타포괄손익-공정가치측정금융자산,자산,2,2024.3Q,3708014.9917
KR1000,코리안리재보험,003690,손해보험,12,기타포괄손익-공정가치측정금융자산,자산,2,2024.4Q,4649708.528621
KR1000,코리안리재보험,003690,손해보험,12,기타포괄손익-공정가치측정금융자산,자산,2,2025.1Q,5121485.593926
KR1000,코리안리재보험,003690,손해보험,12,기타포괄손익-공정가치측정금융자산,자산,2,2025.2Q,5277742.100844
KR1000,코리안리재보험,003690,손해보험,12,기타포괄손익-공정가치측정금융자산,자산,2,2025.3Q,5632067.989687
KR1000,코리안리재보험,003690,손해보험,12,기타포괄손익-공정가치측정금융자산,자산,2,2025.4Q,6057771.453817
KR1000,코리안리재보험,003690,손해보험,12,기타포괄손익-공정가치측정금융자산,자산,2,2026.1Q,6037613.513096
KR1000,코리안리재보험,003690,손해보험,12,기타포괄손익-공정가치측정금융자산,자산,2,2026.2Q,6342691.178006
KR1000,코리안리재보험,003690,손해보험,13,상각후원가측정금융자산,자산,2,2023.3Q,3962285.639708
KR1000,코리안리재보험,003690,손해보험,13,상각후원가측정금융자산,자산,2,2023.4Q,3591434.765027
KR1000,코리안리재보험,003690,손해보험,13,상각후원가측정금융자산,자산,2,2024.1Q,3489956.662012
KR1000,코리안리재보험,003690,손해보험,13,상각후원가측정금융자산,자산,2,2024.2Q,3283319.680525
KR1000,코리안리재보험,003690,손해보험,13,상각후원가측정금융자산,자산,2,2024.3Q,3100017.261194
KR1000,코리안리재보험,003690,손해보험,13,상각후원가측정금융자산,자산,2,2024.4Q,2528450.64092
KR1000,코리안리재보험,003690,손해보험,13,상각후원가측정금융자산,자산,2,2025.1Q,2464027.007675
KR1000,코리안리재보험,003690,손해보험,13,상각후원가측정금융자산,자산,2,2025.2Q,2342381.225346
KR1000,코리안리재보험,003690,손해보험,13,상각후원가측정금융자산,자산,2,2025.3Q,2075870.671486
KR1000,코리안리재보험,003690,손해보험,13,상각후원가측정금융자산,자산,2,2025.4Q,2011535.469471
KR1000,코리안리재보험,003690,손해보험,13,상각후원가측정금융자산,자산,2,2026.1Q,1855723.263989
KR1000,코리안리재보험,003690,손해보험,13,상각후원가측정금융자산,자산,2,2026.2Q,1764883.637063
KR1000,코리안리재보험,003690,손해보험,14,재보험계약자산,자산,2,2023.3Q,2130682.459811
KR1000,코리안리재보험,003690,손해보험,14,재보험계약자산,자산,2,2023.4Q,2061936.343037
KR1000,코리안리재보험,003690,손해보험,14,재보험계약자산,자산,2,2024.1Q,2018665.802616
KR1000,코리안리재보험,003690,손해보험,14,재보험계약자산,자산,2,2024.2Q,1920750.110206
KR1000,코리안리재보험,003690,손해보험,14,재보험계약자산,자산,2,2024.3Q,1964901.383904
KR1000,코리안리재보험,003690,손해보험,14,재보험계약자산,자산,2,2024.4Q,1977661.810967
KR1000,코리안리재보험,003690,손해보험,14,재보험계약자산,자산,2,2025.1Q,1914187.501343
KR1000,코리안리재보험,003690,손해보험,14,재보험계약자산,자산,2,2025.2Q,1895982.462676
KR1000,코리안리재보험,003690,손해보험,14,재보험계약자산,자산,2,2025.3Q,1941503.636864
KR1000,코리안리재보험,003690,손해보험,14,재보험계약자산,자산,2,2025.4Q,1986184.867977
KR1000,코리안리재보험,003690,손해보험,14,재보험계약자산,자산,2,2026.1Q,1924772.187306
KR1000,코리안리재보험,003690,손해보험,14,재보험계약자산,자산,2,2026.2Q,1847076.766908
KR1000,코리안리재보험,003690,손해보험,15,유형자산,자산,2,2023.1Q,114454.0
KR1000,코리안리재보험,003690,손해보험,15,유형자산,자산,2,2023.2Q,114454.0
KR1000,코리안리재보험,003690,손해보험,15,유형자산,자산,2,2023.3Q,96928.872755
KR1000,코리안리재보험,003690,손해보험,15,유형자산,자산,2,2023.4Q,96559.488797
KR1000,코리안리재보험,003690,손해보험,15,유형자산,자산,2,2024.1Q,96393.978614
KR1000,코리안리재보험,003690,손해보험,15,유형자산,자산,2,2024.2Q,96722.433486
KR1000,코리안리재보험,003690,손해보험,15,유형자산,자산,2,2024.3Q,111137.484556
KR1000,코리안리재보험,003690,손해보험,15,유형자산,자산,2,2024.4Q,106289.259701
KR1000,코리안리재보험,003690,손해보험,15,유형자산,자산,2,2025.1Q,103679.569279
KR1000,코리안리재보험,003690,손해보험,15,유형자산,자산,2,2025.2Q,62007.113413
KR1000,코리안리재보험,003690,손해보험,15,유형자산,자산,2,2025.3Q,48466.315363
KR1000,코리안리재보험,003690,손해보험,15,유형자산,자산,2,2025.4Q,49622.490233
KR1000,코리안리재보험,003690,손해보험,15,유형자산,자산,2,2026.1Q,53894.113585
KR1000,코리안리재보험,003690,손해보험,15,유형자산,자산,2,2026.2Q,75132.304937
KR1000,코리안리재보험,003690,손해보험,20,보험계약부채,부채,2,2023.1Q,7661996.0
KR1000,코리안리재보험,003690,손해보험,20,보험계약부채,부채,2,2023.2Q,7661996.0
KR1000,코리안리재보험,003690,손해보험,20,보험계약부채,부채,2,2023.3Q,6918708.478603
KR1000,코리안리재보험,003690,손해보험,20,보험계약부채,부채,2,2023.4Q,8076714.452336
KR1000,코리안리재보험,003690,손해보험,20,보험계약부채,부채,2,2024.1Q,7881676.416948
KR1000,코리안리재보험,003690,손해보험,20,보험계약부채,부채,2,2024.2Q,8194504.502024
KR1000,코리안리재보험,003690,손해보험,20,보험계약부채,부채,2,2024.3Q,8510393.120694
KR1000,코리안리재보험,003690,손해보험,20,보험계약부채,부채,2,2024.4Q,8908074.657809
KR1000,코리안리재보험,003690,손해보험,20,보험계약부채,부채,2,2025.1Q,8784409.805183
KR1000,코리안리재보험,003690,손해보험,20,보험계약부채,부채,2,2025.2Q,8799560.127664
KR1000,코리안리재보험,003690,손해보험,20,보험계약부채,부채,2,2025.3Q,9055869.203497
KR1000,코리안리재보험,003690,손해보험,20,보험계약부채,부채,2,2025.4Q,9553872.249924
KR1000,코리안리재보험,003690,손해보험,20,보험계약부채,부채,2,2026.1Q,9285569.752848
KR1000,코리안리재보험,003690,손해보험,20,보험계약부채,부채,2,2026.2Q,9429720.166994
KR1000,코리안리재보험,003690,손해보험,21,재보험계약부채,부채,2,2023.3Q,335104.987774
KR1000,코리안리재보험,003690,손해보험,21,재보험계약부채,부채,2,2023.4Q,90049.744593
KR1000,코리안리재보험,003690,손해보험,21,재보험계약부채,부채,2,2024.1Q,70598.191918
KR1000,코리안리재보험,003690,손해보험,21,재보험계약부채,부채,2,2024.2Q,75847.33596
KR1000,코리안리재보험,003690,손해보험,21,재보험계약부채,부채,2,2024.3Q,73620.516478
KR1000,코리안리재보험,003690,손해보험,21,재보험계약부채,부채,2,2024.4Q,63430.360283
KR1000,코리안리재보험,003690,손해보험,21,재보험계약부채,부채,2,2025.1Q,58025.098567
KR1000,코리안리재보험,003690,손해보험,21,재보험계약부채,부채,2,2025.2Q,60557.091613
KR1000,코리안리재보험,003690,손해보험,21,재보험계약부채,부채,2,2025.3Q,58666.641694
KR1000,코리안리재보험,003690,손해보험,21,재보험계약부채,부채,2,2025.4Q,52932.259654
KR1000,코리안리재보험,003690,손해보험,21,재보험계약부채,부채,2,2026.1Q,54763.718713
KR1000,코리안리재보험,003690,손해보험,21,재보험계약부채,부채,2,2026.2Q,26227.627722
KR1000,코리안리재보험,003690,손해보험,24,기타부채,부채,2,2023.1Q,469087.0
KR1000,코리안리재보험,003690,손해보험,24,기타부채,부채,2,2023.2Q,464032.0
KR1000,코리안리재보험,003690,손해보험,24,기타부채,부채,2,2023.3Q,185147.972771
KR1000,코리안리재보험,003690,손해보험,24,기타부채,부채,2,2023.4Q,114736.467004
KR1000,코리안리재보험,003690,손해보험,24,기타부채,부채,2,2024.1Q,143116.206909
KR1000,코리안리재보험,003690,손해보험,24,기타부채,부채,2,2024.2Q,212414.319363
KR1000,코리안리재보험,003690,손해보험,24,기타부채,부채,2,2024.3Q,291229.567209
KR1000,코리안리재보험,003690,손해보험,24,기타부채,부채,2,2024.4Q,63989.429699
KR1000,코리안리재보험,003690,손해보험,24,기타부채,부채,2,2025.1Q,71759.226792
KR1000,코리안리재보험,003690,손해보험,24,기타부채,부채,2,2025.2Q,114346.305121
KR1000,코리안리재보험,003690,손해보험,24,기타부채,부채,2,2025.3Q,130737.312079
KR1000,코리안리재보험,003690,손해보험,24,기타부채,부채,2,2025.4Q,75018.538185
KR1000,코리안리재보험,003690,손해보험,24,기타부채,부채,2,2026.1Q,56509.083146
KR1000,코리안리재보험,003690,손해보험,24,기타부채,부채,2,2026.2Q,43122.44884
KR1000,코리안리재보험,003690,손해보험,30,자본금,자본,2,2023.1Q,70411.0
KR1000,코리안리재보험,003690,손해보험,30,자본금,자본,2,2023.2Q,70411.0
KR1000,코리안리재보험,003690,손해보험,30,자본금,자본,2,2023.3Q,70411.4695
KR1000,코리안리재보험,003690,손해보험,30,자본금,자본,2,2023.4Q,82683.763
KR1000,코리안리재보험,003690,손해보험,30,자본금,자본,2,2024.1Q,82683.763
KR1000,코리안리재보험,003690,손해보험,30,자본금,자본,2,2024.2Q,82683.763
KR1000,코리안리재보험,003690,손해보험,30,자본금,자본,2,2024.3Q,82683.763
KR1000,코리안리재보험,003690,손해보험,30,자본금,자본,2,2024.4Q,97410.5155
KR1000,코리안리재보험,003690,손해보험,30,자본금,자본,2,2025.1Q,97410.5155
KR1000,코리안리재보험,003690,손해보험,30,자본금,자본,2,2025.2Q,97410.5155
KR1000,코리안리재보험,003690,손해보험,30,자본금,자본,2,2025.3Q,97410.5155
KR1000,코리안리재보험,003690,손해보험,30,자본금,자본,2,2025.4Q,97410.5155
KR1000,코리안리재보험,003690,손해보험,30,자본금,자본,2,2026.1Q,97410.5155
KR1000,코리안리재보험,003690,손해보험,30,자본금,자본,2,2026.2Q,97410.5155
KR1000,코리안리재보험,003690,손해보험,31,이익잉여금,자본,2,2023.1Q,1905005.0
KR1000,코리안리재보험,003690,손해보험,31,이익잉여금,자본,2,2023.2Q,1905005.0
KR1000,코리안리재보험,003690,손해보험,31,이익잉여금,자본,2,2023.3Q,2184414.543964
KR1000,코리안리재보험,003690,손해보험,31,이익잉여금,자본,2,2023.4Q,2178956.882914
KR1000,코리안리재보험,003690,손해보험,31,이익잉여금,자본,2,2024.1Q,2123375.702859
KR1000,코리안리재보험,003690,손해보험,31,이익잉여금,자본,2,2024.2Q,2215315.523468
KR1000,코리안리재보험,003690,손해보험,31,이익잉여금,자본,2,2024.3Q,2282824.070665
KR1000,코리안리재보험,003690,손해보험,31,이익잉여금,자본,2,2024.4Q,2344545.561491
KR1000,코리안리재보험,003690,손해보험,31,이익잉여금,자본,2,2025.1Q,2302547.786689
KR1000,코리안리재보험,003690,손해보험,31,이익잉여금,자본,2,2025.2Q,2407523.170456
KR1000,코리안리재보험,003690,손해보험,31,이익잉여금,자본,2,2025.3Q,2481697.021415
KR1000,코리안리재보험,003690,손해보험,31,이익잉여금,자본,2,2025.4Q,2528004.730136
KR1000,코리안리재보험,003690,손해보험,31,이익잉여금,자본,2,2026.1Q,2461169.599447
KR1000,코리안리재보험,003690,손해보험,31,이익잉여금,자본,2,2026.2Q,2598953.402042
KR1010,교보라이프플래닛생명보험,X,생명보험,1,자산총계,자산,1,2022.4Q,642566.29471
KR1010,교보라이프플래닛생명보험,X,생명보험,1,자산총계,자산,1,2023.4Q,649904.310358
KR1010,교보라이프플래닛생명보험,X,생명보험,1,자산총계,자산,1,2024.4Q,743311.380353
KR1010,교보라이프플래닛생명보험,X,생명보험,1,자산총계,자산,1,2025.4Q,682132.363198
KR1010,교보라이프플래닛생명보험,X,생명보험,2,부채총계,부채,1,2022.4Q,607106.495796
KR1010,교보라이프플래닛생명보험,X,생명보험,2,부채총계,부채,1,2023.4Q,588471.819548
KR1010,교보라이프플래닛생명보험,X,생명보험,2,부채총계,부채,1,2024.4Q,592678.560584
KR1010,교보라이프플래닛생명보험,X,생명보험,2,부채총계,부채,1,2025.4Q,548862.432457
KR1010,교보라이프플래닛생명보험,X,생명보험,3,자본총계,자본,1,2022.4Q,35459.798914
KR1010,교보라이프플래닛생명보험,X,생명보험,3,자본총계,자본,1,2023.4Q,61432.49081
KR1010,교보라이프플래닛생명보험,X,생명보험,3,자본총계,자본,1,2024.4Q,150632.819769
KR1010,교보라이프플래닛생명보험,X,생명보험,3,자본총계,자본,1,2025.4Q,133269.930741
KR1010,교보라이프플래닛생명보험,X,생명보험,4,기타포괄손익 누계액,자본,2,2022.4Q,-52716.226907
KR1010,교보라이프플래닛생명보험,X,생명보험,4,기타포괄손익 누계액,자본,2,2023.4Q,-46890.873692
KR1010,교보라이프플래닛생명보험,X,생명보험,4,기타포괄손익 누계액,자본,2,2024.4Q,-52807.939409
KR1010,교보라이프플래닛생명보험,X,생명보험,4,기타포괄손익 누계액,자본,2,2025.4Q,-50056.390501
KR1010,교보라이프플래닛생명보험,X,생명보험,10,현금및현금성자산,자산,2,2022.4Q,8190.160877
KR1010,교보라이프플래닛생명보험,X,생명보험,10,현금및현금성자산,자산,2,2023.4Q,6449.760796
KR1010,교보라이프플래닛생명보험,X,생명보험,10,현금및현금성자산,자산,2,2024.4Q,5008.242645
KR1010,교보라이프플래닛생명보험,X,생명보험,10,현금및현금성자산,자산,2,2025.4Q,7081.716677
KR1010,교보라이프플래닛생명보험,X,생명보험,11,당기손익-공정가치측정금융자산,자산,2,2023.4Q,42678.184029
KR1010,교보라이프플래닛생명보험,X,생명보험,11,당기손익-공정가치측정금융자산,자산,2,2024.4Q,131672.186408
KR1010,교보라이프플래닛생명보험,X,생명보험,11,당기손익-공정가치측정금융자산,자산,2,2025.4Q,123969.980552
KR1010,교보라이프플래닛생명보험,X,생명보험,12,기타포괄손익-공정가치측정금융자산,자산,2,2023.4Q,550577.065495
KR1010,교보라이프플래닛생명보험,X,생명보험,12,기타포괄손익-공정가치측정금융자산,자산,2,2024.4Q,556609.701555
KR1010,교보라이프플래닛생명보험,X,생명보험,12,기타포괄손익-공정가치측정금융자산,자산,2,2025.4Q,510172.611486
KR1010,교보라이프플래닛생명보험,X,생명보험,13,상각후원가측정금융자산,자산,2,2023.4Q,27352.28952
KR1010,교보라이프플래닛생명보험,X,생명보험,13,상각후원가측정금융자산,자산,2,2024.4Q,18879.613706
KR1010,교보라이프플래닛생명보험,X,생명보험,13,상각후원가측정금융자산,자산,2,2025.4Q,14858.115144
KR1010,교보라이프플래닛생명보험,X,생명보험,14,재보험계약자산,자산,2,2023.4Q,4740.294529
KR1010,교보라이프플래닛생명보험,X,생명보험,14,재보험계약자산,자산,2,2024.4Q,1856.261999
KR1010,교보라이프플래닛생명보험,X,생명보험,14,재보험계약자산,자산,2,2025.4Q,2596.256248
KR1010,교보라이프플래닛생명보험,X,생명보험,15,유형자산,자산,2,2022.4Q,2665.494087
KR1010,교보라이프플래닛생명보험,X,생명보험,15,유형자산,자산,2,2023.4Q,2227.39901
KR1010,교보라이프플래닛생명보험,X,생명보험,15,유형자산,자산,2,2024.4Q,2205.679885
KR1010,교보라이프플래닛생명보험,X,생명보험,15,유형자산,자산,2,2025.4Q,1920.196261
KR1010,교보라이프플래닛생명보험,X,생명보험,20,보험계약부채,부채,2,2022.4Q,542067.4942
KR1010,교보라이프플래닛생명보험,X,생명보험,20,보험계약부채,부채,2,2023.4Q,581601.123541
KR1010,교보라이프플래닛생명보험,X,생명보험,20,보험계약부채,부채,2,2024.4Q,581675.025683
KR1010,교보라이프플래닛생명보험,X,생명보험,20,보험계약부채,부채,2,2025.4Q,542754.153935
KR1010,교보라이프플래닛생명보험,X,생명보험,21,재보험계약부채,부채,2,2023.4Q,533.967878
KR1010,교보라이프플래닛생명보험,X,생명보험,21,재보험계약부채,부채,2,2024.4Q,443.975296
KR1010,교보라이프플래닛생명보험,X,생명보험,21,재보험계약부채,부채,2,2025.4Q,278.442661
KR1010,교보라이프플래닛생명보험,X,생명보험,23,차입부채,부채,2,2022.4Q,50000.0
KR1010,교보라이프플래닛생명보험,X,생명보험,24,기타부채,부채,2,2022.4Q,8711.439579
KR1010,교보라이프플래닛생명보험,X,생명보험,24,기타부채,부채,2,2023.4Q,558.112432
KR1010,교보라이프플래닛생명보험,X,생명보험,24,기타부채,부채,2,2024.4Q,658.198201
KR1010,교보라이프플래닛생명보험,X,생명보험,24,기타부채,부채,2,2025.4Q,727.929543
KR1010,교보라이프플래닛생명보험,X,생명보험,30,자본금,자본,2,2022.4Q,244000.0
KR1010,교보라이프플래닛생명보험,X,생명보험,30,자본금,자본,2,2023.4Q,244000.0
KR1010,교보라이프플래닛생명보험,X,생명보험,30,자본금,자본,2,2024.4Q,369000.0
KR1010,교보라이프플래닛생명보험,X,생명보험,30,자본금,자본,2,2025.4Q,369000.0
KR1011,IBK연금보험,X,생명보험,1,자산총계,자산,1,2022.4Q,3177881.799
KR1011,IBK연금보험,X,생명보험,1,자산총계,자산,1,2023.4Q,11352550.290932
KR1011,IBK연금보험,X,생명보험,1,자산총계,자산,1,2024.4Q,12143658.497406
KR1011,IBK연금보험,X,생명보험,1,자산총계,자산,1,2025.4Q,12715584.762543
KR1011,IBK연금보험,X,생명보험,2,부채총계,부채,1,2022.4Q,3415001.909
KR1011,IBK연금보험,X,생명보험,2,부채총계,부채,1,2023.4Q,10798331.256954
KR1011,IBK연금보험,X,생명보험,2,부채총계,부채,1,2024.4Q,11538848.051002
KR1011,IBK연금보험,X,생명보험,2,부채총계,부채,1,2025.4Q,11964002.18775
KR1011,IBK연금보험,X,생명보험,3,자본총계,자본,1,2022.4Q,-237120.11
KR1011,IBK연금보험,X,생명보험,3,자본총계,자본,1,2023.4Q,554219.033978
KR1011,IBK연금보험,X,생명보험,3,자본총계,자본,1,2024.4Q,604810.446404
KR1011,IBK연금보험,X,생명보험,3,자본총계,자본,1,2025.4Q,751582.574793
KR1011,IBK연금보험,X,생명보험,4,기타포괄손익 누계액,자본,2,2022.4Q,-237120.11
KR1011,IBK연금보험,X,생명보험,4,기타포괄손익 누계액,자본,2,2023.4Q,-338371.546501
KR1011,IBK연금보험,X,생명보험,4,기타포괄손익 누계액,자본,2,2024.4Q,-316671.956589
KR1011,IBK연금보험,X,생명보험,4,기타포괄손익 누계액,자본,2,2025.4Q,-181093.540989
KR1011,IBK연금보험,X,생명보험,5,해약환급금준비금 적립액,준비금,2,2023.4Q,185680.144
KR1011,IBK연금보험,X,생명보험,5,해약환급금준비금 적립액,준비금,2,2024.1Q,185680.144
KR1011,IBK연금보험,X,생명보험,5,해약환급금준비금 적립액,준비금,2,2024.2Q,185680.144
KR1011,IBK연금보험,X,생명보험,5,해약환급금준비금 적립액,준비금,2,2024.3Q,185680.144
KR1011,IBK연금보험,X,생명보험,5,해약환급금준비금 적립액,준비금,2,2024.4Q,220821.478
KR1011,IBK연금보험,X,생명보험,5,해약환급금준비금 적립액,준비금,2,2025.1Q,220821.478
KR1011,IBK연금보험,X,생명보험,5,해약환급금준비금 적립액,준비금,2,2025.2Q,220821.478
KR1011,IBK연금보험,X,생명보험,5,해약환급금준비금 적립액,준비금,2,2025.3Q,220821.478
KR1011,IBK연금보험,X,생명보험,5,해약환급금준비금 적립액,준비금,2,2025.4Q,239155.56
KR1011,IBK연금보험,X,생명보험,5,해약환급금준비금 적립액,준비금,2,2026.1Q,239155.56
KR1011,IBK연금보험,X,생명보험,5,해약환급금준비금 적립액,준비금,2,2026.2Q,239155.56
KR1011,IBK연금보험,X,생명보험,7,대손준비금 적립액,준비금,2,2022.4Q,33985.555
KR1011,IBK연금보험,X,생명보험,7,대손준비금 적립액,준비금,2,2023.1Q,33985.555
KR1011,IBK연금보험,X,생명보험,7,대손준비금 적립액,준비금,2,2023.2Q,33985.555
KR1011,IBK연금보험,X,생명보험,7,대손준비금 적립액,준비금,2,2023.3Q,33985.555
KR1011,IBK연금보험,X,생명보험,7,대손준비금 적립액,준비금,2,2023.4Q,50715.559
KR1011,IBK연금보험,X,생명보험,7,대손준비금 적립액,준비금,2,2024.1Q,50715.559
KR1011,IBK연금보험,X,생명보험,7,대손준비금 적립액,준비금,2,2024.2Q,50715.559
KR1011,IBK연금보험,X,생명보험,7,대손준비금 적립액,준비금,2,2024.3Q,50715.559
KR1011,IBK연금보험,X,생명보험,7,대손준비금 적립액,준비금,2,2024.4Q,52226.52
KR1011,IBK연금보험,X,생명보험,7,대손준비금 적립액,준비금,2,2025.1Q,52226.52
KR1011,IBK연금보험,X,생명보험,7,대손준비금 적립액,준비금,2,2025.2Q,52226.52
KR1011,IBK연금보험,X,생명보험,7,대손준비금 적립액,준비금,2,2025.3Q,52226.52
KR1011,IBK연금보험,X,생명보험,7,대손준비금 적립액,준비금,2,2025.4Q,56250.134
KR1011,IBK연금보험,X,생명보험,7,대손준비금 적립액,준비금,2,2026.1Q,56250.134
KR1011,IBK연금보험,X,생명보험,7,대손준비금 적립액,준비금,2,2026.2Q,56250.134
KR1011,IBK연금보험,X,생명보험,8,보증준비금 적립액,준비금,2,2023.4Q,927.795
KR1011,IBK연금보험,X,생명보험,8,보증준비금 적립액,준비금,2,2024.1Q,927.795
KR1011,IBK연금보험,X,생명보험,8,보증준비금 적립액,준비금,2,2024.2Q,927.795
KR1011,IBK연금보험,X,생명보험,8,보증준비금 적립액,준비금,2,2024.3Q,927.795
KR1011,IBK연금보험,X,생명보험,8,보증준비금 적립액,준비금,2,2024.4Q,1372.472
KR1011,IBK연금보험,X,생명보험,8,보증준비금 적립액,준비금,2,2025.1Q,1372.472
KR1011,IBK연금보험,X,생명보험,8,보증준비금 적립액,준비금,2,2025.2Q,1372.472
KR1011,IBK연금보험,X,생명보험,8,보증준비금 적립액,준비금,2,2025.3Q,1372.472
KR1011,IBK연금보험,X,생명보험,8,보증준비금 적립액,준비금,2,2025.4Q,13070.291
KR1011,IBK연금보험,X,생명보험,8,보증준비금 적립액,준비금,2,2026.1Q,13070.291
KR1011,IBK연금보험,X,생명보험,8,보증준비금 적립액,준비금,2,2026.2Q,13070.291
KR1011,IBK연금보험,X,생명보험,10,현금및현금성자산,자산,2,2022.4Q,12117.927
KR1011,IBK연금보험,X,생명보험,10,현금및현금성자산,자산,2,2023.4Q,574147.355741
KR1011,IBK연금보험,X,생명보험,10,현금및현금성자산,자산,2,2024.4Q,494128.543854
KR1011,IBK연금보험,X,생명보험,10,현금및현금성자산,자산,2,2025.4Q,572334.069587
KR1011,IBK연금보험,X,생명보험,15,유형자산,자산,2,2023.4Q,7806.665516
KR1011,IBK연금보험,X,생명보험,15,유형자산,자산,2,2024.4Q,11196.716895
KR1011,IBK연금보험,X,생명보험,15,유형자산,자산,2,2025.4Q,7976.615358
KR1011,IBK연금보험,X,생명보험,20,보험계약부채,부채,2,2023.4Q,7319420.372034
KR1011,IBK연금보험,X,생명보험,20,보험계약부채,부채,2,2024.4Q,7834446.343208
KR1011,IBK연금보험,X,생명보험,20,보험계약부채,부채,2,2025.4Q,7938669.68888
KR1011,IBK연금보험,X,생명보험,22,투자계약부채,부채,2,2023.4Q,3047198.608926
KR1011,IBK연금보험,X,생명보험,22,투자계약부채,부채,2,2024.4Q,3166566.40949
KR1011,IBK연금보험,X,생명보험,22,투자계약부채,부채,2,2025.4Q,3534593.336765
KR1011,IBK연금보험,X,생명보험,23,차입부채,부채,2,2023.4Q,359164.177363
KR1011,IBK연금보험,X,생명보험,23,차입부채,부채,2,2024.4Q,359236.832368
KR1011,IBK연금보험,X,생명보험,23,차입부채,부채,2,2025.4Q,359313.971317
KR1011,IBK연금보험,X,생명보험,24,기타부채,부채,2,2022.4Q,10370.202
KR1011,IBK연금보험,X,생명보험,24,기타부채,부채,2,2023.4Q,20946.080991
KR1011,IBK연금보험,X,생명보험,24,기타부채,부채,2,2024.4Q,16373.732776
KR1011,IBK연금보험,X,생명보험,24,기타부채,부채,2,2025.4Q,11667.109132
KR1011,IBK연금보험,X,생명보험,30,자본금,자본,2,2023.4Q,490000.0
KR1011,IBK연금보험,X,생명보험,30,자본금,자본,2,2024.4Q,490000.0
KR1011,IBK연금보험,X,생명보험,30,자본금,자본,2,2025.4Q,490000.0
KR1011,IBK연금보험,X,생명보험,31,이익잉여금,자본,2,2023.4Q,403310.580479
KR1011,IBK연금보험,X,생명보험,31,이익잉여금,자본,2,2024.4Q,431482.402993
KR1011,IBK연금보험,X,생명보험,31,이익잉여금,자본,2,2025.4Q,442676.115782
KR1098,카카오페이손해보험,X,손해보험,1,자산총계,자산,1,2024.4Q,102998.055027
KR1098,카카오페이손해보험,X,손해보험,1,자산총계,자산,1,2025.4Q,159123.705835
KR1098,카카오페이손해보험,X,손해보험,2,부채총계,부채,1,2024.4Q,23132.111162
KR1098,카카오페이손해보험,X,손해보험,2,부채총계,부채,1,2025.4Q,32878.787422
KR1098,카카오페이손해보험,X,손해보험,3,자본총계,자본,1,2024.4Q,79865.943865
KR1098,카카오페이손해보험,X,손해보험,3,자본총계,자본,1,2025.4Q,126244.918413
KR1098,카카오페이손해보험,X,손해보험,4,기타포괄손익 누계액,자본,2,2024.4Q,-913.317736
KR1098,카카오페이손해보험,X,손해보험,4,기타포괄손익 누계액,자본,2,2025.4Q,-735.67098
KR1098,카카오페이손해보험,X,손해보험,10,현금및현금성자산,자산,2,2024.4Q,43624.977939
KR1098,카카오페이손해보험,X,손해보험,10,현금및현금성자산,자산,2,2025.4Q,11583.855013
KR1098,카카오페이손해보험,X,손해보험,13,상각후원가측정금융자산,자산,2,2024.4Q,21850.854469
KR1098,카카오페이손해보험,X,손해보험,13,상각후원가측정금융자산,자산,2,2025.4Q,117739.917294
KR1098,카카오페이손해보험,X,손해보험,14,재보험계약자산,자산,2,2024.4Q,336.07583
KR1098,카카오페이손해보험,X,손해보험,14,재보험계약자산,자산,2,2025.4Q,542.598932
KR1098,카카오페이손해보험,X,손해보험,15,유형자산,자산,2,2024.4Q,3198.230059
KR1098,카카오페이손해보험,X,손해보험,15,유형자산,자산,2,2025.4Q,2736.726811
KR1098,카카오페이손해보험,X,손해보험,20,보험계약부채,부채,2,2024.4Q,7827.234038
KR1098,카카오페이손해보험,X,손해보험,20,보험계약부채,부채,2,2025.4Q,16488.012493
KR1098,카카오페이손해보험,X,손해보험,24,기타부채,부채,2,2024.4Q,2010.309664
KR1098,카카오페이손해보험,X,손해보험,24,기타부채,부채,2,2025.4Q,3319.21569
KR1098,카카오페이손해보험,X,손해보험,30,자본금,자본,2,2024.4Q,200000.0
KR1098,카카오페이손해보험,X,손해보험,30,자본금,자본,2,2025.4Q,300000.0
