원보험사코드,원수사명,티커,생손보여부,항목번호,항목명,공시분기,값,값_당분기
KR0001,메리츠화재해상보험,000060,손해보험,1,기초 CSM,2023.1Q,100383.8,100383.8
KR0001,메리츠화재해상보험,000060,손해보험,2,신계약 CSM,2023.1Q,4282.7,4282.7
KR0001,메리츠화재해상보험,000060,손해보험,3,이자 부리,2023.1Q,708.4,708.4
KR0001,메리츠화재해상보험,000060,손해보험,4,가정 및 경험 조정,2023.1Q,-2595.6,-2595.6
KR0001,메리츠화재해상보험,000060,손해보험,5,CSM 상각,2023.1Q,-2745.8,-2745.8
KR0001,메리츠화재해상보험,000060,손해보험,6,기말 CSM,2023.1Q,100033.5,100033.5
KR0001,메리츠화재해상보험,000060,손해보험,1,기초 CSM,2023.2Q,100383.8,100033.5
KR0001,메리츠화재해상보험,000060,손해보험,2,신계약 CSM,2023.2Q,8242.9,3960.2
KR0001,메리츠화재해상보험,000060,손해보험,3,이자 부리,2023.2Q,1457.6,749.2
KR0001,메리츠화재해상보험,000060,손해보험,4,가정 및 경험 조정,2023.2Q,-3871.7,-1276.1
KR0001,메리츠화재해상보험,000060,손해보험,5,CSM 상각,2023.2Q,-5528.3,-2782.5
KR0001,메리츠화재해상보험,000060,손해보험,6,기말 CSM,2023.2Q,100684.2,100684.2
KR0001,메리츠화재해상보험,000060,손해보험,1,기초 CSM,2023.3Q,100383.8,100684.2
KR0001,메리츠화재해상보험,000060,손해보험,2,신계약 CSM,2023.3Q,12346.8,4103.9
KR0001,메리츠화재해상보험,000060,손해보험,3,이자 부리,2023.3Q,2236.9,779.3
KR0001,메리츠화재해상보험,000060,손해보험,4,가정 및 경험 조정,2023.3Q,198.6,4070.3
KR0001,메리츠화재해상보험,000060,손해보험,5,CSM 상각,2023.3Q,-8379.7,-2851.4
KR0001,메리츠화재해상보험,000060,손해보험,6,기말 CSM,2023.3Q,106786.4,106786.4
KR0001,메리츠화재해상보험,000060,손해보험,1,기초 CSM,2023.4Q,96376.4,106786.4
KR0001,메리츠화재해상보험,000060,손해보험,2,신계약 CSM,2023.4Q,16006.5,3659.7
KR0001,메리츠화재해상보험,000060,손해보험,3,이자 부리,2023.4Q,2980.3,743.4
KR0001,메리츠화재해상보험,000060,손해보험,4,가정 및 경험 조정,2023.4Q,21.6,-177.0
KR0001,메리츠화재해상보험,000060,손해보험,5,CSM 상각,2023.4Q,-10697.6,-2317.9
KR0001,메리츠화재해상보험,000060,손해보험,6,기말 CSM,2023.4Q,104687.3,104687.3
KR0001,메리츠화재해상보험,000060,손해보험,1,기초 CSM,2024.1Q,104687.3,104687.3
KR0001,메리츠화재해상보험,000060,손해보험,2,신계약 CSM,2024.1Q,3722.7,3722.7
KR0001,메리츠화재해상보험,000060,손해보험,3,이자 부리,2024.1Q,829.8,829.8
KR0001,메리츠화재해상보험,000060,손해보험,4,가정 및 경험 조정,2024.1Q,1077.4,1077.4
KR0001,메리츠화재해상보험,000060,손해보험,5,CSM 상각,2024.1Q,-2890.3,-2890.3
KR0001,메리츠화재해상보험,000060,손해보험,6,기말 CSM,2024.1Q,107426.8,107426.8
KR0001,메리츠화재해상보험,000060,손해보험,1,기초 CSM,2024.2Q,104687.3,107426.8
KR0001,메리츠화재해상보험,000060,손해보험,2,신계약 CSM,2024.2Q,7141.9,3419.2
KR0001,메리츠화재해상보험,000060,손해보험,3,이자 부리,2024.2Q,1685.1,855.3
KR0001,메리츠화재해상보험,000060,손해보험,4,가정 및 경험 조정,2024.2Q,-1113.3,-2190.7
KR0001,메리츠화재해상보험,000060,손해보험,5,CSM 상각,2024.2Q,-5759.4,-2869.1
KR0001,메리츠화재해상보험,000060,손해보험,6,기말 CSM,2024.2Q,106641.6,106641.6
KR0001,메리츠화재해상보험,000060,손해보험,1,기초 CSM,2024.3Q,104687.3,106641.6
KR0001,메리츠화재해상보험,000060,손해보험,2,신계약 CSM,2024.3Q,10553.8,3411.9
KR0001,메리츠화재해상보험,000060,손해보험,3,이자 부리,2024.3Q,2538.5,853.4
KR0001,메리츠화재해상보험,000060,손해보험,4,가정 및 경험 조정,2024.3Q,-2786.2,-1672.9
KR0001,메리츠화재해상보험,000060,손해보험,5,CSM 상각,2024.3Q,-8576.8,-2817.4
KR0001,메리츠화재해상보험,000060,손해보험,6,기말 CSM,2024.3Q,106416.6,106416.6
KR0001,메리츠화재해상보험,000060,손해보험,1,기초 CSM,2024.4Q,104687.3,106416.6
KR0001,메리츠화재해상보험,000060,손해보험,2,신계약 CSM,2024.4Q,13795.7,3241.9
KR0001,메리츠화재해상보험,000060,손해보험,3,이자 부리,2024.4Q,3378.4,839.9
KR0001,메리츠화재해상보험,000060,손해보험,4,가정 및 경험 조정,2024.4Q,1519.2,4305.4
KR0001,메리츠화재해상보험,000060,손해보험,5,CSM 상각,2024.4Q,-11501.7,-2924.9
KR0001,메리츠화재해상보험,000060,손해보험,6,기말 CSM,2024.4Q,111878.9,111878.9
KR0001,메리츠화재해상보험,000060,손해보험,1,기초 CSM,2025.1Q,111878.9,111878.9
KR0001,메리츠화재해상보험,000060,손해보험,2,신계약 CSM,2025.1Q,3567.9,3567.9
KR0001,메리츠화재해상보험,000060,손해보험,3,이자 부리,2025.1Q,895.7,895.7
KR0001,메리츠화재해상보험,000060,손해보험,4,가정 및 경험 조정,2025.1Q,-1795.2,-1795.2
KR0001,메리츠화재해상보험,000060,손해보험,5,CSM 상각,2025.1Q,-2876.4,-2876.4
KR0001,메리츠화재해상보험,000060,손해보험,6,기말 CSM,2025.1Q,111670.8,111670.8
KR0001,메리츠화재해상보험,000060,손해보험,1,기초 CSM,2025.2Q,111878.9,111670.8
KR0001,메리츠화재해상보험,000060,손해보험,2,신계약 CSM,2025.2Q,7299.4,3731.5
KR0001,메리츠화재해상보험,000060,손해보험,3,이자 부리,2025.2Q,1798.3,902.6
KR0001,메리츠화재해상보험,000060,손해보험,4,가정 및 경험 조정,2025.2Q,-2750.1,-954.9
KR0001,메리츠화재해상보험,000060,손해보험,5,CSM 상각,2025.2Q,-5744.4,-2868.0
KR0001,메리츠화재해상보험,000060,손해보험,6,기말 CSM,2025.2Q,112482.1,112482.1
KR0001,메리츠화재해상보험,000060,손해보험,1,기초 CSM,2025.3Q,111878.9,112482.1
KR0001,메리츠화재해상보험,000060,손해보험,2,신계약 CSM,2025.3Q,11530.1,4230.7
KR0001,메리츠화재해상보험,000060,손해보험,3,이자 부리,2025.3Q,2700.4,902.1
KR0001,메리츠화재해상보험,000060,손해보험,4,가정 및 경험 조정,2025.3Q,-2706.9,43.2
KR0001,메리츠화재해상보험,000060,손해보험,5,CSM 상각,2025.3Q,-8691.0,-2946.6
KR0001,메리츠화재해상보험,000060,손해보험,6,기말 CSM,2025.3Q,114711.5,114711.5
KR0001,메리츠화재해상보험,000060,손해보험,1,기초 CSM,2025.4Q,111878.9,114711.5
KR0001,메리츠화재해상보험,000060,손해보험,2,신계약 CSM,2025.4Q,15881.7,4351.6
KR0001,메리츠화재해상보험,000060,손해보험,3,이자 부리,2025.4Q,3615.4,915.0
KR0001,메리츠화재해상보험,000060,손해보험,4,가정 및 경험 조정,2025.4Q,-8666.5,-5959.6
KR0001,메리츠화재해상보험,000060,손해보험,5,CSM 상각,2025.4Q,-11672.6,-2981.6
KR0001,메리츠화재해상보험,000060,손해보험,6,기말 CSM,2025.4Q,111037.0,111037.0
KR0001,메리츠화재해상보험,000060,손해보험,1,기초 CSM,2026.1Q,111037.0,111037.0
KR0001,메리츠화재해상보험,000060,손해보험,2,신계약 CSM,2026.1Q,4402.5,4402.5
KR0001,메리츠화재해상보험,000060,손해보험,3,이자 부리,2026.1Q,887.6,887.6
KR0001,메리츠화재해상보험,000060,손해보험,4,가정 및 경험 조정,2026.1Q,-368.6,-368.6
KR0001,메리츠화재해상보험,000060,손해보험,5,CSM 상각,2026.1Q,-3041.2,-3041.2
KR0001,메리츠화재해상보험,000060,손해보험,6,기말 CSM,2026.1Q,112917.3,112917.3
KR0001,메리츠화재해상보험,000060,손해보험,1,기초 CSM,2026.2Q,111037.0,112917.3
KR0001,메리츠화재해상보험,000060,손해보험,2,신계약 CSM,2026.2Q,8942.2,4539.7
KR0001,메리츠화재해상보험,000060,손해보험,3,이자 부리,2026.2Q,1797.0,909.4
KR0001,메리츠화재해상보험,000060,손해보험,4,가정 및 경험 조정,2026.2Q,5690.0,6058.6
KR0001,메리츠화재해상보험,000060,손해보험,5,CSM 상각,2026.2Q,-6258.5,-3217.3
KR0001,메리츠화재해상보험,000060,손해보험,6,기말 CSM,2026.2Q,121207.6,121207.6
KR0002,한화손해보험,000370,손해보험,1,기초 CSM,2023.1Q,37277.8,37277.8
KR0002,한화손해보험,000370,손해보험,2,신계약 CSM,2023.1Q,1332.8,1332.8
KR0002,한화손해보험,000370,손해보험,3,이자 부리,2023.1Q,331.3,331.3
KR0002,한화손해보험,000370,손해보험,4,가정 및 경험 조정,2023.1Q,-848.9,-848.9
KR0002,한화손해보험,000370,손해보험,5,CSM 상각,2023.1Q,-945.2,-945.2
KR0002,한화손해보험,000370,손해보험,6,기말 CSM,2023.1Q,37147.8,37147.8
KR0002,한화손해보험,000370,손해보험,1,기초 CSM,2023.2Q,37277.8,37147.8
KR0002,한화손해보험,000370,손해보험,2,신계약 CSM,2023.2Q,2928.9,1596.1
KR0002,한화손해보험,000370,손해보험,3,이자 부리,2023.2Q,666.3,335.0
KR0002,한화손해보험,000370,손해보험,4,가정 및 경험 조정,2023.2Q,-938.8,-89.9
KR0002,한화손해보험,000370,손해보험,5,CSM 상각,2023.2Q,-1898.8,-953.6
KR0002,한화손해보험,000370,손해보험,6,기말 CSM,2023.2Q,38035.5,38035.5
KR0002,한화손해보험,000370,손해보험,1,기초 CSM,2023.3Q,37277.8,38035.5
KR0002,한화손해보험,000370,손해보험,2,신계약 CSM,2023.3Q,4695.0,1766.1
KR0002,한화손해보험,000370,손해보험,3,이자 부리,2023.3Q,1014.1,347.8
KR0002,한화손해보험,000370,손해보험,4,가정 및 경험 조정,2023.3Q,-1680.4,-741.6
KR0002,한화손해보험,000370,손해보험,5,CSM 상각,2023.3Q,-2864.6,-965.8
KR0002,한화손해보험,000370,손해보험,6,기말 CSM,2023.3Q,38442.0,38442.0
KR0002,한화손해보험,000370,손해보험,1,기초 CSM,2023.4Q,37277.8,38442.0
KR0002,한화손해보험,000370,손해보험,2,신계약 CSM,2023.4Q,6784.0,2089.0
KR0002,한화손해보험,000370,손해보험,3,이자 부리,2023.4Q,1386.6,372.5
KR0002,한화손해보험,000370,손해보험,4,가정 및 경험 조정,2023.4Q,-2299.9,-619.5
KR0002,한화손해보험,000370,손해보험,5,CSM 상각,2023.4Q,-3879.9,-1015.3
KR0002,한화손해보험,000370,손해보험,6,기말 CSM,2023.4Q,39268.6,39268.6
KR0002,한화손해보험,000370,손해보험,1,기초 CSM,2024.1Q,39268.6,39268.6
KR0002,한화손해보험,000370,손해보험,2,신계약 CSM,2024.1Q,1985.8,1985.8
KR0002,한화손해보험,000370,손해보험,3,이자 부리,2024.1Q,369.6,369.6
KR0002,한화손해보험,000370,손해보험,4,가정 및 경험 조정,2024.1Q,-914.8,-914.8
KR0002,한화손해보험,000370,손해보험,5,CSM 상각,2024.1Q,-1027.0,-1027.0
KR0002,한화손해보험,000370,손해보험,6,기말 CSM,2024.1Q,39682.2,39682.2
KR0002,한화손해보험,000370,손해보험,1,기초 CSM,2024.2Q,39268.6,39682.2
KR0002,한화손해보험,000370,손해보험,2,신계약 CSM,2024.2Q,3668.1,1682.3
KR0002,한화손해보험,000370,손해보험,3,이자 부리,2024.2Q,744.5,374.9
KR0002,한화손해보험,000370,손해보험,4,가정 및 경험 조정,2024.2Q,-2016.0,-1101.2
KR0002,한화손해보험,000370,손해보험,5,CSM 상각,2024.2Q,-2052.7,-1025.7
KR0002,한화손해보험,000370,손해보험,6,기말 CSM,2024.2Q,39612.5,39612.5
KR0002,한화손해보험,000370,손해보험,1,기초 CSM,2024.3Q,39268.6,39612.5
KR0002,한화손해보험,000370,손해보험,2,신계약 CSM,2024.3Q,5474.6,1806.5
KR0002,한화손해보험,000370,손해보험,3,이자 부리,2024.3Q,1122.2,377.7
KR0002,한화손해보험,000370,손해보험,4,가정 및 경험 조정,2024.3Q,-3414.3,-1398.3
KR0002,한화손해보험,000370,손해보험,5,CSM 상각,2024.3Q,-3066.7,-1014.0
KR0002,한화손해보험,000370,손해보험,6,기말 CSM,2024.3Q,39384.4,39384.4
KR0002,한화손해보험,000370,손해보험,1,기초 CSM,2024.4Q,39268.6,39384.4
KR0002,한화손해보험,000370,손해보험,2,신계약 CSM,2024.4Q,7409.9,1935.3
KR0002,한화손해보험,000370,손해보험,3,이자 부리,2024.4Q,1499.7,377.5
KR0002,한화손해보험,000370,손해보험,4,가정 및 경험 조정,2024.4Q,-6048.6,-2634.3
KR0002,한화손해보험,000370,손해보험,5,CSM 상각,2024.4Q,-4097.4,-1030.7
KR0002,한화손해보험,000370,손해보험,6,기말 CSM,2024.4Q,38032.2,38032.2
KR0002,한화손해보험,000370,손해보험,1,기초 CSM,2025.1Q,38032.2,38032.2
KR0002,한화손해보험,000370,손해보험,2,신계약 CSM,2025.1Q,1891.2,1891.2
KR0002,한화손해보험,000370,손해보험,3,이자 부리,2025.1Q,368.9,368.9
KR0002,한화손해보험,000370,손해보험,4,가정 및 경험 조정,2025.1Q,514.5,514.5
KR0002,한화손해보험,000370,손해보험,5,CSM 상각,2025.1Q,-1047.2,-1047.2
KR0002,한화손해보험,000370,손해보험,6,기말 CSM,2025.1Q,39759.5,39759.5
KR0002,한화손해보험,000370,손해보험,1,기초 CSM,2025.2Q,38032.2,39759.5
KR0002,한화손해보험,000370,손해보험,2,신계약 CSM,2025.2Q,4510.3,2619.1
KR0002,한화손해보험,000370,손해보험,3,이자 부리,2025.2Q,755.6,386.7
KR0002,한화손해보험,000370,손해보험,4,가정 및 경험 조정,2025.2Q,32.1,-482.4
KR0002,한화손해보험,000370,손해보험,5,CSM 상각,2025.2Q,-2102.3,-1055.1
KR0002,한화손해보험,000370,손해보험,6,기말 CSM,2025.2Q,41228.0,41228.0
KR0002,한화손해보험,000370,손해보험,1,기초 CSM,2025.3Q,38032.2,41228.0
KR0002,한화손해보험,000370,손해보험,2,신계약 CSM,2025.3Q,7350.9,2840.6
KR0002,한화손해보험,000370,손해보험,3,이자 부리,2025.3Q,1160.1,404.5
KR0002,한화손해보험,000370,손해보험,4,가정 및 경험 조정,2025.3Q,-748.6,-780.7
KR0002,한화손해보험,000370,손해보험,5,CSM 상각,2025.3Q,-3187.2,-1084.9
KR0002,한화손해보험,000370,손해보험,6,기말 CSM,2025.3Q,42607.4,42607.4
KR0002,한화손해보험,000370,손해보험,1,기초 CSM,2025.4Q,38032.2,42607.4
KR0002,한화손해보험,000370,손해보험,2,신계약 CSM,2025.4Q,10178.0,2827.1
KR0002,한화손해보험,000370,손해보험,3,이자 부리,2025.4Q,1576.9,416.8
KR0002,한화손해보험,000370,손해보험,4,가정 및 경험 조정,2025.4Q,-4862.7,-4114.1
KR0002,한화손해보험,000370,손해보험,5,CSM 상각,2025.4Q,-4230.5,-1043.3
KR0002,한화손해보험,000370,손해보험,6,기말 CSM,2025.4Q,40693.8,40693.8
KR0002,한화손해보험,000370,손해보험,1,기초 CSM,2026.1Q,40693.8,40693.8
KR0002,한화손해보험,000370,손해보험,2,신계약 CSM,2026.1Q,3024.2,3024.2
KR0002,한화손해보험,000370,손해보험,3,이자 부리,2026.1Q,400.4,400.4
KR0002,한화손해보험,000370,손해보험,4,가정 및 경험 조정,2026.1Q,-221.4,-221.4
KR0002,한화손해보험,000370,손해보험,5,CSM 상각,2026.1Q,-1095.3,-1095.3
KR0002,한화손해보험,000370,손해보험,6,기말 CSM,2026.1Q,42801.7,42801.7
KR0002,한화손해보험,000370,손해보험,1,기초 CSM,2026.2Q,40693.8,42801.7
KR0002,한화손해보험,000370,손해보험,2,신계약 CSM,2026.2Q,6297.8,3273.6
KR0002,한화손해보험,000370,손해보험,3,이자 부리,2026.2Q,824.4,424.0
KR0002,한화손해보험,000370,손해보험,4,가정 및 경험 조정,2026.2Q,-1376.4,-1155.0
KR0002,한화손해보험,000370,손해보험,5,CSM 상각,2026.2Q,-2235.4,-1140.1
KR0002,한화손해보험,000370,손해보험,6,기말 CSM,2026.2Q,44204.2,44204.2
KR0003,롯데손해보험,000400,손해보험,1,기초 CSM,2023.2Q,16774.38,17427.53
KR0003,롯데손해보험,000400,손해보험,2,신계약 CSM,2023.2Q,2654.34,1101.16
KR0003,롯데손해보험,000400,손해보험,3,이자 부리,2023.2Q,358.76,184.33
KR0003,롯데손해보험,000400,손해보험,4,가정 및 경험 조정,2023.2Q,-361.99,319.63
KR0003,롯데손해보험,000400,손해보험,5,CSM 상각,2023.2Q,-807.85,-415.01
KR0003,롯데손해보험,000400,손해보험,6,기말 CSM,2023.2Q,18617.64,18617.64
KR0003,롯데손해보험,000400,손해보험,1,기초 CSM,2023.3Q,16774.4,18617.64
KR0003,롯데손해보험,000400,손해보험,2,신계약 CSM,2023.3Q,4092.1,1437.76
KR0003,롯데손해보험,000400,손해보험,3,이자 부리,2023.3Q,554.0,195.24
KR0003,롯데손해보험,000400,손해보험,4,가정 및 경험 조정,2023.3Q,1981.3,2343.29
KR0003,롯데손해보험,000400,손해보험,5,CSM 상각,2023.3Q,-1316.2,-508.35
KR0003,롯데손해보험,000400,손해보험,6,기말 CSM,2023.3Q,22085.6,22085.6
KR0003,롯데손해보험,000400,손해보험,1,기초 CSM,2023.4Q,16774.4,22085.6
KR0003,롯데손해보험,000400,손해보험,2,신계약 CSM,2023.4Q,5478.9,1386.8
KR0003,롯데손해보험,000400,손해보험,3,이자 부리,2023.4Q,780.5,226.5
KR0003,롯데손해보험,000400,손해보험,4,가정 및 경험 조정,2023.4Q,2801.0,819.7
KR0003,롯데손해보험,000400,손해보험,5,CSM 상각,2023.4Q,-1868.5,-552.3
KR0003,롯데손해보험,000400,손해보험,6,기말 CSM,2023.4Q,23966.2,23966.2
KR0003,롯데손해보험,000400,손해보험,1,기초 CSM,2024.1Q,23966.2,23966.2
KR0003,롯데손해보험,000400,손해보험,2,신계약 CSM,2024.1Q,1266.7,1266.7
KR0003,롯데손해보험,000400,손해보험,3,이자 부리,2024.1Q,242.5,242.5
KR0003,롯데손해보험,000400,손해보험,4,가정 및 경험 조정,2024.1Q,-598.9,-598.9
KR0003,롯데손해보험,000400,손해보험,5,CSM 상각,2024.1Q,-570.8,-570.8
KR0003,롯데손해보험,000400,손해보험,6,기말 CSM,2024.1Q,24305.8,24305.8
KR0003,롯데손해보험,000400,손해보험,1,기초 CSM,2024.2Q,23966.2,24305.8
KR0003,롯데손해보험,000400,손해보험,2,신계약 CSM,2024.2Q,2532.0,1265.3
KR0003,롯데손해보험,000400,손해보험,3,이자 부리,2024.2Q,489.1,246.6
KR0003,롯데손해보험,000400,손해보험,4,가정 및 경험 조정,2024.2Q,-1241.9,-643.0
KR0003,롯데손해보험,000400,손해보험,5,CSM 상각,2024.2Q,-1147.3,-576.5
KR0003,롯데손해보험,000400,손해보험,6,기말 CSM,2024.2Q,24598.0,24598.0
KR0003,롯데손해보험,000400,손해보험,1,기초 CSM,2024.3Q,23966.2,24598.0
KR0003,롯데손해보험,000400,손해보험,2,신계약 CSM,2024.3Q,3645.5,1113.5
KR0003,롯데손해보험,000400,손해보험,3,이자 부리,2024.3Q,738.3,249.2
KR0003,롯데손해보험,000400,손해보험,4,가정 및 경험 조정,2024.3Q,-2101.4,-859.5
KR0003,롯데손해보험,000400,손해보험,5,CSM 상각,2024.3Q,-1718.7,-571.4
KR0003,롯데손해보험,000400,손해보험,6,기말 CSM,2024.3Q,24529.9,24529.9
KR0003,롯데손해보험,000400,손해보험,1,기초 CSM,2024.4Q,23860.8,24529.9
KR0003,롯데손해보험,000400,손해보험,2,신계약 CSM,2024.4Q,4852.5,1207.0
KR0003,롯데손해보험,000400,손해보험,3,이자 부리,2024.4Q,982.4,244.1
KR0003,롯데손해보험,000400,손해보험,4,가정 및 경험 조정,2024.4Q,-4239.7,-2138.3
KR0003,롯데손해보험,000400,손해보험,5,CSM 상각,2024.4Q,-2254.5,-535.8
KR0003,롯데손해보험,000400,손해보험,6,기말 CSM,2024.4Q,23201.6,23201.6
KR0003,롯데손해보험,000400,손해보험,1,기초 CSM,2025.1Q,23201.6,23201.6
KR0003,롯데손해보험,000400,손해보험,2,신계약 CSM,2025.1Q,1098.5,1098.5
KR0003,롯데손해보험,000400,손해보험,3,이자 부리,2025.1Q,233.3,233.3
KR0003,롯데손해보험,000400,손해보험,4,가정 및 경험 조정,2025.1Q,-1430.1,-1430.1
KR0003,롯데손해보험,000400,손해보험,5,CSM 상각,2025.1Q,-522.8,-522.8
KR0003,롯데손해보험,000400,손해보험,6,기말 CSM,2025.1Q,22580.5,22580.5
KR0003,롯데손해보험,000400,손해보험,1,기초 CSM,2025.2Q,23201.6,22580.5
KR0003,롯데손해보험,000400,손해보험,2,신계약 CSM,2025.2Q,2135.4,1036.9
KR0003,롯데손해보험,000400,손해보험,3,이자 부리,2025.2Q,460.1,226.8
KR0003,롯데손해보험,000400,손해보험,4,가정 및 경험 조정,2025.2Q,-2074.6,-644.5
KR0003,롯데손해보험,000400,손해보험,5,CSM 상각,2025.2Q,-1045.5,-522.7
KR0003,롯데손해보험,000400,손해보험,6,기말 CSM,2025.2Q,22676.9,22676.9
KR0003,롯데손해보험,000400,손해보험,1,기초 CSM,2025.3Q,23201.6,22676.9
KR0003,롯데손해보험,000400,손해보험,2,신계약 CSM,2025.3Q,3147.3,1011.9
KR0003,롯데손해보험,000400,손해보험,3,이자 부리,2025.3Q,686.6,226.5
KR0003,롯데손해보험,000400,손해보험,4,가정 및 경험 조정,2025.3Q,-2792.2,-717.6
KR0003,롯데손해보험,000400,손해보험,5,CSM 상각,2025.3Q,-1563.2,-517.7
KR0003,롯데손해보험,000400,손해보험,6,기말 CSM,2025.3Q,22680.0,22680.0
KR0003,롯데손해보험,000400,손해보험,1,기초 CSM,2025.4Q,23201.6,22680.0
KR0003,롯데손해보험,000400,손해보험,2,신계약 CSM,2025.4Q,4121.7,974.4
KR0003,롯데손해보험,000400,손해보험,3,이자 부리,2025.4Q,911.6,225.0
KR0003,롯데손해보험,000400,손해보험,4,가정 및 경험 조정,2025.4Q,-1346.8,1445.4
KR0003,롯데손해보험,000400,손해보험,5,CSM 상각,2025.4Q,-2139.4,-576.2
KR0003,롯데손해보험,000400,손해보험,6,기말 CSM,2025.4Q,24748.6,24748.6
KR0003,롯데손해보험,000400,손해보험,1,기초 CSM,2026.1Q,24748.6,24748.6
KR0003,롯데손해보험,000400,손해보험,2,신계약 CSM,2026.1Q,794.8,794.8
KR0003,롯데손해보험,000400,손해보험,3,이자 부리,2026.1Q,241.5,241.5
KR0003,롯데손해보험,000400,손해보험,4,가정 및 경험 조정,2026.1Q,-108.1,-108.1
KR0003,롯데손해보험,000400,손해보험,5,CSM 상각,2026.1Q,-586.9,-586.9
KR0003,롯데손해보험,000400,손해보험,6,기말 CSM,2026.1Q,25089.9,25089.9
KR0003,롯데손해보험,000400,손해보험,1,기초 CSM,2026.2Q,24748.6,25089.9
KR0003,롯데손해보험,000400,손해보험,2,신계약 CSM,2026.2Q,1428.3,633.5
KR0003,롯데손해보험,000400,손해보험,3,이자 부리,2026.2Q,485.3,243.8
KR0003,롯데손해보험,000400,손해보험,4,가정 및 경험 조정,2026.2Q,-3141.2,-3033.1
KR0003,롯데손해보험,000400,손해보험,5,CSM 상각,2026.2Q,-1089.9,-503.0
KR0003,롯데손해보험,000400,손해보험,6,기말 CSM,2026.2Q,22431.2,22431.2
KR0004,예별손해보험,X,손해보험,1,기초 CSM,2023.4Q,6055.5,
KR0004,예별손해보험,X,손해보험,2,신계약 CSM,2023.4Q,509.7,
KR0004,예별손해보험,X,손해보험,3,이자 부리,2023.4Q,203.1,
KR0004,예별손해보험,X,손해보험,4,가정 및 경험 조정,2023.4Q,477.5,
KR0004,예별손해보험,X,손해보험,5,CSM 상각,2023.4Q,-471.8,
KR0004,예별손해보험,X,손해보험,6,기말 CSM,2023.4Q,6774.0,6774.0
KR0004,예별손해보험,X,손해보험,1,기초 CSM,2024.4Q,6774.0,
KR0004,예별손해보험,X,손해보험,2,신계약 CSM,2024.4Q,174.3,
KR0004,예별손해보험,X,손해보험,3,이자 부리,2024.4Q,247.7,
KR0004,예별손해보험,X,손해보험,4,가정 및 경험 조정,2024.4Q,-3025.9,
KR0004,예별손해보험,X,손해보험,5,CSM 상각,2024.4Q,-525.1,
KR0004,예별손해보험,X,손해보험,6,기말 CSM,2024.4Q,3645.0,3645.0
KR0004,예별손해보험,X,손해보험,1,기초 CSM,2025.4Q,3645.0,
KR0004,예별손해보험,X,손해보험,2,신계약 CSM,2025.4Q,-11.7,
KR0004,예별손해보험,X,손해보험,3,이자 부리,2025.4Q,74.8,
KR0004,예별손해보험,X,손해보험,4,가정 및 경험 조정,2025.4Q,-3534.1,
KR0004,예별손해보험,X,손해보험,5,CSM 상각,2025.4Q,-174.0,
KR0004,예별손해보험,X,손해보험,6,기말 CSM,2025.4Q,0.0,0.0
KR0005,흥국화재,000540,손해보험,1,기초 CSM,2023.1Q,22144.7,22144.7
KR0005,흥국화재,000540,손해보험,2,신계약 CSM,2023.1Q,665.0,665.0
KR0005,흥국화재,000540,손해보험,3,이자 부리,2023.1Q,205.2,205.2
KR0005,흥국화재,000540,손해보험,4,가정 및 경험 조정,2023.1Q,-968.7,-968.7
KR0005,흥국화재,000540,손해보험,5,CSM 상각,2023.1Q,-479.1,-479.1
KR0005,흥국화재,000540,손해보험,6,기말 CSM,2023.1Q,21567.1,21567.1
KR0005,흥국화재,000540,손해보험,1,기초 CSM,2023.2Q,22144.7,21567.1
KR0005,흥국화재,000540,손해보험,2,신계약 CSM,2023.2Q,1375.7,710.7
KR0005,흥국화재,000540,손해보험,3,이자 부리,2023.2Q,403.6,198.4
KR0005,흥국화재,000540,손해보험,4,가정 및 경험 조정,2023.2Q,-1767.8,-799.1
KR0005,흥국화재,000540,손해보험,5,CSM 상각,2023.2Q,-940.4,-461.3
KR0005,흥국화재,000540,손해보험,6,기말 CSM,2023.2Q,21215.8,21215.8
KR0005,흥국화재,000540,손해보험,1,기초 CSM,2023.3Q,22144.7,21215.8
KR0005,흥국화재,000540,손해보험,2,신계약 CSM,2023.3Q,2096.9,721.2
KR0005,흥국화재,000540,손해보험,3,이자 부리,2023.3Q,602.1,198.5
KR0005,흥국화재,000540,손해보험,4,가정 및 경험 조정,2023.3Q,6766.6,8534.4
KR0005,흥국화재,000540,손해보험,5,CSM 상각,2023.3Q,-1555.8,-615.4
KR0005,흥국화재,000540,손해보험,6,기말 CSM,2023.3Q,30054.6,30054.6
KR0005,흥국화재,000540,손해보험,1,기초 CSM,2023.4Q,22144.7,30054.6
KR0005,흥국화재,000540,손해보험,2,신계약 CSM,2023.4Q,2812.0,715.1
KR0005,흥국화재,000540,손해보험,3,이자 부리,2023.4Q,874.1,272.0
KR0005,흥국화재,000540,손해보험,4,가정 및 경험 조정,2023.4Q,3331.2,-3435.4
KR0005,흥국화재,000540,손해보험,5,CSM 상각,2023.4Q,-2108.1,-552.3
KR0005,흥국화재,000540,손해보험,6,기말 CSM,2023.4Q,27053.9,27053.9
KR0005,흥국화재,000540,손해보험,1,기초 CSM,2024.1Q,27053.9,27053.9
KR0005,흥국화재,000540,손해보험,2,신계약 CSM,2024.1Q,694.8,694.8
KR0005,흥국화재,000540,손해보험,3,이자 부리,2024.1Q,244.7,244.7
KR0005,흥국화재,000540,손해보험,4,가정 및 경험 조정,2024.1Q,-233.9,-233.9
KR0005,흥국화재,000540,손해보험,5,CSM 상각,2024.1Q,-576.1,-576.1
KR0005,흥국화재,000540,손해보험,6,기말 CSM,2024.1Q,27183.3,27183.3
KR0005,흥국화재,000540,손해보험,1,기초 CSM,2024.2Q,27053.9,27183.3
KR0005,흥국화재,000540,손해보험,2,신계약 CSM,2024.2Q,1157.3,462.5
KR0005,흥국화재,000540,손해보험,3,이자 부리,2024.2Q,491.3,246.6
KR0005,흥국화재,000540,손해보험,4,가정 및 경험 조정,2024.2Q,-434.9,-201.0
KR0005,흥국화재,000540,손해보험,5,CSM 상각,2024.2Q,-1145.5,-569.4
KR0005,흥국화재,000540,손해보험,6,기말 CSM,2024.2Q,27122.1,27122.1
KR0005,흥국화재,000540,손해보험,1,기초 CSM,2024.3Q,27053.9,27122.1
KR0005,흥국화재,000540,손해보험,2,신계약 CSM,2024.3Q,1703.3,546.0
KR0005,흥국화재,000540,손해보험,3,이자 부리,2024.3Q,736.5,245.2
KR0005,흥국화재,000540,손해보험,4,가정 및 경험 조정,2024.3Q,-1097.4,-662.5
KR0005,흥국화재,000540,손해보험,5,CSM 상각,2024.3Q,-1703.2,-557.7
KR0005,흥국화재,000540,손해보험,6,기말 CSM,2024.3Q,26693.1,26693.1
KR0005,흥국화재,000540,손해보험,1,기초 CSM,2024.4Q,27053.9,26693.1
KR0005,흥국화재,000540,손해보험,2,신계약 CSM,2024.4Q,3127.6,1424.3
KR0005,흥국화재,000540,손해보험,3,이자 부리,2024.4Q,981.9,245.4
KR0005,흥국화재,000540,손해보험,4,가정 및 경험 조정,2024.4Q,-4255.4,-3158.0
KR0005,흥국화재,000540,손해보험,5,CSM 상각,2024.4Q,-2200.0,-496.8
KR0005,흥국화재,000540,손해보험,6,기말 CSM,2024.4Q,24707.9,24707.9
KR0005,흥국화재,000540,손해보험,1,기초 CSM,2025.1Q,24707.9,24707.9
KR0005,흥국화재,000540,손해보험,2,신계약 CSM,2025.1Q,840.7,840.7
KR0005,흥국화재,000540,손해보험,3,이자 부리,2025.1Q,231.1,231.1
KR0005,흥국화재,000540,손해보험,4,가정 및 경험 조정,2025.1Q,1915.4,1915.4
KR0005,흥국화재,000540,손해보험,5,CSM 상각,2025.1Q,-564.1,-564.1
KR0005,흥국화재,000540,손해보험,6,기말 CSM,2025.1Q,27131.0,27131.0
KR0005,흥국화재,000540,손해보험,1,기초 CSM,2025.2Q,24707.9,27131.0
KR0005,흥국화재,000540,손해보험,2,신계약 CSM,2025.2Q,2353.9,1513.2
KR0005,흥국화재,000540,손해보험,3,이자 부리,2025.2Q,492.0,260.9
KR0005,흥국화재,000540,손해보험,4,가정 및 경험 조정,2025.2Q,1716.3,-199.1
KR0005,흥국화재,000540,손해보험,5,CSM 상각,2025.2Q,-1150.9,-586.8
KR0005,흥국화재,000540,손해보험,6,기말 CSM,2025.2Q,28119.2,28119.2
KR0005,흥국화재,000540,손해보험,1,기초 CSM,2025.3Q,24707.9,28119.2
KR0005,흥국화재,000540,손해보험,2,신계약 CSM,2025.3Q,4383.5,2029.6
KR0005,흥국화재,000540,손해보험,3,이자 부리,2025.3Q,767.1,275.1
KR0005,흥국화재,000540,손해보험,4,가정 및 경험 조정,2025.3Q,1494.0,-222.3
KR0005,흥국화재,000540,손해보험,5,CSM 상각,2025.3Q,-1755.5,-604.6
KR0005,흥국화재,000540,손해보험,6,기말 CSM,2025.3Q,29597.0,29597.0
KR0005,흥국화재,000540,손해보험,1,기초 CSM,2025.4Q,24707.9,29597.0
KR0005,흥국화재,000540,손해보험,2,신계약 CSM,2025.4Q,6635.2,2251.7
KR0005,흥국화재,000540,손해보험,3,이자 부리,2025.4Q,1058.0,290.9
KR0005,흥국화재,000540,손해보험,4,가정 및 경험 조정,2025.4Q,-2002.0,-3496.0
KR0005,흥국화재,000540,손해보험,5,CSM 상각,2025.4Q,-2351.9,-596.4
KR0005,흥국화재,000540,손해보험,6,기말 CSM,2025.4Q,28047.3,28047.3
KR0005,흥국화재,000540,손해보험,1,기초 CSM,2026.1Q,28047.3,28047.3
KR0005,흥국화재,000540,손해보험,2,신계약 CSM,2026.1Q,1929.4,1929.4
KR0005,흥국화재,000540,손해보험,3,이자 부리,2026.1Q,276.8,276.8
KR0005,흥국화재,000540,손해보험,4,가정 및 경험 조정,2026.1Q,497.6,497.6
KR0005,흥국화재,000540,손해보험,5,CSM 상각,2026.1Q,-636.7,-636.7
KR0005,흥국화재,000540,손해보험,6,기말 CSM,2026.1Q,30114.4,30114.4
KR0005,흥국화재,000540,손해보험,1,기초 CSM,2026.2Q,28047.3,30114.4
KR0005,흥국화재,000540,손해보험,2,신계약 CSM,2026.2Q,3838.0,1908.6
KR0005,흥국화재,000540,손해보험,3,이자 부리,2026.2Q,572.7,295.9
KR0005,흥국화재,000540,손해보험,4,가정 및 경험 조정,2026.2Q,919.9,422.3
KR0005,흥국화재,000540,손해보험,5,CSM 상각,2026.2Q,-1304.9,-668.2
KR0005,흥국화재,000540,손해보험,6,기말 CSM,2026.2Q,32073.0,32073.0
KR0008,삼성화재해상보험,000810,손해보험,1,기초 CSM,2023.1Q,122013.1,122013.1
KR0008,삼성화재해상보험,000810,손해보험,2,신계약 CSM,2023.1Q,6782.7,6782.7
KR0008,삼성화재해상보험,000810,손해보험,3,이자 부리,2023.1Q,879.9,879.9
KR0008,삼성화재해상보험,000810,손해보험,4,가정 및 경험 조정,2023.1Q,-2413.9,-2413.9
KR0008,삼성화재해상보험,000810,손해보험,5,CSM 상각,2023.1Q,-3760.4,-3760.4
KR0008,삼성화재해상보험,000810,손해보험,6,기말 CSM,2023.1Q,123501.4,123501.4
KR0008,삼성화재해상보험,000810,손해보험,1,기초 CSM,2023.2Q,122013.1,123501.4
KR0008,삼성화재해상보험,000810,손해보험,2,신계약 CSM,2023.2Q,14426.0,7643.3
KR0008,삼성화재해상보험,000810,손해보험,3,이자 부리,2023.2Q,1830.2,950.3
KR0008,삼성화재해상보험,000810,손해보험,4,가정 및 경험 조정,2023.2Q,-4129.6,-1715.7
KR0008,삼성화재해상보험,000810,손해보험,5,CSM 상각,2023.2Q,-7591.3,-3830.9
KR0008,삼성화재해상보험,000810,손해보험,6,기말 CSM,2023.2Q,126548.5,126548.5
KR0008,삼성화재해상보험,000810,손해보험,1,기초 CSM,2023.3Q,122013.1,126548.5
KR0008,삼성화재해상보험,000810,손해보험,2,신계약 CSM,2023.3Q,26067.9,11641.9
KR0008,삼성화재해상보험,000810,손해보험,3,이자 부리,2023.3Q,2875.9,1045.7
KR0008,삼성화재해상보험,000810,손해보험,4,가정 및 경험 조정,2023.3Q,-6814.9,-2685.3
KR0008,삼성화재해상보험,000810,손해보험,5,CSM 상각,2023.3Q,-11548.6,-3957.3
KR0008,삼성화재해상보험,000810,손해보험,6,기말 CSM,2023.3Q,132593.4,132593.4
KR0008,삼성화재해상보험,000810,손해보험,1,기초 CSM,2023.4Q,121441.7,132593.4
KR0008,삼성화재해상보험,000810,손해보험,2,신계약 CSM,2023.4Q,34995.3,8927.4
KR0008,삼성화재해상보험,000810,손해보험,3,이자 부리,2023.4Q,3979.0,1103.1
KR0008,삼성화재해상보험,000810,손해보험,4,가정 및 경험 조정,2023.4Q,-12002.4,-5187.5
KR0008,삼성화재해상보험,000810,손해보험,5,CSM 상각,2023.4Q,-15385.4,-3836.8
KR0008,삼성화재해상보험,000810,손해보험,6,기말 CSM,2023.4Q,133028.2,133028.2
KR0008,삼성화재해상보험,000810,손해보험,1,기초 CSM,2024.1Q,133028.2,133028.2
KR0008,삼성화재해상보험,000810,손해보험,2,신계약 CSM,2024.1Q,8855.5,8855.5
KR0008,삼성화재해상보험,000810,손해보험,3,이자 부리,2024.1Q,1163.3,1163.3
KR0008,삼성화재해상보험,000810,손해보험,4,가정 및 경험 조정,2024.1Q,-1962.1,-1962.1
KR0008,삼성화재해상보험,000810,손해보험,5,CSM 상각,2024.1Q,-3964.6,-3964.6
KR0008,삼성화재해상보험,000810,손해보험,6,기말 CSM,2024.1Q,137120.3,137120.3
KR0008,삼성화재해상보험,000810,손해보험,1,기초 CSM,2024.2Q,133028.2,137120.3
KR0008,삼성화재해상보험,000810,손해보험,2,신계약 CSM,2024.2Q,16382.7,7527.2
KR0008,삼성화재해상보험,000810,손해보험,3,이자 부리,2024.2Q,2357.1,1193.8
KR0008,삼성화재해상보험,000810,손해보험,4,가정 및 경험 조정,2024.2Q,-4211.4,-2249.3
KR0008,삼성화재해상보험,000810,손해보험,5,CSM 상각,2024.2Q,-8003.5,-4038.9
KR0008,삼성화재해상보험,000810,손해보험,6,기말 CSM,2024.2Q,139553.1,139553.1
KR0008,삼성화재해상보험,000810,손해보험,1,기초 CSM,2024.3Q,133028.2,139553.1
KR0008,삼성화재해상보험,000810,손해보험,2,신계약 CSM,2024.3Q,24767.9,8385.2
KR0008,삼성화재해상보험,000810,손해보험,3,이자 부리,2024.3Q,3614.7,1257.6
KR0008,삼성화재해상보험,000810,손해보험,4,가정 및 경험 조정,2024.3Q,-7488.4,-3277.0
KR0008,삼성화재해상보험,000810,손해보험,5,CSM 상각,2024.3Q,-12109.0,-4105.5
KR0008,삼성화재해상보험,000810,손해보험,6,기말 CSM,2024.3Q,141813.3,141813.3
KR0008,삼성화재해상보험,000810,손해보험,1,기초 CSM,2024.4Q,133028.2,141813.3
KR0008,삼성화재해상보험,000810,손해보험,2,신계약 CSM,2024.4Q,34511.8,9743.9
KR0008,삼성화재해상보험,000810,손해보험,3,이자 부리,2024.4Q,4905.8,1291.1
KR0008,삼성화재해상보험,000810,손해보험,4,가정 및 경험 조정,2024.4Q,-15583.7,-8095.3
KR0008,삼성화재해상보험,000810,손해보험,5,CSM 상각,2024.4Q,-16123.0,-4014.0
KR0008,삼성화재해상보험,000810,손해보험,6,기말 CSM,2024.4Q,140739.1,140739.1
KR0008,삼성화재해상보험,000810,손해보험,1,기초 CSM,2025.1Q,140739.1,140739.1
KR0008,삼성화재해상보험,000810,손해보험,2,신계약 CSM,2025.1Q,7015.2,7015.2
KR0008,삼성화재해상보험,000810,손해보험,3,이자 부리,2025.1Q,1224.7,1224.7
KR0008,삼성화재해상보험,000810,손해보험,4,가정 및 경험 조정,2025.1Q,-1590.5,-1590.5
KR0008,삼성화재해상보험,000810,손해보험,5,CSM 상각,2025.1Q,-4060.2,-4060.2
KR0008,삼성화재해상보험,000810,손해보험,6,기말 CSM,2025.1Q,143328.2,143328.2
KR0008,삼성화재해상보험,000810,손해보험,1,기초 CSM,2025.2Q,140739.1,143328.2
KR0008,삼성화재해상보험,000810,손해보험,2,신계약 CSM,2025.2Q,14212.5,7197.3
KR0008,삼성화재해상보험,000810,손해보험,3,이자 부리,2025.2Q,2478.5,1253.8
KR0008,삼성화재해상보험,000810,손해보험,4,가정 및 경험 조정,2025.2Q,-3529.8,-1939.3
KR0008,삼성화재해상보험,000810,손해보험,5,CSM 상각,2025.2Q,-8124.4,-4064.2
KR0008,삼성화재해상보험,000810,손해보험,6,기말 CSM,2025.2Q,145775.8,145775.8
KR0008,삼성화재해상보험,000810,손해보험,1,기초 CSM,2025.3Q,140739.1,145775.8
KR0008,삼성화재해상보험,000810,손해보험,2,신계약 CSM,2025.3Q,21881.7,7669.2
KR0008,삼성화재해상보험,000810,손해보험,3,이자 부리,2025.3Q,3737.6,1259.1
KR0008,삼성화재해상보험,000810,손해보험,4,가정 및 경험 조정,2025.3Q,-3995.2,-465.4
KR0008,삼성화재해상보험,000810,손해보험,5,CSM 상각,2025.3Q,-12286.3,-4161.9
KR0008,삼성화재해상보험,000810,손해보험,6,기말 CSM,2025.3Q,150076.8,150076.8
KR0008,삼성화재해상보험,000810,손해보험,1,기초 CSM,2025.4Q,140739.1,150076.8
KR0008,삼성화재해상보험,000810,손해보험,2,신계약 CSM,2025.4Q,28983.7,7102.0
KR0008,삼성화재해상보험,000810,손해보험,3,이자 부리,2025.4Q,5022.9,1285.3
KR0008,삼성화재해상보험,000810,손해보험,4,가정 및 경험 조정,2025.4Q,-16861.2,-12866.0
KR0008,삼성화재해상보험,000810,손해보험,5,CSM 상각,2025.4Q,-16207.8,-3921.5
KR0008,삼성화재해상보험,000810,손해보험,6,기말 CSM,2025.4Q,141676.6,141676.6
KR0008,삼성화재해상보험,000810,손해보험,1,기초 CSM,2026.1Q,141676.6,141676.6
KR0008,삼성화재해상보험,000810,손해보험,2,신계약 CSM,2026.1Q,6267.3,6267.3
KR0008,삼성화재해상보험,000810,손해보험,3,이자 부리,2026.1Q,1188.6,1188.6
KR0008,삼성화재해상보험,000810,손해보험,4,가정 및 경험 조정,2026.1Q,-442.5,-442.5
KR0008,삼성화재해상보험,000810,손해보험,5,CSM 상각,2026.1Q,-3998.4,-3998.4
KR0008,삼성화재해상보험,000810,손해보험,6,기말 CSM,2026.1Q,144691.7,144691.7
KR0008,삼성화재해상보험,000810,손해보험,1,기초 CSM,2026.2Q,141676.6,144691.7
KR0008,삼성화재해상보험,000810,손해보험,2,신계약 CSM,2026.2Q,12423.5,6156.2
KR0008,삼성화재해상보험,000810,손해보험,3,이자 부리,2026.2Q,2395.9,1207.3
KR0008,삼성화재해상보험,000810,손해보험,4,가정 및 경험 조정,2026.2Q,-2519.3,-2076.8
KR0008,삼성화재해상보험,000810,손해보험,5,CSM 상각,2026.2Q,-8029.5,-4031.1
KR0008,삼성화재해상보험,000810,손해보험,6,기말 CSM,2026.2Q,145947.3,145947.3
KR0009,현대해상,001450,손해보험,1,기초 CSM,2023.1Q,88281.1,88281.1
KR0009,현대해상,001450,손해보험,2,신계약 CSM,2023.1Q,4946.7,4946.7
KR0009,현대해상,001450,손해보험,3,이자 부리,2023.1Q,653.8,653.8
KR0009,현대해상,001450,손해보험,4,가정 및 경험 조정,2023.1Q,-2509.5,-2509.5
KR0009,현대해상,001450,손해보험,5,CSM 상각,2023.1Q,-2163.5,-2163.5
KR0009,현대해상,001450,손해보험,6,기말 CSM,2023.1Q,89208.6,89208.6
KR0009,현대해상,001450,손해보험,1,기초 CSM,2023.2Q,88281.1,89208.6
KR0009,현대해상,001450,손해보험,2,신계약 CSM,2023.2Q,9542.1,4595.4
KR0009,현대해상,001450,손해보험,3,이자 부리,2023.2Q,1339.0,685.2
KR0009,현대해상,001450,손해보험,4,가정 및 경험 조정,2023.2Q,-3391.1,-881.6
KR0009,현대해상,001450,손해보험,5,CSM 상각,2023.2Q,-4410.3,-2246.8
KR0009,현대해상,001450,손해보험,6,기말 CSM,2023.2Q,91360.8,91360.8
KR0009,현대해상,001450,손해보험,1,기초 CSM,2023.3Q,88281.1,91360.8
KR0009,현대해상,001450,손해보험,2,신계약 CSM,2023.3Q,13221.4,3679.3
KR0009,현대해상,001450,손해보험,3,이자 부리,2023.3Q,1929.8,590.8
KR0009,현대해상,001450,손해보험,4,가정 및 경험 조정,2023.3Q,-7991.9,-4600.8
KR0009,현대해상,001450,손해보험,5,CSM 상각,2023.3Q,-6403.8,-1993.5
KR0009,현대해상,001450,손해보험,6,기말 CSM,2023.3Q,89036.6,89036.6
KR0009,현대해상,001450,손해보험,1,기초 CSM,2023.4Q,88281.1,89036.6
KR0009,현대해상,001450,손해보험,2,신계약 CSM,2023.4Q,16792.4,3571.0
KR0009,현대해상,001450,손해보험,3,이자 부리,2023.4Q,2636.3,706.5
KR0009,현대해상,001450,손해보험,4,가정 및 경험 조정,2023.4Q,-7480.6,511.3
KR0009,현대해상,001450,손해보험,5,CSM 상각,2023.4Q,-8805.5,-2401.7
KR0009,현대해상,001450,손해보험,6,기말 CSM,2023.4Q,91423.7,91423.7
KR0009,현대해상,001450,손해보험,1,기초 CSM,2024.1Q,91423.7,91423.7
KR0009,현대해상,001450,손해보험,2,신계약 CSM,2024.1Q,4114.6,4114.6
KR0009,현대해상,001450,손해보험,3,이자 부리,2024.1Q,767.1,767.1
KR0009,현대해상,001450,손해보험,4,가정 및 경험 조정,2024.1Q,-1889.8,-1889.8
KR0009,현대해상,001450,손해보험,5,CSM 상각,2024.1Q,-2428.9,-2428.9
KR0009,현대해상,001450,손해보험,6,기말 CSM,2024.1Q,91986.6,91986.6
KR0009,현대해상,001450,손해보험,1,기초 CSM,2024.2Q,91423.7,91986.6
KR0009,현대해상,001450,손해보험,2,신계약 CSM,2024.2Q,8469.3,4354.7
KR0009,현대해상,001450,손해보험,3,이자 부리,2024.2Q,1555.2,788.1
KR0009,현대해상,001450,손해보험,4,가정 및 경험 조정,2024.2Q,-3584.6,-1694.8
KR0009,현대해상,001450,손해보험,5,CSM 상각,2024.2Q,-4862.4,-2433.5
KR0009,현대해상,001450,손해보험,6,기말 CSM,2024.2Q,93001.3,93001.3
KR0009,현대해상,001450,손해보험,1,기초 CSM,2024.3Q,91423.7,93001.3
KR0009,현대해상,001450,손해보험,2,신계약 CSM,2024.3Q,13318.6,4849.3
KR0009,현대해상,001450,손해보험,3,이자 부리,2024.3Q,2381.5,826.3
KR0009,현대해상,001450,손해보험,4,가정 및 경험 조정,2024.3Q,-6083.1,-2498.5
KR0009,현대해상,001450,손해보험,5,CSM 상각,2024.3Q,-7309.1,-2446.7
KR0009,현대해상,001450,손해보험,6,기말 CSM,2024.3Q,93731.6,93731.6
KR0009,현대해상,001450,손해보험,1,기초 CSM,2024.4Q,91422.7,93731.6
KR0009,현대해상,001450,손해보험,2,신계약 CSM,2024.4Q,18278.8,4960.2
KR0009,현대해상,001450,손해보험,3,이자 부리,2024.4Q,3214.6,833.1
KR0009,현대해상,001450,손해보험,4,가정 및 경험 조정,2024.4Q,-20350.2,-14267.1
KR0009,현대해상,001450,손해보험,5,CSM 상각,2024.4Q,-9511.0,-2201.9
KR0009,현대해상,001450,손해보험,6,기말 CSM,2024.4Q,83054.9,83054.9
KR0009,현대해상,001450,손해보험,1,기초 CSM,2025.1Q,83054.9,83054.9
KR0009,현대해상,001450,손해보험,2,신계약 CSM,2025.1Q,4792.5,4792.5
KR0009,현대해상,001450,손해보험,3,이자 부리,2025.1Q,734.0,734.0
KR0009,현대해상,001450,손해보험,4,가정 및 경험 조정,2025.1Q,5450.5,5450.5
KR0009,현대해상,001450,손해보험,5,CSM 상각,2025.1Q,-2383.6,-2383.6
KR0009,현대해상,001450,손해보험,6,기말 CSM,2025.1Q,91648.3,91648.3
KR0009,현대해상,001450,손해보험,1,기초 CSM,2025.2Q,83054.9,91648.3
KR0009,현대해상,001450,손해보험,2,신계약 CSM,2025.2Q,10049.1,5256.6
KR0009,현대해상,001450,손해보험,3,이자 부리,2025.2Q,1537.9,803.9
KR0009,현대해상,001450,손해보험,4,가정 및 경험 조정,2025.2Q,4403.9,-1046.6
KR0009,현대해상,001450,손해보험,5,CSM 상각,2025.2Q,-4818.3,-2434.7
KR0009,현대해상,001450,손해보험,6,기말 CSM,2025.2Q,94227.5,94227.5
KR0009,현대해상,001450,손해보험,1,기초 CSM,2025.3Q,83054.9,94227.5
KR0009,현대해상,001450,손해보험,2,신계약 CSM,2025.3Q,15165.5,5116.4
KR0009,현대해상,001450,손해보험,3,이자 부리,2025.3Q,2348.4,810.5
KR0009,현대해상,001450,손해보험,4,가정 및 경험 조정,2025.3Q,3440.3,-963.6
KR0009,현대해상,001450,손해보험,5,CSM 상각,2025.3Q,-7306.1,-2487.8
KR0009,현대해상,001450,손해보험,6,기말 CSM,2025.3Q,96702.9,96702.9
KR0009,현대해상,001450,손해보험,1,기초 CSM,2025.4Q,83054.9,96702.9
KR0009,현대해상,001450,손해보험,2,신계약 CSM,2025.4Q,20375.6,5210.1
KR0009,현대해상,001450,손해보험,3,이자 부리,2025.4Q,3177.3,828.9
KR0009,현대해상,001450,손해보험,4,가정 및 경험 조정,2025.4Q,-7190.3,-10630.6
KR0009,현대해상,001450,손해보험,5,CSM 상각,2025.4Q,-9639.0,-2332.9
KR0009,현대해상,001450,손해보험,6,기말 CSM,2025.4Q,89778.4,89778.4
KR0009,현대해상,001450,손해보험,1,기초 CSM,2026.1Q,89778.4,89778.4
KR0009,현대해상,001450,손해보험,2,신계약 CSM,2026.1Q,4708.3,4708.3
KR0009,현대해상,001450,손해보험,3,이자 부리,2026.1Q,765.1,765.1
KR0009,현대해상,001450,손해보험,4,가정 및 경험 조정,2026.1Q,-354.7,-354.7
KR0009,현대해상,001450,손해보험,5,CSM 상각,2026.1Q,-2412.5,-2412.5
KR0009,현대해상,001450,손해보험,6,기말 CSM,2026.1Q,92484.6,92484.6
KR0009,현대해상,001450,손해보험,1,기초 CSM,2026.2Q,89778.4,92484.6
KR0009,현대해상,001450,손해보험,2,신계약 CSM,2026.2Q,9508.7,4800.4
KR0009,현대해상,001450,손해보험,3,이자 부리,2026.2Q,1550.7,785.6
KR0009,현대해상,001450,손해보험,4,가정 및 경험 조정,2026.2Q,3220.8,3575.5
KR0009,현대해상,001450,손해보험,5,CSM 상각,2026.2Q,-5004.1,-2591.6
KR0009,현대해상,001450,손해보험,6,기말 CSM,2026.2Q,99054.5,99054.5
KR0010,KB손해보험,002550,손해보험,1,기초 CSM,2023.1Q,79451.8,79451.8
KR0010,KB손해보험,002550,손해보험,2,신계약 CSM,2023.1Q,4152.3,4152.3
KR0010,KB손해보험,002550,손해보험,3,이자 부리,2023.1Q,654.4,654.4
KR0010,KB손해보험,002550,손해보험,4,가정 및 경험 조정,2023.1Q,-388.9,-388.9
KR0010,KB손해보험,002550,손해보험,5,CSM 상각,2023.1Q,-1971.2,-1971.2
KR0010,KB손해보험,002550,손해보험,6,기말 CSM,2023.1Q,81898.4,81898.4
KR0010,KB손해보험,002550,손해보험,1,기초 CSM,2023.2Q,79451.8,81898.4
KR0010,KB손해보험,002550,손해보험,2,신계약 CSM,2023.2Q,8733.4,4581.1
KR0010,KB손해보험,002550,손해보험,3,이자 부리,2023.2Q,1350.6,696.2
KR0010,KB손해보험,002550,손해보험,4,가정 및 경험 조정,2023.2Q,-1502.5,-1113.6
KR0010,KB손해보험,002550,손해보험,5,CSM 상각,2023.2Q,-3987.5,-2016.3
KR0010,KB손해보험,002550,손해보험,6,기말 CSM,2023.2Q,84045.8,84045.8
KR0010,KB손해보험,002550,손해보험,1,기초 CSM,2023.3Q,79451.8,84045.8
KR0010,KB손해보험,002550,손해보험,2,신계약 CSM,2023.3Q,13987.2,5253.8
KR0010,KB손해보험,002550,손해보험,3,이자 부리,2023.3Q,2090.0,739.4
KR0010,KB손해보험,002550,손해보험,4,가정 및 경험 조정,2023.3Q,2441.4,3943.9
KR0010,KB손해보험,002550,손해보험,5,CSM 상각,2023.3Q,-6127.2,-2139.7
KR0010,KB손해보험,002550,손해보험,6,기말 CSM,2023.3Q,91843.2,91843.2
KR0010,KB손해보험,002550,손해보험,1,기초 CSM,2023.4Q,79451.8,91843.2
KR0010,KB손해보험,002550,손해보험,2,신계약 CSM,2023.4Q,18369.7,4382.5
KR0010,KB손해보험,002550,손해보험,3,이자 부리,2023.4Q,2909.7,819.7
KR0010,KB손해보험,002550,손해보험,4,가정 및 경험 조정,2023.4Q,-7431.0,-9872.4
KR0010,KB손해보험,002550,손해보험,5,CSM 상각,2023.4Q,-8120.9,-1993.7
KR0010,KB손해보험,002550,손해보험,6,기말 CSM,2023.4Q,85179.2,85179.2
KR0010,KB손해보험,002550,손해보험,1,기초 CSM,2024.1Q,85179.2,85179.2
KR0010,KB손해보험,002550,손해보험,2,신계약 CSM,2024.1Q,4484.9,4484.9
KR0010,KB손해보험,002550,손해보험,3,이자 부리,2024.1Q,771.8,771.8
KR0010,KB손해보험,002550,손해보험,4,가정 및 경험 조정,2024.1Q,745.2,745.2
KR0010,KB손해보험,002550,손해보험,5,CSM 상각,2024.1Q,-2151.6,-2151.6
KR0010,KB손해보험,002550,손해보험,6,기말 CSM,2024.1Q,89029.5,89029.5
KR0010,KB손해보험,002550,손해보험,1,기초 CSM,2024.2Q,85179.2,89029.5
KR0010,KB손해보험,002550,손해보험,2,신계약 CSM,2024.2Q,9015.2,4530.3
KR0010,KB손해보험,002550,손해보험,3,이자 부리,2024.2Q,1587.7,815.9
KR0010,KB손해보험,002550,손해보험,4,가정 및 경험 조정,2024.2Q,-653.1,-1398.3
KR0010,KB손해보험,002550,손해보험,5,CSM 상각,2024.2Q,-4270.7,-2119.1
KR0010,KB손해보험,002550,손해보험,6,기말 CSM,2024.2Q,90858.3,90858.3
KR0010,KB손해보험,002550,손해보험,1,기초 CSM,2024.3Q,85179.2,90858.3
KR0010,KB손해보험,002550,손해보험,2,신계약 CSM,2024.3Q,13807.4,4792.2
KR0010,KB손해보험,002550,손해보험,3,이자 부리,2024.3Q,2430.7,843.0
KR0010,KB손해보험,002550,손해보험,4,가정 및 경험 조정,2024.3Q,-1918.1,-1265.0
KR0010,KB손해보험,002550,손해보험,5,CSM 상각,2024.3Q,-6448.7,-2178.0
KR0010,KB손해보험,002550,손해보험,6,기말 CSM,2024.3Q,93050.5,93050.5
KR0010,KB손해보험,002550,손해보험,1,기초 CSM,2024.4Q,85179.2,93050.5
KR0010,KB손해보험,002550,손해보험,2,신계약 CSM,2024.4Q,19323.2,5515.8
KR0010,KB손해보험,002550,손해보험,3,이자 부리,2024.4Q,3299.8,869.1
KR0010,KB손해보험,002550,손해보험,4,가정 및 경험 조정,2024.4Q,-11220.8,-9302.7
KR0010,KB손해보험,002550,손해보험,5,CSM 상각,2024.4Q,-8376.6,-1927.9
KR0010,KB손해보험,002550,손해보험,6,기말 CSM,2024.4Q,88204.8,88204.8
KR0010,KB손해보험,002550,손해보험,1,기초 CSM,2025.1Q,88204.8,88204.8
KR0010,KB손해보험,002550,손해보험,2,신계약 CSM,2025.1Q,3879.7,3879.7
KR0010,KB손해보험,002550,손해보험,3,이자 부리,2025.1Q,805.5,805.5
KR0010,KB손해보험,002550,손해보험,4,가정 및 경험 조정,2025.1Q,-1502.0,-1502.0
KR0010,KB손해보험,002550,손해보험,5,CSM 상각,2025.1Q,-2132.1,-2132.1
KR0010,KB손해보험,002550,손해보험,6,기말 CSM,2025.1Q,89255.9,89255.9
KR0010,KB손해보험,002550,손해보험,1,기초 CSM,2025.2Q,88204.8,89255.9
KR0010,KB손해보험,002550,손해보험,2,신계약 CSM,2025.2Q,8142.3,4262.6
KR0010,KB손해보험,002550,손해보험,3,이자 부리,2025.2Q,1623.5,818.0
KR0010,KB손해보험,002550,손해보험,4,가정 및 경험 조정,2025.2Q,-1554.8,-52.8
KR0010,KB손해보험,002550,손해보험,5,CSM 상각,2025.2Q,-4239.6,-2107.5
KR0010,KB손해보험,002550,손해보험,6,기말 CSM,2025.2Q,92176.1,92176.1
KR0010,KB손해보험,002550,손해보험,1,기초 CSM,2025.3Q,88204.8,92176.1
KR0010,KB손해보험,002550,손해보험,2,신계약 CSM,2025.3Q,12809.3,4667.0
KR0010,KB손해보험,002550,손해보험,3,이자 부리,2025.3Q,2465.1,841.6
KR0010,KB손해보험,002550,손해보험,4,가정 및 경험 조정,2025.3Q,-3128.4,-1573.6
KR0010,KB손해보험,002550,손해보험,5,CSM 상각,2025.3Q,-6412.3,-2172.7
KR0010,KB손해보험,002550,손해보험,6,기말 CSM,2025.3Q,93938.6,93938.6
KR0010,KB손해보험,002550,손해보험,1,기초 CSM,2025.4Q,88204.8,93938.6
KR0010,KB손해보험,002550,손해보험,2,신계약 CSM,2025.4Q,17418.6,4609.3
KR0010,KB손해보험,002550,손해보험,3,이자 부리,2025.4Q,3320.5,855.4
KR0010,KB손해보험,002550,손해보험,4,가정 및 경험 조정,2025.4Q,-7559.2,-4430.8
KR0010,KB손해보험,002550,손해보험,5,CSM 상각,2025.4Q,-8534.4,-2122.1
KR0010,KB손해보험,002550,손해보험,6,기말 CSM,2025.4Q,92850.3,92850.3
KR0010,KB손해보험,002550,손해보험,1,기초 CSM,2026.1Q,92850.3,92850.3
KR0010,KB손해보험,002550,손해보험,2,신계약 CSM,2026.1Q,4218.2,4218.2
KR0010,KB손해보험,002550,손해보험,3,이자 부리,2026.1Q,833.3,833.3
KR0010,KB손해보험,002550,손해보험,4,가정 및 경험 조정,2026.1Q,-983.2,-983.2
KR0010,KB손해보험,002550,손해보험,5,CSM 상각,2026.1Q,-2143.1,-2143.1
KR0010,KB손해보험,002550,손해보험,6,기말 CSM,2026.1Q,94775.6,94775.6
KR0010,KB손해보험,002550,손해보험,1,기초 CSM,2026.2Q,92850.3,94775.6
KR0010,KB손해보험,002550,손해보험,2,신계약 CSM,2026.2Q,8226.2,4008.0
KR0010,KB손해보험,002550,손해보험,3,이자 부리,2026.2Q,1687.1,853.8
KR0010,KB손해보험,002550,손해보험,4,가정 및 경험 조정,2026.2Q,8980.1,9963.3
KR0010,KB손해보험,002550,손해보험,5,CSM 상각,2026.2Q,-4527.3,-2384.2
KR0010,KB손해보험,002550,손해보험,6,기말 CSM,2026.2Q,107216.4,107216.4
KR0011,DB손해보험,005830,손해보험,1,기초 CSM,2023.1Q,116434.9,116434.9
KR0011,DB손해보험,005830,손해보험,2,신계약 CSM,2023.1Q,6766.2,6766.2
KR0011,DB손해보험,005830,손해보험,3,이자 부리,2023.1Q,819.9,819.9
KR0011,DB손해보험,005830,손해보험,4,가정 및 경험 조정,2023.1Q,-2237.4,-2237.4
KR0011,DB손해보험,005830,손해보험,5,CSM 상각,2023.1Q,-3118.5,-3118.5
KR0011,DB손해보험,005830,손해보험,6,기말 CSM,2023.1Q,118665.1,118665.1
KR0011,DB손해보험,005830,손해보험,1,기초 CSM,2023.2Q,116434.9,118665.1
KR0011,DB손해보험,005830,손해보험,2,신계약 CSM,2023.2Q,13250.2,6484.0
KR0011,DB손해보험,005830,손해보험,3,이자 부리,2023.2Q,1712.2,892.3
KR0011,DB손해보험,005830,손해보험,4,가정 및 경험 조정,2023.2Q,-4467.2,-2229.8
KR0011,DB손해보험,005830,손해보험,5,CSM 상각,2023.2Q,-6193.4,-3074.9
KR0011,DB손해보험,005830,손해보험,6,기말 CSM,2023.2Q,120736.7,120736.7
KR0011,DB손해보험,005830,손해보험,1,기초 CSM,2023.3Q,116434.9,120736.7
KR0011,DB손해보험,005830,손해보험,2,신계약 CSM,2023.3Q,21060.1,7809.9
KR0011,DB손해보험,005830,손해보험,3,이자 부리,2023.3Q,2649.1,936.9
KR0011,DB손해보험,005830,손해보험,4,가정 및 경험 조정,2023.3Q,-6253.2,-1786.0
KR0011,DB손해보험,005830,손해보험,5,CSM 상각,2023.3Q,-9357.9,-3164.5
KR0011,DB손해보험,005830,손해보험,6,기말 CSM,2023.3Q,124533.0,124533.0
KR0011,DB손해보험,005830,손해보험,1,기초 CSM,2023.4Q,116434.9,124533.0
KR0011,DB손해보험,005830,손해보험,2,신계약 CSM,2023.4Q,28261.2,7201.1
KR0011,DB손해보험,005830,손해보험,3,이자 부리,2023.4Q,3644.0,994.9
KR0011,DB손해보험,005830,손해보험,4,가정 및 경험 조정,2023.4Q,-14196.8,-7943.6
KR0011,DB손해보험,005830,손해보험,5,CSM 상각,2023.4Q,-12619.3,-3261.4
KR0011,DB손해보험,005830,손해보험,6,기말 CSM,2023.4Q,121524.1,121524.1
KR0011,DB손해보험,005830,손해보험,1,기초 CSM,2024.1Q,121524.1,121524.1
KR0011,DB손해보험,005830,손해보험,2,신계약 CSM,2024.1Q,7175.2,7175.2
KR0011,DB손해보험,005830,손해보험,3,이자 부리,2024.1Q,1022.7,1022.7
KR0011,DB손해보험,005830,손해보험,4,가정 및 경험 조정,2024.1Q,-2058.6,-2058.6
KR0011,DB손해보험,005830,손해보험,5,CSM 상각,2024.1Q,-3223.7,-3223.7
KR0011,DB손해보험,005830,손해보험,6,기말 CSM,2024.1Q,124439.7,124439.7
KR0011,DB손해보험,005830,손해보험,1,기초 CSM,2024.2Q,121524.1,124439.7
KR0011,DB손해보험,005830,손해보험,2,신계약 CSM,2024.2Q,14060.6,6885.4
KR0011,DB손해보험,005830,손해보험,3,이자 부리,2024.2Q,2096.7,1074.0
KR0011,DB손해보험,005830,손해보험,4,가정 및 경험 조정,2024.2Q,-1696.4,362.2
KR0011,DB손해보험,005830,손해보험,5,CSM 상각,2024.2Q,-6539.5,-3315.8
KR0011,DB손해보험,005830,손해보험,6,기말 CSM,2024.2Q,129445.5,129445.5
KR0011,DB손해보험,005830,손해보험,1,기초 CSM,2024.3Q,121524.1,129445.5
KR0011,DB손해보험,005830,손해보험,2,신계약 CSM,2024.3Q,21814.8,7754.2
KR0011,DB손해보험,005830,손해보험,3,이자 부리,2024.3Q,3236.1,1139.4
KR0011,DB손해보험,005830,손해보험,4,가정 및 경험 조정,2024.3Q,-4922.9,-3226.5
KR0011,DB손해보험,005830,손해보험,5,CSM 상각,2024.3Q,-9903.4,-3363.9
KR0011,DB손해보험,005830,손해보험,6,기말 CSM,2024.3Q,131748.6,131748.6
KR0011,DB손해보험,005830,손해보험,1,기초 CSM,2024.4Q,121524.1,131748.6
KR0011,DB손해보험,005830,손해보험,2,신계약 CSM,2024.4Q,30780.4,8965.6
KR0011,DB손해보험,005830,손해보험,3,이자 부리,2024.4Q,4406.7,1170.6
KR0011,DB손해보험,005830,손해보험,4,가정 및 경험 조정,2024.4Q,-21418.5,-16495.6
KR0011,DB손해보험,005830,손해보험,5,CSM 상각,2024.4Q,-12975.1,-3071.7
KR0011,DB손해보험,005830,손해보험,6,기말 CSM,2024.4Q,122317.6,122317.6
KR0011,DB손해보험,005830,손해보험,1,기초 CSM,2025.1Q,122317.6,122317.6
KR0011,DB손해보험,005830,손해보험,2,신계약 CSM,2025.1Q,7070.2,7070.2
KR0011,DB손해보험,005830,손해보험,3,이자 부리,2025.1Q,1058.2,1058.2
KR0011,DB손해보험,005830,손해보험,4,가정 및 경험 조정,2025.1Q,1473.1,1473.1
KR0011,DB손해보험,005830,손해보험,5,CSM 상각,2025.1Q,-3225.9,-3225.9
KR0011,DB손해보험,005830,손해보험,6,기말 CSM,2025.1Q,128693.2,128693.2
KR0011,DB손해보험,005830,손해보험,1,기초 CSM,2025.2Q,122317.6,128693.2
KR0011,DB손해보험,005830,손해보험,2,신계약 CSM,2025.2Q,14998.7,7928.5
KR0011,DB손해보험,005830,손해보험,3,이자 부리,2025.2Q,2172.0,1113.8
KR0011,DB손해보험,005830,손해보험,4,가정 및 경험 조정,2025.2Q,-685.3,-2158.4
KR0011,DB손해보험,005830,손해보험,5,CSM 상각,2025.2Q,-6489.4,-3263.5
KR0011,DB손해보험,005830,손해보험,6,기말 CSM,2025.2Q,132313.7,132313.7
KR0011,DB손해보험,005830,손해보험,1,기초 CSM,2025.3Q,122317.6,132313.7
KR0011,DB손해보험,005830,손해보험,2,신계약 CSM,2025.3Q,22236.3,7237.6
KR0011,DB손해보험,005830,손해보험,3,이자 부리,2025.3Q,3298.0,1126.0
KR0011,DB손해보험,005830,손해보험,4,가정 및 경험 조정,2025.3Q,-3426.3,-2741.0
KR0011,DB손해보험,005830,손해보험,5,CSM 상각,2025.3Q,-9789.3,-3299.9
KR0011,DB손해보험,005830,손해보험,6,기말 CSM,2025.3Q,134636.4,134636.4
KR0011,DB손해보험,005830,손해보험,1,기초 CSM,2025.4Q,122317.6,134636.4
KR0011,DB손해보험,005830,손해보험,2,신계약 CSM,2025.4Q,29326.9,7090.6
KR0011,DB손해보험,005830,손해보험,3,이자 부리,2025.4Q,4434.4,1136.4
KR0011,DB손해보험,005830,손해보험,4,가정 및 경험 조정,2025.4Q,-21174.7,-17748.4
KR0011,DB손해보험,005830,손해보험,5,CSM 상각,2025.4Q,-12850.8,-3061.5
KR0011,DB손해보험,005830,손해보험,6,기말 CSM,2025.4Q,122053.4,122053.4
KR0011,DB손해보험,005830,손해보험,1,기초 CSM,2026.1Q,122053.4,122053.4
KR0011,DB손해보험,005830,손해보험,2,신계약 CSM,2026.1Q,6245.9,6245.9
KR0011,DB손해보험,005830,손해보험,3,이자 부리,2026.1Q,1010.0,1010.0
KR0011,DB손해보험,005830,손해보험,4,가정 및 경험 조정,2026.1Q,2129.8,2129.8
KR0011,DB손해보험,005830,손해보험,5,CSM 상각,2026.1Q,-3216.8,-3216.8
KR0011,DB손해보험,005830,손해보험,6,기말 CSM,2026.1Q,128222.3,128222.3
KR0011,DB손해보험,005830,손해보험,1,기초 CSM,2026.2Q,122053.4,128222.3
KR0011,DB손해보험,005830,손해보험,2,신계약 CSM,2026.2Q,12106.6,5860.7
KR0011,DB손해보험,005830,손해보험,3,이자 부리,2026.2Q,2061.4,1051.4
KR0011,DB손해보험,005830,손해보험,4,가정 및 경험 조정,2026.2Q,-1912.2,-4042.0
KR0011,DB손해보험,005830,손해보험,5,CSM 상각,2026.2Q,-6368.5,-3151.7
KR0011,DB손해보험,005830,손해보험,6,기말 CSM,2026.2Q,127940.8,127940.8
KR0029,AIG손해보험,X,손해보험,1,기초 CSM,2023.4Q,2659.2,
KR0029,AIG손해보험,X,손해보험,2,신계약 CSM,2023.4Q,636.1,
KR0029,AIG손해보험,X,손해보험,3,이자 부리,2023.4Q,88.4,
KR0029,AIG손해보험,X,손해보험,4,가정 및 경험 조정,2023.4Q,-1607.2,
KR0029,AIG손해보험,X,손해보험,5,CSM 상각,2023.4Q,-227.6,
KR0029,AIG손해보험,X,손해보험,6,기말 CSM,2023.4Q,1548.8,1548.8
KR0029,AIG손해보험,X,손해보험,1,기초 CSM,2024.4Q,1548.8,
KR0029,AIG손해보험,X,손해보험,2,신계약 CSM,2024.4Q,443.8,
KR0029,AIG손해보험,X,손해보험,3,이자 부리,2024.4Q,61.3,
KR0029,AIG손해보험,X,손해보험,4,가정 및 경험 조정,2024.4Q,-991.8,
KR0029,AIG손해보험,X,손해보험,5,CSM 상각,2024.4Q,-139.4,
KR0029,AIG손해보험,X,손해보험,6,기말 CSM,2024.4Q,922.7,922.7
KR0029,AIG손해보험,X,손해보험,1,기초 CSM,2025.4Q,922.67849,
KR0029,AIG손해보험,X,손해보험,2,신계약 CSM,2025.4Q,986.82564,
KR0029,AIG손해보험,X,손해보험,3,이자 부리,2025.4Q,45.81277,
KR0029,AIG손해보험,X,손해보험,4,가정 및 경험 조정,2025.4Q,-904.20562,
KR0029,AIG손해보험,X,손해보험,5,CSM 상각,2025.4Q,-123.03631,
KR0029,AIG손해보험,X,손해보험,6,기말 CSM,2025.4Q,928.07497,928.07497
KR0032,NH농협손해보험,X,손해보험,1,기초 CSM,2023.1Q,21060.1,21060.1
KR0032,NH농협손해보험,X,손해보험,2,신계약 CSM,2023.1Q,818.3,818.3
KR0032,NH농협손해보험,X,손해보험,3,이자 부리,2023.1Q,211.7,211.7
KR0032,NH농협손해보험,X,손해보험,4,가정 및 경험 조정,2023.1Q,-178.7,-178.7
KR0032,NH농협손해보험,X,손해보험,5,CSM 상각,2023.1Q,-604.6,-604.6
KR0032,NH농협손해보험,X,손해보험,6,기말 CSM,2023.1Q,21306.7,21306.7
KR0032,NH농협손해보험,X,손해보험,1,기초 CSM,2023.2Q,21060.1,21306.7
KR0032,NH농협손해보험,X,손해보험,2,신계약 CSM,2023.2Q,1770.8,952.5
KR0032,NH농협손해보험,X,손해보험,3,이자 부리,2023.2Q,428.7,217.0
KR0032,NH농협손해보험,X,손해보험,4,가정 및 경험 조정,2023.2Q,-1223.5,-1044.8
KR0032,NH농협손해보험,X,손해보험,5,CSM 상각,2023.2Q,-1202.2,-597.6
KR0032,NH농협손해보험,X,손해보험,6,기말 CSM,2023.2Q,20833.8,20833.8
KR0032,NH농협손해보험,X,손해보험,1,기초 CSM,2023.3Q,21060.1,20833.8
KR0032,NH농협손해보험,X,손해보험,2,신계약 CSM,2023.3Q,2698.7,927.9
KR0032,NH농협손해보험,X,손해보험,3,이자 부리,2023.3Q,643.1,214.4
KR0032,NH농협손해보험,X,손해보험,4,가정 및 경험 조정,2023.3Q,-1888.2,-664.7
KR0032,NH농협손해보험,X,손해보험,5,CSM 상각,2023.3Q,-1798.8,-596.6
KR0032,NH농협손해보험,X,손해보험,6,기말 CSM,2023.3Q,20714.9,20714.9
KR0032,NH농협손해보험,X,손해보험,1,기초 CSM,2023.4Q,21060.1,20714.9
KR0032,NH농협손해보험,X,손해보험,2,신계약 CSM,2023.4Q,3551.8,853.1
KR0032,NH농협손해보험,X,손해보험,3,이자 부리,2023.4Q,858.2,215.1
KR0032,NH농협손해보험,X,손해보험,4,가정 및 경험 조정,2023.4Q,-2525.2,-637.0
KR0032,NH농협손해보험,X,손해보험,5,CSM 상각,2023.4Q,-2393.3,-594.5
KR0032,NH농협손해보험,X,손해보험,6,기말 CSM,2023.4Q,20551.5,20551.5
KR0032,NH농협손해보험,X,손해보험,1,기초 CSM,2024.1Q,20551.5,20551.5
KR0032,NH농협손해보험,X,손해보험,2,신계약 CSM,2024.1Q,1059.0,1059.0
KR0032,NH농협손해보험,X,손해보험,3,이자 부리,2024.1Q,215.3,215.3
KR0032,NH농협손해보험,X,손해보험,4,가정 및 경험 조정,2024.1Q,800.4,800.4
KR0032,NH농협손해보험,X,손해보험,5,CSM 상각,2024.1Q,-653.0,-653.0
KR0032,NH농협손해보험,X,손해보험,6,기말 CSM,2024.1Q,21973.2,21973.2
KR0032,NH농협손해보험,X,손해보험,1,기초 CSM,2024.2Q,20551.5,21973.2
KR0032,NH농협손해보험,X,손해보험,2,신계약 CSM,2024.2Q,1793.1,734.1
KR0032,NH농협손해보험,X,손해보험,3,이자 부리,2024.2Q,442.7,227.4
KR0032,NH농협손해보험,X,손해보험,4,가정 및 경험 조정,2024.2Q,-75.7,-876.1
KR0032,NH농협손해보험,X,손해보험,5,CSM 상각,2024.2Q,-1286.7,-633.7
KR0032,NH농협손해보험,X,손해보험,6,기말 CSM,2024.2Q,21425.0,21425.0
KR0032,NH농협손해보험,X,손해보험,1,기초 CSM,2024.3Q,20551.5,21425.0
KR0032,NH농협손해보험,X,손해보험,2,신계약 CSM,2024.3Q,2291.8,498.7
KR0032,NH농협손해보험,X,손해보험,3,이자 부리,2024.3Q,663.0,220.3
KR0032,NH농협손해보험,X,손해보험,4,가정 및 경험 조정,2024.3Q,-383.0,-307.3
KR0032,NH농협손해보험,X,손해보험,5,CSM 상각,2024.3Q,-1920.0,-633.3
KR0032,NH농협손해보험,X,손해보험,6,기말 CSM,2024.3Q,21203.3,21203.3
KR0032,NH농협손해보험,X,손해보험,1,기초 CSM,2024.4Q,20551.5,21203.3
KR0032,NH농협손해보험,X,손해보험,2,신계약 CSM,2024.4Q,2713.6,421.8
KR0032,NH농협손해보험,X,손해보험,3,이자 부리,2024.4Q,880.0,217.0
KR0032,NH농협손해보험,X,손해보험,4,가정 및 경험 조정,2024.4Q,-6593.9,-6210.9
KR0032,NH농협손해보험,X,손해보험,5,CSM 상각,2024.4Q,-2419.1,-499.1
KR0032,NH농협손해보험,X,손해보험,6,기말 CSM,2024.4Q,15132.3,15132.3
KR0032,NH농협손해보험,X,손해보험,1,기초 CSM,2025.1Q,15132.3,15132.3
KR0032,NH농협손해보험,X,손해보험,2,신계약 CSM,2025.1Q,698.3,698.3
KR0032,NH농협손해보험,X,손해보험,3,이자 부리,2025.1Q,154.9,154.9
KR0032,NH농협손해보험,X,손해보험,4,가정 및 경험 조정,2025.1Q,332.6,332.6
KR0032,NH농협손해보험,X,손해보험,5,CSM 상각,2025.1Q,-490.9,-490.9
KR0032,NH농협손해보험,X,손해보험,6,기말 CSM,2025.1Q,15827.2,15827.2
KR0032,NH농협손해보험,X,손해보험,1,기초 CSM,2025.2Q,15132.3,15827.2
KR0032,NH농협손해보험,X,손해보험,2,신계약 CSM,2025.2Q,1179.5,481.2
KR0032,NH농협손해보험,X,손해보험,3,이자 부리,2025.2Q,316.0,161.1
KR0032,NH농협손해보험,X,손해보험,4,가정 및 경험 조정,2025.2Q,269.9,-62.7
KR0032,NH농협손해보험,X,손해보험,5,CSM 상각,2025.2Q,-988.5,-497.6
KR0032,NH농협손해보험,X,손해보험,6,기말 CSM,2025.2Q,15909.3,15909.3
KR0032,NH농협손해보험,X,손해보험,1,기초 CSM,2025.3Q,15132.3,15909.3
KR0032,NH농협손해보험,X,손해보험,2,신계약 CSM,2025.3Q,1769.5,590.0
KR0032,NH농협손해보험,X,손해보험,3,이자 부리,2025.3Q,478.3,162.3
KR0032,NH농협손해보험,X,손해보험,4,가정 및 경험 조정,2025.3Q,378.7,108.8
KR0032,NH농협손해보험,X,손해보험,5,CSM 상각,2025.3Q,-1503.6,-515.1
KR0032,NH농협손해보험,X,손해보험,6,기말 CSM,2025.3Q,16255.2,16255.2
KR0032,NH농협손해보험,X,손해보험,1,기초 CSM,2025.4Q,15132.3,16255.2
KR0032,NH농협손해보험,X,손해보험,2,신계약 CSM,2025.4Q,2327.1,557.6
KR0032,NH농협손해보험,X,손해보험,3,이자 부리,2025.4Q,642.6,164.3
KR0032,NH농협손해보험,X,손해보험,4,가정 및 경험 조정,2025.4Q,-157.3,-536.0
KR0032,NH농협손해보험,X,손해보험,5,CSM 상각,2025.4Q,-1995.5,-491.9
KR0032,NH농협손해보험,X,손해보험,6,기말 CSM,2025.4Q,15949.2,15949.2
KR0032,NH농협손해보험,X,손해보험,1,기초 CSM,2026.1Q,15949.2,15949.2
KR0032,NH농협손해보험,X,손해보험,2,신계약 CSM,2026.1Q,1163.0,1163.0
KR0032,NH농협손해보험,X,손해보험,3,이자 부리,2026.1Q,166.2,166.2
KR0032,NH농협손해보험,X,손해보험,4,가정 및 경험 조정,2026.1Q,-100.2,-100.2
KR0032,NH농협손해보험,X,손해보험,5,CSM 상각,2026.1Q,-507.5,-507.5
KR0032,NH농협손해보험,X,손해보험,6,기말 CSM,2026.1Q,16670.8,16670.8
KR0032,NH농협손해보험,X,손해보험,1,기초 CSM,2026.2Q,15949.2,16670.8
KR0032,NH농협손해보험,X,손해보험,2,신계약 CSM,2026.2Q,1998.8,835.8
KR0032,NH농협손해보험,X,손해보험,3,이자 부리,2026.2Q,338.6,172.4
KR0032,NH농협손해보험,X,손해보험,4,가정 및 경험 조정,2026.2Q,-486.5,-386.3
KR0032,NH농협손해보험,X,손해보험,5,CSM 상각,2026.2Q,-1011.3,-503.8
KR0032,NH농협손해보험,X,손해보험,6,기말 CSM,2026.2Q,16788.7,16788.7
KR0049,악사손해보험,X,손해보험,1,기초 CSM,2023.4Q,1172.1,
KR0049,악사손해보험,X,손해보험,2,신계약 CSM,2023.4Q,534.8,
KR0049,악사손해보험,X,손해보험,3,이자 부리,2023.4Q,52.9,
KR0049,악사손해보험,X,손해보험,4,가정 및 경험 조정,2023.4Q,-353.8,
KR0049,악사손해보험,X,손해보험,5,CSM 상각,2023.4Q,-222.7,
KR0049,악사손해보험,X,손해보험,6,기말 CSM,2023.4Q,1183.2,1183.2
KR0049,악사손해보험,X,손해보험,1,기초 CSM,2024.4Q,1183.2,
KR0049,악사손해보험,X,손해보험,2,신계약 CSM,2024.4Q,528.2,
KR0049,악사손해보험,X,손해보험,3,이자 부리,2024.4Q,60.8,
KR0049,악사손해보험,X,손해보험,4,가정 및 경험 조정,2024.4Q,377.5,
KR0049,악사손해보험,X,손해보험,5,CSM 상각,2024.4Q,-263.4,
KR0049,악사손해보험,X,손해보험,6,기말 CSM,2024.4Q,1886.2,1886.2
KR0049,악사손해보험,X,손해보험,1,기초 CSM,2025.4Q,1886.2,
KR0049,악사손해보험,X,손해보험,2,신계약 CSM,2025.4Q,505.1,
KR0049,악사손해보험,X,손해보험,3,이자 부리,2025.4Q,79.7,
KR0049,악사손해보험,X,손해보험,4,가정 및 경험 조정,2025.4Q,-490.4,
KR0049,악사손해보험,X,손해보험,5,CSM 상각,2025.4Q,-219.1,
KR0049,악사손해보험,X,손해보험,6,기말 CSM,2025.4Q,1761.5,1761.5
KR0050,하나손해보험,X,손해보험,1,기초 CSM,2023.4Q,1186.3,
KR0050,하나손해보험,X,손해보험,2,신계약 CSM,2023.4Q,623.6,
KR0050,하나손해보험,X,손해보험,3,이자 부리,2023.4Q,,
KR0050,하나손해보험,X,손해보험,4,가정 및 경험 조정,2023.4Q,184.4,
KR0050,하나손해보험,X,손해보험,5,CSM 상각,2023.4Q,-157.0,
KR0050,하나손해보험,X,손해보험,6,기말 CSM,2023.4Q,1837.2,1837.2
KR0050,하나손해보험,X,손해보험,1,기초 CSM,2024.4Q,1837.2,
KR0050,하나손해보험,X,손해보험,2,신계약 CSM,2024.4Q,752.2,
KR0050,하나손해보험,X,손해보험,3,이자 부리,2024.4Q,85.30805,
KR0050,하나손해보험,X,손해보험,4,가정 및 경험 조정,2024.4Q,-640.0080500000001,
KR0050,하나손해보험,X,손해보험,5,CSM 상각,2024.4Q,-199.7,
KR0050,하나손해보험,X,손해보험,6,기말 CSM,2024.4Q,1835.0,1835.0
KR0050,하나손해보험,X,손해보험,1,기초 CSM,2025.4Q,1835.0,
KR0050,하나손해보험,X,손해보험,2,신계약 CSM,2025.4Q,1506.2,
KR0050,하나손해보험,X,손해보험,3,이자 부리,2025.4Q,99.08353,
KR0050,하나손해보험,X,손해보험,4,가정 및 경험 조정,2025.4Q,-419.4377400000001,
KR0050,하나손해보험,X,손해보험,5,CSM 상각,2025.4Q,-218.9,
KR0050,하나손해보험,X,손해보험,6,기말 CSM,2025.4Q,2802.0,2802.0
KR0068,한화생명,088350,생명보험,1,기초 CSM,2023.1Q,96679.3,96679.3
KR0068,한화생명,088350,생명보험,2,신계약 CSM,2023.1Q,5715.6,5715.6
KR0068,한화생명,088350,생명보험,3,이자 부리,2023.1Q,3245.0,3245.0
KR0068,한화생명,088350,생명보험,4,가정 및 경험 조정,2023.1Q,-6372.5,-6372.5
KR0068,한화생명,088350,생명보험,5,CSM 상각,2023.1Q,-2142.2,-2142.2
KR0068,한화생명,088350,생명보험,6,기말 CSM,2023.1Q,97125.1,97125.1
KR0068,한화생명,088350,생명보험,1,기초 CSM,2023.2Q,96679.3,97125.1
KR0068,한화생명,088350,생명보험,2,신계약 CSM,2023.2Q,13592.2,7876.6
KR0068,한화생명,088350,생명보험,3,이자 부리,2023.2Q,4520.1,1275.1
KR0068,한화생명,088350,생명보험,4,가정 및 경험 조정,2023.2Q,-8988.8,-2616.3
KR0068,한화생명,088350,생명보험,5,CSM 상각,2023.2Q,-4635.4,-2493.2
KR0068,한화생명,088350,생명보험,6,기말 CSM,2023.2Q,101167.4,101167.4
KR0068,한화생명,088350,생명보험,1,기초 CSM,2023.3Q,97629.5,101167.4
KR0068,한화생명,088350,생명보험,2,신계약 CSM,2023.3Q,18559.5,4967.3
KR0068,한화생명,088350,생명보험,3,이자 부리,2023.3Q,2919.5,-1600.6
KR0068,한화생명,088350,생명보험,4,가정 및 경험 조정,2023.3Q,-14433.9,-5445.1
KR0068,한화생명,088350,생명보험,5,CSM 상각,2023.3Q,-6683.4,-2048.0
KR0068,한화생명,088350,생명보험,6,기말 CSM,2023.3Q,97991.1,97991.1
KR0068,한화생명,088350,생명보험,1,기초 CSM,2023.4Q,97629.5,97991.1
KR0068,한화생명,088350,생명보험,2,신계약 CSM,2023.4Q,25412.2,6852.7
KR0068,한화생명,088350,생명보험,3,이자 부리,2023.4Q,3528.6,609.1
KR0068,한화생명,088350,생명보험,4,가정 및 경험 조정,2023.4Q,-25308.2,-10874.3
KR0068,한화생명,088350,생명보험,5,CSM 상각,2023.4Q,-8877.1,-2193.7
KR0068,한화생명,088350,생명보험,6,기말 CSM,2023.4Q,92384.9,92384.9
KR0068,한화생명,088350,생명보험,1,기초 CSM,2024.1Q,92384.9,92384.9
KR0068,한화생명,088350,생명보험,2,신계약 CSM,2024.1Q,5154.0,5154.0
KR0068,한화생명,088350,생명보험,3,이자 부리,2024.1Q,844.6,844.6
KR0068,한화생명,088350,생명보험,4,가정 및 경험 조정,2024.1Q,-3744.6,-3744.6
KR0068,한화생명,088350,생명보험,5,CSM 상각,2024.1Q,-2203.0,-2203.0
KR0068,한화생명,088350,생명보험,6,기말 CSM,2024.1Q,92435.9,92435.9
KR0068,한화생명,088350,생명보험,1,기초 CSM,2024.2Q,92384.9,92435.9
KR0068,한화생명,088350,생명보험,2,신계약 CSM,2024.2Q,9964.9,4810.9
KR0068,한화생명,088350,생명보험,3,이자 부리,2024.2Q,1704.1,859.5
KR0068,한화생명,088350,생명보험,4,가정 및 경험 조정,2024.2Q,-8159.3,-4414.7
KR0068,한화생명,088350,생명보험,5,CSM 상각,2024.2Q,-4357.6,-2154.6
KR0068,한화생명,088350,생명보험,6,기말 CSM,2024.2Q,91537.1,91537.1
KR0068,한화생명,088350,생명보험,1,기초 CSM,2024.3Q,92384.9,91537.1
KR0068,한화생명,088350,생명보험,2,신계약 CSM,2024.3Q,15385.3,5420.4
KR0068,한화생명,088350,생명보험,3,이자 부리,2024.3Q,2583.7,879.6
KR0068,한화생명,088350,생명보험,4,가정 및 경험 조정,2024.3Q,-12584.2,-4424.9
KR0068,한화생명,088350,생명보험,5,CSM 상각,2024.3Q,-6472.3,-2114.7
KR0068,한화생명,088350,생명보험,6,기말 CSM,2024.3Q,91297.5,91297.5
KR0068,한화생명,088350,생명보험,1,기초 CSM,2024.4Q,92384.9,91297.5
KR0068,한화생명,088350,생명보험,2,신계약 CSM,2024.4Q,21230.9,5845.6
KR0068,한화생명,088350,생명보험,3,이자 부리,2024.4Q,3500.8,917.1
KR0068,한화생명,088350,생명보험,4,가정 및 경험 조정,2024.4Q,-17506.0,-4921.8
KR0068,한화생명,088350,생명보험,5,CSM 상각,2024.4Q,-8519.2,-2046.9
KR0068,한화생명,088350,생명보험,6,기말 CSM,2024.4Q,91091.4,91091.4
KR0068,한화생명,088350,생명보험,1,기초 CSM,2025.1Q,91091.4,91091.4
KR0068,한화생명,088350,생명보험,2,신계약 CSM,2025.1Q,4881.9,4881.9
KR0068,한화생명,088350,생명보험,3,이자 부리,2025.1Q,886.4,886.4
KR0068,한화생명,088350,생명보험,4,가정 및 경험 조정,2025.1Q,-6216.2,-6216.2
KR0068,한화생명,088350,생명보험,5,CSM 상각,2025.1Q,-1986.4,-1986.4
KR0068,한화생명,088350,생명보험,6,기말 CSM,2025.1Q,88657.1,88657.1
KR0068,한화생명,088350,생명보험,1,기초 CSM,2025.2Q,91091.4,88657.1
KR0068,한화생명,088350,생명보험,2,신계약 CSM,2025.2Q,9255.2,4373.3
KR0068,한화생명,088350,생명보험,3,이자 부리,2025.2Q,1769.7,883.3
KR0068,한화생명,088350,생명보험,4,가정 및 경험 조정,2025.2Q,-9840.5,-3624.3
KR0068,한화생명,088350,생명보험,5,CSM 상각,2025.2Q,-3944.8,-1958.4
KR0068,한화생명,088350,생명보험,6,기말 CSM,2025.2Q,88331.0,88331.0
KR0068,한화생명,088350,생명보험,1,기초 CSM,2025.3Q,91091.4,88331.0
KR0068,한화생명,088350,생명보험,2,신계약 CSM,2025.3Q,14898.1,5642.9
KR0068,한화생명,088350,생명보험,3,이자 부리,2025.3Q,2662.5,892.8
KR0068,한화생명,088350,생명보험,4,가정 및 경험 조정,2025.3Q,-12153.3,-2312.8
KR0068,한화생명,088350,생명보험,5,CSM 상각,2025.3Q,-5904.8,-1960.0
KR0068,한화생명,088350,생명보험,6,기말 CSM,2025.3Q,90594.0,90594.0
KR0068,한화생명,088350,생명보험,1,기초 CSM,2025.4Q,91091.4,90594.0
KR0068,한화생명,088350,생명보험,2,신계약 CSM,2025.4Q,20662.6,5764.5
KR0068,한화생명,088350,생명보험,3,이자 부리,2025.4Q,3577.7,915.2
KR0068,한화생명,088350,생명보험,4,가정 및 경험 조정,2025.4Q,-20322.2,-8168.9
KR0068,한화생명,088350,생명보험,5,CSM 상각,2025.4Q,-7872.9,-1968.1
KR0068,한화생명,088350,생명보험,6,기말 CSM,2025.4Q,87136.5,87136.5
KR0068,한화생명,088350,생명보험,1,기초 CSM,2026.1Q,87136.5,87136.5
KR0068,한화생명,088350,생명보험,2,신계약 CSM,2026.1Q,6109.3,6109.3
KR0068,한화생명,088350,생명보험,3,이자 부리,2026.1Q,885.4,885.4
KR0068,한화생명,088350,생명보험,4,가정 및 경험 조정,2026.1Q,-3007.5,-3007.5
KR0068,한화생명,088350,생명보험,5,CSM 상각,2026.1Q,-1914.4,-1914.4
KR0068,한화생명,088350,생명보험,6,기말 CSM,2026.1Q,89209.4,89209.4
KR0068,한화생명,088350,생명보험,1,기초 CSM,2026.2Q,87136.5,89209.4
KR0068,한화생명,088350,생명보험,2,신계약 CSM,2026.2Q,13001.1,6891.8
KR0068,한화생명,088350,생명보험,3,이자 부리,2026.2Q,1804.5,919.1
KR0068,한화생명,088350,생명보험,4,가정 및 경험 조정,2026.2Q,-8927.2,-5919.7
KR0068,한화생명,088350,생명보험,5,CSM 상각,2026.2Q,-3730.2,-1815.8
KR0068,한화생명,088350,생명보험,6,기말 CSM,2026.2Q,89284.6,89284.6
KR0069,삼성생명보험,032830,생명보험,1,기초 CSM,2023.1Q,107486.9,107486.9
KR0069,삼성생명보험,032830,생명보험,2,신계약 CSM,2023.1Q,8460.4,8460.4
KR0069,삼성생명보험,032830,생명보험,3,이자 부리,2023.1Q,957.9,957.9
KR0069,삼성생명보험,032830,생명보험,4,가정 및 경험 조정,2023.1Q,-525.8,-525.8
KR0069,삼성생명보험,032830,생명보험,5,CSM 상각,2023.1Q,-3336.9,-3336.9
KR0069,삼성생명보험,032830,생명보험,6,기말 CSM,2023.1Q,113042.6,113042.6
KR0069,삼성생명보험,032830,생명보험,1,기초 CSM,2023.2Q,107486.9,113042.6
KR0069,삼성생명보험,032830,생명보험,2,신계약 CSM,2023.2Q,18159.3,9698.9
KR0069,삼성생명보험,032830,생명보험,3,이자 부리,2023.2Q,900.2,-57.7
KR0069,삼성생명보험,032830,생명보험,4,가정 및 경험 조정,2023.2Q,-821.4,-295.6
KR0069,삼성생명보험,032830,생명보험,5,CSM 상각,2023.2Q,-6596.7,-3259.8
KR0069,삼성생명보험,032830,생명보험,6,기말 CSM,2023.2Q,119128.4,119128.4
KR0069,삼성생명보험,032830,생명보험,1,기초 CSM,2023.3Q,107486.9,119128.4
KR0069,삼성생명보험,032830,생명보험,2,신계약 CSM,2023.3Q,27723.7,9564.4
KR0069,삼성생명보험,032830,생명보험,3,이자 부리,2023.3Q,2969.2,2069.0
KR0069,삼성생명보험,032830,생명보험,4,가정 및 경험 조정,2023.3Q,-11219.4,-10398.0
KR0069,삼성생명보험,032830,생명보험,5,CSM 상각,2023.3Q,-9870.9,-3274.2
KR0069,삼성생명보험,032830,생명보험,6,기말 CSM,2023.3Q,117089.5,117089.5
KR0069,삼성생명보험,032830,생명보험,1,기초 CSM,2023.4Q,107486.9,117089.5
KR0069,삼성생명보험,032830,생명보험,2,신계약 CSM,2023.4Q,36281.5,8557.8
KR0069,삼성생명보험,032830,생명보험,3,이자 부리,2023.4Q,4016.2,1047.0
KR0069,삼성생명보험,032830,생명보험,4,가정 및 경험 조정,2023.4Q,-11633.9,-414.5
KR0069,삼성생명보험,032830,생명보험,5,CSM 상각,2023.4Q,-13676.7,-3805.8
KR0069,삼성생명보험,032830,생명보험,6,기말 CSM,2023.4Q,122474.0,122474.0
KR0069,삼성생명보험,032830,생명보험,1,기초 CSM,2024.1Q,122473.7,122473.7
KR0069,삼성생명보험,032830,생명보험,2,신계약 CSM,2024.1Q,8576.0,8576.0
KR0069,삼성생명보험,032830,생명보험,3,이자 부리,2024.1Q,1118.0,1118.0
KR0069,삼성생명보험,032830,생명보험,4,가정 및 경험 조정,2024.1Q,-3610.1,-3610.1
KR0069,삼성생명보험,032830,생명보험,5,CSM 상각,2024.1Q,-3508.8,-3508.8
KR0069,삼성생명보험,032830,생명보험,6,기말 CSM,2024.1Q,125048.8,125048.8
KR0069,삼성생명보험,032830,생명보험,1,기초 CSM,2024.2Q,122473.7,125048.8
KR0069,삼성생명보험,032830,생명보험,2,신계약 CSM,2024.2Q,16460.6,7884.6
KR0069,삼성생명보험,032830,생명보험,3,이자 부리,2024.2Q,2276.4,1158.4
KR0069,삼성생명보험,032830,생명보험,4,가정 및 경험 조정,2024.2Q,-7153.9,-3543.8
KR0069,삼성생명보험,032830,생명보험,5,CSM 상각,2024.2Q,-7081.5,-3572.7
KR0069,삼성생명보험,032830,생명보험,6,기말 CSM,2024.2Q,126975.3,126975.3
KR0069,삼성생명보험,032830,생명보험,1,기초 CSM,2024.3Q,122473.7,126975.3
KR0069,삼성생명보험,032830,생명보험,2,신계약 CSM,2024.3Q,24806.7,8346.1
KR0069,삼성생명보험,032830,생명보험,3,이자 부리,2024.3Q,3431.9,1155.5
KR0069,삼성생명보험,032830,생명보험,4,가정 및 경험 조정,2024.3Q,-10390.0,-3236.1
KR0069,삼성생명보험,032830,생명보험,5,CSM 상각,2024.3Q,-10687.6,-3606.1
KR0069,삼성생명보험,032830,생명보험,6,기말 CSM,2024.3Q,129634.7,129634.7
KR0069,삼성생명보험,032830,생명보험,1,기초 CSM,2024.4Q,122473.7,129634.7
KR0069,삼성생명보험,032830,생명보험,2,신계약 CSM,2024.4Q,32606.0,7799.3
KR0069,삼성생명보험,032830,생명보험,3,이자 부리,2024.4Q,4683.5,1251.6
KR0069,삼성생명보험,032830,생명보험,4,가정 및 경험 조정,2024.4Q,-17047.6,-6657.6
KR0069,삼성생명보험,032830,생명보험,5,CSM 상각,2024.4Q,-13695.4,-3007.8
KR0069,삼성생명보험,032830,생명보험,6,기말 CSM,2024.4Q,129020.2,129020.2
KR0069,삼성생명보험,032830,생명보험,1,기초 CSM,2025.1Q,129020.2,129020.2
KR0069,삼성생명보험,032830,생명보험,2,신계약 CSM,2025.1Q,6577.7,6577.7
KR0069,삼성생명보험,032830,생명보험,3,이자 부리,2025.1Q,1160.5,1160.5
KR0069,삼성생명보험,032830,생명보험,4,가정 및 경험 조정,2025.1Q,-57.2,-57.2
KR0069,삼성생명보험,032830,생명보험,5,CSM 상각,2025.1Q,-3610.8,-3610.8
KR0069,삼성생명보험,032830,생명보험,6,기말 CSM,2025.1Q,133090.5,133090.5
KR0069,삼성생명보험,032830,생명보험,1,기초 CSM,2025.2Q,129020.2,133090.5
KR0069,삼성생명보험,032830,생명보험,2,신계약 CSM,2025.2Q,14263.4,7685.7
KR0069,삼성생명보험,032830,생명보험,3,이자 부리,2025.2Q,2336.4,1175.9
KR0069,삼성생명보험,032830,생명보험,4,가정 및 경험 조정,2025.2Q,-722.7,-665.5
KR0069,삼성생명보험,032830,생명보험,5,CSM 상각,2025.2Q,-7436.6,-3825.8
KR0069,삼성생명보험,032830,생명보험,6,기말 CSM,2025.2Q,137460.7,137460.7
KR0069,삼성생명보험,032830,생명보험,1,기초 CSM,2025.3Q,129020.2,137460.7
KR0069,삼성생명보험,032830,생명보험,2,신계약 CSM,2025.3Q,22977.5,8714.1
KR0069,삼성생명보험,032830,생명보험,3,이자 부리,2025.3Q,3628.5,1292.1
KR0069,삼성생명보험,032830,생명보험,4,가정 및 경험 조정,2025.3Q,-3935.8,-3213.1
KR0069,삼성생명보험,032830,생명보험,5,CSM 상각,2025.3Q,-11220.2,-3783.6
KR0069,삼성생명보험,032830,생명보험,6,기말 CSM,2025.3Q,140470.2,140470.2
KR0069,삼성생명보험,032830,생명보험,1,기초 CSM,2025.4Q,129020.2,140470.2
KR0069,삼성생명보험,032830,생명보험,2,신계약 CSM,2025.4Q,30594.7,7617.2
KR0069,삼성생명보험,032830,생명보험,3,이자 부리,2025.4Q,4937.5,1309.0
KR0069,삼성생명보험,032830,생명보험,4,가정 및 경험 조정,2025.4Q,-17577.8,-13642.0
KR0069,삼성생명보험,032830,생명보험,5,CSM 상각,2025.4Q,-14796.0,-3575.8
KR0069,삼성생명보험,032830,생명보험,6,기말 CSM,2025.4Q,132178.7,132178.7
KR0069,삼성생명보험,032830,생명보험,1,기초 CSM,2026.1Q,132178.7,132178.7
KR0069,삼성생명보험,032830,생명보험,2,신계약 CSM,2026.1Q,8485.7,8485.7
KR0069,삼성생명보험,032830,생명보험,3,이자 부리,2026.1Q,1267.1,1267.1
KR0069,삼성생명보험,032830,생명보험,4,가정 및 경험 조정,2026.1Q,-1785.3,-1785.3
KR0069,삼성생명보험,032830,생명보험,5,CSM 상각,2026.1Q,-3674.0,-3674.0
KR0069,삼성생명보험,032830,생명보험,6,기말 CSM,2026.1Q,136472.1,136472.1
KR0069,삼성생명보험,032830,생명보험,1,기초 CSM,2026.2Q,132178.7,136472.1
KR0069,삼성생명보험,032830,생명보험,2,신계약 CSM,2026.2Q,17174.6,8688.9
KR0069,삼성생명보험,032830,생명보험,3,이자 부리,2026.2Q,2584.6,1317.5
KR0069,삼성생명보험,032830,생명보험,4,가정 및 경험 조정,2026.2Q,-7188.4,-5403.1
KR0069,삼성생명보험,032830,생명보험,5,CSM 상각,2026.2Q,-7336.6,-3662.6
KR0069,삼성생명보험,032830,생명보험,6,기말 CSM,2026.2Q,137413.0,137413.0
KR0070,에이비엘생명보험,X,생명보험,1,기초 CSM,2023.1Q,7017.8,7017.8
KR0070,에이비엘생명보험,X,생명보험,2,신계약 CSM,2023.1Q,604.3,604.3
KR0070,에이비엘생명보험,X,생명보험,3,이자 부리,2023.1Q,0.0,0.0
KR0070,에이비엘생명보험,X,생명보험,4,가정 및 경험 조정,2023.1Q,154.8,154.8
KR0070,에이비엘생명보험,X,생명보험,5,CSM 상각,2023.1Q,-226.6,-226.6
KR0070,에이비엘생명보험,X,생명보험,6,기말 CSM,2023.1Q,7550.3,7550.3
KR0070,에이비엘생명보험,X,생명보험,1,기초 CSM,2023.2Q,7017.8,7550.3
KR0070,에이비엘생명보험,X,생명보험,2,신계약 CSM,2023.2Q,1655.3,1051.0
KR0070,에이비엘생명보험,X,생명보험,3,이자 부리,2023.2Q,128.4,128.4
KR0070,에이비엘생명보험,X,생명보험,4,가정 및 경험 조정,2023.2Q,524.6,369.8
KR0070,에이비엘생명보험,X,생명보험,5,CSM 상각,2023.2Q,-486.2,-259.6
KR0070,에이비엘생명보험,X,생명보험,6,기말 CSM,2023.2Q,8839.9,8839.9
KR0070,에이비엘생명보험,X,생명보험,1,기초 CSM,2023.3Q,7017.8,8839.9
KR0070,에이비엘생명보험,X,생명보험,2,신계약 CSM,2023.3Q,2778.5,1123.2
KR0070,에이비엘생명보험,X,생명보험,3,이자 부리,2023.3Q,211.1,82.7
KR0070,에이비엘생명보험,X,생명보험,4,가정 및 경험 조정,2023.3Q,475.6,-49.0
KR0070,에이비엘생명보험,X,생명보험,5,CSM 상각,2023.3Q,-751.8,-265.6
KR0070,에이비엘생명보험,X,생명보험,6,기말 CSM,2023.3Q,9731.2,9731.2
KR0070,에이비엘생명보험,X,생명보험,1,기초 CSM,2023.4Q,7017.8,9731.2
KR0070,에이비엘생명보험,X,생명보험,2,신계약 CSM,2023.4Q,3475.9,697.4
KR0070,에이비엘생명보험,X,생명보험,3,이자 부리,2023.4Q,280.2,69.1
KR0070,에이비엘생명보험,X,생명보험,4,가정 및 경험 조정,2023.4Q,-1148.8,-1624.4
KR0070,에이비엘생명보험,X,생명보험,5,CSM 상각,2023.4Q,-929.7,-177.9
KR0070,에이비엘생명보험,X,생명보험,6,기말 CSM,2023.4Q,8695.4,8695.4
KR0070,에이비엘생명보험,X,생명보험,1,기초 CSM,2024.1Q,8695.4,8695.4
KR0070,에이비엘생명보험,X,생명보험,2,신계약 CSM,2024.1Q,866.6,866.6
KR0070,에이비엘생명보험,X,생명보험,3,이자 부리,2024.1Q,80.2,80.2
KR0070,에이비엘생명보험,X,생명보험,4,가정 및 경험 조정,2024.1Q,-475.3,-475.3
KR0070,에이비엘생명보험,X,생명보험,5,CSM 상각,2024.1Q,-224.5,-224.5
KR0070,에이비엘생명보험,X,생명보험,6,기말 CSM,2024.1Q,8942.4,8942.4
KR0070,에이비엘생명보험,X,생명보험,1,기초 CSM,2024.2Q,8695.4,8942.4
KR0070,에이비엘생명보험,X,생명보험,2,신계약 CSM,2024.2Q,1389.6,523.0
KR0070,에이비엘생명보험,X,생명보험,3,이자 부리,2024.2Q,164.8,84.6
KR0070,에이비엘생명보험,X,생명보험,4,가정 및 경험 조정,2024.2Q,-615.8,-140.5
KR0070,에이비엘생명보험,X,생명보험,5,CSM 상각,2024.2Q,-449.9,-225.4
KR0070,에이비엘생명보험,X,생명보험,6,기말 CSM,2024.2Q,9184.1,9184.1
KR0070,에이비엘생명보험,X,생명보험,1,기초 CSM,2024.3Q,8695.4,9184.1
KR0070,에이비엘생명보험,X,생명보험,2,신계약 CSM,2024.3Q,1937.6,548.0
KR0070,에이비엘생명보험,X,생명보험,3,이자 부리,2024.3Q,248.2,83.4
KR0070,에이비엘생명보험,X,생명보험,4,가정 및 경험 조정,2024.3Q,-515.2,100.6
KR0070,에이비엘생명보험,X,생명보험,5,CSM 상각,2024.3Q,-667.6,-217.7
KR0070,에이비엘생명보험,X,생명보험,6,기말 CSM,2024.3Q,9698.5,9698.5
KR0070,에이비엘생명보험,X,생명보험,1,기초 CSM,2024.4Q,8695.4,9698.5
KR0070,에이비엘생명보험,X,생명보험,2,신계약 CSM,2024.4Q,2458.4,520.8
KR0070,에이비엘생명보험,X,생명보험,3,이자 부리,2024.4Q,341.4,93.2
KR0070,에이비엘생명보험,X,생명보험,4,가정 및 경험 조정,2024.4Q,-1231.4,-716.2
KR0070,에이비엘생명보험,X,생명보험,5,CSM 상각,2024.4Q,-889.3,-221.7
KR0070,에이비엘생명보험,X,생명보험,6,기말 CSM,2024.4Q,9374.6,9374.6
KR0070,에이비엘생명보험,X,생명보험,1,기초 CSM,2025.1Q,9374.6,9374.6
KR0070,에이비엘생명보험,X,생명보험,2,신계약 CSM,2025.1Q,552.9,552.9
KR0070,에이비엘생명보험,X,생명보험,3,이자 부리,2025.1Q,85.0,85.0
KR0070,에이비엘생명보험,X,생명보험,4,가정 및 경험 조정,2025.1Q,-741.0,-741.0
KR0070,에이비엘생명보험,X,생명보험,5,CSM 상각,2025.1Q,-200.9,-200.9
KR0070,에이비엘생명보험,X,생명보험,6,기말 CSM,2025.1Q,9070.8,9070.8
KR0070,에이비엘생명보험,X,생명보험,1,기초 CSM,2025.2Q,9374.6,9070.8
KR0070,에이비엘생명보험,X,생명보험,2,신계약 CSM,2025.2Q,1182.2,629.3
KR0070,에이비엘생명보험,X,생명보험,3,이자 부리,2025.2Q,165.7,80.7
KR0070,에이비엘생명보험,X,생명보험,4,가정 및 경험 조정,2025.2Q,-1079.2,-338.2
KR0070,에이비엘생명보험,X,생명보험,5,CSM 상각,2025.2Q,-400.8,-199.9
KR0070,에이비엘생명보험,X,생명보험,6,기말 CSM,2025.2Q,9242.5,9242.5
KR0070,에이비엘생명보험,X,생명보험,1,기초 CSM,2025.3Q,9374.6,9242.5
KR0070,에이비엘생명보험,X,생명보험,2,신계약 CSM,2025.3Q,2303.8,1121.6
KR0070,에이비엘생명보험,X,생명보험,3,이자 부리,2025.3Q,256.1,90.4
KR0070,에이비엘생명보험,X,생명보험,4,가정 및 경험 조정,2025.3Q,-1192.0,-112.8
KR0070,에이비엘생명보험,X,생명보험,5,CSM 상각,2025.3Q,-612.1,-211.3
KR0070,에이비엘생명보험,X,생명보험,6,기말 CSM,2025.3Q,10130.5,10130.5
KR0070,에이비엘생명보험,X,생명보험,1,기초 CSM,2025.4Q,9374.6,10130.5
KR0070,에이비엘생명보험,X,생명보험,2,신계약 CSM,2025.4Q,3390.2,1086.4
KR0070,에이비엘생명보험,X,생명보험,3,이자 부리,2025.4Q,353.4,97.3
KR0070,에이비엘생명보험,X,생명보험,4,가정 및 경험 조정,2025.4Q,-2587.7,-1395.7
KR0070,에이비엘생명보험,X,생명보험,5,CSM 상각,2025.4Q,-828.0,-215.9
KR0070,에이비엘생명보험,X,생명보험,6,기말 CSM,2025.4Q,9702.5,9702.5
KR0070,에이비엘생명보험,X,생명보험,1,기초 CSM,2026.1Q,9702.5,9702.5
KR0070,에이비엘생명보험,X,생명보험,2,신계약 CSM,2026.1Q,1177.2,1177.2
KR0070,에이비엘생명보험,X,생명보험,3,이자 부리,2026.1Q,99,99
KR0070,에이비엘생명보험,X,생명보험,4,가정 및 경험 조정,2026.1Q,-432.2,-432.2
KR0070,에이비엘생명보험,X,생명보험,5,CSM 상각,2026.1Q,-236.8,-236.8
KR0070,에이비엘생명보험,X,생명보험,6,기말 CSM,2026.1Q,10309.7,10309.7
KR0070,에이비엘생명보험,X,생명보험,1,기초 CSM,2026.2Q,9702.5,10309.7
KR0070,에이비엘생명보험,X,생명보험,2,신계약 CSM,2026.2Q,1965.7,788.5
KR0070,에이비엘생명보험,X,생명보험,3,이자 부리,2026.2Q,197.8,98.8
KR0070,에이비엘생명보험,X,생명보험,4,가정 및 경험 조정,2026.2Q,-690.5,-258.3
KR0070,에이비엘생명보험,X,생명보험,5,CSM 상각,2026.2Q,-471.4,-234.6
KR0070,에이비엘생명보험,X,생명보험,6,기말 CSM,2026.2Q,10704.1,10704.1
KR0071,흥국생명보험,X,생명보험,1,기초 CSM,2023.1Q,19137.5,19137.5
KR0071,흥국생명보험,X,생명보험,2,신계약 CSM,2023.1Q,740.0,740.0
KR0071,흥국생명보험,X,생명보험,3,이자 부리,2023.1Q,191.5,191.5
KR0071,흥국생명보험,X,생명보험,4,가정 및 경험 조정,2023.1Q,-409.5,-409.5
KR0071,흥국생명보험,X,생명보험,5,CSM 상각,2023.1Q,-476.7,-476.7
KR0071,흥국생명보험,X,생명보험,6,기말 CSM,2023.1Q,19183.0,19183.0
KR0071,흥국생명보험,X,생명보험,1,기초 CSM,2023.2Q,19137.5,19183.0
KR0071,흥국생명보험,X,생명보험,2,신계약 CSM,2023.2Q,1532.2,792.2
KR0071,흥국생명보험,X,생명보험,3,이자 부리,2023.2Q,385.5,194.0
KR0071,흥국생명보험,X,생명보험,4,가정 및 경험 조정,2023.2Q,2152.8,2562.3
KR0071,흥국생명보험,X,생명보험,5,CSM 상각,2023.2Q,-1018.8,-542.1
KR0071,흥국생명보험,X,생명보험,6,기말 CSM,2023.2Q,22189.3,22189.3
KR0071,흥국생명보험,X,생명보험,1,기초 CSM,2023.3Q,19137.5,22189.3
KR0071,흥국생명보험,X,생명보험,2,신계약 CSM,2023.3Q,2482.3,950.1
KR0071,흥국생명보험,X,생명보험,3,이자 부리,2023.3Q,607.9,222.4
KR0071,흥국생명보험,X,생명보험,4,가정 및 경험 조정,2023.3Q,1003.4,-1149.4
KR0071,흥국생명보험,X,생명보험,5,CSM 상각,2023.3Q,-1530.5,-511.7
KR0071,흥국생명보험,X,생명보험,6,기말 CSM,2023.3Q,21700.7,21700.7
KR0071,흥국생명보험,X,생명보험,1,기초 CSM,2023.4Q,19137.5,21700.7
KR0071,흥국생명보험,X,생명보험,2,신계약 CSM,2023.4Q,3672.1,1189.8
KR0071,흥국생명보험,X,생명보험,3,이자 부리,2023.4Q,830.8,222.9
KR0071,흥국생명보험,X,생명보험,4,가정 및 경험 조정,2023.4Q,834.8,-168.6
KR0071,흥국생명보험,X,생명보험,5,CSM 상각,2023.4Q,-2048.2,-517.7
KR0071,흥국생명보험,X,생명보험,6,기말 CSM,2023.4Q,22427.0,22427.0
KR0071,흥국생명보험,X,생명보험,1,기초 CSM,2024.1Q,22427.0,22427.0
KR0071,흥국생명보험,X,생명보험,2,신계약 CSM,2024.1Q,1053.7,1053.7
KR0071,흥국생명보험,X,생명보험,3,이자 부리,2024.1Q,226.8,226.8
KR0071,흥국생명보험,X,생명보험,4,가정 및 경험 조정,2024.1Q,-387.7,-387.7
KR0071,흥국생명보험,X,생명보험,5,CSM 상각,2024.1Q,-561.1,-561.1
KR0071,흥국생명보험,X,생명보험,6,기말 CSM,2024.1Q,22758.7,22758.7
KR0071,흥국생명보험,X,생명보험,1,기초 CSM,2024.2Q,22427.0,22758.7
KR0071,흥국생명보험,X,생명보험,2,신계약 CSM,2024.2Q,1930.8,877.1
KR0071,흥국생명보험,X,생명보험,3,이자 부리,2024.2Q,457.4,230.6
KR0071,흥국생명보험,X,생명보험,4,가정 및 경험 조정,2024.2Q,-1631.4,-1243.7
KR0071,흥국생명보험,X,생명보험,5,CSM 상각,2024.2Q,-1082.0,-520.9
KR0071,흥국생명보험,X,생명보험,6,기말 CSM,2024.2Q,22101.7,22101.7
KR0071,흥국생명보험,X,생명보험,1,기초 CSM,2024.3Q,22427.0,22101.7
KR0071,흥국생명보험,X,생명보험,2,신계약 CSM,2024.3Q,2850.9,920.1
KR0071,흥국생명보험,X,생명보험,3,이자 부리,2024.3Q,682.0,224.6
KR0071,흥국생명보험,X,생명보험,4,가정 및 경험 조정,2024.3Q,-1689.7,-58.3
KR0071,흥국생명보험,X,생명보험,5,CSM 상각,2024.3Q,-1597.7,-515.7
KR0071,흥국생명보험,X,생명보험,6,기말 CSM,2024.3Q,22672.6,22672.6
KR0071,흥국생명보험,X,생명보험,1,기초 CSM,2024.4Q,22427.0,22672.6
KR0071,흥국생명보험,X,생명보험,2,신계약 CSM,2024.4Q,3883.0,1032.1
KR0071,흥국생명보험,X,생명보험,3,이자 부리,2024.4Q,911.7,229.7
KR0071,흥국생명보험,X,생명보험,4,가정 및 경험 조정,2024.4Q,-2935.1,-1245.4
KR0071,흥국생명보험,X,생명보험,5,CSM 상각,2024.4Q,-2134.6,-536.9
KR0071,흥국생명보험,X,생명보험,6,기말 CSM,2024.4Q,22152.0,22152.0
KR0071,흥국생명보험,X,생명보험,1,기초 CSM,2025.1Q,22152.0,22152.0
KR0071,흥국생명보험,X,생명보험,2,신계약 CSM,2025.1Q,1122.8,1122.8
KR0071,흥국생명보험,X,생명보험,3,이자 부리,2025.1Q,225.9,225.9
KR0071,흥국생명보험,X,생명보험,4,가정 및 경험 조정,2025.1Q,324.3,324.3
KR0071,흥국생명보험,X,생명보험,5,CSM 상각,2025.1Q,-568.9,-568.9
KR0071,흥국생명보험,X,생명보험,6,기말 CSM,2025.1Q,23256.1,23256.1
KR0071,흥국생명보험,X,생명보험,1,기초 CSM,2025.2Q,22152.0,23256.1
KR0071,흥국생명보험,X,생명보험,2,신계약 CSM,2025.2Q,2306.5,1183.7
KR0071,흥국생명보험,X,생명보험,3,이자 부리,2025.2Q,464.4,238.5
KR0071,흥국생명보험,X,생명보험,4,가정 및 경험 조정,2025.2Q,282.9,-41.4
KR0071,흥국생명보험,X,생명보험,5,CSM 상각,2025.2Q,-1127.4,-558.5
KR0071,흥국생명보험,X,생명보험,6,기말 CSM,2025.2Q,24078.5,24078.5
KR0071,흥국생명보험,X,생명보험,1,기초 CSM,2025.3Q,22152.0,24078.5
KR0071,흥국생명보험,X,생명보험,2,신계약 CSM,2025.3Q,3870.3,1563.8
KR0071,흥국생명보험,X,생명보험,3,이자 부리,2025.3Q,712.6,248.2
KR0071,흥국생명보험,X,생명보험,4,가정 및 경험 조정,2025.3Q,-1542.6,-1825.5
KR0071,흥국생명보험,X,생명보험,5,CSM 상각,2025.3Q,-1664.1,-536.7
KR0071,흥국생명보험,X,생명보험,6,기말 CSM,2025.3Q,23528.2,23528.2
KR0071,흥국생명보험,X,생명보험,1,기초 CSM,2025.4Q,22152.0,23528.2
KR0071,흥국생명보험,X,생명보험,2,신계약 CSM,2025.4Q,5328.1,1457.8
KR0071,흥국생명보험,X,생명보험,3,이자 부리,2025.4Q,951.5,238.9
KR0071,흥국생명보험,X,생명보험,4,가정 및 경험 조정,2025.4Q,-1721.6,-179.0
KR0071,흥국생명보험,X,생명보험,5,CSM 상각,2025.4Q,-2215.2,-551.1
KR0071,흥국생명보험,X,생명보험,6,기말 CSM,2025.4Q,24494.8,24494.8
KR0071,흥국생명보험,X,생명보험,1,기초 CSM,2026.1Q,24494.8,24494.8
KR0071,흥국생명보험,X,생명보험,2,신계약 CSM,2026.1Q,1595.1,1595.1
KR0071,흥국생명보험,X,생명보험,3,이자 부리,2026.1Q,245.6,245.6
KR0071,흥국생명보험,X,생명보험,4,가정 및 경험 조정,2026.1Q,-241.7,-241.7
KR0071,흥국생명보험,X,생명보험,5,CSM 상각,2026.1Q,-554.7,-554.7
KR0071,흥국생명보험,X,생명보험,6,기말 CSM,2026.1Q,25539.1,25539.1
KR0071,흥국생명보험,X,생명보험,1,기초 CSM,2026.2Q,24494.8,25539.1
KR0071,흥국생명보험,X,생명보험,2,신계약 CSM,2026.2Q,2990.7,1395.6
KR0071,흥국생명보험,X,생명보험,3,이자 부리,2026.2Q,500.6,255.0
KR0071,흥국생명보험,X,생명보험,4,가정 및 경험 조정,2026.2Q,-1800.0,-1558.3
KR0071,흥국생명보험,X,생명보험,5,CSM 상각,2026.2Q,-1095.8,-541.1
KR0071,흥국생명보험,X,생명보험,6,기말 CSM,2026.2Q,25090.4,25090.4
KR0072,케이디비생명보험,X,생명보험,1,기초 CSM,2023.1Q,5239.4,5239.4
KR0072,케이디비생명보험,X,생명보험,2,신계약 CSM,2023.1Q,387.3,387.3
KR0072,케이디비생명보험,X,생명보험,3,이자 부리,2023.1Q,45.1,45.1
KR0072,케이디비생명보험,X,생명보험,4,가정 및 경험 조정,2023.1Q,-833.3,-833.3
KR0072,케이디비생명보험,X,생명보험,5,CSM 상각,2023.1Q,-111.25,-111.25
KR0072,케이디비생명보험,X,생명보험,6,기말 CSM,2023.1Q,4727.25,4727.25
KR0072,케이디비생명보험,X,생명보험,1,기초 CSM,2023.2Q,5239.4,4727.25
KR0072,케이디비생명보험,X,생명보험,2,신계약 CSM,2023.2Q,1174.0,786.7
KR0072,케이디비생명보험,X,생명보험,3,이자 부리,2023.2Q,90.0,44.9
KR0072,케이디비생명보험,X,생명보험,4,가정 및 경험 조정,2023.2Q,-685.55,147.75
KR0072,케이디비생명보험,X,생명보험,5,CSM 상각,2023.2Q,-234.15,-122.9
KR0072,케이디비생명보험,X,생명보험,6,기말 CSM,2023.2Q,5583.7,5583.7
KR0072,케이디비생명보험,X,생명보험,1,기초 CSM,2023.3Q,5239.4,5583.7
KR0072,케이디비생명보험,X,생명보험,2,신계약 CSM,2023.3Q,2210.7,1036.7
KR0072,케이디비생명보험,X,생명보험,3,이자 부리,2023.3Q,146.1,56.1
KR0072,케이디비생명보험,X,생명보험,4,가정 및 경험 조정,2023.3Q,-1912.9,-1227.35
KR0072,케이디비생명보험,X,생명보험,5,CSM 상각,2023.3Q,-352.5,-118.35
KR0072,케이디비생명보험,X,생명보험,6,기말 CSM,2023.3Q,5330.8,5330.8
KR0072,케이디비생명보험,X,생명보험,1,기초 CSM,2023.4Q,5239.4,5330.8
KR0072,케이디비생명보험,X,생명보험,2,신계약 CSM,2023.4Q,3023.1,812.4
KR0072,케이디비생명보험,X,생명보험,3,이자 부리,2023.4Q,183.4,37.3
KR0072,케이디비생명보험,X,생명보험,4,가정 및 경험 조정,2023.4Q,-2103.5,-190.6
KR0072,케이디비생명보험,X,생명보험,5,CSM 상각,2023.4Q,-512.0,-159.5
KR0072,케이디비생명보험,X,생명보험,6,기말 CSM,2023.4Q,5830.5,5830.5
KR0072,케이디비생명보험,X,생명보험,1,기초 CSM,2024.1Q,5830.5,5830.5
KR0072,케이디비생명보험,X,생명보험,2,신계약 CSM,2024.1Q,1238.1,1238.1
KR0072,케이디비생명보험,X,생명보험,3,이자 부리,2024.1Q,53.4,53.4
KR0072,케이디비생명보험,X,생명보험,4,가정 및 경험 조정,2024.1Q,-1132.3,-1132.3
KR0072,케이디비생명보험,X,생명보험,5,CSM 상각,2024.1Q,-135.3,-135.3
KR0072,케이디비생명보험,X,생명보험,6,기말 CSM,2024.1Q,5854.3,5854.3
KR0072,케이디비생명보험,X,생명보험,1,기초 CSM,2024.2Q,5830.5,5854.3
KR0072,케이디비생명보험,X,생명보험,2,신계약 CSM,2024.2Q,1876.5,638.4
KR0072,케이디비생명보험,X,생명보험,3,이자 부리,2024.2Q,104.3,50.9
KR0072,케이디비생명보험,X,생명보험,4,가정 및 경험 조정,2024.2Q,1764.7,2897.0
KR0072,케이디비생명보험,X,생명보험,5,CSM 상각,2024.2Q,-338.3,-203.0
KR0072,케이디비생명보험,X,생명보험,6,기말 CSM,2024.2Q,9237.7,9237.7
KR0072,케이디비생명보험,X,생명보험,1,기초 CSM,2024.3Q,5830.5,9237.7
KR0072,케이디비생명보험,X,생명보험,2,신계약 CSM,2024.3Q,2532.4,655.9
KR0072,케이디비생명보험,X,생명보험,3,이자 부리,2024.3Q,180.9,76.6
KR0072,케이디비생명보험,X,생명보험,4,가정 및 경험 조정,2024.3Q,1130.4,-634.3
KR0072,케이디비생명보험,X,생명보험,5,CSM 상각,2024.3Q,-536.8,-198.5
KR0072,케이디비생명보험,X,생명보험,6,기말 CSM,2024.3Q,9137.3,9137.3
KR0072,케이디비생명보험,X,생명보험,1,기초 CSM,2024.4Q,5830.5,9137.3
KR0072,케이디비생명보험,X,생명보험,2,신계약 CSM,2024.4Q,3282.2,749.8
KR0072,케이디비생명보험,X,생명보험,3,이자 부리,2024.4Q,256.8,75.9
KR0072,케이디비생명보험,X,생명보험,4,가정 및 경험 조정,2024.4Q,-8.6,-1139.0
KR0072,케이디비생명보험,X,생명보험,5,CSM 상각,2024.4Q,-710.5,-173.7
KR0072,케이디비생명보험,X,생명보험,6,기말 CSM,2024.4Q,8650.5,8650.5
KR0072,케이디비생명보험,X,생명보험,1,기초 CSM,2025.1Q,8650.5,8650.5
KR0072,케이디비생명보험,X,생명보험,2,신계약 CSM,2025.1Q,744.2,744.2
KR0072,케이디비생명보험,X,생명보험,3,이자 부리,2025.1Q,70.8,70.8
KR0072,케이디비생명보험,X,생명보험,4,가정 및 경험 조정,2025.1Q,-237.3,-237.3
KR0072,케이디비생명보험,X,생명보험,5,CSM 상각,2025.1Q,-181.0,-181.0
KR0072,케이디비생명보험,X,생명보험,6,기말 CSM,2025.1Q,9047.1,9047.1
KR0072,케이디비생명보험,X,생명보험,1,기초 CSM,2025.2Q,8650.5,9047.1
KR0072,케이디비생명보험,X,생명보험,2,신계약 CSM,2025.2Q,1250.7,506.5
KR0072,케이디비생명보험,X,생명보험,3,이자 부리,2025.2Q,142.5,71.7
KR0072,케이디비생명보험,X,생명보험,4,가정 및 경험 조정,2025.2Q,-528.4,-291.1
KR0072,케이디비생명보험,X,생명보험,5,CSM 상각,2025.2Q,-360.8,-179.8
KR0072,케이디비생명보험,X,생명보험,6,기말 CSM,2025.2Q,9154.4,9154.4
KR0072,케이디비생명보험,X,생명보험,1,기초 CSM,2025.3Q,8650.5,9154.4
KR0072,케이디비생명보험,X,생명보험,2,신계약 CSM,2025.3Q,1731.1,480.4
KR0072,케이디비생명보험,X,생명보험,3,이자 부리,2025.3Q,212.8,70.3
KR0072,케이디비생명보험,X,생명보험,4,가정 및 경험 조정,2025.3Q,-719.0,-190.6
KR0072,케이디비생명보험,X,생명보험,5,CSM 상각,2025.3Q,-543.8,-183.0
KR0072,케이디비생명보험,X,생명보험,6,기말 CSM,2025.3Q,9331.5,9331.5
KR0072,케이디비생명보험,X,생명보험,1,기초 CSM,2025.4Q,8650.4,9331.5
KR0072,케이디비생명보험,X,생명보험,2,신계약 CSM,2025.4Q,2337.9,606.8
KR0072,케이디비생명보험,X,생명보험,3,이자 부리,2025.4Q,283.2,70.4
KR0072,케이디비생명보험,X,생명보험,4,가정 및 경험 조정,2025.4Q,-2853.9,-2134.9
KR0072,케이디비생명보험,X,생명보험,5,CSM 상각,2025.4Q,-687.6,-143.8
KR0072,케이디비생명보험,X,생명보험,6,기말 CSM,2025.4Q,7730.1,7730.1
KR0072,케이디비생명보험,X,생명보험,1,기초 CSM,2026.1Q,7730.1,7730.1
KR0072,케이디비생명보험,X,생명보험,2,신계약 CSM,2026.1Q,573.9,573.9
KR0072,케이디비생명보험,X,생명보험,3,이자 부리,2026.1Q,52.0,52.0
KR0072,케이디비생명보험,X,생명보험,4,가정 및 경험 조정,2026.1Q,284.0,284.0
KR0072,케이디비생명보험,X,생명보험,5,CSM 상각,2026.1Q,-154.7,-154.7
KR0072,케이디비생명보험,X,생명보험,6,기말 CSM,2026.1Q,8485.3,8485.3
KR0072,케이디비생명보험,X,생명보험,1,기초 CSM,2026.2Q,7730.1,8485.3
KR0072,케이디비생명보험,X,생명보험,2,신계약 CSM,2026.2Q,1720.0,1146.1
KR0072,케이디비생명보험,X,생명보험,3,이자 부리,2026.2Q,109.2,57.2
KR0072,케이디비생명보험,X,생명보험,4,가정 및 경험 조정,2026.2Q,433.8,149.8
KR0072,케이디비생명보험,X,생명보험,5,CSM 상각,2026.2Q,-320.6,-165.9
KR0072,케이디비생명보험,X,생명보험,6,기말 CSM,2026.2Q,9672.5,9672.5
KR0073,교보생명보험,X,생명보험,1,기초 CSM,2023.1Q,46378.13,46378.13
KR0073,교보생명보험,X,생명보험,2,신계약 CSM,2023.1Q,3648.36,3648.36
KR0073,교보생명보험,X,생명보험,3,이자 부리,2023.1Q,6629.48,6629.48
KR0073,교보생명보험,X,생명보험,4,가정 및 경험 조정,2023.1Q,-5103.75,-5103.75
KR0073,교보생명보험,X,생명보험,5,CSM 상각,2023.1Q,-1045.67,-1045.67
KR0073,교보생명보험,X,생명보험,6,기말 CSM,2023.1Q,50506.55,50506.55
KR0073,교보생명보험,X,생명보험,1,기초 CSM,2023.2Q,46378.14,50506.55
KR0073,교보생명보험,X,생명보험,2,신계약 CSM,2023.2Q,6657.42,3009.06
KR0073,교보생명보험,X,생명보험,3,이자 부리,2023.2Q,7941.4,1311.92
KR0073,교보생명보험,X,생명보험,4,가정 및 경험 조정,2023.2Q,-6755.88,-1652.13
KR0073,교보생명보험,X,생명보험,5,CSM 상각,2023.2Q,-2119.58,-1073.91
KR0073,교보생명보험,X,생명보험,6,기말 CSM,2023.2Q,52101.5,52101.5
KR0073,교보생명보험,X,생명보험,1,기초 CSM,2023.3Q,46967.3,52101.5
KR0073,교보생명보험,X,생명보험,2,신계약 CSM,2023.3Q,10255.1,3597.68
KR0073,교보생명보험,X,생명보험,3,이자 부리,2023.3Q,5755.0,-2186.4
KR0073,교보생명보험,X,생명보험,4,가정 및 경험 조정,2023.3Q,4188.86,10944.74
KR0073,교보생명보험,X,생명보험,5,CSM 상각,2023.3Q,-3217.86,-1098.28
KR0073,교보생명보험,X,생명보험,6,기말 CSM,2023.3Q,63948.4,63948.4
KR0073,교보생명보험,X,생명보험,1,기초 CSM,2023.4Q,46967.3,63948.4
KR0073,교보생명보험,X,생명보험,2,신계약 CSM,2023.4Q,13728.9,3473.8
KR0073,교보생명보험,X,생명보험,3,이자 부리,2023.4Q,14574.1,8819.1
KR0073,교보생명보험,X,생명보험,4,가정 및 경험 조정,2023.4Q,-12650.9,-16839.76
KR0073,교보생명보험,X,생명보험,5,CSM 상각,2023.4Q,-4370.1,-1152.24
KR0073,교보생명보험,X,생명보험,6,기말 CSM,2023.4Q,58249.2,58249.2
KR0073,교보생명보험,X,생명보험,1,기초 CSM,2024.1Q,58249.2,58249.2
KR0073,교보생명보험,X,생명보험,2,신계약 CSM,2024.1Q,3933.9,3933.9
KR0073,교보생명보험,X,생명보험,3,이자 부리,2024.1Q,859.3,859.3
KR0073,교보생명보험,X,생명보험,4,가정 및 경험 조정,2024.1Q,301.4,301.4
KR0073,교보생명보험,X,생명보험,5,CSM 상각,2024.1Q,-1204.3,-1204.3
KR0073,교보생명보험,X,생명보험,6,기말 CSM,2024.1Q,62139.4,62139.4
KR0073,교보생명보험,X,생명보험,1,기초 CSM,2024.2Q,58249.2,62139.4
KR0073,교보생명보험,X,생명보험,2,신계약 CSM,2024.2Q,7046.4,3112.5
KR0073,교보생명보험,X,생명보험,3,이자 부리,2024.2Q,3991.7,3132.4
KR0073,교보생명보험,X,생명보험,4,가정 및 경험 조정,2024.2Q,-5613.5,-5914.9
KR0073,교보생명보험,X,생명보험,5,CSM 상각,2024.2Q,-2343.1,-1138.8
KR0073,교보생명보험,X,생명보험,6,기말 CSM,2024.2Q,61330.8,61330.8
KR0073,교보생명보험,X,생명보험,1,기초 CSM,2024.3Q,58249.2,61330.8
KR0073,교보생명보험,X,생명보험,2,신계약 CSM,2024.3Q,10532.3,3485.9
KR0073,교보생명보험,X,생명보험,3,이자 부리,2024.3Q,3242.4,-749.3
KR0073,교보생명보험,X,생명보험,4,가정 및 경험 조정,2024.3Q,-8306.3,-2692.8
KR0073,교보생명보험,X,생명보험,5,CSM 상각,2024.3Q,-4498.5,-2155.4
KR0073,교보생명보험,X,생명보험,6,기말 CSM,2024.3Q,59219.3,59219.3
KR0073,교보생명보험,X,생명보험,1,기초 CSM,2024.4Q,58249.2,59219.3
KR0073,교보생명보험,X,생명보험,2,신계약 CSM,2024.4Q,13715.7,3183.4
KR0073,교보생명보험,X,생명보험,3,이자 부리,2024.4Q,1033.7,-2208.7
KR0073,교보생명보험,X,생명보험,4,가정 및 경험 조정,2024.4Q,-2608.2,5698.1
KR0073,교보생명보험,X,생명보험,5,CSM 상각,2024.4Q,-6009.8,-1511.3
KR0073,교보생명보험,X,생명보험,6,기말 CSM,2024.4Q,64380.6,64380.6
KR0073,교보생명보험,X,생명보험,1,기초 CSM,2025.1Q,64380.6,64380.6
KR0073,교보생명보험,X,생명보험,2,신계약 CSM,2025.1Q,2573.0,2573.0
KR0073,교보생명보험,X,생명보험,3,이자 부리,2025.1Q,4489.2,4489.2
KR0073,교보생명보험,X,생명보험,4,가정 및 경험 조정,2025.1Q,-7993.1,-7993.1
KR0073,교보생명보험,X,생명보험,5,CSM 상각,2025.1Q,-1470.7,-1470.7
KR0073,교보생명보험,X,생명보험,6,기말 CSM,2025.1Q,61978.9,61978.9
KR0073,교보생명보험,X,생명보험,1,기초 CSM,2025.2Q,64380.6,61978.9
KR0073,교보생명보험,X,생명보험,2,신계약 CSM,2025.2Q,5320.1,2747.1
KR0073,교보생명보험,X,생명보험,3,이자 부리,2025.2Q,12197.0,7707.8
KR0073,교보생명보험,X,생명보험,4,가정 및 경험 조정,2025.2Q,-16568.3,-8575.2
KR0073,교보생명보험,X,생명보험,5,CSM 상각,2025.2Q,-2918.7,-1448.0
KR0073,교보생명보험,X,생명보험,6,기말 CSM,2025.2Q,62410.7,62410.7
KR0073,교보생명보험,X,생명보험,1,기초 CSM,2025.3Q,64380.6,62410.7
KR0073,교보생명보험,X,생명보험,2,신계약 CSM,2025.3Q,9303.5,3983.4
KR0073,교보생명보험,X,생명보험,3,이자 부리,2025.3Q,-5289.6,-17486.6
KR0073,교보생명보험,X,생명보험,4,가정 및 경험 조정,2025.3Q,-125.5,16442.8
KR0073,교보생명보험,X,생명보험,5,CSM 상각,2025.3Q,-4383.5,-1464.8
KR0073,교보생명보험,X,생명보험,6,기말 CSM,2025.3Q,63885.4,63885.4
KR0073,교보생명보험,X,생명보험,1,기초 CSM,2025.4Q,64380.6,63885.4
KR0073,교보생명보험,X,생명보험,2,신계약 CSM,2025.4Q,12781.3,3477.8
KR0073,교보생명보험,X,생명보험,3,이자 부리,2025.4Q,1865.5,7155.1
KR0073,교보생명보험,X,생명보험,4,가정 및 경험 조정,2025.4Q,-8037.9,-7912.4
KR0073,교보생명보험,X,생명보험,5,CSM 상각,2025.4Q,-5879.9,-1496.4
KR0073,교보생명보험,X,생명보험,6,기말 CSM,2025.4Q,65109.6,65109.6
KR0073,교보생명보험,X,생명보험,1,기초 CSM,2026.1Q,65109.6,65109.6
KR0073,교보생명보험,X,생명보험,2,신계약 CSM,2026.1Q,4171.6,4171.6
KR0073,교보생명보험,X,생명보험,3,이자 부리,2026.1Q,489.9,489.9
KR0073,교보생명보험,X,생명보험,4,가정 및 경험 조정,2026.1Q,-1105.5,-1105.5
KR0073,교보생명보험,X,생명보험,5,CSM 상각,2026.1Q,-1541.7,-1541.7
KR0073,교보생명보험,X,생명보험,6,기말 CSM,2026.1Q,67123.9,67123.9
KR0073,교보생명보험,X,생명보험,1,기초 CSM,2026.2Q,65109.6,67123.9
KR0073,교보생명보험,X,생명보험,2,신계약 CSM,2026.2Q,8060.0,3888.4
KR0073,교보생명보험,X,생명보험,3,이자 부리,2026.2Q,992.9,503.0
KR0073,교보생명보험,X,생명보험,4,가정 및 경험 조정,2026.2Q,-1726.8,-621.3
KR0073,교보생명보험,X,생명보험,5,CSM 상각,2026.2Q,-3185.5,-1643.8
KR0073,교보생명보험,X,생명보험,6,기말 CSM,2026.2Q,69250.1,69250.1
KR0074,라이나생명보험,X,생명보험,1,기초 CSM,2023.4Q,35264.0,
KR0074,라이나생명보험,X,생명보험,2,신계약 CSM,2023.4Q,5732.7,
KR0074,라이나생명보험,X,생명보험,3,이자 부리,2023.4Q,1145.2,
KR0074,라이나생명보험,X,생명보험,4,가정 및 경험 조정,2023.4Q,-5409.0,
KR0074,라이나생명보험,X,생명보험,5,CSM 상각,2023.4Q,-4431.3,
KR0074,라이나생명보험,X,생명보험,6,기말 CSM,2023.4Q,32301.6,32301.6
KR0074,라이나생명보험,X,생명보험,1,기초 CSM,2024.4Q,32301.6,
KR0074,라이나생명보험,X,생명보험,2,신계약 CSM,2024.4Q,5366.5,
KR0074,라이나생명보험,X,생명보험,3,이자 부리,2024.4Q,1091.1,
KR0074,라이나생명보험,X,생명보험,4,가정 및 경험 조정,2024.4Q,-7137.2,
KR0074,라이나생명보험,X,생명보험,5,CSM 상각,2024.4Q,-3973.5,
KR0074,라이나생명보험,X,생명보험,6,기말 CSM,2024.4Q,27648.6,27648.6
KR0074,라이나생명보험,X,생명보험,1,기초 CSM,2025.4Q,27648.6,
KR0074,라이나생명보험,X,생명보험,2,신계약 CSM,2025.4Q,4618.4,
KR0074,라이나생명보험,X,생명보험,3,이자 부리,2025.4Q,916.0,
KR0074,라이나생명보험,X,생명보험,4,가정 및 경험 조정,2025.4Q,-6108.1,
KR0074,라이나생명보험,X,생명보험,5,CSM 상각,2025.4Q,-3314.4,
KR0074,라이나생명보험,X,생명보험,6,기말 CSM,2025.4Q,23760.6,23760.6
KR0075,비엔피파리바카디프생명보험,X,생명보험,1,기초 CSM,2024.4Q,341.909,
KR0075,비엔피파리바카디프생명보험,X,생명보험,2,신계약 CSM,2024.4Q,9.831,
KR0075,비엔피파리바카디프생명보험,X,생명보험,3,이자 부리,2024.4Q,5.678,
KR0075,비엔피파리바카디프생명보험,X,생명보험,4,가정 및 경험 조정,2024.4Q,-5.801,
KR0075,비엔피파리바카디프생명보험,X,생명보험,5,CSM 상각,2024.4Q,-62.861,
KR0075,비엔피파리바카디프생명보험,X,생명보험,6,기말 CSM,2024.4Q,288.756,288.756
KR0075,비엔피파리바카디프생명보험,X,생명보험,1,기초 CSM,2025.4Q,288.756,
KR0075,비엔피파리바카디프생명보험,X,생명보험,2,신계약 CSM,2025.4Q,12.847,
KR0075,비엔피파리바카디프생명보험,X,생명보험,3,이자 부리,2025.4Q,5.481,
KR0075,비엔피파리바카디프생명보험,X,생명보험,4,가정 및 경험 조정,2025.4Q,56.296,
KR0075,비엔피파리바카디프생명보험,X,생명보험,5,CSM 상각,2025.4Q,-63.795,
KR0075,비엔피파리바카디프생명보험,X,생명보험,6,기말 CSM,2025.4Q,299.584,299.584
KR0076,아이엠라이프생명보험,X,생명보험,1,기초 CSM,2023.4Q,6757.9,
KR0076,아이엠라이프생명보험,X,생명보험,2,신계약 CSM,2023.4Q,2489.3,
KR0076,아이엠라이프생명보험,X,생명보험,3,이자 부리,2023.4Q,198.0,
KR0076,아이엠라이프생명보험,X,생명보험,4,가정 및 경험 조정,2023.4Q,-1874.2,
KR0076,아이엠라이프생명보험,X,생명보험,5,CSM 상각,2023.4Q,,
KR0076,아이엠라이프생명보험,X,생명보험,6,기말 CSM,2023.4Q,7571.0,7571.0
KR0076,아이엠라이프생명보험,X,생명보험,1,기초 CSM,2024.4Q,7571.0,
KR0076,아이엠라이프생명보험,X,생명보험,2,신계약 CSM,2024.4Q,1356.6,
KR0076,아이엠라이프생명보험,X,생명보험,3,이자 부리,2024.4Q,203.6,
KR0076,아이엠라이프생명보험,X,생명보험,4,가정 및 경험 조정,2024.4Q,-1521.5,
KR0076,아이엠라이프생명보험,X,생명보험,5,CSM 상각,2024.4Q,-549.2,
KR0076,아이엠라이프생명보험,X,생명보험,6,기말 CSM,2024.4Q,7060.5,7060.5
KR0076,아이엠라이프생명보험,X,생명보험,1,기초 CSM,2025.4Q,7060.5,
KR0076,아이엠라이프생명보험,X,생명보험,2,신계약 CSM,2025.4Q,1599.8,
KR0076,아이엠라이프생명보험,X,생명보험,3,이자 부리,2025.4Q,186.9,
KR0076,아이엠라이프생명보험,X,생명보험,4,가정 및 경험 조정,2025.4Q,-689.1,
KR0076,아이엠라이프생명보험,X,생명보험,5,CSM 상각,2025.4Q,-537.9,
KR0076,아이엠라이프생명보험,X,생명보험,6,기말 CSM,2025.4Q,7620.3,7620.3
KR0079,미래에셋생명보험,085620,생명보험,1,기초 CSM,2023.2Q,19792.7,20068.56
KR0079,미래에셋생명보험,085620,생명보험,2,신계약 CSM,2023.2Q,1261.5,689.03
KR0079,미래에셋생명보험,085620,생명보험,3,이자 부리,2023.2Q,221.2,105.2
KR0079,미래에셋생명보험,085620,생명보험,4,가정 및 경험 조정,2023.2Q,685.2,579.92
KR0079,미래에셋생명보험,085620,생명보험,5,CSM 상각,2023.2Q,-1023.8,-503.66
KR0079,미래에셋생명보험,085620,생명보험,6,기말 CSM,2023.2Q,20936.8,20936.8
KR0079,미래에셋생명보험,085620,생명보험,1,기초 CSM,2023.3Q,19792.7,20936.8
KR0079,미래에셋생명보험,085620,생명보험,2,신계약 CSM,2023.3Q,2116.4,854.9
KR0079,미래에셋생명보험,085620,생명보험,3,이자 부리,2023.3Q,338.4,117.2
KR0079,미래에셋생명보험,085620,생명보험,4,가정 및 경험 조정,2023.3Q,-1330.5,-2015.7
KR0079,미래에셋생명보험,085620,생명보험,5,CSM 상각,2023.3Q,-1483.3,-459.5
KR0079,미래에셋생명보험,085620,생명보험,6,기말 CSM,2023.3Q,19433.7,19433.7
KR0079,미래에셋생명보험,085620,생명보험,1,기초 CSM,2023.4Q,19792.7,19433.7
KR0079,미래에셋생명보험,085620,생명보험,2,신계약 CSM,2023.4Q,2920.5,804.1
KR0079,미래에셋생명보험,085620,생명보험,3,이자 부리,2023.4Q,454.4,116.0
KR0079,미래에셋생명보험,085620,생명보험,4,가정 및 경험 조정,2023.4Q,-985.1,345.4
KR0079,미래에셋생명보험,085620,생명보험,5,CSM 상각,2023.4Q,-1977.1,-493.8
KR0079,미래에셋생명보험,085620,생명보험,6,기말 CSM,2023.4Q,20205.4,20205.4
KR0079,미래에셋생명보험,085620,생명보험,1,기초 CSM,2024.1Q,20205.4,20205.4
KR0079,미래에셋생명보험,085620,생명보험,2,신계약 CSM,2024.1Q,962.0,962.0
KR0079,미래에셋생명보험,085620,생명보험,3,이자 부리,2024.1Q,118.2,118.2
KR0079,미래에셋생명보험,085620,생명보험,4,가정 및 경험 조정,2024.1Q,128.8,128.8
KR0079,미래에셋생명보험,085620,생명보험,5,CSM 상각,2024.1Q,-507.1,-507.1
KR0079,미래에셋생명보험,085620,생명보험,6,기말 CSM,2024.1Q,20907.2,20907.2
KR0079,미래에셋생명보험,085620,생명보험,1,기초 CSM,2024.2Q,20205.4,20907.2
KR0079,미래에셋생명보험,085620,생명보험,2,신계약 CSM,2024.2Q,1723.9,761.9
KR0079,미래에셋생명보험,085620,생명보험,3,이자 부리,2024.2Q,243.1,124.9
KR0079,미래에셋생명보험,085620,생명보험,4,가정 및 경험 조정,2024.2Q,-281.0,-409.8
KR0079,미래에셋생명보험,085620,생명보험,5,CSM 상각,2024.2Q,-1006.0,-498.9
KR0079,미래에셋생명보험,085620,생명보험,6,기말 CSM,2024.2Q,20885.3,20885.3
KR0079,미래에셋생명보험,085620,생명보험,1,기초 CSM,2024.3Q,20205.4,20885.3
KR0079,미래에셋생명보험,085620,생명보험,2,신계약 CSM,2024.3Q,2742.6,1018.7
KR0079,미래에셋생명보험,085620,생명보험,3,이자 부리,2024.3Q,374.3,131.2
KR0079,미래에셋생명보험,085620,생명보험,4,가정 및 경험 조정,2024.3Q,-1199.9,-918.9
KR0079,미래에셋생명보험,085620,생명보험,5,CSM 상각,2024.3Q,-1485.8,-479.8
KR0079,미래에셋생명보험,085620,생명보험,6,기말 CSM,2024.3Q,20636.6,20636.6
KR0079,미래에셋생명보험,085620,생명보험,1,기초 CSM,2024.4Q,20205.4,20636.6
KR0079,미래에셋생명보험,085620,생명보험,2,신계약 CSM,2024.4Q,3946.1,1203.5
KR0079,미래에셋생명보험,085620,생명보험,3,이자 부리,2024.4Q,513.8,139.5
KR0079,미래에셋생명보험,085620,생명보험,4,가정 및 경험 조정,2024.4Q,-1913.4,-713.5
KR0079,미래에셋생명보험,085620,생명보험,5,CSM 상각,2024.4Q,-1976.2,-490.4
KR0079,미래에셋생명보험,085620,생명보험,6,기말 CSM,2024.4Q,20775.6,20775.6
KR0079,미래에셋생명보험,085620,생명보험,1,기초 CSM,2025.1Q,20775.6,20775.6
KR0079,미래에셋생명보험,085620,생명보험,2,신계약 CSM,2025.1Q,1410.4,1410.4
KR0079,미래에셋생명보험,085620,생명보험,3,이자 부리,2025.1Q,147.0,147.0
KR0079,미래에셋생명보험,085620,생명보험,4,가정 및 경험 조정,2025.1Q,-1008.7,-1008.7
KR0079,미래에셋생명보험,085620,생명보험,5,CSM 상각,2025.1Q,-483.6,-483.6
KR0079,미래에셋생명보험,085620,생명보험,6,기말 CSM,2025.1Q,20840.7,20840.7
KR0079,미래에셋생명보험,085620,생명보험,1,기초 CSM,2025.2Q,20782.12,20840.7
KR0079,미래에셋생명보험,085620,생명보험,2,신계약 CSM,2025.2Q,2451.95,1041.55
KR0079,미래에셋생명보험,085620,생명보험,3,이자 부리,2025.2Q,295.77,148.77
KR0079,미래에셋생명보험,085620,생명보험,4,가정 및 경험 조정,2025.2Q,-886.27,122.43
KR0079,미래에셋생명보험,085620,생명보험,5,CSM 상각,2025.2Q,-791.3,-307.7
KR0079,미래에셋생명보험,085620,생명보험,6,기말 CSM,2025.2Q,21852.27,21852.27
KR0079,미래에셋생명보험,085620,생명보험,1,기초 CSM,2025.3Q,20782.12,21852.27
KR0079,미래에셋생명보험,085620,생명보험,2,신계약 CSM,2025.3Q,3962.89,1510.94
KR0079,미래에셋생명보험,085620,생명보험,3,이자 부리,2025.3Q,448.69,152.92
KR0079,미래에셋생명보험,085620,생명보험,4,가정 및 경험 조정,2025.3Q,-333.17,553.1
KR0079,미래에셋생명보험,085620,생명보험,5,CSM 상각,2025.3Q,-1531.21,-739.91
KR0079,미래에셋생명보험,085620,생명보험,6,기말 CSM,2025.3Q,23329.32,23329.32
KR0079,미래에셋생명보험,085620,생명보험,1,기초 CSM,2025.4Q,20782.12,23329.32
KR0079,미래에셋생명보험,085620,생명보험,2,신계약 CSM,2025.4Q,5398.78,1435.89
KR0079,미래에셋생명보험,085620,생명보험,3,이자 부리,2025.4Q,606.58,157.89
KR0079,미래에셋생명보험,085620,생명보험,4,가정 및 경험 조정,2025.4Q,-4144.94,-3811.77
KR0079,미래에셋생명보험,085620,생명보험,5,CSM 상각,2025.4Q,-2058.31,-527.1
KR0079,미래에셋생명보험,085620,생명보험,6,기말 CSM,2025.4Q,20584.23,20584.23
KR0079,미래에셋생명보험,085620,생명보험,1,기초 CSM,2026.1Q,20584.23,20584.23
KR0079,미래에셋생명보험,085620,생명보험,2,신계약 CSM,2026.1Q,1506.8,1506.8
KR0079,미래에셋생명보험,085620,생명보험,3,이자 부리,2026.1Q,126.9,126.9
KR0079,미래에셋생명보험,085620,생명보험,4,가정 및 경험 조정,2026.1Q,-174.32,-174.32
KR0079,미래에셋생명보험,085620,생명보험,5,CSM 상각,2026.1Q,-537.11,-537.11
KR0079,미래에셋생명보험,085620,생명보험,6,기말 CSM,2026.1Q,21506.5,21506.5
KR0079,미래에셋생명보험,085620,생명보험,1,기초 CSM,2026.2Q,20584.2,21506.5
KR0079,미래에셋생명보험,085620,생명보험,2,신계약 CSM,2026.2Q,3075.7,1568.9
KR0079,미래에셋생명보험,085620,생명보험,3,이자 부리,2026.2Q,275.6,148.7
KR0079,미래에셋생명보험,085620,생명보험,4,가정 및 경험 조정,2026.2Q,503.8,678.12
KR0079,미래에셋생명보험,085620,생명보험,5,CSM 상각,2026.2Q,-1128.3,-591.19
KR0079,미래에셋생명보험,085620,생명보험,6,기말 CSM,2026.2Q,23311.0,23311.0
KR0080,에이아이에이생명보험,X,생명보험,1,기초 CSM,2023.4Q,15417.6,
KR0080,에이아이에이생명보험,X,생명보험,2,신계약 CSM,2023.4Q,2566.6,
KR0080,에이아이에이생명보험,X,생명보험,3,이자 부리,2023.4Q,524.9,
KR0080,에이아이에이생명보험,X,생명보험,4,가정 및 경험 조정,2023.4Q,-2321.4,
KR0080,에이아이에이생명보험,X,생명보험,5,CSM 상각,2023.4Q,-1417.0,
KR0080,에이아이에이생명보험,X,생명보험,6,기말 CSM,2023.4Q,14770.7,14770.7
KR0080,에이아이에이생명보험,X,생명보험,1,기초 CSM,2024.4Q,14770.7,
KR0080,에이아이에이생명보험,X,생명보험,2,신계약 CSM,2024.4Q,3557.2,
KR0080,에이아이에이생명보험,X,생명보험,3,이자 부리,2024.4Q,769.0,
KR0080,에이아이에이생명보험,X,생명보험,4,가정 및 경험 조정,2024.4Q,-2438.8,
KR0080,에이아이에이생명보험,X,생명보험,5,CSM 상각,2024.4Q,-1561.6,
KR0080,에이아이에이생명보험,X,생명보험,6,기말 CSM,2024.4Q,15096.5,15096.5
KR0080,에이아이에이생명보험,X,생명보험,1,기초 CSM,2025.4Q,15096.5,
KR0080,에이아이에이생명보험,X,생명보험,2,신계약 CSM,2025.4Q,2816.3,
KR0080,에이아이에이생명보험,X,생명보험,3,이자 부리,2025.4Q,507.4,
KR0080,에이아이에이생명보험,X,생명보험,4,가정 및 경험 조정,2025.4Q,-986.0,
KR0080,에이아이에이생명보험,X,생명보험,5,CSM 상각,2025.4Q,-1530.6,
KR0080,에이아이에이생명보험,X,생명보험,6,기말 CSM,2025.4Q,15903.6,15903.6
KR0082,DB생명보험,X,생명보험,1,기초 CSM,2023.1Q,15523.6,15523.6
KR0082,DB생명보험,X,생명보험,2,신계약 CSM,2023.1Q,1239.3,1239.3
KR0082,DB생명보험,X,생명보험,3,이자 부리,2023.1Q,82.1,82.1
KR0082,DB생명보험,X,생명보험,4,가정 및 경험 조정,2023.1Q,127.1,127.1
KR0082,DB생명보험,X,생명보험,5,CSM 상각,2023.1Q,-323.1,-323.1
KR0082,DB생명보험,X,생명보험,6,기말 CSM,2023.1Q,16649.0,16649.0
KR0082,DB생명보험,X,생명보험,1,기초 CSM,2023.2Q,15523.6,16649.0
KR0082,DB생명보험,X,생명보험,2,신계약 CSM,2023.2Q,2441.7,1202.4
KR0082,DB생명보험,X,생명보험,3,이자 부리,2023.2Q,259.5,177.4
KR0082,DB생명보험,X,생명보험,4,가정 및 경험 조정,2023.2Q,-373.6,-500.7
KR0082,DB생명보험,X,생명보험,5,CSM 상각,2023.2Q,-678.4,-355.3
KR0082,DB생명보험,X,생명보험,6,기말 CSM,2023.2Q,17172.8,17172.8
KR0082,DB생명보험,X,생명보험,1,기초 CSM,2023.3Q,15523.6,17172.8
KR0082,DB생명보험,X,생명보험,2,신계약 CSM,2023.3Q,4086.0,1644.3
KR0082,DB생명보험,X,생명보험,3,이자 부리,2023.3Q,407.5,148.0
KR0082,DB생명보험,X,생명보험,4,가정 및 경험 조정,2023.3Q,-1381.6,-1008.0
KR0082,DB생명보험,X,생명보험,5,CSM 상각,2023.3Q,-1021.9,-343.5
KR0082,DB생명보험,X,생명보험,6,기말 CSM,2023.3Q,17613.7,17613.7
KR0082,DB생명보험,X,생명보험,1,기초 CSM,2023.4Q,15523.6,17613.7
KR0082,DB생명보험,X,생명보험,2,신계약 CSM,2023.4Q,5247.3,1161.3
KR0082,DB생명보험,X,생명보험,3,이자 부리,2023.4Q,562.9,155.4
KR0082,DB생명보험,X,생명보험,4,가정 및 경험 조정,2023.4Q,-3441.5,-2059.9
KR0082,DB생명보험,X,생명보험,5,CSM 상각,2023.4Q,-1343.4,-321.5
KR0082,DB생명보험,X,생명보험,6,기말 CSM,2023.4Q,16548.9,16548.9
KR0082,DB생명보험,X,생명보험,1,기초 CSM,2024.1Q,16548.9,16548.9
KR0082,DB생명보험,X,생명보험,2,신계약 CSM,2024.1Q,1236.4,1236.4
KR0082,DB생명보험,X,생명보험,3,이자 부리,2024.1Q,154.3,154.3
KR0082,DB생명보험,X,생명보험,4,가정 및 경험 조정,2024.1Q,-924.3,-924.3
KR0082,DB생명보험,X,생명보험,5,CSM 상각,2024.1Q,-319.3,-319.3
KR0082,DB생명보험,X,생명보험,6,기말 CSM,2024.1Q,16696.0,16696.0
KR0082,DB생명보험,X,생명보험,1,기초 CSM,2024.2Q,16548.9,16696.0
KR0082,DB생명보험,X,생명보험,2,신계약 CSM,2024.2Q,2181.8,945.4
KR0082,DB생명보험,X,생명보험,3,이자 부리,2024.2Q,309.1,154.8
KR0082,DB생명보험,X,생명보험,4,가정 및 경험 조정,2024.2Q,-1367.9,-443.6
KR0082,DB생명보험,X,생명보험,5,CSM 상각,2024.2Q,-640.5,-321.2
KR0082,DB생명보험,X,생명보험,6,기말 CSM,2024.2Q,17031.2,17031.2
KR0082,DB생명보험,X,생명보험,1,기초 CSM,2024.3Q,16548.9,17031.2
KR0082,DB생명보험,X,생명보험,2,신계약 CSM,2024.3Q,3319.1,1137.3
KR0082,DB생명보험,X,생명보험,3,이자 부리,2024.3Q,473.7,164.6
KR0082,DB생명보험,X,생명보험,4,가정 및 경험 조정,2024.3Q,-1711.6,-343.7
KR0082,DB생명보험,X,생명보험,5,CSM 상각,2024.3Q,-967.1,-326.6
KR0082,DB생명보험,X,생명보험,6,기말 CSM,2024.3Q,17663.0,17663.0
KR0082,DB생명보험,X,생명보험,1,기초 CSM,2024.4Q,16548.9,17663.0
KR0082,DB생명보험,X,생명보험,2,신계약 CSM,2024.4Q,4694.5,1375.4
KR0082,DB생명보험,X,생명보험,3,이자 부리,2024.4Q,646.1,172.4
KR0082,DB생명보험,X,생명보험,4,가정 및 경험 조정,2024.4Q,-2892.5,-1180.9
KR0082,DB생명보험,X,생명보험,5,CSM 상각,2024.4Q,-1292.1,-325.0
KR0082,DB생명보험,X,생명보험,6,기말 CSM,2024.4Q,17704.8,17704.8
KR0082,DB생명보험,X,생명보험,1,기초 CSM,2025.1Q,17704.9,17704.9
KR0082,DB생명보험,X,생명보험,2,신계약 CSM,2025.1Q,1429.5,1429.5
KR0082,DB생명보험,X,생명보험,3,이자 부리,2025.1Q,166.5,166.5
KR0082,DB생명보험,X,생명보험,4,가정 및 경험 조정,2025.1Q,460.2,460.2
KR0082,DB생명보험,X,생명보험,5,CSM 상각,2025.1Q,-343.9,-343.9
KR0082,DB생명보험,X,생명보험,6,기말 CSM,2025.1Q,19417.1,19417.1
KR0082,DB생명보험,X,생명보험,1,기초 CSM,2025.2Q,17704.9,19417.1
KR0082,DB생명보험,X,생명보험,2,신계약 CSM,2025.2Q,2402.4,972.9
KR0082,DB생명보험,X,생명보험,3,이자 부리,2025.2Q,343.5,177.0
KR0082,DB생명보험,X,생명보험,4,가정 및 경험 조정,2025.2Q,301.9,-158.3
KR0082,DB생명보험,X,생명보험,5,CSM 상각,2025.2Q,-691.5,-347.6
KR0082,DB생명보험,X,생명보험,6,기말 CSM,2025.2Q,20061.1,20061.1
KR0082,DB생명보험,X,생명보험,1,기초 CSM,2025.3Q,17704.9,20061.1
KR0082,DB생명보험,X,생명보험,2,신계약 CSM,2025.3Q,3401.2,998.8
KR0082,DB생명보험,X,생명보험,3,이자 부리,2025.3Q,521.9,178.4
KR0082,DB생명보험,X,생명보험,4,가정 및 경험 조정,2025.3Q,67.2,-234.7
KR0082,DB생명보험,X,생명보험,5,CSM 상각,2025.3Q,-1042.4,-350.9
KR0082,DB생명보험,X,생명보험,6,기말 CSM,2025.3Q,20652.8,20652.8
KR0082,DB생명보험,X,생명보험,1,기초 CSM,2025.4Q,17704.8,20652.8
KR0082,DB생명보험,X,생명보험,2,신계약 CSM,2025.4Q,4441.9,1040.7
KR0082,DB생명보험,X,생명보험,3,이자 부리,2025.4Q,704.8,182.9
KR0082,DB생명보험,X,생명보험,4,가정 및 경험 조정,2025.4Q,-1654.7,-1721.9
KR0082,DB생명보험,X,생명보험,5,CSM 상각,2025.4Q,-1383.7,-341.3
KR0082,DB생명보험,X,생명보험,6,기말 CSM,2025.4Q,19813.1,19813.1
KR0082,DB생명보험,X,생명보험,1,기초 CSM,2026.1Q,19813.0,19813.0
KR0082,DB생명보험,X,생명보험,2,신계약 CSM,2026.1Q,1024.5,1024.5
KR0082,DB생명보험,X,생명보험,3,이자 부리,2026.1Q,174.1,174.1
KR0082,DB생명보험,X,생명보험,4,가정 및 경험 조정,2026.1Q,-144.2,-144.2
KR0082,DB생명보험,X,생명보험,5,CSM 상각,2026.1Q,-337.3,-337.3
KR0082,DB생명보험,X,생명보험,6,기말 CSM,2026.1Q,20530.2,20530.2
KR0082,DB생명보험,X,생명보험,1,기초 CSM,2026.2Q,19813.0,20530.2
KR0082,DB생명보험,X,생명보험,2,신계약 CSM,2026.2Q,2176.3,1151.8
KR0082,DB생명보험,X,생명보험,3,이자 부리,2026.2Q,353.3,179.2
KR0082,DB생명보험,X,생명보험,4,가정 및 경험 조정,2026.2Q,-1257.0,-1112.8
KR0082,DB생명보험,X,생명보험,5,CSM 상각,2026.2Q,-653.6,-316.3
KR0082,DB생명보험,X,생명보험,6,기말 CSM,2026.2Q,20432.0,20432.0
KR0083,푸본현대생명보험,X,생명보험,1,기초 CSM,2023.1Q,1401.2,1401.2
KR0083,푸본현대생명보험,X,생명보험,2,신계약 CSM,2023.1Q,74.5,74.5
KR0083,푸본현대생명보험,X,생명보험,3,이자 부리,2023.1Q,12.1,12.1
KR0083,푸본현대생명보험,X,생명보험,4,가정 및 경험 조정,2023.1Q,-54.5,-54.5
KR0083,푸본현대생명보험,X,생명보험,5,CSM 상각,2023.1Q,-41.3,-41.3
KR0083,푸본현대생명보험,X,생명보험,6,기말 CSM,2023.1Q,1391.9,1391.9
KR0083,푸본현대생명보험,X,생명보험,1,기초 CSM,2023.2Q,1401.2,1391.9
KR0083,푸본현대생명보험,X,생명보험,2,신계약 CSM,2023.2Q,489.7,415.2
KR0083,푸본현대생명보험,X,생명보험,3,이자 부리,2023.2Q,27.7,15.6
KR0083,푸본현대생명보험,X,생명보험,4,가정 및 경험 조정,2023.2Q,-131.8,-77.3
KR0083,푸본현대생명보험,X,생명보험,5,CSM 상각,2023.2Q,-85.2,-43.9
KR0083,푸본현대생명보험,X,생명보험,6,기말 CSM,2023.2Q,1701.7,1701.7
KR0083,푸본현대생명보험,X,생명보험,1,기초 CSM,2023.3Q,1401.2,1701.7
KR0083,푸본현대생명보험,X,생명보험,2,신계약 CSM,2023.3Q,843.5,353.8
KR0083,푸본현대생명보험,X,생명보험,3,이자 부리,2023.3Q,47.6,19.9
KR0083,푸본현대생명보험,X,생명보험,4,가정 및 경험 조정,2023.3Q,-420.3,-288.5
KR0083,푸본현대생명보험,X,생명보험,5,CSM 상각,2023.3Q,-124.9,-39.7
KR0083,푸본현대생명보험,X,생명보험,6,기말 CSM,2023.3Q,1747.1,1747.1
KR0083,푸본현대생명보험,X,생명보험,1,기초 CSM,2023.4Q,1401.2,1747.1
KR0083,푸본현대생명보험,X,생명보험,2,신계약 CSM,2023.4Q,1165.1,321.6
KR0083,푸본현대생명보험,X,생명보험,3,이자 부리,2023.4Q,69.4,21.8
KR0083,푸본현대생명보험,X,생명보험,4,가정 및 경험 조정,2023.4Q,-827.3,-407.0
KR0083,푸본현대생명보험,X,생명보험,5,CSM 상각,2023.4Q,-150.1,-25.2
KR0083,푸본현대생명보험,X,생명보험,6,기말 CSM,2023.4Q,1658.3,1658.3
KR0083,푸본현대생명보험,X,생명보험,1,기초 CSM,2024.1Q,1658.3,1658.3
KR0083,푸본현대생명보험,X,생명보험,2,신계약 CSM,2024.1Q,224.6,224.6
KR0083,푸본현대생명보험,X,생명보험,3,이자 부리,2024.1Q,18.1,18.1
KR0083,푸본현대생명보험,X,생명보험,4,가정 및 경험 조정,2024.1Q,-69.0,-69.0
KR0083,푸본현대생명보험,X,생명보험,5,CSM 상각,2024.1Q,-50.1,-50.1
KR0083,푸본현대생명보험,X,생명보험,6,기말 CSM,2024.1Q,1782.0,1782.0
KR0083,푸본현대생명보험,X,생명보험,1,기초 CSM,2024.2Q,1658.3,1782.0
KR0083,푸본현대생명보험,X,생명보험,2,신계약 CSM,2024.2Q,314.6,90.0
KR0083,푸본현대생명보험,X,생명보험,3,이자 부리,2024.2Q,38.4,20.3
KR0083,푸본현대생명보험,X,생명보험,4,가정 및 경험 조정,2024.2Q,-137.5,-68.5
KR0083,푸본현대생명보험,X,생명보험,5,CSM 상각,2024.2Q,-101.1,-51.0
KR0083,푸본현대생명보험,X,생명보험,6,기말 CSM,2024.2Q,1772.7,1772.7
KR0083,푸본현대생명보험,X,생명보험,1,기초 CSM,2024.3Q,1658.2,1772.7
KR0083,푸본현대생명보험,X,생명보험,2,신계약 CSM,2024.3Q,412.7,98.1
KR0083,푸본현대생명보험,X,생명보험,3,이자 부리,2024.3Q,60.5,22.1
KR0083,푸본현대생명보험,X,생명보험,4,가정 및 경험 조정,2024.3Q,-189.4,-51.9
KR0083,푸본현대생명보험,X,생명보험,5,CSM 상각,2024.3Q,-151.1,-50.0
KR0083,푸본현대생명보험,X,생명보험,6,기말 CSM,2024.3Q,1791.0,1791.0
KR0083,푸본현대생명보험,X,생명보험,1,기초 CSM,2024.4Q,1658.3,1791.0
KR0083,푸본현대생명보험,X,생명보험,2,신계약 CSM,2024.4Q,528.8,116.1
KR0083,푸본현대생명보험,X,생명보험,3,이자 부리,2024.4Q,82.9,22.4
KR0083,푸본현대생명보험,X,생명보험,4,가정 및 경험 조정,2024.4Q,-675.8,-486.4
KR0083,푸본현대생명보험,X,생명보험,5,CSM 상각,2024.4Q,-170.6,-19.5
KR0083,푸본현대생명보험,X,생명보험,6,기말 CSM,2024.4Q,1423.5,1423.5
KR0083,푸본현대생명보험,X,생명보험,1,기초 CSM,2025.1Q,1423.5,1423.5
KR0083,푸본현대생명보험,X,생명보험,2,신계약 CSM,2025.1Q,132.8,132.8
KR0083,푸본현대생명보험,X,생명보험,3,이자 부리,2025.1Q,15.5,15.5
KR0083,푸본현대생명보험,X,생명보험,4,가정 및 경험 조정,2025.1Q,-35.5,-35.5
KR0083,푸본현대생명보험,X,생명보험,5,CSM 상각,2025.1Q,-44.7,-44.7
KR0083,푸본현대생명보험,X,생명보험,6,기말 CSM,2025.1Q,1491.6,1491.6
KR0083,푸본현대생명보험,X,생명보험,1,기초 CSM,2025.2Q,1423.5,1491.6
KR0083,푸본현대생명보험,X,생명보험,2,신계약 CSM,2025.2Q,512.3,379.5
KR0083,푸본현대생명보험,X,생명보험,3,이자 부리,2025.2Q,45.5,30.0
KR0083,푸본현대생명보험,X,생명보험,4,가정 및 경험 조정,2025.2Q,-77.7,-42.2
KR0083,푸본현대생명보험,X,생명보험,5,CSM 상각,2025.2Q,-96.7,-52.0
KR0083,푸본현대생명보험,X,생명보험,6,기말 CSM,2025.2Q,1806.9,1806.9
KR0083,푸본현대생명보험,X,생명보험,1,기초 CSM,2025.3Q,1423.5,1806.9
KR0083,푸본현대생명보험,X,생명보험,2,신계약 CSM,2025.3Q,745.8,233.5
KR0083,푸본현대생명보험,X,생명보험,3,이자 부리,2025.3Q,54.4,8.9
KR0083,푸본현대생명보험,X,생명보험,4,가정 및 경험 조정,2025.3Q,-139.4,-61.7
KR0083,푸본현대생명보험,X,생명보험,5,CSM 상각,2025.3Q,-152.2,-55.5
KR0083,푸본현대생명보험,X,생명보험,6,기말 CSM,2025.3Q,1932.1,1932.1
KR0083,푸본현대생명보험,X,생명보험,1,기초 CSM,2025.4Q,1423.5,1932.1
KR0083,푸본현대생명보험,X,생명보험,2,신계약 CSM,2025.4Q,996.8,251.0
KR0083,푸본현대생명보험,X,생명보험,3,이자 부리,2025.4Q,75.5,21.1
KR0083,푸본현대생명보험,X,생명보험,4,가정 및 경험 조정,2025.4Q,-402.8,-263.4
KR0083,푸본현대생명보험,X,생명보험,5,CSM 상각,2025.4Q,-186.4,-34.2
KR0083,푸본현대생명보험,X,생명보험,6,기말 CSM,2025.4Q,1906.5,1906.5
KR0083,푸본현대생명보험,X,생명보험,1,기초 CSM,2026.1Q,1906.5,1906.5
KR0083,푸본현대생명보험,X,생명보험,2,신계약 CSM,2026.1Q,231.5,231.5
KR0083,푸본현대생명보험,X,생명보험,3,이자 부리,2026.1Q,17.4,17.4
KR0083,푸본현대생명보험,X,생명보험,4,가정 및 경험 조정,2026.1Q,-52.8,-52.8
KR0083,푸본현대생명보험,X,생명보험,5,CSM 상각,2026.1Q,-57.2,-57.2
KR0083,푸본현대생명보험,X,생명보험,6,기말 CSM,2026.1Q,2045.4,2045.4
KR0083,푸본현대생명보험,X,생명보험,1,기초 CSM,2026.2Q,1906.5,2045.4
KR0083,푸본현대생명보험,X,생명보험,2,신계약 CSM,2026.2Q,702.9,471.4
KR0083,푸본현대생명보험,X,생명보험,3,이자 부리,2026.2Q,26.0,8.6
KR0083,푸본현대생명보험,X,생명보험,4,가정 및 경험 조정,2026.2Q,-756.9,-704.1
KR0083,푸본현대생명보험,X,생명보험,5,CSM 상각,2026.2Q,-90.2,-33.0
KR0083,푸본현대생명보험,X,생명보험,6,기말 CSM,2026.2Q,1788.2,1788.2
KR0087,동양생명,082640,생명보험,1,기초 CSM,2023.1Q,23742.3,23742.3
KR0087,동양생명,082640,생명보험,2,신계약 CSM,2023.1Q,1762.7,1762.7
KR0087,동양생명,082640,생명보험,3,이자 부리,2023.1Q,240.5,240.5
KR0087,동양생명,082640,생명보험,4,가정 및 경험 조정,2023.1Q,-239.9,-239.9
KR0087,동양생명,082640,생명보험,5,CSM 상각,2023.1Q,-648.5,-648.5
KR0087,동양생명,082640,생명보험,6,기말 CSM,2023.1Q,24857.0,24857.0
KR0087,동양생명,082640,생명보험,1,기초 CSM,2023.2Q,23742.3,24857.0
KR0087,동양생명,082640,생명보험,2,신계약 CSM,2023.2Q,3587.8,1825.1
KR0087,동양생명,082640,생명보험,3,이자 부리,2023.2Q,494.5,254.0
KR0087,동양생명,082640,생명보험,4,가정 및 경험 조정,2023.2Q,-1495.4,-1255.5
KR0087,동양생명,082640,생명보험,5,CSM 상각,2023.2Q,-1274.1,-625.6
KR0087,동양생명,082640,생명보험,6,기말 CSM,2023.2Q,25055.1,25055.1
KR0087,동양생명,082640,생명보험,1,기초 CSM,2023.3Q,23742.3,25055.1
KR0087,동양생명,082640,생명보험,2,신계약 CSM,2023.3Q,5608.9,2021.1
KR0087,동양생명,082640,생명보험,3,이자 부리,2023.3Q,448.5,-46.0
KR0087,동양생명,082640,생명보험,4,가정 및 경험 조정,2023.3Q,-2101.4,-606.0
KR0087,동양생명,082640,생명보험,5,CSM 상각,2023.3Q,-1949.9,-675.8
KR0087,동양생명,082640,생명보험,6,기말 CSM,2023.3Q,25748.3,25748.3
KR0087,동양생명,082640,생명보험,1,기초 CSM,2023.4Q,23742.3,25748.3
KR0087,동양생명,082640,생명보험,2,신계약 CSM,2023.4Q,7601.6,1992.7
KR0087,동양생명,082640,생명보험,3,이자 부리,2023.4Q,709.1,260.6
KR0087,동양생명,082640,생명보험,4,가정 및 경험 조정,2023.4Q,-4057.8,-1956.4
KR0087,동양생명,082640,생명보험,5,CSM 상각,2023.4Q,-2577.2,-627.3
KR0087,동양생명,082640,생명보험,6,기말 CSM,2023.4Q,25418.0,25418.0
KR0087,동양생명,082640,생명보험,1,기초 CSM,2024.1Q,25418.0,25418.0
KR0087,동양생명,082640,생명보험,2,신계약 CSM,2024.1Q,2043.5,2043.5
KR0087,동양생명,082640,생명보험,3,이자 부리,2024.1Q,264.9,264.9
KR0087,동양생명,082640,생명보험,4,가정 및 경험 조정,2024.1Q,-172.9,-172.9
KR0087,동양생명,082640,생명보험,5,CSM 상각,2024.1Q,-642.0,-642.0
KR0087,동양생명,082640,생명보험,6,기말 CSM,2024.1Q,26911.5,26911.5
KR0087,동양생명,082640,생명보험,1,기초 CSM,2024.2Q,25418.0,26911.5
KR0087,동양생명,082640,생명보험,2,신계약 CSM,2024.2Q,3435.2,1391.7
KR0087,동양생명,082640,생명보험,3,이자 부리,2024.2Q,542.9,278.0
KR0087,동양생명,082640,생명보험,4,가정 및 경험 조정,2024.2Q,-561.3,-388.4
KR0087,동양생명,082640,생명보험,5,CSM 상각,2024.2Q,-1294.4,-652.4
KR0087,동양생명,082640,생명보험,6,기말 CSM,2024.2Q,27540.3,27540.3
KR0087,동양생명,082640,생명보험,1,기초 CSM,2024.3Q,25418.0,27540.3
KR0087,동양생명,082640,생명보험,2,신계약 CSM,2024.3Q,5671.0,2235.8
KR0087,동양생명,082640,생명보험,3,이자 부리,2024.3Q,833.4,290.5
KR0087,동양생명,082640,생명보험,4,가정 및 경험 조정,2024.3Q,-1370.0,-808.7
KR0087,동양생명,082640,생명보험,5,CSM 상각,2024.3Q,-1962.0,-667.6
KR0087,동양생명,082640,생명보험,6,기말 CSM,2024.3Q,28590.5,28590.5
KR0087,동양생명,082640,생명보험,1,기초 CSM,2024.4Q,25418.0,28590.5
KR0087,동양생명,082640,생명보험,2,신계약 CSM,2024.4Q,7319.8,1648.8
KR0087,동양생명,082640,생명보험,3,이자 부리,2024.4Q,1134.4,301.0
KR0087,동양생명,082640,생명보험,4,가정 및 경험 조정,2024.4Q,-4561.4,-3191.4
KR0087,동양생명,082640,생명보험,5,CSM 상각,2024.4Q,-2599.9,-637.9
KR0087,동양생명,082640,생명보험,6,기말 CSM,2024.4Q,26710.9,26710.9
KR0087,동양생명,082640,생명보험,1,기초 CSM,2025.1Q,26710.9,26710.9
KR0087,동양생명,082640,생명보험,2,신계약 CSM,2025.1Q,1903.8,1903.8
KR0087,동양생명,082640,생명보험,3,이자 부리,2025.1Q,278.1,278.1
KR0087,동양생명,082640,생명보험,4,가정 및 경험 조정,2025.1Q,-1657.8,-1657.8
KR0087,동양생명,082640,생명보험,5,CSM 상각,2025.1Q,-623.2,-623.2
KR0087,동양생명,082640,생명보험,6,기말 CSM,2025.1Q,26611.8,26611.8
KR0087,동양생명,082640,생명보험,1,기초 CSM,2025.2Q,26710.9,26611.8
KR0087,동양생명,082640,생명보험,2,신계약 CSM,2025.2Q,3028.9,1125.1
KR0087,동양생명,082640,생명보험,3,이자 부리,2025.2Q,549.9,271.8
KR0087,동양생명,082640,생명보험,4,가정 및 경험 조정,2025.2Q,-1586.7,71.1
KR0087,동양생명,082640,생명보험,5,CSM 상각,2025.2Q,-1260.6,-637.4
KR0087,동양생명,082640,생명보험,6,기말 CSM,2025.2Q,27442.4,27442.4
KR0087,동양생명,082640,생명보험,1,기초 CSM,2025.3Q,26710.9,27442.4
KR0087,동양생명,082640,생명보험,2,신계약 CSM,2025.3Q,4258.5,1229.6
KR0087,동양생명,082640,생명보험,3,이자 부리,2025.3Q,826.9,277.0
KR0087,동양생명,082640,생명보험,4,가정 및 경험 조정,2025.3Q,-1927.9,-341.2
KR0087,동양생명,082640,생명보험,5,CSM 상각,2025.3Q,-1898.6,-638.0
KR0087,동양생명,082640,생명보험,6,기말 CSM,2025.3Q,27969.8,27969.8
KR0087,동양생명,082640,생명보험,1,기초 CSM,2025.4Q,26710.9,27969.8
KR0087,동양생명,082640,생명보험,2,신계약 CSM,2025.4Q,5291.3,1032.8
KR0087,동양생명,082640,생명보험,3,이자 부리,2025.4Q,1105.0,278.1
KR0087,동양생명,082640,생명보험,4,가정 및 경험 조정,2025.4Q,-6068.8,-4140.9
KR0087,동양생명,082640,생명보험,5,CSM 상각,2025.4Q,-2467.5,-568.9
KR0087,동양생명,082640,생명보험,6,기말 CSM,2025.4Q,24571.0,24571.0
KR0087,동양생명,082640,생명보험,1,기초 CSM,2026.1Q,24571.0,24571.0
KR0087,동양생명,082640,생명보험,2,신계약 CSM,2026.1Q,944.6,944.6
KR0087,동양생명,082640,생명보험,3,이자 부리,2026.1Q,247.5,247.5
KR0087,동양생명,082640,생명보험,4,가정 및 경험 조정,2026.1Q,-33.6,-33.6
KR0087,동양생명,082640,생명보험,5,CSM 상각,2026.1Q,-621.1,-621.1
KR0087,동양생명,082640,생명보험,6,기말 CSM,2026.1Q,25108.3,25108.3
KR0087,동양생명,082640,생명보험,1,기초 CSM,2026.2Q,24571.0,25108.3
KR0087,동양생명,082640,생명보험,2,신계약 CSM,2026.2Q,2424.9,1480.3
KR0087,동양생명,082640,생명보험,3,이자 부리,2026.2Q,503.4,255.9
KR0087,동양생명,082640,생명보험,4,가정 및 경험 조정,2026.2Q,212.9,246.5
KR0087,동양생명,082640,생명보험,5,CSM 상각,2026.2Q,-1255.1,-634.0
KR0087,동양생명,082640,생명보험,6,기말 CSM,2026.2Q,26457.1,26457.1
KR0094,신한라이프생명보험,X,생명보험,1,기초 CSM,2023.1Q,69249.1,69249.1
KR0094,신한라이프생명보험,X,생명보험,2,신계약 CSM,2023.1Q,2207.9,2207.9
KR0094,신한라이프생명보험,X,생명보험,3,이자 부리,2023.1Q,583.7,583.7
KR0094,신한라이프생명보험,X,생명보험,4,가정 및 경험 조정,2023.1Q,-95.7,-95.7
KR0094,신한라이프생명보험,X,생명보험,5,CSM 상각,2023.1Q,-1668.3,-1668.3
KR0094,신한라이프생명보험,X,생명보험,6,기말 CSM,2023.1Q,70276.8,70276.8
KR0094,신한라이프생명보험,X,생명보험,1,기초 CSM,2023.2Q,69249.1,70276.8
KR0094,신한라이프생명보험,X,생명보험,2,신계약 CSM,2023.2Q,4378.8,2170.9
KR0094,신한라이프생명보험,X,생명보험,3,이자 부리,2023.2Q,1177.4,593.7
KR0094,신한라이프생명보험,X,생명보험,4,가정 및 경험 조정,2023.2Q,-1053.4,-957.7
KR0094,신한라이프생명보험,X,생명보험,5,CSM 상각,2023.2Q,-3338.6,-1670.3
KR0094,신한라이프생명보험,X,생명보험,6,기말 CSM,2023.2Q,70413.3,70413.3
KR0094,신한라이프생명보험,X,생명보험,1,기초 CSM,2023.3Q,69249.1,70413.3
KR0094,신한라이프생명보험,X,생명보험,2,신계약 CSM,2023.3Q,7260.7,2881.9
KR0094,신한라이프생명보험,X,생명보험,3,이자 부리,2023.3Q,1789.0,611.6
KR0094,신한라이프생명보험,X,생명보험,4,가정 및 경험 조정,2023.3Q,-1098.0,-44.6
KR0094,신한라이프생명보험,X,생명보험,5,CSM 상각,2023.3Q,-5171.1,-1832.5
KR0094,신한라이프생명보험,X,생명보험,6,기말 CSM,2023.3Q,72029.6,72029.6
KR0094,신한라이프생명보험,X,생명보험,1,기초 CSM,2023.4Q,69249.1,72029.6
KR0094,신한라이프생명보험,X,생명보험,2,신계약 CSM,2023.4Q,9017.8,1757.1
KR0094,신한라이프생명보험,X,생명보험,3,이자 부리,2023.4Q,2397.1,608.1
KR0094,신한라이프생명보험,X,생명보험,4,가정 및 경험 조정,2023.4Q,-2008.5,-910.5
KR0094,신한라이프생명보험,X,생명보험,5,CSM 상각,2023.4Q,-6968.2,-1797.1
KR0094,신한라이프생명보험,X,생명보험,6,기말 CSM,2023.4Q,71687.2,71687.2
KR0094,신한라이프생명보험,X,생명보험,1,기초 CSM,2024.1Q,71687.2,71687.2
KR0094,신한라이프생명보험,X,생명보험,2,신계약 CSM,2024.1Q,3766.0,3766.0
KR0094,신한라이프생명보험,X,생명보험,3,이자 부리,2024.1Q,642.5,642.5
KR0094,신한라이프생명보험,X,생명보험,4,가정 및 경험 조정,2024.1Q,-1450.9,-1450.9
KR0094,신한라이프생명보험,X,생명보험,5,CSM 상각,2024.1Q,-1868.8,-1868.8
KR0094,신한라이프생명보험,X,생명보험,6,기말 CSM,2024.1Q,72776.1,72776.1
KR0094,신한라이프생명보험,X,생명보험,1,기초 CSM,2024.2Q,71687.2,72776.1
KR0094,신한라이프생명보험,X,생명보험,2,신계약 CSM,2024.2Q,6231.1,2465.1
KR0094,신한라이프생명보험,X,생명보험,3,이자 부리,2024.2Q,1284.3,641.8
KR0094,신한라이프생명보험,X,생명보험,4,가정 및 경험 조정,2024.2Q,-4772.2,-3321.3
KR0094,신한라이프생명보험,X,생명보험,5,CSM 상각,2024.2Q,-3721.7,-1852.9
KR0094,신한라이프생명보험,X,생명보험,6,기말 CSM,2024.2Q,70708.8,70708.8
KR0094,신한라이프생명보험,X,생명보험,1,기초 CSM,2024.3Q,71687.2,70708.8
KR0094,신한라이프생명보험,X,생명보험,2,신계약 CSM,2024.3Q,9490.7,3259.6
KR0094,신한라이프생명보험,X,생명보험,3,이자 부리,2024.3Q,1902.3,618.0
KR0094,신한라이프생명보험,X,생명보험,4,가정 및 경험 조정,2024.3Q,-7184.0,-2411.8
KR0094,신한라이프생명보험,X,생명보험,5,CSM 상각,2024.3Q,-5592.9,-1871.2
KR0094,신한라이프생명보험,X,생명보험,6,기말 CSM,2024.3Q,70303.3,70303.3
KR0094,신한라이프생명보험,X,생명보험,1,기초 CSM,2024.4Q,71687.2,70303.3
KR0094,신한라이프생명보험,X,생명보험,2,신계약 CSM,2024.4Q,12646.8,3156.1
KR0094,신한라이프생명보험,X,생명보험,3,이자 부리,2024.4Q,2558.3,656.0
KR0094,신한라이프생명보험,X,생명보험,4,가정 및 경험 조정,2024.4Q,-7324.7,-140.7
KR0094,신한라이프생명보험,X,생명보험,5,CSM 상각,2024.4Q,-7326.5,-1733.6
KR0094,신한라이프생명보험,X,생명보험,6,기말 CSM,2024.4Q,72241.1,72241.1
KR0094,신한라이프생명보험,X,생명보험,1,기초 CSM,2025.1Q,72241.1,72241.1
KR0094,신한라이프생명보험,X,생명보험,2,신계약 CSM,2025.1Q,3668.9,3668.9
KR0094,신한라이프생명보험,X,생명보험,3,이자 부리,2025.1Q,647.0,647.0
KR0094,신한라이프생명보험,X,생명보험,4,가정 및 경험 조정,2025.1Q,-478.0,-478.0
KR0094,신한라이프생명보험,X,생명보험,5,CSM 상각,2025.1Q,-1836.0,-1836.0
KR0094,신한라이프생명보험,X,생명보험,6,기말 CSM,2025.1Q,74243.1,74243.1
KR0094,신한라이프생명보험,X,생명보험,1,기초 CSM,2025.2Q,72241.1,74243.1
KR0094,신한라이프생명보험,X,생명보험,2,신계약 CSM,2025.2Q,7045.0,3376.1
KR0094,신한라이프생명보험,X,생명보험,3,이자 부리,2025.2Q,1295.6,648.6
KR0094,신한라이프생명보험,X,생명보험,4,가정 및 경험 조정,2025.2Q,-4313.2,-3835.2
KR0094,신한라이프생명보험,X,생명보험,5,CSM 상각,2025.2Q,-3647.1,-1811.1
KR0094,신한라이프생명보험,X,생명보험,6,기말 CSM,2025.2Q,72621.4,72621.4
KR0094,신한라이프생명보험,X,생명보험,1,기초 CSM,2025.3Q,72241.1,72621.4
KR0094,신한라이프생명보험,X,생명보험,2,신계약 CSM,2025.3Q,12007.1,4962.1
KR0094,신한라이프생명보험,X,생명보험,3,이자 부리,2025.3Q,1965.8,670.2
KR0094,신한라이프생명보험,X,생명보험,4,가정 및 경험 조정,2025.3Q,-4656.2,-343.0
KR0094,신한라이프생명보험,X,생명보험,5,CSM 상각,2025.3Q,-5496.2,-1849.1
KR0094,신한라이프생명보험,X,생명보험,6,기말 CSM,2025.3Q,76061.6,76061.6
KR0094,신한라이프생명보험,X,생명보험,1,기초 CSM,2025.4Q,72241.1,76061.6
KR0094,신한라이프생명보험,X,생명보험,2,신계약 CSM,2025.4Q,16460.0,4452.9
KR0094,신한라이프생명보험,X,생명보험,3,이자 부리,2025.4Q,2658.7,692.9
KR0094,신한라이프생명보험,X,생명보험,4,가정 및 경험 조정,2025.4Q,-8470.1,-3813.9
KR0094,신한라이프생명보험,X,생명보험,5,CSM 상각,2025.4Q,-7352.3,-1856.1
KR0094,신한라이프생명보험,X,생명보험,6,기말 CSM,2025.4Q,75537.3,75537.3
KR0094,신한라이프생명보험,X,생명보험,1,기초 CSM,2026.1Q,75537.3,75537.3
KR0094,신한라이프생명보험,X,생명보험,2,신계약 CSM,2026.1Q,3628.6,3628.6
KR0094,신한라이프생명보험,X,생명보험,3,이자 부리,2026.1Q,685.6,685.6
KR0094,신한라이프생명보험,X,생명보험,4,가정 및 경험 조정,2026.1Q,-752.5,-752.5
KR0094,신한라이프생명보험,X,생명보험,5,CSM 상각,2026.1Q,-1875,-1875
KR0094,신한라이프생명보험,X,생명보험,6,기말 CSM,2026.1Q,77224,77224
KR0094,신한라이프생명보험,X,생명보험,1,기초 CSM,2026.2Q,75537.3,77224
KR0094,신한라이프생명보험,X,생명보험,2,신계약 CSM,2026.2Q,7160.6,3532.0
KR0094,신한라이프생명보험,X,생명보험,3,이자 부리,2026.2Q,1380.9,695.3
KR0094,신한라이프생명보험,X,생명보험,4,가정 및 경험 조정,2026.2Q,-1122.1,-369.6
KR0094,신한라이프생명보험,X,생명보험,5,CSM 상각,2026.2Q,-3847.8,-1972.8
KR0094,신한라이프생명보험,X,생명보험,6,기말 CSM,2026.2Q,79108.9,79108.9
KR0095,메트라이프생명보험,X,생명보험,1,기초 CSM,2023.4Q,19246.2,
KR0095,메트라이프생명보험,X,생명보험,2,신계약 CSM,2023.4Q,5044.5,
KR0095,메트라이프생명보험,X,생명보험,3,이자 부리,2023.4Q,1103.2,
KR0095,메트라이프생명보험,X,생명보험,4,가정 및 경험 조정,2023.4Q,-1787.2,
KR0095,메트라이프생명보험,X,생명보험,5,CSM 상각,2023.4Q,-2085.6,
KR0095,메트라이프생명보험,X,생명보험,6,기말 CSM,2023.4Q,21521.1,21521.1
KR0095,메트라이프생명보험,X,생명보험,1,기초 CSM,2024.4Q,21521.1,
KR0095,메트라이프생명보험,X,생명보험,2,신계약 CSM,2024.4Q,3742.1,
KR0095,메트라이프생명보험,X,생명보험,3,이자 부리,2024.4Q,2286.4,
KR0095,메트라이프생명보험,X,생명보험,4,가정 및 경험 조정,2024.4Q,-1570.2,
KR0095,메트라이프생명보험,X,생명보험,5,CSM 상각,2024.4Q,-1912.3,
KR0095,메트라이프생명보험,X,생명보험,6,기말 CSM,2024.4Q,24066.9,24066.9
KR0095,메트라이프생명보험,X,생명보험,1,기초 CSM,2025.4Q,24066.9,
KR0095,메트라이프생명보험,X,생명보험,2,신계약 CSM,2025.4Q,4951.0,
KR0095,메트라이프생명보험,X,생명보험,3,이자 부리,2025.4Q,439.8,
KR0095,메트라이프생명보험,X,생명보험,4,가정 및 경험 조정,2025.4Q,-1270.6,
KR0095,메트라이프생명보험,X,생명보험,5,CSM 상각,2025.4Q,-2105.5,
KR0095,메트라이프생명보험,X,생명보험,6,기말 CSM,2025.4Q,26081.6,26081.6
KR0097,하나생명보험,X,생명보험,1,기초 CSM,2023.4Q,1877.4,
KR0097,하나생명보험,X,생명보험,2,신계약 CSM,2023.4Q,2091.8,
KR0097,하나생명보험,X,생명보험,3,이자 부리,2023.4Q,77.1,
KR0097,하나생명보험,X,생명보험,4,가정 및 경험 조정,2023.4Q,-751.0,
KR0097,하나생명보험,X,생명보험,5,CSM 상각,2023.4Q,-279.1,
KR0097,하나생명보험,X,생명보험,6,기말 CSM,2023.4Q,3016.1,3016.1
KR0097,하나생명보험,X,생명보험,1,기초 CSM,2024.4Q,3089.1,
KR0097,하나생명보험,X,생명보험,2,신계약 CSM,2024.4Q,3240.3,
KR0097,하나생명보험,X,생명보험,3,이자 부리,2024.4Q,181.3,
KR0097,하나생명보험,X,생명보험,4,가정 및 경험 조정,2024.4Q,-1660.2,
KR0097,하나생명보험,X,생명보험,5,CSM 상각,2024.4Q,-403.7,
KR0097,하나생명보험,X,생명보험,6,기말 CSM,2024.4Q,4446.8,4446.8
KR0097,하나생명보험,X,생명보험,1,기초 CSM,2025.4Q,4446.8,
KR0097,하나생명보험,X,생명보험,2,신계약 CSM,2025.4Q,4086.2,
KR0097,하나생명보험,X,생명보험,3,이자 부리,2025.4Q,217.1,
KR0097,하나생명보험,X,생명보험,4,가정 및 경험 조정,2025.4Q,-942.7,
KR0097,하나생명보험,X,생명보험,5,CSM 상각,2025.4Q,-538.4,
KR0097,하나생명보험,X,생명보험,6,기말 CSM,2025.4Q,7269.0,7269.0
KR0099,KB라이프생명,X,생명보험,1,기초 CSM,2023.1Q,31201.3,31201.3
KR0099,KB라이프생명,X,생명보험,2,신계약 CSM,2023.1Q,1224.8,1224.8
KR0099,KB라이프생명,X,생명보험,3,이자 부리,2023.1Q,342.3,342.3
KR0099,KB라이프생명,X,생명보험,4,가정 및 경험 조정,2023.1Q,-568.7,-568.7
KR0099,KB라이프생명,X,생명보험,5,CSM 상각,2023.1Q,-683.4,-683.4
KR0099,KB라이프생명,X,생명보험,6,기말 CSM,2023.1Q,31516.3,31516.3
KR0099,KB라이프생명,X,생명보험,1,기초 CSM,2023.2Q,31201.3,31516.3
KR0099,KB라이프생명,X,생명보험,2,신계약 CSM,2023.2Q,2888.8,1664.0
KR0099,KB라이프생명,X,생명보험,3,이자 부리,2023.2Q,645.3,303.0
KR0099,KB라이프생명,X,생명보험,4,가정 및 경험 조정,2023.2Q,-1430.6,-861.9
KR0099,KB라이프생명,X,생명보험,5,CSM 상각,2023.2Q,-1399.4,-716.0
KR0099,KB라이프생명,X,생명보험,6,기말 CSM,2023.2Q,31905.5,31905.5
KR0099,KB라이프생명,X,생명보험,1,기초 CSM,2023.3Q,31201.3,31905.5
KR0099,KB라이프생명,X,생명보험,2,신계약 CSM,2023.3Q,4539.3,1650.5
KR0099,KB라이프생명,X,생명보험,3,이자 부리,2023.3Q,981.1,335.8
KR0099,KB라이프생명,X,생명보험,4,가정 및 경험 조정,2023.3Q,-2451.6,-1021.0
KR0099,KB라이프생명,X,생명보험,5,CSM 상각,2023.3Q,-2130.5,-731.1
KR0099,KB라이프생명,X,생명보험,6,기말 CSM,2023.3Q,32139.5,32139.5
KR0099,KB라이프생명,X,생명보험,1,기초 CSM,2023.4Q,31327.6,32139.5
KR0099,KB라이프생명,X,생명보험,2,신계약 CSM,2023.4Q,6346.7,1807.4
KR0099,KB라이프생명,X,생명보험,3,이자 부리,2023.4Q,1197.6,216.5
KR0099,KB라이프생명,X,생명보험,4,가정 및 경험 조정,2023.4Q,-5856.4,-3404.8
KR0099,KB라이프생명,X,생명보험,5,CSM 상각,2023.4Q,-2839.1,-708.6
KR0099,KB라이프생명,X,생명보험,6,기말 CSM,2023.4Q,30176.4,30176.4
KR0099,KB라이프생명,X,생명보험,1,기초 CSM,2024.1Q,30176.4,30176.4
KR0099,KB라이프생명,X,생명보험,2,신계약 CSM,2024.1Q,1313.6,1313.6
KR0099,KB라이프생명,X,생명보험,3,이자 부리,2024.1Q,349.8,349.8
KR0099,KB라이프생명,X,생명보험,4,가정 및 경험 조정,2024.1Q,-239.2,-239.2
KR0099,KB라이프생명,X,생명보험,5,CSM 상각,2024.1Q,-714.3,-714.3
KR0099,KB라이프생명,X,생명보험,6,기말 CSM,2024.1Q,30886.4,30886.4
KR0099,KB라이프생명,X,생명보험,1,기초 CSM,2024.2Q,30176.4,30886.4
KR0099,KB라이프생명,X,생명보험,2,신계약 CSM,2024.2Q,2273.9,960.3
KR0099,KB라이프생명,X,생명보험,3,이자 부리,2024.2Q,681.3,331.5
KR0099,KB라이프생명,X,생명보험,4,가정 및 경험 조정,2024.2Q,-249.8,-10.6
KR0099,KB라이프생명,X,생명보험,5,CSM 상각,2024.2Q,-1435.8,-721.5
KR0099,KB라이프생명,X,생명보험,6,기말 CSM,2024.2Q,31446.0,31446.0
KR0099,KB라이프생명,X,생명보험,1,기초 CSM,2024.3Q,30176.4,31446.0
KR0099,KB라이프생명,X,생명보험,2,신계약 CSM,2024.3Q,3729.8,1455.9
KR0099,KB라이프생명,X,생명보험,3,이자 부리,2024.3Q,898.7,217.4
KR0099,KB라이프생명,X,생명보험,4,가정 및 경험 조정,2024.3Q,-990.8,-741.0
KR0099,KB라이프생명,X,생명보험,5,CSM 상각,2024.3Q,-2161.5,-725.7
KR0099,KB라이프생명,X,생명보험,6,기말 CSM,2024.3Q,31652.7,31652.7
KR0099,KB라이프생명,X,생명보험,1,기초 CSM,2024.4Q,30176.4,31652.7
KR0099,KB라이프생명,X,생명보험,2,신계약 CSM,2024.4Q,5013.0,1283.2
KR0099,KB라이프생명,X,생명보험,3,이자 부리,2024.4Q,1230.7,332.0
KR0099,KB라이프생명,X,생명보험,4,가정 및 경험 조정,2024.4Q,-3384.2,-2393.4
KR0099,KB라이프생명,X,생명보험,5,CSM 상각,2024.4Q,-2930.8,-769.3
KR0099,KB라이프생명,X,생명보험,6,기말 CSM,2024.4Q,30105.1,30105.1
KR0099,KB라이프생명,X,생명보험,1,기초 CSM,2025.1Q,30105.1,30105.1
KR0099,KB라이프생명,X,생명보험,2,신계약 CSM,2025.1Q,1256.9,1256.9
KR0099,KB라이프생명,X,생명보험,3,이자 부리,2025.1Q,241.2,241.2
KR0099,KB라이프생명,X,생명보험,4,가정 및 경험 조정,2025.1Q,-982.2,-982.2
KR0099,KB라이프생명,X,생명보험,5,CSM 상각,2025.1Q,-723.7,-723.7
KR0099,KB라이프생명,X,생명보험,6,기말 CSM,2025.1Q,29897.3,29897.3
KR0099,KB라이프생명,X,생명보험,1,기초 CSM,2025.2Q,30105.1,29897.3
KR0099,KB라이프생명,X,생명보험,2,신계약 CSM,2025.2Q,2331.8,1074.9
KR0099,KB라이프생명,X,생명보험,3,이자 부리,2025.2Q,414.6,173.4
KR0099,KB라이프생명,X,생명보험,4,가정 및 경험 조정,2025.2Q,-519.8,462.4
KR0099,KB라이프생명,X,생명보험,5,CSM 상각,2025.2Q,-1449.8,-726.1
KR0099,KB라이프생명,X,생명보험,6,기말 CSM,2025.2Q,30882.0,30882.0
KR0099,KB라이프생명,X,생명보험,1,기초 CSM,2025.3Q,30105.1,30882.0
KR0099,KB라이프생명,X,생명보험,2,신계약 CSM,2025.3Q,3832.0,1500.2
KR0099,KB라이프생명,X,생명보험,3,이자 부리,2025.3Q,696.7,282.1
KR0099,KB라이프생명,X,생명보험,4,가정 및 경험 조정,2025.3Q,-485.1,34.7
KR0099,KB라이프생명,X,생명보험,5,CSM 상각,2025.3Q,-2198.5,-748.7
KR0099,KB라이프생명,X,생명보험,6,기말 CSM,2025.3Q,31950.1,31950.1
KR0099,KB라이프생명,X,생명보험,1,기초 CSM,2025.4Q,30105.1,31950.1
KR0099,KB라이프생명,X,생명보험,2,신계약 CSM,2025.4Q,5047.3,1215.3
KR0099,KB라이프생명,X,생명보험,3,이자 부리,2025.4Q,974.1,277.4
KR0099,KB라이프생명,X,생명보험,4,가정 및 경험 조정,2025.4Q,-512.6,-27.5
KR0099,KB라이프생명,X,생명보험,5,CSM 상각,2025.4Q,-2976.1,-777.6
KR0099,KB라이프생명,X,생명보험,6,기말 CSM,2025.4Q,32637.8,32637.8
KR0099,KB라이프생명,X,생명보험,1,기초 CSM,2026.1Q,32637.8,32637.8
KR0099,KB라이프생명,X,생명보험,2,신계약 CSM,2026.1Q,1415.3,1415.3
KR0099,KB라이프생명,X,생명보험,3,이자 부리,2026.1Q,288.8,288.8
KR0099,KB라이프생명,X,생명보험,4,가정 및 경험 조정,2026.1Q,885.2,885.2
KR0099,KB라이프생명,X,생명보험,5,CSM 상각,2026.1Q,-818.6,-818.6
KR0099,KB라이프생명,X,생명보험,6,기말 CSM,2026.1Q,34408.4,34408.4
KR0099,KB라이프생명,X,생명보험,1,기초 CSM,2026.2Q,32637.8,34408.4
KR0099,KB라이프생명,X,생명보험,2,신계약 CSM,2026.2Q,2827.1,1411.8
KR0099,KB라이프생명,X,생명보험,3,이자 부리,2026.2Q,546.4,257.6
KR0099,KB라이프생명,X,생명보험,4,가정 및 경험 조정,2026.2Q,2835.9,1950.7
KR0099,KB라이프생명,X,생명보험,5,CSM 상각,2026.2Q,-1706.5,-887.9
KR0099,KB라이프생명,X,생명보험,6,기말 CSM,2026.2Q,37140.7,37140.7
KR0100,처브라이프생명보험,X,생명보험,1,기초 CSM,2023.4Q,1618.3,
KR0100,처브라이프생명보험,X,생명보험,2,신계약 CSM,2023.4Q,98.1,
KR0100,처브라이프생명보험,X,생명보험,3,이자 부리,2023.4Q,56.5,
KR0100,처브라이프생명보험,X,생명보험,4,가정 및 경험 조정,2023.4Q,-549.2,
KR0100,처브라이프생명보험,X,생명보험,5,CSM 상각,2023.4Q,-99.9,
KR0100,처브라이프생명보험,X,생명보험,6,기말 CSM,2023.4Q,1123.8,1123.8
KR0100,처브라이프생명보험,X,생명보험,1,기초 CSM,2024.4Q,1123.8,
KR0100,처브라이프생명보험,X,생명보험,2,신계약 CSM,2024.4Q,30.5,
KR0100,처브라이프생명보험,X,생명보험,3,이자 부리,2024.4Q,38.4,
KR0100,처브라이프생명보험,X,생명보험,4,가정 및 경험 조정,2024.4Q,-138.1,
KR0100,처브라이프생명보험,X,생명보험,5,CSM 상각,2024.4Q,-74.4,
KR0100,처브라이프생명보험,X,생명보험,6,기말 CSM,2024.4Q,980.2,980.2
KR0100,처브라이프생명보험,X,생명보험,1,기초 CSM,2025.4Q,980.2,
KR0100,처브라이프생명보험,X,생명보험,2,신계약 CSM,2025.4Q,61.1,
KR0100,처브라이프생명보험,X,생명보험,3,이자 부리,2025.4Q,33.6,
KR0100,처브라이프생명보험,X,생명보험,4,가정 및 경험 조정,2025.4Q,-144.1,
KR0100,처브라이프생명보험,X,생명보험,5,CSM 상각,2025.4Q,-61.2,
KR0100,처브라이프생명보험,X,생명보험,6,기말 CSM,2025.4Q,869.6,869.6
KR0104,농협생명보험,X,생명보험,1,기초 CSM,2023.1Q,42895.8,42895.8
KR0104,농협생명보험,X,생명보험,2,신계약 CSM,2023.1Q,1571.7,1571.7
KR0104,농협생명보험,X,생명보험,3,이자 부리,2023.1Q,381.1,381.1
KR0104,농협생명보험,X,생명보험,4,가정 및 경험 조정,2023.1Q,1866.2,1866.2
KR0104,농협생명보험,X,생명보험,5,CSM 상각,2023.1Q,-979.6,-979.6
KR0104,농협생명보험,X,생명보험,6,기말 CSM,2023.1Q,45735.2,45735.2
KR0104,농협생명보험,X,생명보험,1,기초 CSM,2023.2Q,42505.2,45735.2
KR0104,농협생명보험,X,생명보험,2,신계약 CSM,2023.2Q,2689.7,1118.0
KR0104,농협생명보험,X,생명보험,3,이자 부리,2023.2Q,786.5,405.4
KR0104,농협생명보험,X,생명보험,4,가정 및 경험 조정,2023.2Q,2247.8,381.6
KR0104,농협생명보험,X,생명보험,5,CSM 상각,2023.2Q,-1981.4,-1001.8
KR0104,농협생명보험,X,생명보험,6,기말 CSM,2023.2Q,46247.7,46247.7
KR0104,농협생명보험,X,생명보험,1,기초 CSM,2023.3Q,42505.2,46247.7
KR0104,농협생명보험,X,생명보험,2,신계약 CSM,2023.3Q,4164.0,1474.3
KR0104,농협생명보험,X,생명보험,3,이자 부리,2023.3Q,1205.2,418.7
KR0104,농협생명보험,X,생명보험,4,가정 및 경험 조정,2023.3Q,1175.3,-1072.5
KR0104,농협생명보험,X,생명보험,5,CSM 상각,2023.3Q,-2987.3,-1005.9
KR0104,농협생명보험,X,생명보험,6,기말 CSM,2023.3Q,46062.4,46062.4
KR0104,농협생명보험,X,생명보험,1,기초 CSM,2023.4Q,42505.2,46062.4
KR0104,농협생명보험,X,생명보험,2,신계약 CSM,2023.4Q,4992.7,828.7
KR0104,농협생명보험,X,생명보험,3,이자 부리,2023.4Q,1620.0,414.8
KR0104,농협생명보험,X,생명보험,4,가정 및 경험 조정,2023.4Q,-360.6,-1535.9
KR0104,농협생명보험,X,생명보험,5,CSM 상각,2023.4Q,-3983.5,-996.2
KR0104,농협생명보험,X,생명보험,6,기말 CSM,2023.4Q,44773.9,44773.9
KR0104,농협생명보험,X,생명보험,1,기초 CSM,2024.1Q,44773.9,44773.9
KR0104,농협생명보험,X,생명보험,2,신계약 CSM,2024.1Q,4604.9,4604.9
KR0104,농협생명보험,X,생명보험,3,이자 부리,2024.1Q,432.9,432.9
KR0104,농협생명보험,X,생명보험,4,가정 및 경험 조정,2024.1Q,345.8,345.8
KR0104,농협생명보험,X,생명보험,5,CSM 상각,2024.1Q,-1068.8,-1068.8
KR0104,농협생명보험,X,생명보험,6,기말 CSM,2024.1Q,49088.7,49088.7
KR0104,농협생명보험,X,생명보험,1,기초 CSM,2024.2Q,44773.9,49088.7
KR0104,농협생명보험,X,생명보험,2,신계약 CSM,2024.2Q,5767.2,1162.3
KR0104,농협생명보험,X,생명보험,3,이자 부리,2024.2Q,878.9,446.0
KR0104,농협생명보험,X,생명보험,4,가정 및 경험 조정,2024.2Q,-1211.4,-1557.2
KR0104,농협생명보험,X,생명보험,5,CSM 상각,2024.2Q,-2111.1,-1042.3
KR0104,농협생명보험,X,생명보험,6,기말 CSM,2024.2Q,48097.5,48097.5
KR0104,농협생명보험,X,생명보험,1,기초 CSM,2024.3Q,44773.9,48097.5
KR0104,농협생명보험,X,생명보험,2,신계약 CSM,2024.3Q,7226.0,1458.8
KR0104,농협생명보험,X,생명보험,3,이자 부리,2024.3Q,1313.9,435.0
KR0104,농협생명보험,X,생명보험,4,가정 및 경험 조정,2024.3Q,-1112.8,98.6
KR0104,농협생명보험,X,생명보험,5,CSM 상각,2024.3Q,-3171.5,-1060.4
KR0104,농협생명보험,X,생명보험,6,기말 CSM,2024.3Q,49029.6,49029.6
KR0104,농협생명보험,X,생명보험,1,기초 CSM,2024.4Q,44773.9,49029.6
KR0104,농협생명보험,X,생명보험,2,신계약 CSM,2024.4Q,8142.8,916.8
KR0104,농협생명보험,X,생명보험,3,이자 부리,2024.4Q,1752.4,438.5
KR0104,농협생명보험,X,생명보험,4,가정 및 경험 조정,2024.4Q,-4551.9,-3439.1
KR0104,농협생명보험,X,생명보험,5,CSM 상각,2024.4Q,-4201.8,-1030.3
KR0104,농협생명보험,X,생명보험,6,기말 CSM,2024.4Q,45915.4,45915.4
KR0104,농협생명보험,X,생명보험,1,기초 CSM,2025.1Q,45915.4,45915.4
KR0104,농협생명보험,X,생명보험,2,신계약 CSM,2025.1Q,2322.1,2322.1
KR0104,농협생명보험,X,생명보험,3,이자 부리,2025.1Q,419.0,419.0
KR0104,농협생명보험,X,생명보험,4,가정 및 경험 조정,2025.1Q,-660.0,-660.0
KR0104,농협생명보험,X,생명보험,5,CSM 상각,2025.1Q,-1025.8,-1025.8
KR0104,농협생명보험,X,생명보험,6,기말 CSM,2025.1Q,46970.6,46970.6
KR0104,농협생명보험,X,생명보험,1,기초 CSM,2025.2Q,45915.4,46970.6
KR0104,농협생명보험,X,생명보험,2,신계약 CSM,2025.2Q,3304.1,982.0
KR0104,농협생명보험,X,생명보험,3,이자 부리,2025.2Q,837.1,418.1
KR0104,농협생명보험,X,생명보험,4,가정 및 경험 조정,2025.2Q,-1040.6,-380.6
KR0104,농협생명보험,X,생명보험,5,CSM 상각,2025.2Q,-2044.1,-1018.3
KR0104,농협생명보험,X,생명보험,6,기말 CSM,2025.2Q,46971.9,46971.9
KR0104,농협생명보험,X,생명보험,1,기초 CSM,2025.3Q,45915.4,46971.9
KR0104,농협생명보험,X,생명보험,2,신계약 CSM,2025.3Q,4333.7,1029.6
KR0104,농협생명보험,X,생명보험,3,이자 부리,2025.3Q,1251.4,414.3
KR0104,농협생명보험,X,생명보험,4,가정 및 경험 조정,2025.3Q,-1627.1,-586.5
KR0104,농협생명보험,X,생명보험,5,CSM 상각,2025.3Q,-3061.7,-1017.6
KR0104,농협생명보험,X,생명보험,6,기말 CSM,2025.3Q,46811.7,46811.7
KR0104,농협생명보험,X,생명보험,1,기초 CSM,2025.4Q,45915.4,46811.7
KR0104,농협생명보험,X,생명보험,2,신계약 CSM,2025.4Q,5021.4,687.7
KR0104,농협생명보험,X,생명보험,3,이자 부리,2025.4Q,1663.1,411.7
KR0104,농협생명보험,X,생명보험,4,가정 및 경험 조정,2025.4Q,-5592.1,-3965.0
KR0104,농협생명보험,X,생명보험,5,CSM 상각,2025.4Q,-4016.6,-954.9
KR0104,농협생명보험,X,생명보험,6,기말 CSM,2025.4Q,42991.1,42991.1
KR0104,농협생명보험,X,생명보험,1,기초 CSM,2026.1Q,42991.1,42991.1
KR0104,농협생명보험,X,생명보험,2,신계약 CSM,2026.1Q,3597.5,3597.5
KR0104,농협생명보험,X,생명보험,3,이자 부리,2026.1Q,399.6,399.6
KR0104,농협생명보험,X,생명보험,4,가정 및 경험 조정,2026.1Q,-608.6,-608.6
KR0104,농협생명보험,X,생명보험,5,CSM 상각,2026.1Q,-993.2,-993.2
KR0104,농협생명보험,X,생명보험,6,기말 CSM,2026.1Q,45386.5,45386.5
KR0104,농협생명보험,X,생명보험,1,기초 CSM,2026.2Q,42991.1,45386.5
KR0104,농협생명보험,X,생명보험,2,신계약 CSM,2026.2Q,6018.8,2421.3
KR0104,농협생명보험,X,생명보험,3,이자 부리,2026.2Q,813.1,413.5
KR0104,농협생명보험,X,생명보험,4,가정 및 경험 조정,2026.2Q,175.4,784.0
KR0104,농협생명보험,X,생명보험,5,CSM 상각,2026.2Q,-2035.1,-1041.9
KR0104,농협생명보험,X,생명보험,6,기말 CSM,2026.2Q,47963.3,47963.3
KR1000,코리안리재보험,003690,손해보험,1,기초 CSM,2023.1Q,10640.9,10640.9
KR1000,코리안리재보험,003690,손해보험,2,신계약 CSM,2023.1Q,1095.36,1095.36
KR1000,코리안리재보험,003690,손해보험,3,이자 부리,2023.1Q,191.2,191.2
KR1000,코리안리재보험,003690,손해보험,4,가정 및 경험 조정,2023.1Q,514.45,514.45
KR1000,코리안리재보험,003690,손해보험,5,CSM 상각,2023.1Q,-416.21,-416.21
KR1000,코리안리재보험,003690,손해보험,6,기말 CSM,2023.1Q,12025.7,12025.7
KR1000,코리안리재보험,003690,손해보험,1,기초 CSM,2023.2Q,10640.9,12025.7
KR1000,코리안리재보험,003690,손해보험,2,신계약 CSM,2023.2Q,1164.75,69.39
KR1000,코리안리재보험,003690,손해보험,3,이자 부리,2023.2Q,317.53,126.33
KR1000,코리안리재보험,003690,손해보험,4,가정 및 경험 조정,2023.2Q,-689.28,-1203.73
KR1000,코리안리재보험,003690,손해보험,5,CSM 상각,2023.2Q,-706.11,-289.9
KR1000,코리안리재보험,003690,손해보험,6,기말 CSM,2023.2Q,10727.79,10727.79
KR1000,코리안리재보험,003690,손해보험,1,기초 CSM,2023.3Q,10640.9,10727.79
KR1000,코리안리재보험,003690,손해보험,2,신계약 CSM,2023.3Q,1354.42,189.67
KR1000,코리안리재보험,003690,손해보험,3,이자 부리,2023.3Q,484.78,167.25
KR1000,코리안리재보험,003690,손해보험,4,가정 및 경험 조정,2023.3Q,-2451.75,-1762.47
KR1000,코리안리재보험,003690,손해보험,5,CSM 상각,2023.3Q,-923.11,-217.0
KR1000,코리안리재보험,003690,손해보험,6,기말 CSM,2023.3Q,9105.24,9105.24
KR1000,코리안리재보험,003690,손해보험,1,기초 CSM,2023.4Q,10640.9,9105.24
KR1000,코리안리재보험,003690,손해보험,2,신계약 CSM,2023.4Q,2416.5,1062.08
KR1000,코리안리재보험,003690,손해보험,3,이자 부리,2023.4Q,372.9,-111.88
KR1000,코리안리재보험,003690,손해보험,4,가정 및 경험 조정,2023.4Q,-4316.3,-1864.55
KR1000,코리안리재보험,003690,손해보험,5,CSM 상각,2023.4Q,-1082.5,-159.39
KR1000,코리안리재보험,003690,손해보험,6,기말 CSM,2023.4Q,8031.5,8031.5
KR1000,코리안리재보험,003690,손해보험,1,기초 CSM,2024.1Q,8031.5,8031.5
KR1000,코리안리재보험,003690,손해보험,2,신계약 CSM,2024.1Q,1042.4,1042.4
KR1000,코리안리재보험,003690,손해보험,3,이자 부리,2024.1Q,182.5,182.5
KR1000,코리안리재보험,003690,손해보험,4,가정 및 경험 조정,2024.1Q,-381.3,-381.3
KR1000,코리안리재보험,003690,손해보험,5,CSM 상각,2024.1Q,-163.1,-163.1
KR1000,코리안리재보험,003690,손해보험,6,기말 CSM,2024.1Q,8712.0,8712.0
KR1000,코리안리재보험,003690,손해보험,1,기초 CSM,2024.2Q,8031.5,8712.0
KR1000,코리안리재보험,003690,손해보험,2,신계약 CSM,2024.2Q,1113.7,71.3
KR1000,코리안리재보험,003690,손해보험,3,이자 부리,2024.2Q,331.8,149.3
KR1000,코리안리재보험,003690,손해보험,4,가정 및 경험 조정,2024.2Q,-266.9,114.4
KR1000,코리안리재보험,003690,손해보험,5,CSM 상각,2024.2Q,-338.5,-175.4
KR1000,코리안리재보험,003690,손해보험,6,기말 CSM,2024.2Q,8871.6,8871.6
KR1000,코리안리재보험,003690,손해보험,1,기초 CSM,2024.3Q,8031.5,8871.6
KR1000,코리안리재보험,003690,손해보험,2,신계약 CSM,2024.3Q,1194.9,81.2
KR1000,코리안리재보험,003690,손해보험,3,이자 부리,2024.3Q,302.4,-29.4
KR1000,코리안리재보험,003690,손해보험,4,가정 및 경험 조정,2024.3Q,-278.0,-11.1
KR1000,코리안리재보험,003690,손해보험,5,CSM 상각,2024.3Q,-511.8,-173.3
KR1000,코리안리재보험,003690,손해보험,6,기말 CSM,2024.3Q,8739.0,8739.0
KR1000,코리안리재보험,003690,손해보험,1,기초 CSM,2024.4Q,8031.5,8739.0
KR1000,코리안리재보험,003690,손해보험,2,신계약 CSM,2024.4Q,1955.1,760.2
KR1000,코리안리재보험,003690,손해보험,3,이자 부리,2024.4Q,326.7,24.3
KR1000,코리안리재보험,003690,손해보험,4,가정 및 경험 조정,2024.4Q,-548.2,-270.2
KR1000,코리안리재보험,003690,손해보험,5,CSM 상각,2024.4Q,-718.4,-206.6
KR1000,코리안리재보험,003690,손해보험,6,기말 CSM,2024.4Q,9046.7,9046.7
KR1000,코리안리재보험,003690,손해보험,1,기초 CSM,2025.1Q,9046.7,9046.7
KR1000,코리안리재보험,003690,손해보험,2,신계약 CSM,2025.1Q,724.6,724.6
KR1000,코리안리재보험,003690,손해보험,3,이자 부리,2025.1Q,84.1,84.1
KR1000,코리안리재보험,003690,손해보험,4,가정 및 경험 조정,2025.1Q,206.0,206.0
KR1000,코리안리재보험,003690,손해보험,5,CSM 상각,2025.1Q,-183.9,-183.9
KR1000,코리안리재보험,003690,손해보험,6,기말 CSM,2025.1Q,9877.6,9877.6
KR1000,코리안리재보험,003690,손해보험,1,기초 CSM,2025.2Q,9046.7,9877.6
KR1000,코리안리재보험,003690,손해보험,2,신계약 CSM,2025.2Q,740.8,16.2
KR1000,코리안리재보험,003690,손해보험,3,이자 부리,2025.2Q,-116.4,-200.5
KR1000,코리안리재보험,003690,손해보험,4,가정 및 경험 조정,2025.2Q,491.1,285.1
KR1000,코리안리재보험,003690,손해보험,5,CSM 상각,2025.2Q,-368.6,-184.7
KR1000,코리안리재보험,003690,손해보험,6,기말 CSM,2025.2Q,9793.7,9793.7
KR1000,코리안리재보험,003690,손해보험,1,기초 CSM,2025.3Q,9046.7,9793.7
KR1000,코리안리재보험,003690,손해보험,2,신계약 CSM,2025.3Q,765.4,24.6
KR1000,코리안리재보험,003690,손해보험,3,이자 부리,2025.3Q,95.4,211.8
KR1000,코리안리재보험,003690,손해보험,4,가정 및 경험 조정,2025.3Q,430.5,-60.6
KR1000,코리안리재보험,003690,손해보험,5,CSM 상각,2025.3Q,-551.0,-182.4
KR1000,코리안리재보험,003690,손해보험,6,기말 CSM,2025.3Q,9787.1,9787.1
KR1000,코리안리재보험,003690,손해보험,1,기초 CSM,2025.4Q,9046.7,9787.1
KR1000,코리안리재보험,003690,손해보험,2,신계약 CSM,2025.4Q,916.1,150.7
KR1000,코리안리재보험,003690,손해보험,3,이자 부리,2025.4Q,272.6,177.2
KR1000,코리안리재보험,003690,손해보험,4,가정 및 경험 조정,2025.4Q,-121.0,-551.5
KR1000,코리안리재보험,003690,손해보험,5,CSM 상각,2025.4Q,-733.6,-182.6
KR1000,코리안리재보험,003690,손해보험,6,기말 CSM,2025.4Q,9380.8,9380.8
KR1000,코리안리재보험,003690,손해보험,1,기초 CSM,2026.1Q,9380.8,9380.8
KR1000,코리안리재보험,003690,손해보험,2,신계약 CSM,2026.1Q,537.3,537.3
KR1000,코리안리재보험,003690,손해보험,3,이자 부리,2026.1Q,292.3,292.3
KR1000,코리안리재보험,003690,손해보험,4,가정 및 경험 조정,2026.1Q,-46.5,-46.5
KR1000,코리안리재보험,003690,손해보험,5,CSM 상각,2026.1Q,-195.5,-195.5
KR1000,코리안리재보험,003690,손해보험,6,기말 CSM,2026.1Q,9968.4,9968.4
KR1000,코리안리재보험,003690,손해보험,1,기초 CSM,2026.2Q,9380.8,9968.4
KR1000,코리안리재보험,003690,손해보험,2,신계약 CSM,2026.2Q,650.5,113.2
KR1000,코리안리재보험,003690,손해보험,3,이자 부리,2026.2Q,458.8,166.5
KR1000,코리안리재보험,003690,손해보험,4,가정 및 경험 조정,2026.2Q,-607.5,-561.0
KR1000,코리안리재보험,003690,손해보험,5,CSM 상각,2026.2Q,-412.3,-216.8
KR1000,코리안리재보험,003690,손해보험,6,기말 CSM,2026.2Q,9470.2,9470.2
KR1010,교보라이프플래닛생명보험,X,생명보험,1,기초 CSM,2023.4Q,589.1,
KR1010,교보라이프플래닛생명보험,X,생명보험,2,신계약 CSM,2023.4Q,49.7,
KR1010,교보라이프플래닛생명보험,X,생명보험,3,이자 부리,2023.4Q,24.9,
KR1010,교보라이프플래닛생명보험,X,생명보험,4,가정 및 경험 조정,2023.4Q,-126.3,
KR1010,교보라이프플래닛생명보험,X,생명보험,5,CSM 상각,2023.4Q,-44.1,
KR1010,교보라이프플래닛생명보험,X,생명보험,6,기말 CSM,2023.4Q,493.3,493.3
KR1010,교보라이프플래닛생명보험,X,생명보험,1,기초 CSM,2024.4Q,493.3,
KR1010,교보라이프플래닛생명보험,X,생명보험,2,신계약 CSM,2024.4Q,14.4,
KR1010,교보라이프플래닛생명보험,X,생명보험,3,이자 부리,2024.4Q,17.4,
KR1010,교보라이프플래닛생명보험,X,생명보험,4,가정 및 경험 조정,2024.4Q,-301.6,
KR1010,교보라이프플래닛생명보험,X,생명보험,5,CSM 상각,2024.4Q,-21.6,
KR1010,교보라이프플래닛생명보험,X,생명보험,6,기말 CSM,2024.4Q,202.0,202.0
KR1010,교보라이프플래닛생명보험,X,생명보험,1,기초 CSM,2025.4Q,202.0,
KR1010,교보라이프플래닛생명보험,X,생명보험,2,신계약 CSM,2025.4Q,20.0,
KR1010,교보라이프플래닛생명보험,X,생명보험,3,이자 부리,2025.4Q,8.9,
KR1010,교보라이프플래닛생명보험,X,생명보험,4,가정 및 경험 조정,2025.4Q,63.5,
KR1010,교보라이프플래닛생명보험,X,생명보험,5,CSM 상각,2025.4Q,-17.7,
KR1010,교보라이프플래닛생명보험,X,생명보험,6,기말 CSM,2025.4Q,276.7,276.7
KR1011,IBK연금보험,X,생명보험,1,기초 CSM,2023.4Q,3073.6,
KR1011,IBK연금보험,X,생명보험,2,신계약 CSM,2023.4Q,323.3,
KR1011,IBK연금보험,X,생명보험,3,이자 부리,2023.4Q,96.9,
KR1011,IBK연금보험,X,생명보험,4,가정 및 경험 조정,2023.4Q,1326.1,
KR1011,IBK연금보험,X,생명보험,5,CSM 상각,2023.4Q,-261.5,
KR1011,IBK연금보험,X,생명보험,6,기말 CSM,2023.4Q,4558.4,4558.4
KR1011,IBK연금보험,X,생명보험,1,기초 CSM,2024.4Q,4558.4,
KR1011,IBK연금보험,X,생명보험,2,신계약 CSM,2024.4Q,403.6,
KR1011,IBK연금보험,X,생명보험,3,이자 부리,2024.4Q,146.6,
KR1011,IBK연금보험,X,생명보험,4,가정 및 경험 조정,2024.4Q,-256.3,
KR1011,IBK연금보험,X,생명보험,5,CSM 상각,2024.4Q,-351.1,
KR1011,IBK연금보험,X,생명보험,6,기말 CSM,2024.4Q,4501.1,4501.1
KR1011,IBK연금보험,X,생명보험,1,기초 CSM,2025.4Q,4501.1,
KR1011,IBK연금보험,X,생명보험,2,신계약 CSM,2025.4Q,717.7,
KR1011,IBK연금보험,X,생명보험,3,이자 부리,2025.4Q,160.1,
KR1011,IBK연금보험,X,생명보험,4,가정 및 경험 조정,2025.4Q,265.1,
KR1011,IBK연금보험,X,생명보험,5,CSM 상각,2025.4Q,-440.3,
KR1011,IBK연금보험,X,생명보험,6,기말 CSM,2025.4Q,5203.8,5203.8
KR1098,카카오페이손해보험,X,손해보험,1,기초 CSM,2024.4Q,0.0,
KR1098,카카오페이손해보험,X,손해보험,2,신계약 CSM,2024.4Q,0.0181,
KR1098,카카오페이손해보험,X,손해보험,3,이자 부리,2024.4Q,0.0001,
KR1098,카카오페이손해보험,X,손해보험,4,가정 및 경험 조정,2024.4Q,4.7919,
KR1098,카카오페이손해보험,X,손해보험,5,CSM 상각,2024.4Q,-0.2038,
KR1098,카카오페이손해보험,X,손해보험,6,기말 CSM,2024.4Q,4.6064,4.6064
KR1098,카카오페이손해보험,X,손해보험,1,기초 CSM,2025.4Q,4.6064,
KR1098,카카오페이손해보험,X,손해보험,2,신계약 CSM,2025.4Q,20.1876,
KR1098,카카오페이손해보험,X,손해보험,3,이자 부리,2025.4Q,0.3633,
KR1098,카카오페이손해보험,X,손해보험,4,가정 및 경험 조정,2025.4Q,-20.1679,
KR1098,카카오페이손해보험,X,손해보험,5,CSM 상각,2025.4Q,-1.5775,
KR1098,카카오페이손해보험,X,손해보험,6,기말 CSM,2025.4Q,3.41188,3.41188
KR0003,롯데손해보험,400,손해보험,1,기초 CSM,2023.1Q,16774.38,16774.38
KR0003,롯데손해보험,400,손해보험,2,신계약 CSM,2023.1Q,1553.18,1553.18
KR0003,롯데손해보험,400,손해보험,3,이자 부리,2023.1Q,174.43,174.43
KR0003,롯데손해보험,400,손해보험,4,가정 및 경험 조정,2023.1Q,-681.62,-681.62
KR0003,롯데손해보험,400,손해보험,5,CSM 상각,2023.1Q,-392.84,-392.84
KR0003,롯데손해보험,400,손해보험,6,기말 CSM,2023.1Q,17427.53,17427.53
KR0079,미래에셋생명보험,X,생명보험,1,기초 CSM,2023.1Q,19794.95,19794.95
KR0079,미래에셋생명보험,X,생명보험,2,신계약 CSM,2023.1Q,572.47,572.47
KR0079,미래에셋생명보험,X,생명보험,3,이자 부리,2023.1Q,116.0,116.0
KR0079,미래에셋생명보험,X,생명보험,4,가정 및 경험 조정,2023.1Q,105.28,105.28
KR0079,미래에셋생명보험,X,생명보험,5,CSM 상각,2023.1Q,-520.14,-520.14
KR0079,미래에셋생명보험,X,생명보험,6,기말 CSM,2023.1Q,20068.56,20068.56
