원보험사코드,원수사명,티커,생손보여부,공시분기,항목번호,항목명,종류주,값
KR0001,메리츠화재해상보험,000060,손해보험,2023.1Q,1,주당액면가액(원),-,500.0
KR0001,메리츠화재해상보험,000060,손해보험,2023.2Q,1,주당액면가액(원),-,500.0
KR0001,메리츠화재해상보험,000060,손해보험,2023.3Q,1,주당액면가액(원),-,500.0
KR0001,메리츠화재해상보험,000060,손해보험,2023.4Q,1,주당액면가액(원),-,500.0
KR0001,메리츠화재해상보험,000060,손해보험,2024.1Q,1,주당액면가액(원),-,500.0
KR0001,메리츠화재해상보험,000060,손해보험,2024.2Q,1,주당액면가액(원),-,500.0
KR0001,메리츠화재해상보험,000060,손해보험,2024.3Q,1,주당액면가액(원),-,500.0
KR0001,메리츠화재해상보험,000060,손해보험,2024.4Q,1,주당액면가액(원),-,500.0
KR0001,메리츠화재해상보험,000060,손해보험,2025.1Q,1,주당액면가액(원),-,500.0
KR0001,메리츠화재해상보험,000060,손해보험,2025.2Q,1,주당액면가액(원),-,500.0
KR0001,메리츠화재해상보험,000060,손해보험,2025.3Q,1,주당액면가액(원),-,500.0
KR0001,메리츠화재해상보험,000060,손해보험,2025.4Q,1,주당액면가액(원),-,500.0
KR0001,메리츠화재해상보험,000060,손해보험,2026.1Q,1,주당액면가액(원),-,500.0
KR0001,메리츠화재해상보험,000060,손해보험,2026.2Q,1,주당액면가액(원),-,500.0
KR0001,메리츠화재해상보험,000060,손해보험,2023.1Q,2,(연결)당기순이익(백만원),-,853581.0
KR0001,메리츠화재해상보험,000060,손해보험,2023.2Q,2,(연결)당기순이익(백만원),-,815129.0
KR0001,메리츠화재해상보험,000060,손해보험,2023.3Q,2,(연결)당기순이익(백만원),-,1300301.0
KR0001,메리츠화재해상보험,000060,손해보험,2023.4Q,2,(연결)당기순이익(백만원),-,1566328.0
KR0001,메리츠화재해상보험,000060,손해보험,2024.1Q,2,(연결)당기순이익(백만원),-,491433.0
KR0001,메리츠화재해상보험,000060,손해보험,2024.2Q,2,(연결)당기순이익(백만원),-,997969.0
KR0001,메리츠화재해상보험,000060,손해보험,2024.3Q,2,(연결)당기순이익(백만원),-,1497628.0
KR0001,메리츠화재해상보험,000060,손해보험,2024.4Q,2,(연결)당기순이익(백만원),-,1713148.0
KR0001,메리츠화재해상보험,000060,손해보험,2025.1Q,2,(연결)당기순이익(백만원),-,464883.0
KR0001,메리츠화재해상보험,000060,손해보험,2025.2Q,2,(연결)당기순이익(백만원),-,988836.0
KR0001,메리츠화재해상보험,000060,손해보험,2025.3Q,2,(연결)당기순이익(백만원),-,1452812.0
KR0001,메리츠화재해상보험,000060,손해보험,2025.4Q,2,(연결)당기순이익(백만원),-,1691460.0
KR0001,메리츠화재해상보험,000060,손해보험,2026.1Q,2,(연결)당기순이익(백만원),-,470277.0
KR0001,메리츠화재해상보험,000060,손해보험,2026.2Q,2,(연결)당기순이익(백만원),-,1027428.0
KR0001,메리츠화재해상보험,000060,손해보험,2023.1Q,3,(별도)당기순이익(백만원),-,868286.0
KR0001,메리츠화재해상보험,000060,손해보험,2023.2Q,3,(별도)당기순이익(백만원),-,816003.0
KR0001,메리츠화재해상보험,000060,손해보험,2023.3Q,3,(별도)당기순이익(백만원),-,1296069.0
KR0001,메리츠화재해상보험,000060,손해보험,2023.4Q,3,(별도)당기순이익(백만원),-,1566983.0
KR0001,메리츠화재해상보험,000060,손해보험,2024.1Q,3,(별도)당기순이익(백만원),-,490864.0
KR0001,메리츠화재해상보험,000060,손해보험,2024.2Q,3,(별도)당기순이익(백만원),-,997685.0
KR0001,메리츠화재해상보험,000060,손해보험,2024.3Q,3,(별도)당기순이익(백만원),-,1492784.0
KR0001,메리츠화재해상보험,000060,손해보험,2024.4Q,3,(별도)당기순이익(백만원),-,1710550.0
KR0001,메리츠화재해상보험,000060,손해보험,2025.1Q,3,(별도)당기순이익(백만원),-,462513.0
KR0001,메리츠화재해상보험,000060,손해보험,2025.2Q,3,(별도)당기순이익(백만원),-,987254.0
KR0001,메리츠화재해상보험,000060,손해보험,2025.3Q,3,(별도)당기순이익(백만원),-,1451076.0
KR0001,메리츠화재해상보험,000060,손해보험,2025.4Q,3,(별도)당기순이익(백만원),-,1681024.0
KR0001,메리츠화재해상보험,000060,손해보험,2026.1Q,3,(별도)당기순이익(백만원),-,466071.0
KR0001,메리츠화재해상보험,000060,손해보험,2026.2Q,3,(별도)당기순이익(백만원),-,1024338.0
KR0001,메리츠화재해상보험,000060,손해보험,2023.1Q,4,(연결)주당순이익(원),-,7371.0
KR0001,메리츠화재해상보험,000060,손해보험,2023.2Q,4,(연결)주당순이익(원),-,7752.0
KR0001,메리츠화재해상보험,000060,손해보험,2023.3Q,4,(연결)주당순이익(원),-,12370.0
KR0001,메리츠화재해상보험,000060,손해보험,2023.4Q,4,(연결)주당순이익(원),-,14892.0
KR0001,메리츠화재해상보험,000060,손해보험,2024.1Q,4,(연결)주당순이익(원),-,4678.0
KR0001,메리츠화재해상보험,000060,손해보험,2024.2Q,4,(연결)주당순이익(원),-,9501.0
KR0001,메리츠화재해상보험,000060,손해보험,2024.3Q,4,(연결)주당순이익(원),-,14257.0
KR0001,메리츠화재해상보험,000060,손해보험,2024.4Q,4,(연결)주당순이익(원),-,16296.0
KR0001,메리츠화재해상보험,000060,손해보험,2025.1Q,4,(연결)주당순이익(원),-,4424.0
KR0001,메리츠화재해상보험,000060,손해보험,2025.2Q,4,(연결)주당순이익(원),-,9413.0
KR0001,메리츠화재해상보험,000060,손해보험,2025.3Q,4,(연결)주당순이익(원),-,13829.0
KR0001,메리츠화재해상보험,000060,손해보험,2025.4Q,4,(연결)주당순이익(원),-,16091.0
KR0001,메리츠화재해상보험,000060,손해보험,2026.1Q,4,(연결)주당순이익(원),-,4483.0
KR0001,메리츠화재해상보험,000060,손해보험,2026.2Q,4,(연결)주당순이익(원),-,9797.0
KR0001,메리츠화재해상보험,000060,손해보험,2023.1Q,5,현금배당금총액(백만원),-,0.0
KR0001,메리츠화재해상보험,000060,손해보험,2023.2Q,5,현금배당금총액(백만원),-,0.0
KR0001,메리츠화재해상보험,000060,손해보험,2023.3Q,5,현금배당금총액(백만원),-,0.0
KR0001,메리츠화재해상보험,000060,손해보험,2023.4Q,5,현금배당금총액(백만원),-,634630.0
KR0001,메리츠화재해상보험,000060,손해보험,2024.1Q,5,현금배당금총액(백만원),-,0.0
KR0001,메리츠화재해상보험,000060,손해보험,2024.2Q,5,현금배당금총액(백만원),-,0.0
KR0001,메리츠화재해상보험,000060,손해보험,2024.3Q,5,현금배당금총액(백만원),-,148860.0
KR0001,메리츠화재해상보험,000060,손해보험,2024.4Q,5,현금배당금총액(백만원),-,662020.0
KR0001,메리츠화재해상보험,000060,손해보험,2025.1Q,5,현금배당금총액(백만원),-,0.0
KR0001,메리츠화재해상보험,000060,손해보험,2025.2Q,5,현금배당금총액(백만원),-,0.0
KR0001,메리츠화재해상보험,000060,손해보험,2025.3Q,5,현금배당금총액(백만원),-,342110.0
KR0001,메리츠화재해상보험,000060,손해보험,2025.4Q,5,현금배당금총액(백만원),-,832110.0
KR0001,메리츠화재해상보험,000060,손해보험,2026.1Q,5,현금배당금총액(백만원),-,0.0
KR0001,메리츠화재해상보험,000060,손해보험,2026.2Q,5,현금배당금총액(백만원),-,0.0
KR0001,메리츠화재해상보험,000060,손해보험,2023.1Q,6,주식배당금총액(백만원),-,0.0
KR0001,메리츠화재해상보험,000060,손해보험,2023.2Q,6,주식배당금총액(백만원),-,0.0
KR0001,메리츠화재해상보험,000060,손해보험,2023.3Q,6,주식배당금총액(백만원),-,0.0
KR0001,메리츠화재해상보험,000060,손해보험,2023.4Q,6,주식배당금총액(백만원),-,0.0
KR0001,메리츠화재해상보험,000060,손해보험,2024.1Q,6,주식배당금총액(백만원),-,0.0
KR0001,메리츠화재해상보험,000060,손해보험,2024.2Q,6,주식배당금총액(백만원),-,0.0
KR0001,메리츠화재해상보험,000060,손해보험,2024.3Q,6,주식배당금총액(백만원),-,0.0
KR0001,메리츠화재해상보험,000060,손해보험,2024.4Q,6,주식배당금총액(백만원),-,0.0
KR0001,메리츠화재해상보험,000060,손해보험,2025.1Q,6,주식배당금총액(백만원),-,0.0
KR0001,메리츠화재해상보험,000060,손해보험,2025.2Q,6,주식배당금총액(백만원),-,0.0
KR0001,메리츠화재해상보험,000060,손해보험,2025.3Q,6,주식배당금총액(백만원),-,0.0
KR0001,메리츠화재해상보험,000060,손해보험,2025.4Q,6,주식배당금총액(백만원),-,0.0
KR0001,메리츠화재해상보험,000060,손해보험,2026.1Q,6,주식배당금총액(백만원),-,0.0
KR0001,메리츠화재해상보험,000060,손해보험,2026.2Q,6,주식배당금총액(백만원),-,0.0
KR0001,메리츠화재해상보험,000060,손해보험,2023.4Q,7,(연결)현금배당성향(%),-,40.5
KR0001,메리츠화재해상보험,000060,손해보험,2024.3Q,7,(연결)현금배당성향(%),-,9.9
KR0001,메리츠화재해상보험,000060,손해보험,2024.4Q,7,(연결)현금배당성향(%),-,38.6
KR0001,메리츠화재해상보험,000060,손해보험,2025.3Q,7,(연결)현금배당성향(%),-,23.5
KR0001,메리츠화재해상보험,000060,손해보험,2025.4Q,7,(연결)현금배당성향(%),-,49.5
KR0001,메리츠화재해상보험,000060,손해보험,2023.4Q,8,주당 현금배당금(원),보통주,6071.0
KR0001,메리츠화재해상보험,000060,손해보험,2024.3Q,8,주당 현금배당금(원),보통주,1424.0
KR0001,메리츠화재해상보험,000060,손해보험,2024.4Q,8,주당 현금배당금(원),보통주,6333.0
KR0001,메리츠화재해상보험,000060,손해보험,2025.3Q,8,주당 현금배당금(원),보통주,3272.0
KR0001,메리츠화재해상보험,000060,손해보험,2025.4Q,8,주당 현금배당금(원),보통주,7959.0
KR0002,한화손해보험,000370,손해보험,2023.1Q,1,주당액면가액(원),-,5000.0
KR0002,한화손해보험,000370,손해보험,2023.2Q,1,주당액면가액(원),-,5000.0
KR0002,한화손해보험,000370,손해보험,2023.3Q,1,주당액면가액(원),-,5000.0
KR0002,한화손해보험,000370,손해보험,2023.4Q,1,주당액면가액(원),-,5000.0
KR0002,한화손해보험,000370,손해보험,2024.1Q,1,주당액면가액(원),-,5000.0
KR0002,한화손해보험,000370,손해보험,2024.2Q,1,주당액면가액(원),-,5000.0
KR0002,한화손해보험,000370,손해보험,2024.3Q,1,주당액면가액(원),-,5000.0
KR0002,한화손해보험,000370,손해보험,2024.4Q,1,주당액면가액(원),-,5000.0
KR0002,한화손해보험,000370,손해보험,2025.1Q,1,주당액면가액(원),-,5000.0
KR0002,한화손해보험,000370,손해보험,2025.2Q,1,주당액면가액(원),-,5000.0
KR0002,한화손해보험,000370,손해보험,2025.3Q,1,주당액면가액(원),-,5000.0
KR0002,한화손해보험,000370,손해보험,2025.4Q,1,주당액면가액(원),-,5000.0
KR0002,한화손해보험,000370,손해보험,2026.1Q,1,주당액면가액(원),-,5000.0
KR0002,한화손해보험,000370,손해보험,2026.2Q,1,주당액면가액(원),-,5000.0
KR0002,한화손해보험,000370,손해보험,2023.1Q,2,(연결)당기순이익(백만원),-,87315.0
KR0002,한화손해보험,000370,손해보험,2023.2Q,2,(연결)당기순이익(백만원),-,183721.0
KR0002,한화손해보험,000370,손해보험,2023.3Q,2,(연결)당기순이익(백만원),-,219586.0
KR0002,한화손해보험,000370,손해보험,2023.4Q,2,(연결)당기순이익(백만원),-,247239.0
KR0002,한화손해보험,000370,손해보험,2024.1Q,2,(연결)당기순이익(백만원),-,114899.0
KR0002,한화손해보험,000370,손해보험,2024.2Q,2,(연결)당기순이익(백만원),-,237250.0
KR0002,한화손해보험,000370,손해보험,2024.3Q,2,(연결)당기순이익(백만원),-,309533.0
KR0002,한화손해보험,000370,손해보험,2024.4Q,2,(연결)당기순이익(백만원),-,315967.0
KR0002,한화손해보험,000370,손해보험,2025.1Q,2,(연결)당기순이익(백만원),-,133442.0
KR0002,한화손해보험,000370,손해보험,2025.2Q,2,(연결)당기순이익(백만원),-,203610.0
KR0002,한화손해보험,000370,손해보험,2025.3Q,2,(연결)당기순이익(백만원),-,239587.0
KR0002,한화손해보험,000370,손해보험,2025.4Q,2,(연결)당기순이익(백만원),-,299017.0
KR0002,한화손해보험,000370,손해보험,2026.1Q,2,(연결)당기순이익(백만원),-,104710.0
KR0002,한화손해보험,000370,손해보험,2026.2Q,2,(연결)당기순이익(백만원),-,223767.0
KR0002,한화손해보험,000370,손해보험,2023.1Q,3,(별도)당기순이익(백만원),-,99514.0
KR0002,한화손해보험,000370,손해보험,2023.2Q,3,(별도)당기순이익(백만원),-,202426.0
KR0002,한화손해보험,000370,손해보험,2023.3Q,3,(별도)당기순이익(백만원),-,253729.0
KR0002,한화손해보험,000370,손해보험,2023.4Q,3,(별도)당기순이익(백만원),-,290698.0
KR0002,한화손해보험,000370,손해보험,2024.1Q,3,(별도)당기순이익(백만원),-,124856.0
KR0002,한화손해보험,000370,손해보험,2024.2Q,3,(별도)당기순이익(백만원),-,254726.0
KR0002,한화손해보험,000370,손해보험,2024.3Q,3,(별도)당기순이익(백만원),-,345740.0
KR0002,한화손해보험,000370,손해보험,2024.4Q,3,(별도)당기순이익(백만원),-,382276.0
KR0002,한화손해보험,000370,손해보험,2025.1Q,3,(별도)당기순이익(백만원),-,142654.0
KR0002,한화손해보험,000370,손해보험,2025.2Q,3,(별도)당기순이익(백만원),-,222595.0
KR0002,한화손해보험,000370,손해보험,2025.3Q,3,(별도)당기순이익(백만원),-,294224.0
KR0002,한화손해보험,000370,손해보험,2025.4Q,3,(별도)당기순이익(백만원),-,361059.0
KR0002,한화손해보험,000370,손해보험,2026.1Q,3,(별도)당기순이익(백만원),-,98909.0
KR0002,한화손해보험,000370,손해보험,2026.2Q,3,(별도)당기순이익(백만원),-,215336.0
KR0002,한화손해보험,000370,손해보험,2023.1Q,4,(연결)주당순이익(원),-,551.0
KR0002,한화손해보험,000370,손해보험,2023.2Q,4,(연결)주당순이익(원),-,1153.0
KR0002,한화손해보험,000370,손해보험,2023.3Q,4,(연결)주당순이익(원),-,1401.0
KR0002,한화손해보험,000370,손해보험,2023.4Q,4,(연결)주당순이익(원),-,1465.0
KR0002,한화손해보험,000370,손해보험,2024.1Q,4,(연결)주당순이익(원),-,720.0
KR0002,한화손해보험,000370,손해보험,2024.2Q,4,(연결)주당순이익(원),-,1490.0
KR0002,한화손해보험,000370,손해보험,2024.3Q,4,(연결)주당순이익(원),-,2034.0
KR0002,한화손해보험,000370,손해보험,2024.4Q,4,(연결)주당순이익(원),-,2121.0
KR0002,한화손해보험,000370,손해보험,2025.1Q,4,(연결)주당순이익(원),-,857.0
KR0002,한화손해보험,000370,손해보험,2025.2Q,4,(연결)주당순이익(원),-,1296.0
KR0002,한화손해보험,000370,손해보험,2025.3Q,4,(연결)주당순이익(원),-,1509.0
KR0002,한화손해보험,000370,손해보험,2025.4Q,4,(연결)주당순이익(원),-,1858.0
KR0002,한화손해보험,000370,손해보험,2026.1Q,4,(연결)주당순이익(원),-,655.0
KR0002,한화손해보험,000370,손해보험,2026.2Q,4,(연결)주당순이익(원),-,1401.0
KR0002,한화손해보험,000370,손해보험,2023.1Q,5,현금배당금총액(백만원),-,0.0
KR0002,한화손해보험,000370,손해보험,2023.2Q,5,현금배당금총액(백만원),-,0.0
KR0002,한화손해보험,000370,손해보험,2023.3Q,5,현금배당금총액(백만원),-,0.0
KR0002,한화손해보험,000370,손해보험,2023.4Q,5,현금배당금총액(백만원),-,36624.0
KR0002,한화손해보험,000370,손해보험,2024.1Q,5,현금배당금총액(백만원),-,0.0
KR0002,한화손해보험,000370,손해보험,2024.2Q,5,현금배당금총액(백만원),-,0.0
KR0002,한화손해보험,000370,손해보험,2024.3Q,5,현금배당금총액(백만원),-,0.0
KR0002,한화손해보험,000370,손해보험,2024.4Q,5,현금배당금총액(백만원),-,0.0
KR0002,한화손해보험,000370,손해보험,2025.1Q,5,현금배당금총액(백만원),-,0.0
KR0002,한화손해보험,000370,손해보험,2025.2Q,5,현금배당금총액(백만원),-,0.0
KR0002,한화손해보험,000370,손해보험,2025.3Q,5,현금배당금총액(백만원),-,0.0
KR0002,한화손해보험,000370,손해보험,2025.4Q,5,현금배당금총액(백만원),-,0.0
KR0002,한화손해보험,000370,손해보험,2026.1Q,5,현금배당금총액(백만원),-,0.0
KR0002,한화손해보험,000370,손해보험,2026.2Q,5,현금배당금총액(백만원),-,0.0
KR0002,한화손해보험,000370,손해보험,2023.1Q,6,주식배당금총액(백만원),-,0.0
KR0002,한화손해보험,000370,손해보험,2023.2Q,6,주식배당금총액(백만원),-,0.0
KR0002,한화손해보험,000370,손해보험,2023.3Q,6,주식배당금총액(백만원),-,0.0
KR0002,한화손해보험,000370,손해보험,2023.4Q,6,주식배당금총액(백만원),-,0.0
KR0002,한화손해보험,000370,손해보험,2024.1Q,6,주식배당금총액(백만원),-,0.0
KR0002,한화손해보험,000370,손해보험,2024.2Q,6,주식배당금총액(백만원),-,0.0
KR0002,한화손해보험,000370,손해보험,2024.3Q,6,주식배당금총액(백만원),-,0.0
KR0002,한화손해보험,000370,손해보험,2024.4Q,6,주식배당금총액(백만원),-,0.0
KR0002,한화손해보험,000370,손해보험,2025.1Q,6,주식배당금총액(백만원),-,0.0
KR0002,한화손해보험,000370,손해보험,2025.2Q,6,주식배당금총액(백만원),-,0.0
KR0002,한화손해보험,000370,손해보험,2025.3Q,6,주식배당금총액(백만원),-,0.0
KR0002,한화손해보험,000370,손해보험,2025.4Q,6,주식배당금총액(백만원),-,0.0
KR0002,한화손해보험,000370,손해보험,2026.1Q,6,주식배당금총액(백만원),-,0.0
KR0002,한화손해보험,000370,손해보험,2026.2Q,6,주식배당금총액(백만원),-,0.0
KR0002,한화손해보험,000370,손해보험,2023.4Q,7,(연결)현금배당성향(%),-,14.8
KR0002,한화손해보험,000370,손해보험,2023.4Q,8,주당 현금배당금(원),보통주,200.0
KR0002,한화손해보험,000370,손해보험,2023.4Q,8,주당 현금배당금(원),우선주,350.0
KR0002,한화손해보험,000370,손해보험,2023.4Q,10,현금배당수익률(%),보통주,3.8
KR0003,롯데손해보험,000400,손해보험,2023.1Q,1,주당액면가액(원),-,1000.0
KR0003,롯데손해보험,000400,손해보험,2023.2Q,1,주당액면가액(원),-,1000.0
KR0003,롯데손해보험,000400,손해보험,2023.3Q,1,주당액면가액(원),-,1000.0
KR0003,롯데손해보험,000400,손해보험,2023.4Q,1,주당액면가액(원),-,1000.0
KR0003,롯데손해보험,000400,손해보험,2024.1Q,1,주당액면가액(원),-,1000.0
KR0003,롯데손해보험,000400,손해보험,2024.2Q,1,주당액면가액(원),-,1000.0
KR0003,롯데손해보험,000400,손해보험,2024.3Q,1,주당액면가액(원),-,1000.0
KR0003,롯데손해보험,000400,손해보험,2024.4Q,1,주당액면가액(원),-,1000.0
KR0003,롯데손해보험,000400,손해보험,2025.1Q,1,주당액면가액(원),-,1000.0
KR0003,롯데손해보험,000400,손해보험,2025.2Q,1,주당액면가액(원),-,1000.0
KR0003,롯데손해보험,000400,손해보험,2025.3Q,1,주당액면가액(원),-,1000.0
KR0003,롯데손해보험,000400,손해보험,2025.4Q,1,주당액면가액(원),-,1000.0
KR0003,롯데손해보험,000400,손해보험,2026.1Q,1,주당액면가액(원),-,1000.0
KR0003,롯데손해보험,000400,손해보험,2026.2Q,1,주당액면가액(원),-,1000.0
KR0003,롯데손해보험,000400,손해보험,2023.1Q,3,(별도)당기순이익(백만원),-,56412.0
KR0003,롯데손해보험,000400,손해보험,2023.2Q,3,(별도)당기순이익(백만원),-,81324.0
KR0003,롯데손해보험,000400,손해보험,2023.3Q,3,(별도)당기순이익(백만원),-,262878.0
KR0003,롯데손해보험,000400,손해보험,2023.4Q,3,(별도)당기순이익(백만원),-,301636.0
KR0003,롯데손해보험,000400,손해보험,2024.1Q,3,(별도)당기순이익(백만원),-,40867.0
KR0003,롯데손해보험,000400,손해보험,2024.2Q,3,(별도)당기순이익(백만원),-,66255.0
KR0003,롯데손해보험,000400,손해보험,2024.3Q,3,(별도)당기순이익(백만원),-,84414.0
KR0003,롯데손해보험,000400,손해보험,2024.4Q,3,(별도)당기순이익(백만원),-,24221.0
KR0003,롯데손해보험,000400,손해보험,2025.1Q,3,(별도)당기순이익(백만원),-,11279.0
KR0003,롯데손해보험,000400,손해보험,2025.2Q,3,(별도)당기순이익(백만원),-,47461.0
KR0003,롯데손해보험,000400,손해보험,2025.3Q,3,(별도)당기순이익(백만원),-,98992.0
KR0003,롯데손해보험,000400,손해보험,2025.4Q,3,(별도)당기순이익(백만원),-,51331.0
KR0003,롯데손해보험,000400,손해보험,2026.1Q,3,(별도)당기순이익(백만원),-,-19767.0
KR0003,롯데손해보험,000400,손해보험,2026.2Q,3,(별도)당기순이익(백만원),-,-18454.0
KR0003,롯데손해보험,000400,손해보험,2023.1Q,4,(연결)주당순이익(원),-,180.0
KR0003,롯데손해보험,000400,손해보험,2023.2Q,4,(연결)주당순이익(원),-,258.0
KR0003,롯데손해보험,000400,손해보험,2023.3Q,4,(연결)주당순이익(원),-,843.0
KR0003,롯데손해보험,000400,손해보험,2023.4Q,4,(연결)주당순이익(원),-,966.0
KR0003,롯데손해보험,000400,손해보험,2024.1Q,4,(연결)주당순이익(원),-,130.0
KR0003,롯데손해보험,000400,손해보험,2024.2Q,4,(연결)주당순이익(원),-,209.0
KR0003,롯데손해보험,000400,손해보험,2024.3Q,4,(연결)주당순이익(원),-,265.0
KR0003,롯데손해보험,000400,손해보험,2024.4Q,4,(연결)주당순이익(원),-,68.0
KR0003,롯데손해보험,000400,손해보험,2025.1Q,4,(연결)주당순이익(원),-,34.0
KR0003,롯데손해보험,000400,손해보험,2025.2Q,4,(연결)주당순이익(원),-,148.0
KR0003,롯데손해보험,000400,손해보험,2025.3Q,4,(연결)주당순이익(원),-,313.0
KR0003,롯데손해보험,000400,손해보험,2025.4Q,4,(연결)주당순이익(원),-,158.0
KR0003,롯데손해보험,000400,손해보험,2026.1Q,4,(연결)주당순이익(원),-,-64.0
KR0003,롯데손해보험,000400,손해보험,2026.2Q,4,(연결)주당순이익(원),-,-60.0
KR0003,롯데손해보험,000400,손해보험,2023.1Q,5,현금배당금총액(백만원),-,0.0
KR0003,롯데손해보험,000400,손해보험,2023.2Q,5,현금배당금총액(백만원),-,0.0
KR0003,롯데손해보험,000400,손해보험,2023.3Q,5,현금배당금총액(백만원),-,0.0
KR0003,롯데손해보험,000400,손해보험,2023.4Q,5,현금배당금총액(백만원),-,0.0
KR0003,롯데손해보험,000400,손해보험,2024.1Q,5,현금배당금총액(백만원),-,0.0
KR0003,롯데손해보험,000400,손해보험,2024.2Q,5,현금배당금총액(백만원),-,0.0
KR0003,롯데손해보험,000400,손해보험,2024.3Q,5,현금배당금총액(백만원),-,0.0
KR0003,롯데손해보험,000400,손해보험,2024.4Q,5,현금배당금총액(백만원),-,0.0
KR0003,롯데손해보험,000400,손해보험,2025.1Q,5,현금배당금총액(백만원),-,0.0
KR0003,롯데손해보험,000400,손해보험,2025.2Q,5,현금배당금총액(백만원),-,0.0
KR0003,롯데손해보험,000400,손해보험,2025.3Q,5,현금배당금총액(백만원),-,0.0
KR0003,롯데손해보험,000400,손해보험,2025.4Q,5,현금배당금총액(백만원),-,0.0
KR0003,롯데손해보험,000400,손해보험,2026.1Q,5,현금배당금총액(백만원),-,0.0
KR0003,롯데손해보험,000400,손해보험,2026.2Q,5,현금배당금총액(백만원),-,0.0
KR0003,롯데손해보험,000400,손해보험,2023.1Q,6,주식배당금총액(백만원),-,0.0
KR0003,롯데손해보험,000400,손해보험,2023.2Q,6,주식배당금총액(백만원),-,0.0
KR0003,롯데손해보험,000400,손해보험,2023.3Q,6,주식배당금총액(백만원),-,0.0
KR0003,롯데손해보험,000400,손해보험,2023.4Q,6,주식배당금총액(백만원),-,0.0
KR0003,롯데손해보험,000400,손해보험,2024.1Q,6,주식배당금총액(백만원),-,0.0
KR0003,롯데손해보험,000400,손해보험,2024.2Q,6,주식배당금총액(백만원),-,0.0
KR0003,롯데손해보험,000400,손해보험,2024.3Q,6,주식배당금총액(백만원),-,0.0
KR0003,롯데손해보험,000400,손해보험,2024.4Q,6,주식배당금총액(백만원),-,0.0
KR0003,롯데손해보험,000400,손해보험,2025.1Q,6,주식배당금총액(백만원),-,0.0
KR0003,롯데손해보험,000400,손해보험,2025.2Q,6,주식배당금총액(백만원),-,0.0
KR0003,롯데손해보험,000400,손해보험,2025.3Q,6,주식배당금총액(백만원),-,0.0
KR0003,롯데손해보험,000400,손해보험,2025.4Q,6,주식배당금총액(백만원),-,0.0
KR0003,롯데손해보험,000400,손해보험,2026.1Q,6,주식배당금총액(백만원),-,0.0
KR0003,롯데손해보험,000400,손해보험,2026.2Q,6,주식배당금총액(백만원),-,0.0
KR0005,흥국화재,000540,손해보험,2023.1Q,1,주당액면가액(원),-,5000.0
KR0005,흥국화재,000540,손해보험,2023.2Q,1,주당액면가액(원),-,5000.0
KR0005,흥국화재,000540,손해보험,2023.3Q,1,주당액면가액(원),-,5000.0
KR0005,흥국화재,000540,손해보험,2023.4Q,1,주당액면가액(원),-,5000.0
KR0005,흥국화재,000540,손해보험,2024.1Q,1,주당액면가액(원),-,5000.0
KR0005,흥국화재,000540,손해보험,2024.2Q,1,주당액면가액(원),-,5000.0
KR0005,흥국화재,000540,손해보험,2024.3Q,1,주당액면가액(원),-,5000.0
KR0005,흥국화재,000540,손해보험,2024.4Q,1,주당액면가액(원),-,5000.0
KR0005,흥국화재,000540,손해보험,2025.1Q,1,주당액면가액(원),-,5000.0
KR0005,흥국화재,000540,손해보험,2025.2Q,1,주당액면가액(원),-,5000.0
KR0005,흥국화재,000540,손해보험,2025.3Q,1,주당액면가액(원),-,5000.0
KR0005,흥국화재,000540,손해보험,2025.4Q,1,주당액면가액(원),-,5000.0
KR0005,흥국화재,000540,손해보험,2026.1Q,1,주당액면가액(원),-,5000.0
KR0005,흥국화재,000540,손해보험,2026.2Q,1,주당액면가액(원),-,5000.0
KR0005,흥국화재,000540,손해보험,2023.1Q,3,(별도)당기순이익(백만원),-,96695.0
KR0005,흥국화재,000540,손해보험,2023.2Q,3,(별도)당기순이익(백만원),-,163728.0
KR0005,흥국화재,000540,손해보험,2023.3Q,3,(별도)당기순이익(백만원),-,181812.0
KR0005,흥국화재,000540,손해보험,2023.4Q,3,(별도)당기순이익(백만원),-,316147.0
KR0005,흥국화재,000540,손해보험,2024.1Q,3,(별도)당기순이익(백만원),-,48010.0
KR0005,흥국화재,000540,손해보험,2024.2Q,3,(별도)당기순이익(백만원),-,106991.0
KR0005,흥국화재,000540,손해보험,2024.3Q,3,(별도)당기순이익(백만원),-,197835.0
KR0005,흥국화재,000540,손해보험,2024.4Q,3,(별도)당기순이익(백만원),-,106722.0
KR0005,흥국화재,000540,손해보험,2025.1Q,3,(별도)당기순이익(백만원),-,119580.0
KR0005,흥국화재,000540,손해보험,2025.2Q,3,(별도)당기순이익(백만원),-,132343.0
KR0005,흥국화재,000540,손해보험,2025.3Q,3,(별도)당기순이익(백만원),-,158999.0
KR0005,흥국화재,000540,손해보험,2025.4Q,3,(별도)당기순이익(백만원),-,151689.0
KR0005,흥국화재,000540,손해보험,2026.1Q,3,(별도)당기순이익(백만원),-,-664.0
KR0005,흥국화재,000540,손해보험,2026.2Q,3,(별도)당기순이익(백만원),-,26167.0
KR0005,흥국화재,000540,손해보험,2023.1Q,4,(연결)주당순이익(원),-,1457.0
KR0005,흥국화재,000540,손해보험,2023.2Q,4,(연결)주당순이익(원),-,2419.0
KR0005,흥국화재,000540,손해보험,2023.3Q,4,(연결)주당순이익(원),-,2667.0
KR0005,흥국화재,000540,손해보험,2023.4Q,4,(연결)주당순이익(원),-,4664.0
KR0005,흥국화재,000540,손해보험,2024.1Q,4,(연결)주당순이익(원),-,708.0
KR0005,흥국화재,000540,손해보험,2024.2Q,4,(연결)주당순이익(원),-,1546.0
KR0005,흥국화재,000540,손해보험,2024.3Q,4,(연결)주당순이익(원),-,2914.0
KR0005,흥국화재,000540,손해보험,2024.4Q,4,(연결)주당순이익(원),-,1459.0
KR0005,흥국화재,000540,손해보험,2025.1Q,4,(연결)주당순이익(원),-,1808.0
KR0005,흥국화재,000540,손해보험,2025.2Q,4,(연결)주당순이익(원),-,1888.0
KR0005,흥국화재,000540,손해보험,2025.3Q,4,(연결)주당순이익(원),-,2222.0
KR0005,흥국화재,000540,손해보험,2025.4Q,4,(연결)주당순이익(원),-,1992.0
KR0005,흥국화재,000540,손해보험,2026.1Q,4,(연결)주당순이익(원),-,-88.0
KR0005,흥국화재,000540,손해보험,2026.2Q,4,(연결)주당순이익(원),-,208.0
KR0005,흥국화재,000540,손해보험,2023.1Q,5,현금배당금총액(백만원),-,0.0
KR0005,흥국화재,000540,손해보험,2023.2Q,5,현금배당금총액(백만원),-,0.0
KR0005,흥국화재,000540,손해보험,2023.3Q,5,현금배당금총액(백만원),-,0.0
KR0005,흥국화재,000540,손해보험,2023.4Q,5,현금배당금총액(백만원),-,0.0
KR0005,흥국화재,000540,손해보험,2024.1Q,5,현금배당금총액(백만원),-,0.0
KR0005,흥국화재,000540,손해보험,2024.2Q,5,현금배당금총액(백만원),-,0.0
KR0005,흥국화재,000540,손해보험,2024.3Q,5,현금배당금총액(백만원),-,0.0
KR0005,흥국화재,000540,손해보험,2024.4Q,5,현금배당금총액(백만원),-,0.0
KR0005,흥국화재,000540,손해보험,2025.1Q,5,현금배당금총액(백만원),-,0.0
KR0005,흥국화재,000540,손해보험,2025.2Q,5,현금배당금총액(백만원),-,0.0
KR0005,흥국화재,000540,손해보험,2025.3Q,5,현금배당금총액(백만원),-,0.0
KR0005,흥국화재,000540,손해보험,2025.4Q,5,현금배당금총액(백만원),-,0.0
KR0005,흥국화재,000540,손해보험,2026.1Q,5,현금배당금총액(백만원),-,0.0
KR0005,흥국화재,000540,손해보험,2026.2Q,5,현금배당금총액(백만원),-,0.0
KR0005,흥국화재,000540,손해보험,2023.1Q,6,주식배당금총액(백만원),-,0.0
KR0005,흥국화재,000540,손해보험,2023.2Q,6,주식배당금총액(백만원),-,0.0
KR0005,흥국화재,000540,손해보험,2023.3Q,6,주식배당금총액(백만원),-,0.0
KR0005,흥국화재,000540,손해보험,2023.4Q,6,주식배당금총액(백만원),-,0.0
KR0005,흥국화재,000540,손해보험,2024.1Q,6,주식배당금총액(백만원),-,0.0
KR0005,흥국화재,000540,손해보험,2024.2Q,6,주식배당금총액(백만원),-,0.0
KR0005,흥국화재,000540,손해보험,2024.3Q,6,주식배당금총액(백만원),-,0.0
KR0005,흥국화재,000540,손해보험,2024.4Q,6,주식배당금총액(백만원),-,0.0
KR0005,흥국화재,000540,손해보험,2025.1Q,6,주식배당금총액(백만원),-,0.0
KR0005,흥국화재,000540,손해보험,2025.2Q,6,주식배당금총액(백만원),-,0.0
KR0005,흥국화재,000540,손해보험,2025.3Q,6,주식배당금총액(백만원),-,0.0
KR0005,흥국화재,000540,손해보험,2025.4Q,6,주식배당금총액(백만원),-,0.0
KR0005,흥국화재,000540,손해보험,2026.1Q,6,주식배당금총액(백만원),-,0.0
KR0005,흥국화재,000540,손해보험,2026.2Q,6,주식배당금총액(백만원),-,0.0
KR0008,삼성화재해상보험,000810,손해보험,2023.1Q,1,주당액면가액(원),-,500.0
KR0008,삼성화재해상보험,000810,손해보험,2023.2Q,1,주당액면가액(원),-,500.0
KR0008,삼성화재해상보험,000810,손해보험,2023.3Q,1,주당액면가액(원),-,500.0
KR0008,삼성화재해상보험,000810,손해보험,2023.4Q,1,주당액면가액(원),-,500.0
KR0008,삼성화재해상보험,000810,손해보험,2024.1Q,1,주당액면가액(원),-,500.0
KR0008,삼성화재해상보험,000810,손해보험,2024.2Q,1,주당액면가액(원),-,500.0
KR0008,삼성화재해상보험,000810,손해보험,2024.3Q,1,주당액면가액(원),-,500.0
KR0008,삼성화재해상보험,000810,손해보험,2024.4Q,1,주당액면가액(원),-,500.0
KR0008,삼성화재해상보험,000810,손해보험,2025.1Q,1,주당액면가액(원),-,500.0
KR0008,삼성화재해상보험,000810,손해보험,2025.2Q,1,주당액면가액(원),-,500.0
KR0008,삼성화재해상보험,000810,손해보험,2025.3Q,1,주당액면가액(원),-,500.0
KR0008,삼성화재해상보험,000810,손해보험,2025.4Q,1,주당액면가액(원),-,500.0
KR0008,삼성화재해상보험,000810,손해보험,2026.1Q,1,주당액면가액(원),-,500.0
KR0008,삼성화재해상보험,000810,손해보험,2026.2Q,1,주당액면가액(원),-,500.0
KR0008,삼성화재해상보험,000810,손해보험,2023.1Q,2,(연결)당기순이익(백만원),-,612731.0
KR0008,삼성화재해상보험,000810,손해보험,2023.2Q,2,(연결)당기순이익(백만원),-,1215075.0
KR0008,삼성화재해상보험,000810,손해보험,2023.3Q,2,(연결)당기순이익(백만원),-,1643283.0
KR0008,삼성화재해상보험,000810,손해보험,2023.4Q,2,(연결)당기순이익(백만원),-,1818434.0
KR0008,삼성화재해상보험,000810,손해보험,2024.1Q,2,(연결)당기순이익(백만원),-,700962.0
KR0008,삼성화재해상보험,000810,손해보험,2024.2Q,2,(연결)당기순이익(백만원),-,1312406.0
KR0008,삼성화재해상보험,000810,손해보험,2024.3Q,2,(연결)당기순이익(백만원),-,1866458.0
KR0008,삼성화재해상보험,000810,손해보험,2024.4Q,2,(연결)당기순이익(백만원),-,2073572.0
KR0008,삼성화재해상보험,000810,손해보험,2025.1Q,2,(연결)당기순이익(백만원),-,608133.0
KR0008,삼성화재해상보험,000810,손해보험,2025.2Q,2,(연결)당기순이익(백만원),-,1245583.0
KR0008,삼성화재해상보험,000810,손해보험,2025.3Q,2,(연결)당기순이익(백만원),-,1783555.0
KR0008,삼성화재해상보험,000810,손해보험,2025.4Q,2,(연결)당기순이익(백만원),-,2018286.0
KR0008,삼성화재해상보험,000810,손해보험,2026.1Q,2,(연결)당기순이익(백만원),-,634671.0
KR0008,삼성화재해상보험,000810,손해보험,2026.2Q,2,(연결)당기순이익(백만원),-,1372323.0
KR0008,삼성화재해상보험,000810,손해보험,2023.1Q,3,(별도)당기순이익(백만원),-,580138.0
KR0008,삼성화재해상보험,000810,손해보험,2023.2Q,3,(별도)당기순이익(백만원),-,1184522.0
KR0008,삼성화재해상보험,000810,손해보험,2023.3Q,3,(별도)당기순이익(백만원),-,1587732.0
KR0008,삼성화재해상보험,000810,손해보험,2023.4Q,3,(별도)당기순이익(백만원),-,1755374.0
KR0008,삼성화재해상보험,000810,손해보험,2024.1Q,3,(별도)당기순이익(백만원),-,683871.0
KR0008,삼성화재해상보험,000810,손해보험,2024.2Q,3,(별도)당기순이익(백만원),-,1277207.0
KR0008,삼성화재해상보험,000810,손해보험,2024.3Q,3,(별도)당기순이익(백만원),-,1834430.0
KR0008,삼성화재해상보험,000810,손해보험,2024.4Q,3,(별도)당기순이익(백만원),-,2047781.0
KR0008,삼성화재해상보험,000810,손해보험,2025.1Q,3,(별도)당기순이익(백만원),-,555634.0
KR0008,삼성화재해상보험,000810,손해보험,2025.2Q,3,(별도)당기순이익(백만원),-,953860.0
KR0008,삼성화재해상보험,000810,손해보험,2025.3Q,3,(별도)당기순이익(백만원),-,1463184.0
KR0008,삼성화재해상보험,000810,손해보험,2025.4Q,3,(별도)당기순이익(백만원),-,1690878.0
KR0008,삼성화재해상보험,000810,손해보험,2026.1Q,3,(별도)당기순이익(백만원),-,573350.0
KR0008,삼성화재해상보험,000810,손해보험,2026.2Q,3,(별도)당기순이익(백만원),-,1253442.0
KR0008,삼성화재해상보험,000810,손해보험,2023.1Q,4,(연결)주당순이익(원),-,14414.0
KR0008,삼성화재해상보험,000810,손해보험,2023.2Q,4,(연결)주당순이익(원),-,28583.0
KR0008,삼성화재해상보험,000810,손해보험,2023.3Q,4,(연결)주당순이익(원),-,38657.0
KR0008,삼성화재해상보험,000810,손해보험,2023.4Q,4,(연결)주당순이익(원),-,42777.0
KR0008,삼성화재해상보험,000810,손해보험,2024.1Q,4,(연결)주당순이익(원),-,16489.0
KR0008,삼성화재해상보험,000810,손해보험,2024.2Q,4,(연결)주당순이익(원),-,30873.0
KR0008,삼성화재해상보험,000810,손해보험,2024.3Q,4,(연결)주당순이익(원),-,43907.0
KR0008,삼성화재해상보험,000810,손해보험,2024.4Q,4,(연결)주당순이익(원),-,48779.0
KR0008,삼성화재해상보험,000810,손해보험,2025.1Q,4,(연결)주당순이익(원),-,14306.0
KR0008,삼성화재해상보험,000810,손해보험,2025.2Q,4,(연결)주당순이익(원),-,29301.0
KR0008,삼성화재해상보험,000810,손해보험,2025.3Q,4,(연결)주당순이익(원),-,41956.0
KR0008,삼성화재해상보험,000810,손해보험,2025.4Q,4,(연결)주당순이익(원),-,47478.0
KR0008,삼성화재해상보험,000810,손해보험,2026.1Q,4,(연결)주당순이익(원),-,14930.0
KR0008,삼성화재해상보험,000810,손해보험,2026.2Q,4,(연결)주당순이익(원),-,32283.0
KR0008,삼성화재해상보험,000810,손해보험,2023.1Q,5,현금배당금총액(백만원),-,0.0
KR0008,삼성화재해상보험,000810,손해보험,2023.2Q,5,현금배당금총액(백만원),-,0.0
KR0008,삼성화재해상보험,000810,손해보험,2023.3Q,5,현금배당금총액(백만원),-,0.0
KR0008,삼성화재해상보험,000810,손해보험,2023.4Q,5,현금배당금총액(백만원),-,680166.0
KR0008,삼성화재해상보험,000810,손해보험,2024.1Q,5,현금배당금총액(백만원),-,0.0
KR0008,삼성화재해상보험,000810,손해보험,2024.2Q,5,현금배당금총액(백만원),-,0.0
KR0008,삼성화재해상보험,000810,손해보험,2024.3Q,5,현금배당금총액(백만원),-,0.0
KR0008,삼성화재해상보험,000810,손해보험,2024.4Q,5,현금배당금총액(백만원),-,807694.0
KR0008,삼성화재해상보험,000810,손해보험,2025.1Q,5,현금배당금총액(백만원),-,0.0
KR0008,삼성화재해상보험,000810,손해보험,2025.2Q,5,현금배당금총액(백만원),-,0.0
KR0008,삼성화재해상보험,000810,손해보험,2025.3Q,5,현금배당금총액(백만원),-,0.0
KR0008,삼성화재해상보험,000810,손해보험,2025.4Q,5,현금배당금총액(백만원),-,828949.0
KR0008,삼성화재해상보험,000810,손해보험,2026.1Q,5,현금배당금총액(백만원),-,0.0
KR0008,삼성화재해상보험,000810,손해보험,2026.2Q,5,현금배당금총액(백만원),-,0.0
KR0008,삼성화재해상보험,000810,손해보험,2023.1Q,6,주식배당금총액(백만원),-,0.0
KR0008,삼성화재해상보험,000810,손해보험,2023.2Q,6,주식배당금총액(백만원),-,0.0
KR0008,삼성화재해상보험,000810,손해보험,2023.3Q,6,주식배당금총액(백만원),-,0.0
KR0008,삼성화재해상보험,000810,손해보험,2023.4Q,6,주식배당금총액(백만원),-,0.0
KR0008,삼성화재해상보험,000810,손해보험,2024.1Q,6,주식배당금총액(백만원),-,0.0
KR0008,삼성화재해상보험,000810,손해보험,2024.2Q,6,주식배당금총액(백만원),-,0.0
KR0008,삼성화재해상보험,000810,손해보험,2024.3Q,6,주식배당금총액(백만원),-,0.0
KR0008,삼성화재해상보험,000810,손해보험,2024.4Q,6,주식배당금총액(백만원),-,0.0
KR0008,삼성화재해상보험,000810,손해보험,2025.1Q,6,주식배당금총액(백만원),-,0.0
KR0008,삼성화재해상보험,000810,손해보험,2025.2Q,6,주식배당금총액(백만원),-,0.0
KR0008,삼성화재해상보험,000810,손해보험,2025.3Q,6,주식배당금총액(백만원),-,0.0
KR0008,삼성화재해상보험,000810,손해보험,2025.4Q,6,주식배당금총액(백만원),-,0.0
KR0008,삼성화재해상보험,000810,손해보험,2026.1Q,6,주식배당금총액(백만원),-,0.0
KR0008,삼성화재해상보험,000810,손해보험,2026.2Q,6,주식배당금총액(백만원),-,0.0
KR0008,삼성화재해상보험,000810,손해보험,2023.4Q,7,(연결)현금배당성향(%),-,37.4
KR0008,삼성화재해상보험,000810,손해보험,2024.4Q,7,(연결)현금배당성향(%),-,39.0
KR0008,삼성화재해상보험,000810,손해보험,2025.4Q,7,(연결)현금배당성향(%),-,41.1
KR0008,삼성화재해상보험,000810,손해보험,2023.4Q,8,주당 현금배당금(원),보통주,16000.0
KR0008,삼성화재해상보험,000810,손해보험,2024.4Q,8,주당 현금배당금(원),보통주,19000.0
KR0008,삼성화재해상보험,000810,손해보험,2025.4Q,8,주당 현금배당금(원),보통주,19500.0
KR0008,삼성화재해상보험,000810,손해보험,2023.4Q,8,주당 현금배당금(원),우선주,16005.0
KR0008,삼성화재해상보험,000810,손해보험,2024.4Q,8,주당 현금배당금(원),우선주,19005.0
KR0008,삼성화재해상보험,000810,손해보험,2025.4Q,8,주당 현금배당금(원),우선주,19505.0
KR0008,삼성화재해상보험,000810,손해보험,2023.4Q,10,현금배당수익률(%),보통주,6.5
KR0008,삼성화재해상보험,000810,손해보험,2024.4Q,10,현금배당수익률(%),보통주,5.0
KR0008,삼성화재해상보험,000810,손해보험,2025.4Q,10,현금배당수익률(%),보통주,3.9
KR0008,삼성화재해상보험,000810,손해보험,2023.4Q,10,현금배당수익률(%),우선주,8.6
KR0008,삼성화재해상보험,000810,손해보험,2024.4Q,10,현금배당수익률(%),우선주,6.7
KR0008,삼성화재해상보험,000810,손해보험,2025.4Q,10,현금배당수익률(%),우선주,5.2
KR0009,현대해상,001450,손해보험,2023.1Q,1,주당액면가액(원),-,500.0
KR0009,현대해상,001450,손해보험,2023.2Q,1,주당액면가액(원),-,500.0
KR0009,현대해상,001450,손해보험,2023.3Q,1,주당액면가액(원),-,500.0
KR0009,현대해상,001450,손해보험,2023.4Q,1,주당액면가액(원),-,500.0
KR0009,현대해상,001450,손해보험,2024.1Q,1,주당액면가액(원),-,500.0
KR0009,현대해상,001450,손해보험,2024.2Q,1,주당액면가액(원),-,500.0
KR0009,현대해상,001450,손해보험,2024.3Q,1,주당액면가액(원),-,500.0
KR0009,현대해상,001450,손해보험,2024.4Q,1,주당액면가액(원),-,500.0
KR0009,현대해상,001450,손해보험,2025.1Q,1,주당액면가액(원),-,500.0
KR0009,현대해상,001450,손해보험,2025.2Q,1,주당액면가액(원),-,500.0
KR0009,현대해상,001450,손해보험,2025.3Q,1,주당액면가액(원),-,500.0
KR0009,현대해상,001450,손해보험,2025.4Q,1,주당액면가액(원),-,500.0
KR0009,현대해상,001450,손해보험,2026.1Q,1,주당액면가액(원),-,500.0
KR0009,현대해상,001450,손해보험,2026.2Q,1,주당액면가액(원),-,500.0
KR0009,현대해상,001450,손해보험,2023.1Q,2,(연결)당기순이익(백만원),-,213559.0
KR0009,현대해상,001450,손해보험,2023.2Q,2,(연결)당기순이익(백만원),-,401448.0
KR0009,현대해상,001450,손해보험,2023.3Q,2,(연결)당기순이익(백만원),-,662604.0
KR0009,현대해상,001450,손해보험,2023.4Q,2,(연결)당기순이익(백만원),-,607829.0
KR0009,현대해상,001450,손해보험,2024.1Q,2,(연결)당기순이익(백만원),-,373252.0
KR0009,현대해상,001450,손해보험,2024.2Q,2,(연결)당기순이익(백만원),-,720996.0
KR0009,현대해상,001450,손해보험,2024.3Q,2,(연결)당기순이익(백만원),-,933283.0
KR0009,현대해상,001450,손해보험,2024.4Q,2,(연결)당기순이익(백만원),-,850533.0
KR0009,현대해상,001450,손해보험,2025.1Q,2,(연결)당기순이익(백만원),-,203879.0
KR0009,현대해상,001450,손해보험,2025.2Q,2,(연결)당기순이익(백만원),-,504519.0
KR0009,현대해상,001450,손해보험,2025.3Q,2,(연결)당기순이익(백만원),-,1134341.0
KR0009,현대해상,001450,손해보험,2025.4Q,2,(연결)당기순이익(백만원),-,1019820.0
KR0009,현대해상,001450,손해보험,2026.1Q,2,(연결)당기순이익(백만원),-,236446.0
KR0009,현대해상,001450,손해보험,2026.2Q,2,(연결)당기순이익(백만원),-,654749.0
KR0009,현대해상,001450,손해보험,2023.1Q,3,(별도)당기순이익(백만원),-,315302.0
KR0009,현대해상,001450,손해보험,2023.2Q,3,(별도)당기순이익(백만원),-,496963.0
KR0009,현대해상,001450,손해보험,2023.3Q,3,(별도)당기순이익(백만원),-,786355.0
KR0009,현대해상,001450,손해보험,2023.4Q,3,(별도)당기순이익(백만원),-,805722.0
KR0009,현대해상,001450,손해보험,2024.1Q,3,(별도)당기순이익(백만원),-,477254.0
KR0009,현대해상,001450,손해보험,2024.2Q,3,(별도)당기순이익(백만원),-,832991.0
KR0009,현대해상,001450,손해보험,2024.3Q,3,(별도)당기순이익(백만원),-,1046420.0
KR0009,현대해상,001450,손해보험,2024.4Q,3,(별도)당기순이익(백만원),-,1030684.0
KR0009,현대해상,001450,손해보험,2025.1Q,3,(별도)당기순이익(백만원),-,203195.0
KR0009,현대해상,001450,손해보험,2025.2Q,3,(별도)당기순이익(백만원),-,450965.0
KR0009,현대해상,001450,손해보험,2025.3Q,3,(별도)당기순이익(백만원),-,634147.0
KR0009,현대해상,001450,손해보험,2025.4Q,3,(별도)당기순이익(백만원),-,561106.0
KR0009,현대해상,001450,손해보험,2026.1Q,3,(별도)당기순이익(백만원),-,223267.0
KR0009,현대해상,001450,손해보험,2026.2Q,3,(별도)당기순이익(백만원),-,615116.0
KR0009,현대해상,001450,손해보험,2023.1Q,4,(연결)주당순이익(원),-,2668.0
KR0009,현대해상,001450,손해보험,2023.2Q,4,(연결)주당순이익(원),-,5009.0
KR0009,현대해상,001450,손해보험,2023.3Q,4,(연결)주당순이익(원),-,8309.0
KR0009,현대해상,001450,손해보험,2023.4Q,4,(연결)주당순이익(원),-,7610.0
KR0009,현대해상,001450,손해보험,2024.1Q,4,(연결)주당순이익(원),-,4760.0
KR0009,현대해상,001450,손해보험,2024.2Q,4,(연결)주당순이익(원),-,9195.0
KR0009,현대해상,001450,손해보험,2024.3Q,4,(연결)주당순이익(원),-,11902.0
KR0009,현대해상,001450,손해보험,2024.4Q,4,(연결)주당순이익(원),-,10847.0
KR0009,현대해상,001450,손해보험,2025.1Q,4,(연결)주당순이익(원),-,2600.0
KR0009,현대해상,001450,손해보험,2025.2Q,4,(연결)주당순이익(원),-,6434.0
KR0009,현대해상,001450,손해보험,2025.3Q,4,(연결)주당순이익(원),-,14466.0
KR0009,현대해상,001450,손해보험,2025.4Q,4,(연결)주당순이익(원),-,13006.0
KR0009,현대해상,001450,손해보험,2026.1Q,4,(연결)주당순이익(원),-,3015.0
KR0009,현대해상,001450,손해보험,2026.2Q,4,(연결)주당순이익(원),-,8303.0
KR0009,현대해상,001450,손해보험,2023.1Q,5,현금배당금총액(백만원),-,0.0
KR0009,현대해상,001450,손해보험,2023.2Q,5,현금배당금총액(백만원),-,0.0
KR0009,현대해상,001450,손해보험,2023.3Q,5,현금배당금총액(백만원),-,0.0
KR0009,현대해상,001450,손해보험,2023.4Q,5,현금배당금총액(백만원),-,161769.0
KR0009,현대해상,001450,손해보험,2024.1Q,5,현금배당금총액(백만원),-,0.0
KR0009,현대해상,001450,손해보험,2024.2Q,5,현금배당금총액(백만원),-,0.0
KR0009,현대해상,001450,손해보험,2024.3Q,5,현금배당금총액(백만원),-,0.0
KR0009,현대해상,001450,손해보험,2024.4Q,5,현금배당금총액(백만원),-,0.0
KR0009,현대해상,001450,손해보험,2025.1Q,5,현금배당금총액(백만원),-,0.0
KR0009,현대해상,001450,손해보험,2025.2Q,5,현금배당금총액(백만원),-,0.0
KR0009,현대해상,001450,손해보험,2025.3Q,5,현금배당금총액(백만원),-,0.0
KR0009,현대해상,001450,손해보험,2025.4Q,5,현금배당금총액(백만원),-,0.0
KR0009,현대해상,001450,손해보험,2026.1Q,5,현금배당금총액(백만원),-,0.0
KR0009,현대해상,001450,손해보험,2026.2Q,5,현금배당금총액(백만원),-,0.0
KR0009,현대해상,001450,손해보험,2023.1Q,6,주식배당금총액(백만원),-,0.0
KR0009,현대해상,001450,손해보험,2023.2Q,6,주식배당금총액(백만원),-,0.0
KR0009,현대해상,001450,손해보험,2023.3Q,6,주식배당금총액(백만원),-,0.0
KR0009,현대해상,001450,손해보험,2023.4Q,6,주식배당금총액(백만원),-,0.0
KR0009,현대해상,001450,손해보험,2024.1Q,6,주식배당금총액(백만원),-,0.0
KR0009,현대해상,001450,손해보험,2024.2Q,6,주식배당금총액(백만원),-,0.0
KR0009,현대해상,001450,손해보험,2024.3Q,6,주식배당금총액(백만원),-,0.0
KR0009,현대해상,001450,손해보험,2024.4Q,6,주식배당금총액(백만원),-,0.0
KR0009,현대해상,001450,손해보험,2025.1Q,6,주식배당금총액(백만원),-,0.0
KR0009,현대해상,001450,손해보험,2025.2Q,6,주식배당금총액(백만원),-,0.0
KR0009,현대해상,001450,손해보험,2025.3Q,6,주식배당금총액(백만원),-,0.0
KR0009,현대해상,001450,손해보험,2025.4Q,6,주식배당금총액(백만원),-,0.0
KR0009,현대해상,001450,손해보험,2026.1Q,6,주식배당금총액(백만원),-,0.0
KR0009,현대해상,001450,손해보험,2026.2Q,6,주식배당금총액(백만원),-,0.0
KR0009,현대해상,001450,손해보험,2023.4Q,7,(연결)현금배당성향(%),-,26.6
KR0009,현대해상,001450,손해보험,2023.4Q,8,주당 현금배당금(원),보통주,2063.0
KR0009,현대해상,001450,손해보험,2023.4Q,10,현금배당수익률(%),보통주,5.8
KR0010,KB손해보험,002550,손해보험,2023.2Q,1,주당액면가액(원),-,500.0
KR0010,KB손해보험,002550,손해보험,2023.4Q,1,주당액면가액(원),-,500.0
KR0010,KB손해보험,002550,손해보험,2024.2Q,1,주당액면가액(원),-,500.0
KR0010,KB손해보험,002550,손해보험,2024.4Q,1,주당액면가액(원),-,500.0
KR0010,KB손해보험,002550,손해보험,2025.1Q,1,주당액면가액(원),-,500.0
KR0010,KB손해보험,002550,손해보험,2025.2Q,1,주당액면가액(원),-,500.0
KR0010,KB손해보험,002550,손해보험,2025.3Q,1,주당액면가액(원),-,500.0
KR0010,KB손해보험,002550,손해보험,2025.4Q,1,주당액면가액(원),-,500.0
KR0010,KB손해보험,002550,손해보험,2026.1Q,1,주당액면가액(원),-,500.0
KR0010,KB손해보험,002550,손해보험,2026.2Q,1,주당액면가액(원),-,500.0
KR0010,KB손해보험,002550,손해보험,2023.2Q,2,(연결)당기순이익(백만원),-,538570.0
KR0010,KB손해보험,002550,손해보험,2023.4Q,2,(연결)당기순이익(백만원),-,766211.0
KR0010,KB손해보험,002550,손해보험,2024.2Q,2,(연결)당기순이익(백만원),-,570166.0
KR0010,KB손해보험,002550,손해보험,2024.4Q,2,(연결)당기순이익(백만원),-,835810.0
KR0010,KB손해보험,002550,손해보험,2025.1Q,2,(연결)당기순이익(백만원),-,313640.0
KR0010,KB손해보험,002550,손해보험,2025.2Q,2,(연결)당기순이익(백만원),-,557612.0
KR0010,KB손해보험,002550,손해보험,2025.3Q,2,(연결)당기순이익(백만원),-,766798.0
KR0010,KB손해보험,002550,손해보험,2025.4Q,2,(연결)당기순이익(백만원),-,774969.0
KR0010,KB손해보험,002550,손해보험,2026.1Q,2,(연결)당기순이익(백만원),-,205755.0
KR0010,KB손해보험,002550,손해보험,2026.2Q,2,(연결)당기순이익(백만원),-,482522.0
KR0010,KB손해보험,002550,손해보험,2023.2Q,3,(별도)당기순이익(백만원),-,546220.0
KR0010,KB손해보험,002550,손해보험,2023.4Q,3,(별도)당기순이익(백만원),-,776386.0
KR0010,KB손해보험,002550,손해보험,2024.2Q,3,(별도)당기순이익(백만원),-,589093.0
KR0010,KB손해보험,002550,손해보험,2024.4Q,3,(별도)당기순이익(백만원),-,856749.0
KR0010,KB손해보험,002550,손해보험,2025.1Q,3,(별도)당기순이익(백만원),-,319819.0
KR0010,KB손해보험,002550,손해보험,2025.2Q,3,(별도)당기순이익(백만원),-,566086.0
KR0010,KB손해보험,002550,손해보험,2025.3Q,3,(별도)당기순이익(백만원),-,776230.0
KR0010,KB손해보험,002550,손해보험,2025.4Q,3,(별도)당기순이익(백만원),-,781077.0
KR0010,KB손해보험,002550,손해보험,2026.1Q,3,(별도)당기순이익(백만원),-,213973.0
KR0010,KB손해보험,002550,손해보험,2026.2Q,3,(별도)당기순이익(백만원),-,499048.0
KR0010,KB손해보험,002550,손해보험,2023.2Q,4,(연결)주당순이익(원),-,8099.0
KR0010,KB손해보험,002550,손해보험,2023.4Q,4,(연결)주당순이익(원),-,11522.0
KR0010,KB손해보험,002550,손해보험,2024.2Q,4,(연결)주당순이익(원),-,8574.0
KR0010,KB손해보험,002550,손해보험,2024.4Q,4,(연결)주당순이익(원),-,12569.0
KR0010,KB손해보험,002550,손해보험,2025.1Q,4,(연결)주당순이익(원),-,4716.0
KR0010,KB손해보험,002550,손해보험,2025.2Q,4,(연결)주당순이익(원),-,8385.0
KR0010,KB손해보험,002550,손해보험,2025.3Q,4,(연결)주당순이익(원),-,11531.0
KR0010,KB손해보험,002550,손해보험,2025.4Q,4,(연결)주당순이익(원),-,11654.0
KR0010,KB손해보험,002550,손해보험,2026.1Q,4,(연결)주당순이익(원),-,3094.0
KR0010,KB손해보험,002550,손해보험,2026.2Q,4,(연결)주당순이익(원),-,7256.0
KR0010,KB손해보험,002550,손해보험,2023.1Q,5,현금배당금총액(백만원),-,0.0
KR0010,KB손해보험,002550,손해보험,2023.2Q,5,현금배당금총액(백만원),-,0.0
KR0010,KB손해보험,002550,손해보험,2023.3Q,5,현금배당금총액(백만원),-,0.0
KR0010,KB손해보험,002550,손해보험,2023.4Q,5,현금배당금총액(백만원),-,0.0
KR0010,KB손해보험,002550,손해보험,2024.1Q,5,현금배당금총액(백만원),-,0.0
KR0010,KB손해보험,002550,손해보험,2024.2Q,5,현금배당금총액(백만원),-,250000.0
KR0010,KB손해보험,002550,손해보험,2024.3Q,5,현금배당금총액(백만원),-,0.0
KR0010,KB손해보험,002550,손해보험,2024.4Q,5,현금배당금총액(백만원),-,550000.0
KR0010,KB손해보험,002550,손해보험,2025.1Q,5,현금배당금총액(백만원),-,0.0
KR0010,KB손해보험,002550,손해보험,2025.2Q,5,현금배당금총액(백만원),-,0.0
KR0010,KB손해보험,002550,손해보험,2025.3Q,5,현금배당금총액(백만원),-,0.0
KR0010,KB손해보험,002550,손해보험,2025.4Q,5,현금배당금총액(백만원),-,0.0
KR0010,KB손해보험,002550,손해보험,2026.1Q,5,현금배당금총액(백만원),-,0.0
KR0010,KB손해보험,002550,손해보험,2026.2Q,5,현금배당금총액(백만원),-,0.0
KR0010,KB손해보험,002550,손해보험,2023.1Q,6,주식배당금총액(백만원),-,0.0
KR0010,KB손해보험,002550,손해보험,2023.2Q,6,주식배당금총액(백만원),-,0.0
KR0010,KB손해보험,002550,손해보험,2023.3Q,6,주식배당금총액(백만원),-,0.0
KR0010,KB손해보험,002550,손해보험,2023.4Q,6,주식배당금총액(백만원),-,0.0
KR0010,KB손해보험,002550,손해보험,2024.1Q,6,주식배당금총액(백만원),-,0.0
KR0010,KB손해보험,002550,손해보험,2024.2Q,6,주식배당금총액(백만원),-,0.0
KR0010,KB손해보험,002550,손해보험,2024.3Q,6,주식배당금총액(백만원),-,0.0
KR0010,KB손해보험,002550,손해보험,2024.4Q,6,주식배당금총액(백만원),-,0.0
KR0010,KB손해보험,002550,손해보험,2025.1Q,6,주식배당금총액(백만원),-,0.0
KR0010,KB손해보험,002550,손해보험,2025.2Q,6,주식배당금총액(백만원),-,0.0
KR0010,KB손해보험,002550,손해보험,2025.3Q,6,주식배당금총액(백만원),-,0.0
KR0010,KB손해보험,002550,손해보험,2025.4Q,6,주식배당금총액(백만원),-,0.0
KR0010,KB손해보험,002550,손해보험,2026.1Q,6,주식배당금총액(백만원),-,0.0
KR0010,KB손해보험,002550,손해보험,2026.2Q,6,주식배당금총액(백만원),-,0.0
KR0010,KB손해보험,002550,손해보험,2024.2Q,7,(연결)현금배당성향(%),-,43.85
KR0010,KB손해보험,002550,손해보험,2024.4Q,7,(연결)현금배당성향(%),-,65.8
KR0010,KB손해보험,002550,손해보험,2024.2Q,8,주당 현금배당금(원),보통주,3759.0
KR0010,KB손해보험,002550,손해보험,2024.4Q,8,주당 현금배당금(원),보통주,8270.0
KR0011,DB손해보험,005830,손해보험,2023.1Q,1,주당액면가액(원),-,500.0
KR0011,DB손해보험,005830,손해보험,2023.2Q,1,주당액면가액(원),-,500.0
KR0011,DB손해보험,005830,손해보험,2023.3Q,1,주당액면가액(원),-,500.0
KR0011,DB손해보험,005830,손해보험,2023.4Q,1,주당액면가액(원),-,500.0
KR0011,DB손해보험,005830,손해보험,2024.1Q,1,주당액면가액(원),-,500.0
KR0011,DB손해보험,005830,손해보험,2024.2Q,1,주당액면가액(원),-,500.0
KR0011,DB손해보험,005830,손해보험,2024.3Q,1,주당액면가액(원),-,500.0
KR0011,DB손해보험,005830,손해보험,2024.4Q,1,주당액면가액(원),-,500.0
KR0011,DB손해보험,005830,손해보험,2025.1Q,1,주당액면가액(원),-,500.0
KR0011,DB손해보험,005830,손해보험,2025.2Q,1,주당액면가액(원),-,500.0
KR0011,DB손해보험,005830,손해보험,2025.3Q,1,주당액면가액(원),-,500.0
KR0011,DB손해보험,005830,손해보험,2025.4Q,1,주당액면가액(원),-,500.0
KR0011,DB손해보험,005830,손해보험,2026.1Q,1,주당액면가액(원),-,500.0
KR0011,DB손해보험,005830,손해보험,2026.2Q,1,주당액면가액(원),-,500.0
KR0011,DB손해보험,005830,손해보험,2023.1Q,2,(연결)당기순이익(백만원),-,525829.0
KR0011,DB손해보험,005830,손해보험,2023.2Q,2,(연결)당기순이익(백만원),-,994397.0
KR0011,DB손해보험,005830,손해보험,2023.3Q,2,(연결)당기순이익(백만원),-,1406379.0
KR0011,DB손해보험,005830,손해보험,2023.4Q,2,(연결)당기순이익(백만원),-,1742379.0
KR0011,DB손해보험,005830,손해보험,2024.1Q,2,(연결)당기순이익(백만원),-,580141.0
KR0011,DB손해보험,005830,손해보험,2024.2Q,2,(연결)당기순이익(백만원),-,1191372.0
KR0011,DB손해보험,005830,손해보험,2024.3Q,2,(연결)당기순이익(백만원),-,1666251.0
KR0011,DB손해보험,005830,손해보험,2024.4Q,2,(연결)당기순이익(백만원),-,1853217.0
KR0011,DB손해보험,005830,손해보험,2025.1Q,2,(연결)당기순이익(백만원),-,430786.0
KR0011,DB손해보험,005830,손해보험,2025.2Q,2,(연결)당기순이익(백만원),-,1081200.0
KR0011,DB손해보험,005830,손해보험,2025.3Q,2,(연결)당기순이익(백만원),-,1409386.0
KR0011,DB손해보험,005830,손해보험,2025.4Q,2,(연결)당기순이익(백만원),-,1788026.0
KR0011,DB손해보험,005830,손해보험,2026.1Q,2,(연결)당기순이익(백만원),-,238406.0
KR0011,DB손해보험,005830,손해보험,2026.2Q,2,(연결)당기순이익(백만원),-,1114312.0
KR0011,DB손해보험,005830,손해보험,2023.1Q,3,(별도)당기순이익(백만원),-,447269.0
KR0011,DB손해보험,005830,손해보험,2023.2Q,3,(별도)당기순이익(백만원),-,912244.0
KR0011,DB손해보험,005830,손해보험,2023.3Q,3,(별도)당기순이익(백만원),-,1275701.0
KR0011,DB손해보험,005830,손해보험,2023.4Q,3,(별도)당기순이익(백만원),-,1536746.0
KR0011,DB손해보험,005830,손해보험,2024.1Q,3,(별도)당기순이익(백만원),-,583443.0
KR0011,DB손해보험,005830,손해보험,2024.2Q,3,(별도)당기순이익(백만원),-,1124100.0
KR0011,DB손해보험,005830,손해보험,2024.3Q,3,(별도)당기순이익(백만원),-,1577967.0
KR0011,DB손해보험,005830,손해보험,2024.4Q,3,(별도)당기순이익(백만원),-,1772229.0
KR0011,DB손해보험,005830,손해보험,2025.1Q,3,(별도)당기순이익(백만원),-,446987.0
KR0011,DB손해보험,005830,손해보험,2025.2Q,3,(별도)당기순이익(백만원),-,906909.0
KR0011,DB손해보험,005830,손해보험,2025.3Q,3,(별도)당기순이익(백만원),-,1199909.0
KR0011,DB손해보험,005830,손해보험,2025.4Q,3,(별도)당기순이익(백만원),-,1534880.0
KR0011,DB손해보험,005830,손해보험,2026.1Q,3,(별도)당기순이익(백만원),-,268504.0
KR0011,DB손해보험,005830,손해보험,2026.2Q,3,(별도)당기순이익(백만원),-,979611.0
KR0011,DB손해보험,005830,손해보험,2023.1Q,4,(연결)주당순이익(원),-,8757.0
KR0011,DB손해보험,005830,손해보험,2023.2Q,4,(연결)주당순이익(원),-,16561.0
KR0011,DB손해보험,005830,손해보험,2023.3Q,4,(연결)주당순이익(원),-,23423.0
KR0011,DB손해보험,005830,손해보험,2023.4Q,4,(연결)주당순이익(원),-,29019.0
KR0011,DB손해보험,005830,손해보험,2024.1Q,4,(연결)주당순이익(원),-,9662.0
KR0011,DB손해보험,005830,손해보험,2024.2Q,4,(연결)주당순이익(원),-,19842.0
KR0011,DB손해보험,005830,손해보험,2024.3Q,4,(연결)주당순이익(원),-,27751.0
KR0011,DB손해보험,005830,손해보험,2024.4Q,4,(연결)주당순이익(원),-,30838.0
KR0011,DB손해보험,005830,손해보험,2025.1Q,4,(연결)주당순이익(원),-,7175.0
KR0011,DB손해보험,005830,손해보험,2025.2Q,4,(연결)주당순이익(원),-,18007.0
KR0011,DB손해보험,005830,손해보험,2025.3Q,4,(연결)주당순이익(원),-,23434.0
KR0011,DB손해보험,005830,손해보험,2025.4Q,4,(연결)주당순이익(원),-,29597.0
KR0011,DB손해보험,005830,손해보험,2026.1Q,4,(연결)주당순이익(원),-,3753.0
KR0011,DB손해보험,005830,손해보험,2026.2Q,4,(연결)주당순이익(원),-,17960.0
KR0011,DB손해보험,005830,손해보험,2023.1Q,5,현금배당금총액(백만원),-,0.0
KR0011,DB손해보험,005830,손해보험,2023.2Q,5,현금배당금총액(백만원),-,0.0
KR0011,DB손해보험,005830,손해보험,2023.3Q,5,현금배당금총액(백만원),-,0.0
KR0011,DB손해보험,005830,손해보험,2023.4Q,5,현금배당금총액(백만원),-,318230.0
KR0011,DB손해보험,005830,손해보험,2024.1Q,5,현금배당금총액(백만원),-,0.0
KR0011,DB손해보험,005830,손해보험,2024.2Q,5,현금배당금총액(백만원),-,0.0
KR0011,DB손해보험,005830,손해보험,2024.3Q,5,현금배당금총액(백만원),-,0.0
KR0011,DB손해보험,005830,손해보험,2024.4Q,5,현금배당금총액(백만원),-,408296.0
KR0011,DB손해보험,005830,손해보험,2025.1Q,5,현금배당금총액(백만원),-,0.0
KR0011,DB손해보험,005830,손해보험,2025.2Q,5,현금배당금총액(백만원),-,0.0
KR0011,DB손해보험,005830,손해보험,2025.3Q,5,현금배당금총액(백만원),-,0.0
KR0011,DB손해보험,005830,손해보험,2025.4Q,5,현금배당금총액(백만원),-,460890.0
KR0011,DB손해보험,005830,손해보험,2026.1Q,5,현금배당금총액(백만원),-,0.0
KR0011,DB손해보험,005830,손해보험,2026.2Q,5,현금배당금총액(백만원),-,0.0
KR0011,DB손해보험,005830,손해보험,2023.1Q,6,주식배당금총액(백만원),-,0.0
KR0011,DB손해보험,005830,손해보험,2023.2Q,6,주식배당금총액(백만원),-,0.0
KR0011,DB손해보험,005830,손해보험,2023.3Q,6,주식배당금총액(백만원),-,0.0
KR0011,DB손해보험,005830,손해보험,2023.4Q,6,주식배당금총액(백만원),-,0.0
KR0011,DB손해보험,005830,손해보험,2024.1Q,6,주식배당금총액(백만원),-,0.0
KR0011,DB손해보험,005830,손해보험,2024.2Q,6,주식배당금총액(백만원),-,0.0
KR0011,DB손해보험,005830,손해보험,2024.3Q,6,주식배당금총액(백만원),-,0.0
KR0011,DB손해보험,005830,손해보험,2024.4Q,6,주식배당금총액(백만원),-,0.0
KR0011,DB손해보험,005830,손해보험,2025.1Q,6,주식배당금총액(백만원),-,0.0
KR0011,DB손해보험,005830,손해보험,2025.2Q,6,주식배당금총액(백만원),-,0.0
KR0011,DB손해보험,005830,손해보험,2025.3Q,6,주식배당금총액(백만원),-,0.0
KR0011,DB손해보험,005830,손해보험,2025.4Q,6,주식배당금총액(백만원),-,0.0
KR0011,DB손해보험,005830,손해보험,2026.1Q,6,주식배당금총액(백만원),-,0.0
KR0011,DB손해보험,005830,손해보험,2026.2Q,6,주식배당금총액(백만원),-,0.0
KR0011,DB손해보험,005830,손해보험,2023.4Q,7,(연결)현금배당성향(%),-,18.3
KR0011,DB손해보험,005830,손해보험,2024.4Q,7,(연결)현금배당성향(%),-,22.0
KR0011,DB손해보험,005830,손해보험,2025.4Q,7,(연결)현금배당성향(%),-,25.7
KR0011,DB손해보험,005830,손해보험,2023.4Q,8,주당 현금배당금(원),보통주,5300.0
KR0011,DB손해보험,005830,손해보험,2024.4Q,8,주당 현금배당금(원),보통주,6800.0
KR0011,DB손해보험,005830,손해보험,2025.4Q,8,주당 현금배당금(원),보통주,7600.0
KR0011,DB손해보험,005830,손해보험,2023.4Q,10,현금배당수익률(%),보통주,5.6
KR0011,DB손해보험,005830,손해보험,2024.4Q,10,현금배당수익률(%),보통주,7.0
KR0011,DB손해보험,005830,손해보험,2025.4Q,10,현금배당수익률(%),보통주,5.4
KR0032,NH농협손해보험,X,손해보험,2023.1Q,1,주당액면가액(원),-,5000.0
KR0032,NH농협손해보험,X,손해보험,2023.2Q,1,주당액면가액(원),-,5000.0
KR0032,NH농협손해보험,X,손해보험,2023.3Q,1,주당액면가액(원),-,5000.0
KR0032,NH농협손해보험,X,손해보험,2023.4Q,1,주당액면가액(원),-,5000.0
KR0032,NH농협손해보험,X,손해보험,2024.1Q,1,주당액면가액(원),-,5000.0
KR0032,NH농협손해보험,X,손해보험,2024.2Q,1,주당액면가액(원),-,5000.0
KR0032,NH농협손해보험,X,손해보험,2024.3Q,1,주당액면가액(원),-,5000.0
KR0032,NH농협손해보험,X,손해보험,2024.4Q,1,주당액면가액(원),-,5000.0
KR0032,NH농협손해보험,X,손해보험,2025.1Q,1,주당액면가액(원),-,5000.0
KR0032,NH농협손해보험,X,손해보험,2025.2Q,1,주당액면가액(원),-,5000.0
KR0032,NH농협손해보험,X,손해보험,2025.3Q,1,주당액면가액(원),-,5000.0
KR0032,NH농협손해보험,X,손해보험,2025.4Q,1,주당액면가액(원),-,5000.0
KR0032,NH농협손해보험,X,손해보험,2026.1Q,1,주당액면가액(원),-,5000.0
KR0032,NH농협손해보험,X,손해보험,2026.2Q,1,주당액면가액(원),-,5000.0
KR0032,NH농협손해보험,X,손해보험,2023.1Q,2,(연결)당기순이익(백만원),-,78945.0
KR0032,NH농협손해보험,X,손해보험,2023.2Q,2,(연결)당기순이익(백만원),-,141268.0
KR0032,NH농협손해보험,X,손해보험,2023.3Q,2,(연결)당기순이익(백만원),-,95038.0
KR0032,NH농협손해보험,X,손해보험,2023.4Q,2,(연결)당기순이익(백만원),-,145345.0
KR0032,NH농협손해보험,X,손해보험,2024.1Q,2,(연결)당기순이익(백만원),-,59789.0
KR0032,NH농협손해보험,X,손해보험,2024.2Q,2,(연결)당기순이익(백만원),-,120537.0
KR0032,NH농협손해보험,X,손해보험,2024.3Q,2,(연결)당기순이익(백만원),-,151804.0
KR0032,NH농협손해보험,X,손해보험,2024.4Q,2,(연결)당기순이익(백만원),-,103574.0
KR0032,NH농협손해보험,X,손해보험,2025.1Q,2,(연결)당기순이익(백만원),-,20387.0
KR0032,NH농협손해보험,X,손해보험,2025.2Q,2,(연결)당기순이익(백만원),-,87499.0
KR0032,NH농협손해보험,X,손해보험,2025.3Q,2,(연결)당기순이익(백만원),-,121874.0
KR0032,NH농협손해보험,X,손해보험,2025.4Q,2,(연결)당기순이익(백만원),-,82395.0
KR0032,NH농협손해보험,X,손해보험,2026.1Q,2,(연결)당기순이익(백만원),-,39910.0
KR0032,NH농협손해보험,X,손해보험,2026.2Q,2,(연결)당기순이익(백만원),-,71666.0
KR0032,NH농협손해보험,X,손해보험,2023.1Q,4,(연결)주당순이익(원),-,3912.0
KR0032,NH농협손해보험,X,손해보험,2023.2Q,4,(연결)주당순이익(원),-,7000.0
KR0032,NH농협손해보험,X,손해보험,2023.3Q,4,(연결)주당순이익(원),-,4709.0
KR0032,NH농협손해보험,X,손해보험,2023.4Q,4,(연결)주당순이익(원),-,7202.0
KR0032,NH농협손해보험,X,손해보험,2024.1Q,4,(연결)주당순이익(원),-,2962.0
KR0032,NH농협손해보험,X,손해보험,2024.2Q,4,(연결)주당순이익(원),-,5972.0
KR0032,NH농협손해보험,X,손해보험,2024.3Q,4,(연결)주당순이익(원),-,7522.0
KR0032,NH농협손해보험,X,손해보험,2024.4Q,4,(연결)주당순이익(원),-,5132.0
KR0032,NH농협손해보험,X,손해보험,2025.1Q,4,(연결)주당순이익(원),-,1010.0
KR0032,NH농협손해보험,X,손해보험,2025.2Q,4,(연결)주당순이익(원),-,3695.0
KR0032,NH농협손해보험,X,손해보험,2025.3Q,4,(연결)주당순이익(원),-,5078.0
KR0032,NH농협손해보험,X,손해보험,2025.4Q,4,(연결)주당순이익(원),-,2802.0
KR0032,NH농협손해보험,X,손해보험,2026.1Q,4,(연결)주당순이익(원),-,1657.0
KR0032,NH농협손해보험,X,손해보험,2026.2Q,4,(연결)주당순이익(원),-,2910.0
KR0032,NH농협손해보험,X,손해보험,2023.1Q,5,현금배당금총액(백만원),-,0.0
KR0032,NH농협손해보험,X,손해보험,2023.2Q,5,현금배당금총액(백만원),-,0.0
KR0032,NH농협손해보험,X,손해보험,2023.3Q,5,현금배당금총액(백만원),-,0.0
KR0032,NH농협손해보험,X,손해보험,2023.4Q,5,현금배당금총액(백만원),-,0.0
KR0032,NH농협손해보험,X,손해보험,2024.1Q,5,현금배당금총액(백만원),-,0.0
KR0032,NH농협손해보험,X,손해보험,2024.2Q,5,현금배당금총액(백만원),-,0.0
KR0032,NH농협손해보험,X,손해보험,2024.3Q,5,현금배당금총액(백만원),-,0.0
KR0032,NH농협손해보험,X,손해보험,2024.4Q,5,현금배당금총액(백만원),-,0.0
KR0032,NH농협손해보험,X,손해보험,2025.1Q,5,현금배당금총액(백만원),-,0.0
KR0032,NH농협손해보험,X,손해보험,2025.2Q,5,현금배당금총액(백만원),-,0.0
KR0032,NH농협손해보험,X,손해보험,2025.3Q,5,현금배당금총액(백만원),-,0.0
KR0032,NH농협손해보험,X,손해보험,2025.4Q,5,현금배당금총액(백만원),-,0.0
KR0032,NH농협손해보험,X,손해보험,2026.1Q,5,현금배당금총액(백만원),-,0.0
KR0032,NH농협손해보험,X,손해보험,2026.2Q,5,현금배당금총액(백만원),-,0.0
KR0032,NH농협손해보험,X,손해보험,2023.1Q,6,주식배당금총액(백만원),-,0.0
KR0032,NH농협손해보험,X,손해보험,2023.2Q,6,주식배당금총액(백만원),-,0.0
KR0032,NH농협손해보험,X,손해보험,2023.3Q,6,주식배당금총액(백만원),-,0.0
KR0032,NH농협손해보험,X,손해보험,2023.4Q,6,주식배당금총액(백만원),-,0.0
KR0032,NH농협손해보험,X,손해보험,2024.1Q,6,주식배당금총액(백만원),-,0.0
KR0032,NH농협손해보험,X,손해보험,2024.2Q,6,주식배당금총액(백만원),-,0.0
KR0032,NH농협손해보험,X,손해보험,2024.3Q,6,주식배당금총액(백만원),-,0.0
KR0032,NH농협손해보험,X,손해보험,2024.4Q,6,주식배당금총액(백만원),-,0.0
KR0032,NH농협손해보험,X,손해보험,2025.1Q,6,주식배당금총액(백만원),-,0.0
KR0032,NH농협손해보험,X,손해보험,2025.2Q,6,주식배당금총액(백만원),-,0.0
KR0032,NH농협손해보험,X,손해보험,2025.3Q,6,주식배당금총액(백만원),-,0.0
KR0032,NH농협손해보험,X,손해보험,2025.4Q,6,주식배당금총액(백만원),-,0.0
KR0032,NH농협손해보험,X,손해보험,2026.1Q,6,주식배당금총액(백만원),-,0.0
KR0032,NH농협손해보험,X,손해보험,2026.2Q,6,주식배당금총액(백만원),-,0.0
KR0068,한화생명,088350,생명보험,2023.1Q,1,주당액면가액(원),-,5000.0
KR0068,한화생명,088350,생명보험,2023.2Q,1,주당액면가액(원),-,5000.0
KR0068,한화생명,088350,생명보험,2023.3Q,1,주당액면가액(원),-,5000.0
KR0068,한화생명,088350,생명보험,2023.4Q,1,주당액면가액(원),-,5000.0
KR0068,한화생명,088350,생명보험,2024.1Q,1,주당액면가액(원),-,5000.0
KR0068,한화생명,088350,생명보험,2024.2Q,1,주당액면가액(원),-,5000.0
KR0068,한화생명,088350,생명보험,2024.3Q,1,주당액면가액(원),-,5000.0
KR0068,한화생명,088350,생명보험,2024.4Q,1,주당액면가액(원),-,5000.0
KR0068,한화생명,088350,생명보험,2025.1Q,1,주당액면가액(원),-,5000.0
KR0068,한화생명,088350,생명보험,2025.2Q,1,주당액면가액(원),-,5000.0
KR0068,한화생명,088350,생명보험,2025.3Q,1,주당액면가액(원),-,5000.0
KR0068,한화생명,088350,생명보험,2025.4Q,1,주당액면가액(원),-,5000.0
KR0068,한화생명,088350,생명보험,2026.1Q,1,주당액면가액(원),-,5000.0
KR0068,한화생명,088350,생명보험,2026.2Q,1,주당액면가액(원),-,5000.0
KR0068,한화생명,088350,생명보험,2023.1Q,2,(연결)당기순이익(백만원),-,422550.0
KR0068,한화생명,088350,생명보험,2023.2Q,2,(연결)당기순이익(백만원),-,624972.0
KR0068,한화생명,088350,생명보험,2023.3Q,2,(연결)당기순이익(백만원),-,749947.0
KR0068,한화생명,088350,생명보험,2023.4Q,2,(연결)당기순이익(백만원),-,758480.0
KR0068,한화생명,088350,생명보험,2024.1Q,2,(연결)당기순이익(백만원),-,287624.0
KR0068,한화생명,088350,생명보험,2024.2Q,2,(연결)당기순이익(백만원),-,555413.0
KR0068,한화생명,088350,생명보험,2024.3Q,2,(연결)당기순이익(백만원),-,578566.0
KR0068,한화생명,088350,생명보험,2024.4Q,2,(연결)당기순이익(백만원),-,737254.0
KR0068,한화생명,088350,생명보험,2025.1Q,2,(연결)당기순이익(백만원),-,226061.0
KR0068,한화생명,088350,생명보험,2025.2Q,2,(연결)당기순이익(백만원),-,351155.0
KR0068,한화생명,088350,생명보험,2025.3Q,2,(연결)당기순이익(백만원),-,618149.0
KR0068,한화생명,088350,생명보험,2025.4Q,2,(연결)당기순이익(백만원),-,641310.0
KR0068,한화생명,088350,생명보험,2026.1Q,2,(연결)당기순이익(백만원),-,324395.0
KR0068,한화생명,088350,생명보험,2026.2Q,2,(연결)당기순이익(백만원),-,771948.0
KR0068,한화생명,088350,생명보험,2023.1Q,3,(별도)당기순이익(백만원),-,356925.0
KR0068,한화생명,088350,생명보험,2023.2Q,3,(별도)당기순이익(백만원),-,513329.0
KR0068,한화생명,088350,생명보험,2023.3Q,3,(별도)당기순이익(백만원),-,577893.0
KR0068,한화생명,088350,생명보험,2023.4Q,3,(별도)당기순이익(백만원),-,616262.0
KR0068,한화생명,088350,생명보험,2024.1Q,3,(별도)당기순이익(백만원),-,175531.0
KR0068,한화생명,088350,생명보험,2024.2Q,3,(별도)당기순이익(백만원),-,347818.0
KR0068,한화생명,088350,생명보험,2024.3Q,3,(별도)당기순이익(백만원),-,584605.0
KR0068,한화생명,088350,생명보험,2024.4Q,3,(별도)당기순이익(백만원),-,720570.0
KR0068,한화생명,088350,생명보험,2025.1Q,3,(별도)당기순이익(백만원),-,121991.0
KR0068,한화생명,088350,생명보험,2025.2Q,3,(별도)당기순이익(백만원),-,179701.0
KR0068,한화생명,088350,생명보험,2025.3Q,3,(별도)당기순이익(백만원),-,315816.0
KR0068,한화생명,088350,생명보험,2025.4Q,3,(별도)당기순이익(백만원),-,313320.0
KR0068,한화생명,088350,생명보험,2026.1Q,3,(별도)당기순이익(백만원),-,247844.0
KR0068,한화생명,088350,생명보험,2026.2Q,3,(별도)당기순이익(백만원),-,510212.0
KR0068,한화생명,088350,생명보험,2023.1Q,4,(연결)주당순이익(원),-,532.0
KR0068,한화생명,088350,생명보험,2023.2Q,4,(연결)주당순이익(원),-,886.0
KR0068,한화생명,088350,생명보험,2023.3Q,4,(연결)주당순이익(원),-,948.0
KR0068,한화생명,088350,생명보험,2023.4Q,4,(연결)주당순이익(원),-,954.0
KR0068,한화생명,088350,생명보험,2024.1Q,4,(연결)주당순이익(원),-,374.0
KR0068,한화생명,088350,생명보험,2024.2Q,4,(연결)주당순이익(원),-,721.0
KR0068,한화생명,088350,생명보험,2024.3Q,4,(연결)주당순이익(원),-,744.0
KR0068,한화생명,088350,생명보험,2024.4Q,4,(연결)주당순이익(원),-,936.0
KR0068,한화생명,088350,생명보험,2025.1Q,4,(연결)주당순이익(원),-,280.0
KR0068,한화생명,088350,생명보험,2025.2Q,4,(연결)주당순이익(원),-,426.0
KR0068,한화생명,088350,생명보험,2025.3Q,4,(연결)주당순이익(원),-,750.0
KR0068,한화생명,088350,생명보험,2025.4Q,4,(연결)주당순이익(원),-,693.0
KR0068,한화생명,088350,생명보험,2026.1Q,4,(연결)주당순이익(원),-,399.0
KR0068,한화생명,088350,생명보험,2026.2Q,4,(연결)주당순이익(원),-,893.0
KR0068,한화생명,088350,생명보험,2023.1Q,5,현금배당금총액(백만원),-,0.0
KR0068,한화생명,088350,생명보험,2023.2Q,5,현금배당금총액(백만원),-,0.0
KR0068,한화생명,088350,생명보험,2023.3Q,5,현금배당금총액(백만원),-,0.0
KR0068,한화생명,088350,생명보험,2023.4Q,5,현금배당금총액(백만원),-,112709.0
KR0068,한화생명,088350,생명보험,2024.1Q,5,현금배당금총액(백만원),-,0.0
KR0068,한화생명,088350,생명보험,2024.2Q,5,현금배당금총액(백만원),-,0.0
KR0068,한화생명,088350,생명보험,2024.3Q,5,현금배당금총액(백만원),-,0.0
KR0068,한화생명,088350,생명보험,2024.4Q,5,현금배당금총액(백만원),-,0.0
KR0068,한화생명,088350,생명보험,2025.1Q,5,현금배당금총액(백만원),-,0.0
KR0068,한화생명,088350,생명보험,2025.2Q,5,현금배당금총액(백만원),-,0.0
KR0068,한화생명,088350,생명보험,2025.3Q,5,현금배당금총액(백만원),-,0.0
KR0068,한화생명,088350,생명보험,2025.4Q,5,현금배당금총액(백만원),-,0.0
KR0068,한화생명,088350,생명보험,2026.1Q,5,현금배당금총액(백만원),-,0.0
KR0068,한화생명,088350,생명보험,2026.2Q,5,현금배당금총액(백만원),-,0.0
KR0068,한화생명,088350,생명보험,2023.1Q,6,주식배당금총액(백만원),-,0.0
KR0068,한화생명,088350,생명보험,2023.2Q,6,주식배당금총액(백만원),-,0.0
KR0068,한화생명,088350,생명보험,2023.3Q,6,주식배당금총액(백만원),-,0.0
KR0068,한화생명,088350,생명보험,2023.4Q,6,주식배당금총액(백만원),-,0.0
KR0068,한화생명,088350,생명보험,2024.1Q,6,주식배당금총액(백만원),-,0.0
KR0068,한화생명,088350,생명보험,2024.2Q,6,주식배당금총액(백만원),-,0.0
KR0068,한화생명,088350,생명보험,2024.3Q,6,주식배당금총액(백만원),-,0.0
KR0068,한화생명,088350,생명보험,2024.4Q,6,주식배당금총액(백만원),-,0.0
KR0068,한화생명,088350,생명보험,2025.1Q,6,주식배당금총액(백만원),-,0.0
KR0068,한화생명,088350,생명보험,2025.2Q,6,주식배당금총액(백만원),-,0.0
KR0068,한화생명,088350,생명보험,2025.3Q,6,주식배당금총액(백만원),-,0.0
KR0068,한화생명,088350,생명보험,2025.4Q,6,주식배당금총액(백만원),-,0.0
KR0068,한화생명,088350,생명보험,2026.1Q,6,주식배당금총액(백만원),-,0.0
KR0068,한화생명,088350,생명보험,2026.2Q,6,주식배당금총액(백만원),-,0.0
KR0068,한화생명,088350,생명보험,2023.4Q,7,(연결)현금배당성향(%),-,14.9
KR0068,한화생명,088350,생명보험,2023.4Q,8,주당 현금배당금(원),보통주,150.0
KR0068,한화생명,088350,생명보험,2023.4Q,10,현금배당수익률(%),보통주,4.4
KR0069,삼성생명보험,032830,생명보험,2023.1Q,1,주당액면가액(원),-,500.0
KR0069,삼성생명보험,032830,생명보험,2023.2Q,1,주당액면가액(원),-,500.0
KR0069,삼성생명보험,032830,생명보험,2023.3Q,1,주당액면가액(원),-,500.0
KR0069,삼성생명보험,032830,생명보험,2023.4Q,1,주당액면가액(원),-,500.0
KR0069,삼성생명보험,032830,생명보험,2024.1Q,1,주당액면가액(원),-,500.0
KR0069,삼성생명보험,032830,생명보험,2024.2Q,1,주당액면가액(원),-,500.0
KR0069,삼성생명보험,032830,생명보험,2024.3Q,1,주당액면가액(원),-,500.0
KR0069,삼성생명보험,032830,생명보험,2024.4Q,1,주당액면가액(원),-,500.0
KR0069,삼성생명보험,032830,생명보험,2025.1Q,1,주당액면가액(원),-,500.0
KR0069,삼성생명보험,032830,생명보험,2025.2Q,1,주당액면가액(원),-,500.0
KR0069,삼성생명보험,032830,생명보험,2025.3Q,1,주당액면가액(원),-,500.0
KR0069,삼성생명보험,032830,생명보험,2025.4Q,1,주당액면가액(원),-,500.0
KR0069,삼성생명보험,032830,생명보험,2026.1Q,1,주당액면가액(원),-,500.0
KR0069,삼성생명보험,032830,생명보험,2026.2Q,1,주당액면가액(원),-,500.0
KR0069,삼성생명보험,032830,생명보험,2023.1Q,2,(연결)당기순이익(백만원),-,706807.0
KR0069,삼성생명보험,032830,생명보험,2023.2Q,2,(연결)당기순이익(백만원),-,974160.0
KR0069,삼성생명보험,032830,생명보험,2023.3Q,2,(연결)당기순이익(백만원),-,1449726.0
KR0069,삼성생명보험,032830,생명보험,2023.4Q,2,(연결)당기순이익(백만원),-,1895312.0
KR0069,삼성생명보험,032830,생명보험,2024.1Q,2,(연결)당기순이익(백만원),-,622094.0
KR0069,삼성생명보험,032830,생명보험,2024.2Q,2,(연결)당기순이익(백만원),-,1368537.0
KR0069,삼성생명보험,032830,생명보험,2024.3Q,2,(연결)당기순이익(백만원),-,2042144.0
KR0069,삼성생명보험,032830,생명보험,2024.4Q,2,(연결)당기순이익(백만원),-,2106839.0
KR0069,삼성생명보험,032830,생명보험,2025.1Q,2,(연결)당기순이익(백만원),-,635259.0
KR0069,삼성생명보험,032830,생명보험,2025.2Q,2,(연결)당기순이익(백만원),-,1394149.0
KR0069,삼성생명보험,032830,생명보험,2025.3Q,2,(연결)당기순이익(백만원),-,2117134.0
KR0069,삼성생명보험,032830,생명보험,2025.4Q,2,(연결)당기순이익(백만원),-,2302837.0
KR0069,삼성생명보험,032830,생명보험,2026.1Q,2,(연결)당기순이익(백만원),-,1203581.0
KR0069,삼성생명보험,032830,생명보험,2026.2Q,2,(연결)당기순이익(백만원),-,1893502.0
KR0069,삼성생명보험,032830,생명보험,2023.1Q,3,(별도)당기순이익(백만원),-,794803.0
KR0069,삼성생명보험,032830,생명보험,2023.2Q,3,(별도)당기순이익(백만원),-,857887.0
KR0069,삼성생명보험,032830,생명보험,2023.3Q,3,(별도)당기순이익(백만원),-,1126063.0
KR0069,삼성생명보험,032830,생명보험,2023.4Q,3,(별도)당기순이익(백만원),-,1382902.0
KR0069,삼성생명보험,032830,생명보험,2024.1Q,3,(별도)당기순이익(백만원),-,651328.0
KR0069,삼성생명보험,032830,생명보험,2024.2Q,3,(별도)당기순이익(백만원),-,1089966.0
KR0069,삼성생명보험,032830,생명보험,2024.3Q,3,(별도)당기순이익(백만원),-,1550808.0
KR0069,삼성생명보험,032830,생명보험,2024.4Q,3,(별도)당기순이익(백만원),-,1486936.0
KR0069,삼성생명보험,032830,생명보험,2025.1Q,3,(별도)당기순이익(백만원),-,703719.0
KR0069,삼성생명보험,032830,생명보험,2025.2Q,3,(별도)당기순이익(백만원),-,1200474.0
KR0069,삼성생명보험,032830,생명보험,2025.3Q,3,(별도)당기순이익(백만원),-,1609894.0
KR0069,삼성생명보험,032830,생명보험,2025.4Q,3,(별도)당기순이익(백만원),-,1699762.0
KR0069,삼성생명보험,032830,생명보험,2026.1Q,3,(별도)당기순이익(백만원),-,1142110.0
KR0069,삼성생명보험,032830,생명보험,2026.2Q,3,(별도)당기순이익(백만원),-,1318176.0
KR0069,삼성생명보험,032830,생명보험,2023.1Q,4,(연결)주당순이익(원),-,3936.0
KR0069,삼성생명보험,032830,생명보험,2023.2Q,4,(연결)주당순이익(원),-,5425.0
KR0069,삼성생명보험,032830,생명보험,2023.3Q,4,(연결)주당순이익(원),-,8073.0
KR0069,삼성생명보험,032830,생명보험,2023.4Q,4,(연결)주당순이익(원),-,10554.0
KR0069,삼성생명보험,032830,생명보험,2024.1Q,4,(연결)주당순이익(원),-,3464.0
KR0069,삼성생명보험,032830,생명보험,2024.2Q,4,(연결)주당순이익(원),-,7621.0
KR0069,삼성생명보험,032830,생명보험,2024.3Q,4,(연결)주당순이익(원),-,11372.0
KR0069,삼성생명보험,032830,생명보험,2024.4Q,4,(연결)주당순이익(원),-,11732.0
KR0069,삼성생명보험,032830,생명보험,2025.1Q,4,(연결)주당순이익(원),-,3538.0
KR0069,삼성생명보험,032830,생명보험,2025.2Q,4,(연결)주당순이익(원),-,7764.0
KR0069,삼성생명보험,032830,생명보험,2025.3Q,4,(연결)주당순이익(원),-,11790.0
KR0069,삼성생명보험,032830,생명보험,2025.4Q,4,(연결)주당순이익(원),-,12824.0
KR0069,삼성생명보험,032830,생명보험,2026.1Q,4,(연결)주당순이익(원),-,6702.0
KR0069,삼성생명보험,032830,생명보험,2026.2Q,4,(연결)주당순이익(원),-,10544.0
KR0069,삼성생명보험,032830,생명보험,2023.1Q,5,현금배당금총액(백만원),-,0.0
KR0069,삼성생명보험,032830,생명보험,2023.2Q,5,현금배당금총액(백만원),-,0.0
KR0069,삼성생명보험,032830,생명보험,2023.3Q,5,현금배당금총액(백만원),-,0.0
KR0069,삼성생명보험,032830,생명보험,2023.4Q,5,현금배당금총액(백만원),-,664427.0
KR0069,삼성생명보험,032830,생명보험,2024.1Q,5,현금배당금총액(백만원),-,0.0
KR0069,삼성생명보험,032830,생명보험,2024.2Q,5,현금배당금총액(백만원),-,0.0
KR0069,삼성생명보험,032830,생명보험,2024.3Q,5,현금배당금총액(백만원),-,0.0
KR0069,삼성생명보험,032830,생명보험,2024.4Q,5,현금배당금총액(백만원),-,808087.0
KR0069,삼성생명보험,032830,생명보험,2025.1Q,5,현금배당금총액(백만원),-,0.0
KR0069,삼성생명보험,032830,생명보험,2025.2Q,5,현금배당금총액(백만원),-,0.0
KR0069,삼성생명보험,032830,생명보험,2025.3Q,5,현금배당금총액(백만원),-,0.0
KR0069,삼성생명보험,032830,생명보험,2025.4Q,5,현금배당금총액(백만원),-,951746.0
KR0069,삼성생명보험,032830,생명보험,2026.1Q,5,현금배당금총액(백만원),-,0.0
KR0069,삼성생명보험,032830,생명보험,2026.2Q,5,현금배당금총액(백만원),-,0.0
KR0069,삼성생명보험,032830,생명보험,2023.1Q,6,주식배당금총액(백만원),-,0.0
KR0069,삼성생명보험,032830,생명보험,2023.2Q,6,주식배당금총액(백만원),-,0.0
KR0069,삼성생명보험,032830,생명보험,2023.3Q,6,주식배당금총액(백만원),-,0.0
KR0069,삼성생명보험,032830,생명보험,2023.4Q,6,주식배당금총액(백만원),-,0.0
KR0069,삼성생명보험,032830,생명보험,2024.1Q,6,주식배당금총액(백만원),-,0.0
KR0069,삼성생명보험,032830,생명보험,2024.2Q,6,주식배당금총액(백만원),-,0.0
KR0069,삼성생명보험,032830,생명보험,2024.3Q,6,주식배당금총액(백만원),-,0.0
KR0069,삼성생명보험,032830,생명보험,2024.4Q,6,주식배당금총액(백만원),-,0.0
KR0069,삼성생명보험,032830,생명보험,2025.1Q,6,주식배당금총액(백만원),-,0.0
KR0069,삼성생명보험,032830,생명보험,2025.2Q,6,주식배당금총액(백만원),-,0.0
KR0069,삼성생명보험,032830,생명보험,2025.3Q,6,주식배당금총액(백만원),-,0.0
KR0069,삼성생명보험,032830,생명보험,2025.4Q,6,주식배당금총액(백만원),-,0.0
KR0069,삼성생명보험,032830,생명보험,2026.1Q,6,주식배당금총액(백만원),-,0.0
KR0069,삼성생명보험,032830,생명보험,2026.2Q,6,주식배당금총액(백만원),-,0.0
KR0069,삼성생명보험,032830,생명보험,2023.4Q,7,(연결)현금배당성향(%),-,35.1
KR0069,삼성생명보험,032830,생명보험,2024.4Q,7,(연결)현금배당성향(%),-,38.4
KR0069,삼성생명보험,032830,생명보험,2025.4Q,7,(연결)현금배당성향(%),-,41.3
KR0069,삼성생명보험,032830,생명보험,2023.4Q,8,주당 현금배당금(원),보통주,3700.0
KR0069,삼성생명보험,032830,생명보험,2024.4Q,8,주당 현금배당금(원),보통주,4500.0
KR0069,삼성생명보험,032830,생명보험,2025.4Q,8,주당 현금배당금(원),보통주,5300.0
KR0069,삼성생명보험,032830,생명보험,2023.4Q,10,현금배당수익률(%),보통주,5.1
KR0069,삼성생명보험,032830,생명보험,2024.4Q,10,현금배당수익률(%),보통주,4.5
KR0069,삼성생명보험,032830,생명보험,2025.4Q,10,현금배당수익률(%),보통주,3.3
KR0070,에이비엘생명보험,X,생명보험,2023.1Q,1,주당액면가액(원),-,5000.0
KR0070,에이비엘생명보험,X,생명보험,2023.2Q,1,주당액면가액(원),-,5000.0
KR0070,에이비엘생명보험,X,생명보험,2023.3Q,1,주당액면가액(원),-,5000.0
KR0070,에이비엘생명보험,X,생명보험,2023.4Q,1,주당액면가액(원),-,5000.0
KR0070,에이비엘생명보험,X,생명보험,2024.1Q,1,주당액면가액(원),-,5000.0
KR0070,에이비엘생명보험,X,생명보험,2024.2Q,1,주당액면가액(원),-,5000.0
KR0070,에이비엘생명보험,X,생명보험,2024.3Q,1,주당액면가액(원),-,5000.0
KR0070,에이비엘생명보험,X,생명보험,2024.4Q,1,주당액면가액(원),-,5000.0
KR0070,에이비엘생명보험,X,생명보험,2025.1Q,1,주당액면가액(원),-,5000.0
KR0070,에이비엘생명보험,X,생명보험,2025.2Q,1,주당액면가액(원),-,5000.0
KR0070,에이비엘생명보험,X,생명보험,2025.3Q,1,주당액면가액(원),-,5000.0
KR0070,에이비엘생명보험,X,생명보험,2025.4Q,1,주당액면가액(원),-,5000.0
KR0070,에이비엘생명보험,X,생명보험,2026.1Q,1,주당액면가액(원),-,5000.0
KR0070,에이비엘생명보험,X,생명보험,2026.2Q,1,주당액면가액(원),-,5000.0
KR0070,에이비엘생명보험,X,생명보험,2023.1Q,2,(연결)당기순이익(백만원),-,7728.0
KR0070,에이비엘생명보험,X,생명보험,2023.2Q,2,(연결)당기순이익(백만원),-,42774.0
KR0070,에이비엘생명보험,X,생명보험,2023.3Q,2,(연결)당기순이익(백만원),-,35342.0
KR0070,에이비엘생명보험,X,생명보험,2023.4Q,2,(연결)당기순이익(백만원),-,79919.0
KR0070,에이비엘생명보험,X,생명보험,2024.1Q,2,(연결)당기순이익(백만원),-,7941.0
KR0070,에이비엘생명보험,X,생명보험,2024.2Q,2,(연결)당기순이익(백만원),-,40622.0
KR0070,에이비엘생명보험,X,생명보험,2024.3Q,2,(연결)당기순이익(백만원),-,67509.0
KR0070,에이비엘생명보험,X,생명보험,2024.4Q,2,(연결)당기순이익(백만원),-,105104.0
KR0070,에이비엘생명보험,X,생명보험,2025.1Q,2,(연결)당기순이익(백만원),-,17508.0
KR0070,에이비엘생명보험,X,생명보험,2025.2Q,2,(연결)당기순이익(백만원),-,33856.0
KR0070,에이비엘생명보험,X,생명보험,2025.3Q,2,(연결)당기순이익(백만원),-,83755.0
KR0070,에이비엘생명보험,X,생명보험,2025.4Q,2,(연결)당기순이익(백만원),-,33724.0
KR0070,에이비엘생명보험,X,생명보험,2026.1Q,2,(연결)당기순이익(백만원),-,29721.0
KR0070,에이비엘생명보험,X,생명보험,2026.2Q,2,(연결)당기순이익(백만원),-,36474.0
KR0070,에이비엘생명보험,X,생명보험,2023.1Q,3,(별도)당기순이익(백만원),-,10063.0
KR0070,에이비엘생명보험,X,생명보험,2023.2Q,3,(별도)당기순이익(백만원),-,44947.0
KR0070,에이비엘생명보험,X,생명보험,2023.3Q,3,(별도)당기순이익(백만원),-,37534.0
KR0070,에이비엘생명보험,X,생명보험,2023.4Q,3,(별도)당기순이익(백만원),-,80435.0
KR0070,에이비엘생명보험,X,생명보험,2024.1Q,3,(별도)당기순이익(백만원),-,7769.0
KR0070,에이비엘생명보험,X,생명보험,2024.2Q,3,(별도)당기순이익(백만원),-,42476.0
KR0070,에이비엘생명보험,X,생명보험,2024.3Q,3,(별도)당기순이익(백만원),-,67681.0
KR0070,에이비엘생명보험,X,생명보험,2024.4Q,3,(별도)당기순이익(백만원),-,104782.0
KR0070,에이비엘생명보험,X,생명보험,2025.1Q,3,(별도)당기순이익(백만원),-,17598.0
KR0070,에이비엘생명보험,X,생명보험,2025.2Q,3,(별도)당기순이익(백만원),-,32074.0
KR0070,에이비엘생명보험,X,생명보험,2025.3Q,3,(별도)당기순이익(백만원),-,80252.0
KR0070,에이비엘생명보험,X,생명보험,2025.4Q,3,(별도)당기순이익(백만원),-,29978.0
KR0070,에이비엘생명보험,X,생명보험,2026.1Q,3,(별도)당기순이익(백만원),-,29756.0
KR0070,에이비엘생명보험,X,생명보험,2026.2Q,3,(별도)당기순이익(백만원),-,37549.0
KR0070,에이비엘생명보험,X,생명보험,2023.1Q,4,(연결)주당순이익(원),-,2488.0
KR0070,에이비엘생명보험,X,생명보험,2023.2Q,4,(연결)주당순이익(원),-,13768.0
KR0070,에이비엘생명보험,X,생명보험,2023.3Q,4,(연결)주당순이익(원),-,11376.0
KR0070,에이비엘생명보험,X,생명보험,2023.4Q,4,(연결)주당순이익(원),-,25724.0
KR0070,에이비엘생명보험,X,생명보험,2024.1Q,4,(연결)주당순이익(원),-,2556.0
KR0070,에이비엘생명보험,X,생명보험,2024.2Q,4,(연결)주당순이익(원),-,13076.0
KR0070,에이비엘생명보험,X,생명보험,2024.3Q,4,(연결)주당순이익(원),-,21730.0
KR0070,에이비엘생명보험,X,생명보험,2024.4Q,4,(연결)주당순이익(원),-,33831.0
KR0070,에이비엘생명보험,X,생명보험,2025.1Q,4,(연결)주당순이익(원),-,5635.0
KR0070,에이비엘생명보험,X,생명보험,2025.2Q,4,(연결)주당순이익(원),-,10898.0
KR0070,에이비엘생명보험,X,생명보험,2025.3Q,4,(연결)주당순이익(원),-,26959.0
KR0070,에이비엘생명보험,X,생명보험,2025.4Q,4,(연결)주당순이익(원),-,10855.0
KR0070,에이비엘생명보험,X,생명보험,2026.1Q,4,(연결)주당순이익(원),-,9567.0
KR0070,에이비엘생명보험,X,생명보험,2026.2Q,4,(연결)주당순이익(원),-,11740.0
KR0070,에이비엘생명보험,X,생명보험,2023.1Q,5,현금배당금총액(백만원),-,0.0
KR0070,에이비엘생명보험,X,생명보험,2023.2Q,5,현금배당금총액(백만원),-,0.0
KR0070,에이비엘생명보험,X,생명보험,2023.3Q,5,현금배당금총액(백만원),-,0.0
KR0070,에이비엘생명보험,X,생명보험,2023.4Q,5,현금배당금총액(백만원),-,0.0
KR0070,에이비엘생명보험,X,생명보험,2024.1Q,5,현금배당금총액(백만원),-,0.0
KR0070,에이비엘생명보험,X,생명보험,2024.2Q,5,현금배당금총액(백만원),-,0.0
KR0070,에이비엘생명보험,X,생명보험,2024.3Q,5,현금배당금총액(백만원),-,0.0
KR0070,에이비엘생명보험,X,생명보험,2024.4Q,5,현금배당금총액(백만원),-,0.0
KR0070,에이비엘생명보험,X,생명보험,2025.1Q,5,현금배당금총액(백만원),-,0.0
KR0070,에이비엘생명보험,X,생명보험,2025.2Q,5,현금배당금총액(백만원),-,0.0
KR0070,에이비엘생명보험,X,생명보험,2025.3Q,5,현금배당금총액(백만원),-,0.0
KR0070,에이비엘생명보험,X,생명보험,2025.4Q,5,현금배당금총액(백만원),-,0.0
KR0070,에이비엘생명보험,X,생명보험,2026.1Q,5,현금배당금총액(백만원),-,0.0
KR0070,에이비엘생명보험,X,생명보험,2026.2Q,5,현금배당금총액(백만원),-,0.0
KR0070,에이비엘생명보험,X,생명보험,2023.1Q,6,주식배당금총액(백만원),-,0.0
KR0070,에이비엘생명보험,X,생명보험,2023.2Q,6,주식배당금총액(백만원),-,0.0
KR0070,에이비엘생명보험,X,생명보험,2023.3Q,6,주식배당금총액(백만원),-,0.0
KR0070,에이비엘생명보험,X,생명보험,2023.4Q,6,주식배당금총액(백만원),-,0.0
KR0070,에이비엘생명보험,X,생명보험,2024.1Q,6,주식배당금총액(백만원),-,0.0
KR0070,에이비엘생명보험,X,생명보험,2024.2Q,6,주식배당금총액(백만원),-,0.0
KR0070,에이비엘생명보험,X,생명보험,2024.3Q,6,주식배당금총액(백만원),-,0.0
KR0070,에이비엘생명보험,X,생명보험,2024.4Q,6,주식배당금총액(백만원),-,0.0
KR0070,에이비엘생명보험,X,생명보험,2025.1Q,6,주식배당금총액(백만원),-,0.0
KR0070,에이비엘생명보험,X,생명보험,2025.2Q,6,주식배당금총액(백만원),-,0.0
KR0070,에이비엘생명보험,X,생명보험,2025.3Q,6,주식배당금총액(백만원),-,0.0
KR0070,에이비엘생명보험,X,생명보험,2025.4Q,6,주식배당금총액(백만원),-,0.0
KR0070,에이비엘생명보험,X,생명보험,2026.1Q,6,주식배당금총액(백만원),-,0.0
KR0070,에이비엘생명보험,X,생명보험,2026.2Q,6,주식배당금총액(백만원),-,0.0
KR0071,흥국생명보험,X,생명보험,2023.4Q,1,주당액면가액(원),-,5000.0
KR0071,흥국생명보험,X,생명보험,2024.1Q,1,주당액면가액(원),-,5000.0
KR0071,흥국생명보험,X,생명보험,2024.2Q,1,주당액면가액(원),-,5000.0
KR0071,흥국생명보험,X,생명보험,2024.3Q,1,주당액면가액(원),-,5000.0
KR0071,흥국생명보험,X,생명보험,2024.4Q,1,주당액면가액(원),-,5000.0
KR0071,흥국생명보험,X,생명보험,2025.1Q,1,주당액면가액(원),-,5000.0
KR0071,흥국생명보험,X,생명보험,2025.2Q,1,주당액면가액(원),-,5000.0
KR0071,흥국생명보험,X,생명보험,2025.3Q,1,주당액면가액(원),-,5000.0
KR0071,흥국생명보험,X,생명보험,2025.4Q,1,주당액면가액(원),-,5000.0
KR0071,흥국생명보험,X,생명보험,2026.1Q,1,주당액면가액(원),-,5000.0
KR0071,흥국생명보험,X,생명보험,2026.2Q,1,주당액면가액(원),-,5000.0
KR0071,흥국생명보험,X,생명보험,2023.4Q,2,(연결)당기순이익(백만원),-,249865.0
KR0071,흥국생명보험,X,생명보험,2024.1Q,2,(연결)당기순이익(백만원),-,43124.0
KR0071,흥국생명보험,X,생명보험,2024.2Q,2,(연결)당기순이익(백만원),-,105563.0
KR0071,흥국생명보험,X,생명보험,2024.3Q,2,(연결)당기순이익(백만원),-,186972.0
KR0071,흥국생명보험,X,생명보험,2024.4Q,2,(연결)당기순이익(백만원),-,164415.0
KR0071,흥국생명보험,X,생명보험,2025.1Q,2,(연결)당기순이익(백만원),-,89233.0
KR0071,흥국생명보험,X,생명보험,2025.2Q,2,(연결)당기순이익(백만원),-,138936.0
KR0071,흥국생명보험,X,생명보험,2025.3Q,2,(연결)당기순이익(백만원),-,192545.0
KR0071,흥국생명보험,X,생명보험,2025.4Q,2,(연결)당기순이익(백만원),-,384137.0
KR0071,흥국생명보험,X,생명보험,2026.1Q,2,(연결)당기순이익(백만원),-,49666.0
KR0071,흥국생명보험,X,생명보험,2026.2Q,2,(연결)당기순이익(백만원),-,140156.0
KR0071,흥국생명보험,X,생명보험,2023.4Q,3,(별도)당기순이익(백만원),-,131823.0
KR0071,흥국생명보험,X,생명보험,2024.1Q,3,(별도)당기순이익(백만원),-,28811.0
KR0071,흥국생명보험,X,생명보험,2024.2Q,3,(별도)당기순이익(백만원),-,73963.0
KR0071,흥국생명보험,X,생명보험,2024.3Q,3,(별도)당기순이익(백만원),-,127460.0
KR0071,흥국생명보험,X,생명보험,2024.4Q,3,(별도)당기순이익(백만원),-,140645.0
KR0071,흥국생명보험,X,생명보험,2025.1Q,3,(별도)당기순이익(백만원),-,31325.0
KR0071,흥국생명보험,X,생명보험,2025.2Q,3,(별도)당기순이익(백만원),-,82934.0
KR0071,흥국생명보험,X,생명보험,2025.3Q,3,(별도)당기순이익(백만원),-,128017.0
KR0071,흥국생명보험,X,생명보험,2025.4Q,3,(별도)당기순이익(백만원),-,339344.0
KR0071,흥국생명보험,X,생명보험,2026.1Q,3,(별도)당기순이익(백만원),-,50902.0
KR0071,흥국생명보험,X,생명보험,2026.2Q,3,(별도)당기순이익(백만원),-,128591.0
KR0071,흥국생명보험,X,생명보험,2023.4Q,4,(연결)주당순이익(원),-,14424.0
KR0071,흥국생명보험,X,생명보험,2024.1Q,4,(연결)주당순이익(원),-,2691.0
KR0071,흥국생명보험,X,생명보험,2024.2Q,4,(연결)주당순이익(원),-,6588.0
KR0071,흥국생명보험,X,생명보험,2024.3Q,4,(연결)주당순이익(원),-,11668.0
KR0071,흥국생명보험,X,생명보험,2024.4Q,4,(연결)주당순이익(원),-,10111.0
KR0071,흥국생명보험,X,생명보험,2025.1Q,4,(연결)주당순이익(원),-,5854.0
KR0071,흥국생명보험,X,생명보험,2025.2Q,4,(연결)주당순이익(원),-,8918.0
KR0071,흥국생명보험,X,생명보험,2025.3Q,4,(연결)주당순이익(원),-,12227.0
KR0071,흥국생명보험,X,생명보험,2025.4Q,4,(연결)주당순이익(원),-,22804.0
KR0071,흥국생명보험,X,생명보험,2026.1Q,4,(연결)주당순이익(원),-,3062.0
KR0071,흥국생명보험,X,생명보험,2026.2Q,4,(연결)주당순이익(원),-,8672.0
KR0071,흥국생명보험,X,생명보험,2023.1Q,5,현금배당금총액(백만원),-,0.0
KR0071,흥국생명보험,X,생명보험,2023.2Q,5,현금배당금총액(백만원),-,0.0
KR0071,흥국생명보험,X,생명보험,2023.3Q,5,현금배당금총액(백만원),-,0.0
KR0071,흥국생명보험,X,생명보험,2023.4Q,5,현금배당금총액(백만원),-,16330.0
KR0071,흥국생명보험,X,생명보험,2024.1Q,5,현금배당금총액(백만원),-,0.0
KR0071,흥국생명보험,X,생명보험,2024.2Q,5,현금배당금총액(백만원),-,0.0
KR0071,흥국생명보험,X,생명보험,2024.3Q,5,현금배당금총액(백만원),-,0.0
KR0071,흥국생명보험,X,생명보험,2024.4Q,5,현금배당금총액(백만원),-,0.0
KR0071,흥국생명보험,X,생명보험,2025.1Q,5,현금배당금총액(백만원),-,0.0
KR0071,흥국생명보험,X,생명보험,2025.2Q,5,현금배당금총액(백만원),-,0.0
KR0071,흥국생명보험,X,생명보험,2025.3Q,5,현금배당금총액(백만원),-,0.0
KR0071,흥국생명보험,X,생명보험,2025.4Q,5,현금배당금총액(백만원),-,16330.0
KR0071,흥국생명보험,X,생명보험,2026.1Q,5,현금배당금총액(백만원),-,0.0
KR0071,흥국생명보험,X,생명보험,2026.2Q,5,현금배당금총액(백만원),-,0.0
KR0071,흥국생명보험,X,생명보험,2023.1Q,6,주식배당금총액(백만원),-,0.0
KR0071,흥국생명보험,X,생명보험,2023.2Q,6,주식배당금총액(백만원),-,0.0
KR0071,흥국생명보험,X,생명보험,2023.3Q,6,주식배당금총액(백만원),-,0.0
KR0071,흥국생명보험,X,생명보험,2023.4Q,6,주식배당금총액(백만원),-,0.0
KR0071,흥국생명보험,X,생명보험,2024.1Q,6,주식배당금총액(백만원),-,0.0
KR0071,흥국생명보험,X,생명보험,2024.2Q,6,주식배당금총액(백만원),-,0.0
KR0071,흥국생명보험,X,생명보험,2024.3Q,6,주식배당금총액(백만원),-,0.0
KR0071,흥국생명보험,X,생명보험,2024.4Q,6,주식배당금총액(백만원),-,0.0
KR0071,흥국생명보험,X,생명보험,2025.1Q,6,주식배당금총액(백만원),-,0.0
KR0071,흥국생명보험,X,생명보험,2025.2Q,6,주식배당금총액(백만원),-,0.0
KR0071,흥국생명보험,X,생명보험,2025.3Q,6,주식배당금총액(백만원),-,0.0
KR0071,흥국생명보험,X,생명보험,2025.4Q,6,주식배당금총액(백만원),-,0.0
KR0071,흥국생명보험,X,생명보험,2026.1Q,6,주식배당금총액(백만원),-,0.0
KR0071,흥국생명보험,X,생명보험,2026.2Q,6,주식배당금총액(백만원),-,0.0
KR0071,흥국생명보험,X,생명보험,2023.4Q,7,(연결)현금배당성향(%),-,6.5
KR0071,흥국생명보험,X,생명보험,2025.4Q,7,(연결)현금배당성향(%),-,4.3
KR0071,흥국생명보험,X,생명보험,2023.4Q,8,주당 현금배당금(원),우선주,6691.0
KR0071,흥국생명보험,X,생명보험,2025.4Q,8,주당 현금배당금(원),우선주,6691.0
KR0072,케이디비생명보험,X,생명보험,2023.1Q,1,주당액면가액(원),-,5000.0
KR0072,케이디비생명보험,X,생명보험,2023.2Q,1,주당액면가액(원),-,5000.0
KR0072,케이디비생명보험,X,생명보험,2023.3Q,1,주당액면가액(원),-,5000.0
KR0072,케이디비생명보험,X,생명보험,2023.4Q,1,주당액면가액(원),-,5000.0
KR0072,케이디비생명보험,X,생명보험,2024.1Q,1,주당액면가액(원),-,5000.0
KR0072,케이디비생명보험,X,생명보험,2024.2Q,1,주당액면가액(원),-,5000.0
KR0072,케이디비생명보험,X,생명보험,2024.3Q,1,주당액면가액(원),-,5000.0
KR0072,케이디비생명보험,X,생명보험,2024.4Q,1,주당액면가액(원),-,5000.0
KR0072,케이디비생명보험,X,생명보험,2025.1Q,1,주당액면가액(원),-,5000.0
KR0072,케이디비생명보험,X,생명보험,2025.2Q,1,주당액면가액(원),-,5000.0
KR0072,케이디비생명보험,X,생명보험,2025.3Q,1,주당액면가액(원),-,5000.0
KR0072,케이디비생명보험,X,생명보험,2025.4Q,1,주당액면가액(원),-,5000.0
KR0072,케이디비생명보험,X,생명보험,2026.1Q,1,주당액면가액(원),-,5000.0
KR0072,케이디비생명보험,X,생명보험,2026.2Q,1,주당액면가액(원),-,5000.0
KR0072,케이디비생명보험,X,생명보험,2023.1Q,2,(연결)당기순이익(백만원),-,37670.0
KR0072,케이디비생명보험,X,생명보험,2023.2Q,2,(연결)당기순이익(백만원),-,57023.0
KR0072,케이디비생명보험,X,생명보험,2023.3Q,2,(연결)당기순이익(백만원),-,-17944.0
KR0072,케이디비생명보험,X,생명보험,2023.4Q,2,(연결)당기순이익(백만원),-,23949.0
KR0072,케이디비생명보험,X,생명보험,2024.1Q,2,(연결)당기순이익(백만원),-,7139.0
KR0072,케이디비생명보험,X,생명보험,2024.2Q,2,(연결)당기순이익(백만원),-,7085.0
KR0072,케이디비생명보험,X,생명보험,2024.3Q,2,(연결)당기순이익(백만원),-,12966.0
KR0072,케이디비생명보험,X,생명보험,2024.4Q,2,(연결)당기순이익(백만원),-,20418.0
KR0072,케이디비생명보험,X,생명보험,2025.1Q,2,(연결)당기순이익(백만원),-,2709.0
KR0072,케이디비생명보험,X,생명보험,2025.2Q,2,(연결)당기순이익(백만원),-,-10282.0
KR0072,케이디비생명보험,X,생명보험,2025.3Q,2,(연결)당기순이익(백만원),-,-28865.0
KR0072,케이디비생명보험,X,생명보험,2025.4Q,2,(연결)당기순이익(백만원),-,-111937.0
KR0072,케이디비생명보험,X,생명보험,2026.1Q,2,(연결)당기순이익(백만원),-,27834.0
KR0072,케이디비생명보험,X,생명보험,2026.2Q,2,(연결)당기순이익(백만원),-,12940.0
KR0072,케이디비생명보험,X,생명보험,2023.1Q,3,(별도)당기순이익(백만원),-,37673.0
KR0072,케이디비생명보험,X,생명보험,2023.2Q,3,(별도)당기순이익(백만원),-,57750.0
KR0072,케이디비생명보험,X,생명보험,2023.3Q,3,(별도)당기순이익(백만원),-,-17908.0
KR0072,케이디비생명보험,X,생명보험,2023.4Q,3,(별도)당기순이익(백만원),-,24019.0
KR0072,케이디비생명보험,X,생명보험,2024.1Q,3,(별도)당기순이익(백만원),-,7116.0
KR0072,케이디비생명보험,X,생명보험,2024.2Q,3,(별도)당기순이익(백만원),-,7015.0
KR0072,케이디비생명보험,X,생명보험,2023.1Q,4,(연결)주당순이익(원),-,368.0
KR0072,케이디비생명보험,X,생명보험,2023.2Q,4,(연결)주당순이익(원),-,2145.0
KR0072,케이디비생명보험,X,생명보험,2023.3Q,4,(연결)주당순이익(원),-,-1176.0
KR0072,케이디비생명보험,X,생명보험,2023.4Q,4,(연결)주당순이익(원),-,334.0
KR0072,케이디비생명보험,X,생명보험,2024.1Q,4,(연결)주당순이익(원),-,81.0
KR0072,케이디비생명보험,X,생명보험,2024.2Q,4,(연결)주당순이익(원),-,-18.0
KR0072,케이디비생명보험,X,생명보험,2024.3Q,4,(연결)주당순이익(원),-,18.0
KR0072,케이디비생명보험,X,생명보험,2024.4Q,4,(연결)주당순이익(원),-,63.0
KR0072,케이디비생명보험,X,생명보험,2025.1Q,4,(연결)주당순이익(원),-,-16.0
KR0072,케이디비생명보험,X,생명보험,2025.2Q,4,(연결)주당순이익(원),-,-190.0
KR0072,케이디비생명보험,X,생명보험,2025.3Q,4,(연결)주당순이익(원),-,-421.0
KR0072,케이디비생명보험,X,생명보험,2025.4Q,4,(연결)주당순이익(원),-,-7673.0
KR0072,케이디비생명보험,X,생명보험,2026.1Q,4,(연결)주당순이익(원),-,202.0
KR0072,케이디비생명보험,X,생명보험,2026.2Q,4,(연결)주당순이익(원),-,37.0
KR0072,케이디비생명보험,X,생명보험,2023.1Q,5,현금배당금총액(백만원),-,0.0
KR0072,케이디비생명보험,X,생명보험,2023.2Q,5,현금배당금총액(백만원),-,0.0
KR0072,케이디비생명보험,X,생명보험,2023.3Q,5,현금배당금총액(백만원),-,0.0
KR0072,케이디비생명보험,X,생명보험,2023.4Q,5,현금배당금총액(백만원),-,0.0
KR0072,케이디비생명보험,X,생명보험,2024.1Q,5,현금배당금총액(백만원),-,0.0
KR0072,케이디비생명보험,X,생명보험,2024.2Q,5,현금배당금총액(백만원),-,0.0
KR0072,케이디비생명보험,X,생명보험,2024.3Q,5,현금배당금총액(백만원),-,0.0
KR0072,케이디비생명보험,X,생명보험,2024.4Q,5,현금배당금총액(백만원),-,0.0
KR0072,케이디비생명보험,X,생명보험,2025.1Q,5,현금배당금총액(백만원),-,0.0
KR0072,케이디비생명보험,X,생명보험,2025.2Q,5,현금배당금총액(백만원),-,0.0
KR0072,케이디비생명보험,X,생명보험,2025.3Q,5,현금배당금총액(백만원),-,0.0
KR0072,케이디비생명보험,X,생명보험,2025.4Q,5,현금배당금총액(백만원),-,0.0
KR0072,케이디비생명보험,X,생명보험,2026.1Q,5,현금배당금총액(백만원),-,0.0
KR0072,케이디비생명보험,X,생명보험,2026.2Q,5,현금배당금총액(백만원),-,0.0
KR0072,케이디비생명보험,X,생명보험,2023.1Q,6,주식배당금총액(백만원),-,0.0
KR0072,케이디비생명보험,X,생명보험,2023.2Q,6,주식배당금총액(백만원),-,0.0
KR0072,케이디비생명보험,X,생명보험,2023.3Q,6,주식배당금총액(백만원),-,0.0
KR0072,케이디비생명보험,X,생명보험,2023.4Q,6,주식배당금총액(백만원),-,0.0
KR0072,케이디비생명보험,X,생명보험,2024.1Q,6,주식배당금총액(백만원),-,0.0
KR0072,케이디비생명보험,X,생명보험,2024.2Q,6,주식배당금총액(백만원),-,0.0
KR0072,케이디비생명보험,X,생명보험,2024.3Q,6,주식배당금총액(백만원),-,0.0
KR0072,케이디비생명보험,X,생명보험,2024.4Q,6,주식배당금총액(백만원),-,0.0
KR0072,케이디비생명보험,X,생명보험,2025.1Q,6,주식배당금총액(백만원),-,0.0
KR0072,케이디비생명보험,X,생명보험,2025.2Q,6,주식배당금총액(백만원),-,0.0
KR0072,케이디비생명보험,X,생명보험,2025.3Q,6,주식배당금총액(백만원),-,0.0
KR0072,케이디비생명보험,X,생명보험,2025.4Q,6,주식배당금총액(백만원),-,0.0
KR0072,케이디비생명보험,X,생명보험,2026.1Q,6,주식배당금총액(백만원),-,0.0
KR0072,케이디비생명보험,X,생명보험,2026.2Q,6,주식배당금총액(백만원),-,0.0
KR0073,교보생명보험,X,생명보험,2023.1Q,1,주당액면가액(원),-,1000.0
KR0073,교보생명보험,X,생명보험,2023.2Q,1,주당액면가액(원),-,1000.0
KR0073,교보생명보험,X,생명보험,2023.3Q,1,주당액면가액(원),-,1000.0
KR0073,교보생명보험,X,생명보험,2023.4Q,1,주당액면가액(원),-,1000.0
KR0073,교보생명보험,X,생명보험,2024.1Q,1,주당액면가액(원),-,1000.0
KR0073,교보생명보험,X,생명보험,2024.2Q,1,주당액면가액(원),-,1000.0
KR0073,교보생명보험,X,생명보험,2024.3Q,1,주당액면가액(원),-,1000.0
KR0073,교보생명보험,X,생명보험,2024.4Q,1,주당액면가액(원),-,1000.0
KR0073,교보생명보험,X,생명보험,2025.1Q,1,주당액면가액(원),-,1000.0
KR0073,교보생명보험,X,생명보험,2025.2Q,1,주당액면가액(원),-,1000.0
KR0073,교보생명보험,X,생명보험,2025.3Q,1,주당액면가액(원),-,1000.0
KR0073,교보생명보험,X,생명보험,2025.4Q,1,주당액면가액(원),-,1000.0
KR0073,교보생명보험,X,생명보험,2026.1Q,1,주당액면가액(원),-,1000.0
KR0073,교보생명보험,X,생명보험,2026.2Q,1,주당액면가액(원),-,1000.0
KR0073,교보생명보험,X,생명보험,2023.1Q,2,(연결)당기순이익(백만원),-,500299.0
KR0073,교보생명보험,X,생명보험,2023.2Q,2,(연결)당기순이익(백만원),-,659343.0
KR0073,교보생명보험,X,생명보험,2023.3Q,2,(연결)당기순이익(백만원),-,603456.0
KR0073,교보생명보험,X,생명보험,2023.4Q,2,(연결)당기순이익(백만원),-,475364.0
KR0073,교보생명보험,X,생명보험,2024.1Q,2,(연결)당기순이익(백만원),-,293315.0
KR0073,교보생명보험,X,생명보험,2024.2Q,2,(연결)당기순이익(백만원),-,563106.0
KR0073,교보생명보험,X,생명보험,2024.3Q,2,(연결)당기순이익(백만원),-,876007.0
KR0073,교보생명보험,X,생명보험,2024.4Q,2,(연결)당기순이익(백만원),-,669304.0
KR0073,교보생명보험,X,생명보험,2025.1Q,2,(연결)당기순이익(백만원),-,285353.0
KR0073,교보생명보험,X,생명보험,2025.2Q,2,(연결)당기순이익(백만원),-,582366.0
KR0073,교보생명보험,X,생명보험,2025.3Q,2,(연결)당기순이익(백만원),-,884417.0
KR0073,교보생명보험,X,생명보험,2025.4Q,2,(연결)당기순이익(백만원),-,752270.0
KR0073,교보생명보험,X,생명보험,2026.1Q,2,(연결)당기순이익(백만원),-,458684.0
KR0073,교보생명보험,X,생명보험,2026.2Q,2,(연결)당기순이익(백만원),-,704801.0
KR0073,교보생명보험,X,생명보험,2023.1Q,3,(별도)당기순이익(백만원),-,449153.0
KR0073,교보생명보험,X,생명보험,2023.2Q,3,(별도)당기순이익(백만원),-,656242.0
KR0073,교보생명보험,X,생명보험,2023.3Q,3,(별도)당기순이익(백만원),-,602859.0
KR0073,교보생명보험,X,생명보험,2023.4Q,3,(별도)당기순이익(백만원),-,489082.0
KR0073,교보생명보험,X,생명보험,2024.1Q,3,(별도)당기순이익(백만원),-,311042.0
KR0073,교보생명보험,X,생명보험,2024.2Q,3,(별도)당기순이익(백만원),-,607512.0
KR0073,교보생명보험,X,생명보험,2024.3Q,3,(별도)당기순이익(백만원),-,939926.0
KR0073,교보생명보험,X,생명보험,2024.4Q,3,(별도)당기순이익(백만원),-,698736.0
KR0073,교보생명보험,X,생명보험,2025.1Q,3,(별도)당기순이익(백만원),-,315282.0
KR0073,교보생명보험,X,생명보험,2025.2Q,3,(별도)당기순이익(백만원),-,585307.0
KR0073,교보생명보험,X,생명보험,2025.3Q,3,(별도)당기순이익(백만원),-,846972.0
KR0073,교보생명보험,X,생명보험,2025.4Q,3,(별도)당기순이익(백만원),-,763210.0
KR0073,교보생명보험,X,생명보험,2026.1Q,3,(별도)당기순이익(백만원),-,330141.0
KR0073,교보생명보험,X,생명보험,2026.2Q,3,(별도)당기순이익(백만원),-,478627.0
KR0073,교보생명보험,X,생명보험,2023.1Q,4,(연결)주당순이익(원),-,4779.0
KR0073,교보생명보험,X,생명보험,2023.2Q,4,(연결)주당순이익(원),-,6124.0
KR0073,교보생명보험,X,생명보험,2023.3Q,4,(연결)주당순이익(원),-,5370.0
KR0073,교보생명보험,X,생명보험,2023.4Q,4,(연결)주당순이익(원),-,3941.0
KR0073,교보생명보험,X,생명보험,2024.1Q,4,(연결)주당순이익(원),-,2671.0
KR0073,교보생명보험,X,생명보험,2024.2Q,4,(연결)주당순이익(원),-,5174.0
KR0073,교보생명보험,X,생명보험,2024.3Q,4,(연결)주당순이익(원),-,8076.0
KR0073,교보생명보험,X,생명보험,2024.4Q,4,(연결)주당순이익(원),-,5752.0
KR0073,교보생명보험,X,생명보험,2025.1Q,4,(연결)주당순이익(원),-,2554.0
KR0073,교보생명보험,X,생명보험,2025.2Q,4,(연결)주당순이익(원),-,5232.0
KR0073,교보생명보험,X,생명보험,2025.3Q,4,(연결)주당순이익(원),-,7953.0
KR0073,교보생명보험,X,생명보험,2025.4Q,4,(연결)주당순이익(원),-,6339.0
KR0073,교보생명보험,X,생명보험,2026.1Q,4,(연결)주당순이익(원),-,4278.0
KR0073,교보생명보험,X,생명보험,2026.2Q,4,(연결)주당순이익(원),-,6424.0
KR0073,교보생명보험,X,생명보험,2023.1Q,5,현금배당금총액(백만원),-,0.0
KR0073,교보생명보험,X,생명보험,2023.2Q,5,현금배당금총액(백만원),-,0.0
KR0073,교보생명보험,X,생명보험,2023.3Q,5,현금배당금총액(백만원),-,0.0
KR0073,교보생명보험,X,생명보험,2023.4Q,5,현금배당금총액(백만원),-,0.0
KR0073,교보생명보험,X,생명보험,2024.1Q,5,현금배당금총액(백만원),-,0.0
KR0073,교보생명보험,X,생명보험,2024.2Q,5,현금배당금총액(백만원),-,0.0
KR0073,교보생명보험,X,생명보험,2024.3Q,5,현금배당금총액(백만원),-,0.0
KR0073,교보생명보험,X,생명보험,2024.4Q,5,현금배당금총액(백만원),-,120487.0
KR0073,교보생명보험,X,생명보험,2025.1Q,5,현금배당금총액(백만원),-,0.0
KR0073,교보생명보험,X,생명보험,2025.2Q,5,현금배당금총액(백만원),-,0.0
KR0073,교보생명보험,X,생명보험,2025.3Q,5,현금배당금총액(백만원),-,0.0
KR0073,교보생명보험,X,생명보험,2025.4Q,5,현금배당금총액(백만원),-,119488.0
KR0073,교보생명보험,X,생명보험,2026.1Q,5,현금배당금총액(백만원),-,0.0
KR0073,교보생명보험,X,생명보험,2026.2Q,5,현금배당금총액(백만원),-,0.0
KR0073,교보생명보험,X,생명보험,2023.1Q,6,주식배당금총액(백만원),-,0.0
KR0073,교보생명보험,X,생명보험,2023.2Q,6,주식배당금총액(백만원),-,0.0
KR0073,교보생명보험,X,생명보험,2023.3Q,6,주식배당금총액(백만원),-,0.0
KR0073,교보생명보험,X,생명보험,2023.4Q,6,주식배당금총액(백만원),-,0.0
KR0073,교보생명보험,X,생명보험,2024.1Q,6,주식배당금총액(백만원),-,0.0
KR0073,교보생명보험,X,생명보험,2024.2Q,6,주식배당금총액(백만원),-,0.0
KR0073,교보생명보험,X,생명보험,2024.3Q,6,주식배당금총액(백만원),-,0.0
KR0073,교보생명보험,X,생명보험,2024.4Q,6,주식배당금총액(백만원),-,0.0
KR0073,교보생명보험,X,생명보험,2025.1Q,6,주식배당금총액(백만원),-,0.0
KR0073,교보생명보험,X,생명보험,2025.2Q,6,주식배당금총액(백만원),-,0.0
KR0073,교보생명보험,X,생명보험,2025.3Q,6,주식배당금총액(백만원),-,0.0
KR0073,교보생명보험,X,생명보험,2025.4Q,6,주식배당금총액(백만원),-,0.0
KR0073,교보생명보험,X,생명보험,2026.1Q,6,주식배당금총액(백만원),-,0.0
KR0073,교보생명보험,X,생명보험,2026.2Q,6,주식배당금총액(백만원),-,0.0
KR0073,교보생명보험,X,생명보험,2024.4Q,7,(연결)현금배당성향(%),-,18.0
KR0073,교보생명보험,X,생명보험,2025.4Q,7,(연결)현금배당성향(%),-,15.88
KR0073,교보생명보험,X,생명보험,2023.1Q,8,주당 현금배당금(원),보통주,0.0
KR0073,교보생명보험,X,생명보험,2023.2Q,8,주당 현금배당금(원),보통주,0.0
KR0073,교보생명보험,X,생명보험,2023.3Q,8,주당 현금배당금(원),보통주,0.0
KR0073,교보생명보험,X,생명보험,2023.4Q,8,주당 현금배당금(원),보통주,0.0
KR0073,교보생명보험,X,생명보험,2024.1Q,8,주당 현금배당금(원),보통주,0.0
KR0073,교보생명보험,X,생명보험,2024.2Q,8,주당 현금배당금(원),보통주,0.0
KR0073,교보생명보험,X,생명보험,2024.3Q,8,주당 현금배당금(원),보통주,0.0
KR0073,교보생명보험,X,생명보험,2024.4Q,8,주당 현금배당금(원),보통주,1200.0
KR0073,교보생명보험,X,생명보험,2025.1Q,8,주당 현금배당금(원),보통주,0.0
KR0073,교보생명보험,X,생명보험,2025.2Q,8,주당 현금배당금(원),보통주,0.0
KR0073,교보생명보험,X,생명보험,2025.3Q,8,주당 현금배당금(원),보통주,0.0
KR0073,교보생명보험,X,생명보험,2025.4Q,8,주당 현금배당금(원),보통주,1190.0
KR0073,교보생명보험,X,생명보험,2026.1Q,8,주당 현금배당금(원),보통주,0.0
KR0073,교보생명보험,X,생명보험,2026.2Q,8,주당 현금배당금(원),보통주,0.0
KR0073,교보생명보험,X,생명보험,2023.1Q,8,주당 현금배당금(원),우선주,0.0
KR0073,교보생명보험,X,생명보험,2023.2Q,8,주당 현금배당금(원),우선주,0.0
KR0073,교보생명보험,X,생명보험,2023.3Q,8,주당 현금배당금(원),우선주,0.0
KR0073,교보생명보험,X,생명보험,2023.4Q,8,주당 현금배당금(원),우선주,0.0
KR0073,교보생명보험,X,생명보험,2024.1Q,8,주당 현금배당금(원),우선주,0.0
KR0073,교보생명보험,X,생명보험,2024.2Q,8,주당 현금배당금(원),우선주,0.0
KR0073,교보생명보험,X,생명보험,2024.3Q,8,주당 현금배당금(원),우선주,0.0
KR0073,교보생명보험,X,생명보험,2024.4Q,8,주당 현금배당금(원),우선주,0.0
KR0073,교보생명보험,X,생명보험,2025.1Q,8,주당 현금배당금(원),우선주,0.0
KR0073,교보생명보험,X,생명보험,2025.2Q,8,주당 현금배당금(원),우선주,0.0
KR0073,교보생명보험,X,생명보험,2025.3Q,8,주당 현금배당금(원),우선주,0.0
KR0073,교보생명보험,X,생명보험,2025.4Q,8,주당 현금배당금(원),우선주,0.0
KR0073,교보생명보험,X,생명보험,2026.1Q,8,주당 현금배당금(원),우선주,0.0
KR0073,교보생명보험,X,생명보험,2026.2Q,8,주당 현금배당금(원),우선주,0.0
KR0073,교보생명보험,X,생명보험,2023.1Q,9,주당 주식배당(주),보통주,0.0
KR0073,교보생명보험,X,생명보험,2023.2Q,9,주당 주식배당(주),보통주,0.0
KR0073,교보생명보험,X,생명보험,2023.3Q,9,주당 주식배당(주),보통주,0.0
KR0073,교보생명보험,X,생명보험,2023.4Q,9,주당 주식배당(주),보통주,0.0
KR0073,교보생명보험,X,생명보험,2024.1Q,9,주당 주식배당(주),보통주,0.0
KR0073,교보생명보험,X,생명보험,2024.2Q,9,주당 주식배당(주),보통주,0.0
KR0073,교보생명보험,X,생명보험,2024.3Q,9,주당 주식배당(주),보통주,0.0
KR0073,교보생명보험,X,생명보험,2024.4Q,9,주당 주식배당(주),보통주,0.0
KR0073,교보생명보험,X,생명보험,2025.1Q,9,주당 주식배당(주),보통주,0.0
KR0073,교보생명보험,X,생명보험,2025.2Q,9,주당 주식배당(주),보통주,0.0
KR0073,교보생명보험,X,생명보험,2025.3Q,9,주당 주식배당(주),보통주,0.0
KR0073,교보생명보험,X,생명보험,2025.4Q,9,주당 주식배당(주),보통주,0.0
KR0073,교보생명보험,X,생명보험,2026.1Q,9,주당 주식배당(주),보통주,0.0
KR0073,교보생명보험,X,생명보험,2026.2Q,9,주당 주식배당(주),보통주,0.0
KR0073,교보생명보험,X,생명보험,2023.1Q,9,주당 주식배당(주),우선주,0.0
KR0073,교보생명보험,X,생명보험,2023.2Q,9,주당 주식배당(주),우선주,0.0
KR0073,교보생명보험,X,생명보험,2023.3Q,9,주당 주식배당(주),우선주,0.0
KR0073,교보생명보험,X,생명보험,2023.4Q,9,주당 주식배당(주),우선주,0.0
KR0073,교보생명보험,X,생명보험,2024.1Q,9,주당 주식배당(주),우선주,0.0
KR0073,교보생명보험,X,생명보험,2024.2Q,9,주당 주식배당(주),우선주,0.0
KR0073,교보생명보험,X,생명보험,2024.3Q,9,주당 주식배당(주),우선주,0.0
KR0073,교보생명보험,X,생명보험,2024.4Q,9,주당 주식배당(주),우선주,0.0
KR0073,교보생명보험,X,생명보험,2025.1Q,9,주당 주식배당(주),우선주,0.0
KR0073,교보생명보험,X,생명보험,2025.2Q,9,주당 주식배당(주),우선주,0.0
KR0073,교보생명보험,X,생명보험,2025.3Q,9,주당 주식배당(주),우선주,0.0
KR0073,교보생명보험,X,생명보험,2025.4Q,9,주당 주식배당(주),우선주,0.0
KR0073,교보생명보험,X,생명보험,2026.1Q,9,주당 주식배당(주),우선주,0.0
KR0073,교보생명보험,X,생명보험,2026.2Q,9,주당 주식배당(주),우선주,0.0
KR0079,미래에셋생명보험,085620,생명보험,2023.1Q,1,주당액면가액(원),-,5000.0
KR0079,미래에셋생명보험,085620,생명보험,2023.2Q,1,주당액면가액(원),-,5000.0
KR0079,미래에셋생명보험,085620,생명보험,2023.3Q,1,주당액면가액(원),-,5000.0
KR0079,미래에셋생명보험,085620,생명보험,2023.4Q,1,주당액면가액(원),-,5000.0
KR0079,미래에셋생명보험,085620,생명보험,2024.1Q,1,주당액면가액(원),-,5000.0
KR0079,미래에셋생명보험,085620,생명보험,2024.2Q,1,주당액면가액(원),-,5000.0
KR0079,미래에셋생명보험,085620,생명보험,2024.3Q,1,주당액면가액(원),-,5000.0
KR0079,미래에셋생명보험,085620,생명보험,2024.4Q,1,주당액면가액(원),-,5000.0
KR0079,미래에셋생명보험,085620,생명보험,2025.2Q,1,주당액면가액(원),-,5000.0
KR0079,미래에셋생명보험,085620,생명보험,2025.3Q,1,주당액면가액(원),-,5000.0
KR0079,미래에셋생명보험,085620,생명보험,2025.4Q,1,주당액면가액(원),-,5000.0
KR0079,미래에셋생명보험,085620,생명보험,2026.1Q,1,주당액면가액(원),-,5000.0
KR0079,미래에셋생명보험,085620,생명보험,2026.2Q,1,주당액면가액(원),-,5000.0
KR0079,미래에셋생명보험,085620,생명보험,2023.1Q,2,(연결)당기순이익(백만원),-,102579.0
KR0079,미래에셋생명보험,085620,생명보험,2023.2Q,2,(연결)당기순이익(백만원),-,147915.0
KR0079,미래에셋생명보험,085620,생명보험,2023.3Q,2,(연결)당기순이익(백만원),-,208306.0
KR0079,미래에셋생명보험,085620,생명보험,2023.4Q,2,(연결)당기순이익(백만원),-,117205.0
KR0079,미래에셋생명보험,085620,생명보험,2024.1Q,2,(연결)당기순이익(백만원),-,43627.0
KR0079,미래에셋생명보험,085620,생명보험,2024.2Q,2,(연결)당기순이익(백만원),-,65583.0
KR0079,미래에셋생명보험,085620,생명보험,2024.3Q,2,(연결)당기순이익(백만원),-,69858.0
KR0079,미래에셋생명보험,085620,생명보험,2024.4Q,2,(연결)당기순이익(백만원),-,136115.0
KR0079,미래에셋생명보험,085620,생명보험,2025.2Q,2,(연결)당기순이익(백만원),-,75475.0
KR0079,미래에셋생명보험,085620,생명보험,2025.3Q,2,(연결)당기순이익(백만원),-,125231.0
KR0079,미래에셋생명보험,085620,생명보험,2025.4Q,2,(연결)당기순이익(백만원),-,130776.0
KR0079,미래에셋생명보험,085620,생명보험,2026.1Q,2,(연결)당기순이익(백만원),-,53392.0
KR0079,미래에셋생명보험,085620,생명보험,2026.2Q,2,(연결)당기순이익(백만원),-,71362.0
KR0079,미래에셋생명보험,085620,생명보험,2023.1Q,3,(별도)당기순이익(백만원),-,100734.0
KR0079,미래에셋생명보험,085620,생명보험,2023.2Q,3,(별도)당기순이익(백만원),-,134765.0
KR0079,미래에셋생명보험,085620,생명보험,2023.3Q,3,(별도)당기순이익(백만원),-,159231.0
KR0079,미래에셋생명보험,085620,생명보험,2023.4Q,3,(별도)당기순이익(백만원),-,125000.0
KR0079,미래에셋생명보험,085620,생명보험,2024.1Q,3,(별도)당기순이익(백만원),-,39435.0
KR0079,미래에셋생명보험,085620,생명보험,2024.2Q,3,(별도)당기순이익(백만원),-,58650.0
KR0079,미래에셋생명보험,085620,생명보험,2024.3Q,3,(별도)당기순이익(백만원),-,62171.0
KR0079,미래에셋생명보험,085620,생명보험,2024.4Q,3,(별도)당기순이익(백만원),-,125039.0
KR0079,미래에셋생명보험,085620,생명보험,2025.2Q,3,(별도)당기순이익(백만원),-,74673.0
KR0079,미래에셋생명보험,085620,생명보험,2025.3Q,3,(별도)당기순이익(백만원),-,121197.0
KR0079,미래에셋생명보험,085620,생명보험,2025.4Q,3,(별도)당기순이익(백만원),-,124900.0
KR0079,미래에셋생명보험,085620,생명보험,2026.1Q,3,(별도)당기순이익(백만원),-,48478.0
KR0079,미래에셋생명보험,085620,생명보험,2026.2Q,3,(별도)당기순이익(백만원),-,63341.0
KR0079,미래에셋생명보험,085620,생명보험,2023.1Q,4,(연결)주당순이익(원),-,786.0
KR0079,미래에셋생명보험,085620,생명보험,2023.2Q,4,(연결)주당순이익(원),-,1134.0
KR0079,미래에셋생명보험,085620,생명보험,2023.3Q,4,(연결)주당순이익(원),-,1596.0
KR0079,미래에셋생명보험,085620,생명보험,2023.4Q,4,(연결)주당순이익(원),-,898.0
KR0079,미래에셋생명보험,085620,생명보험,2024.1Q,4,(연결)주당순이익(원),-,334.0
KR0079,미래에셋생명보험,085620,생명보험,2024.2Q,4,(연결)주당순이익(원),-,503.0
KR0079,미래에셋생명보험,085620,생명보험,2024.3Q,4,(연결)주당순이익(원),-,535.0
KR0079,미래에셋생명보험,085620,생명보험,2024.4Q,4,(연결)주당순이익(원),-,1043.0
KR0079,미래에셋생명보험,085620,생명보험,2025.2Q,4,(연결)주당순이익(원),-,578.0
KR0079,미래에셋생명보험,085620,생명보험,2025.3Q,4,(연결)주당순이익(원),-,960.0
KR0079,미래에셋생명보험,085620,생명보험,2025.4Q,4,(연결)주당순이익(원),-,1002.0
KR0079,미래에셋생명보험,085620,생명보험,2026.1Q,4,(연결)주당순이익(원),-,409.0
KR0079,미래에셋생명보험,085620,생명보험,2026.2Q,4,(연결)주당순이익(원),-,547.0
KR0079,미래에셋생명보험,085620,생명보험,2023.1Q,5,현금배당금총액(백만원),-,0.0
KR0079,미래에셋생명보험,085620,생명보험,2023.2Q,5,현금배당금총액(백만원),-,0.0
KR0079,미래에셋생명보험,085620,생명보험,2023.3Q,5,현금배당금총액(백만원),-,0.0
KR0079,미래에셋생명보험,085620,생명보험,2023.4Q,5,현금배당금총액(백만원),-,0.0
KR0079,미래에셋생명보험,085620,생명보험,2024.1Q,5,현금배당금총액(백만원),-,0.0
KR0079,미래에셋생명보험,085620,생명보험,2024.2Q,5,현금배당금총액(백만원),-,0.0
KR0079,미래에셋생명보험,085620,생명보험,2024.3Q,5,현금배당금총액(백만원),-,0.0
KR0079,미래에셋생명보험,085620,생명보험,2024.4Q,5,현금배당금총액(백만원),-,0.0
KR0079,미래에셋생명보험,085620,생명보험,2025.1Q,5,현금배당금총액(백만원),-,0.0
KR0079,미래에셋생명보험,085620,생명보험,2025.2Q,5,현금배당금총액(백만원),-,0.0
KR0079,미래에셋생명보험,085620,생명보험,2025.3Q,5,현금배당금총액(백만원),-,0.0
KR0079,미래에셋생명보험,085620,생명보험,2025.4Q,5,현금배당금총액(백만원),-,0.0
KR0079,미래에셋생명보험,085620,생명보험,2026.1Q,5,현금배당금총액(백만원),-,0.0
KR0079,미래에셋생명보험,085620,생명보험,2026.2Q,5,현금배당금총액(백만원),-,0.0
KR0079,미래에셋생명보험,085620,생명보험,2023.1Q,6,주식배당금총액(백만원),-,0.0
KR0079,미래에셋생명보험,085620,생명보험,2023.2Q,6,주식배당금총액(백만원),-,0.0
KR0079,미래에셋생명보험,085620,생명보험,2023.3Q,6,주식배당금총액(백만원),-,0.0
KR0079,미래에셋생명보험,085620,생명보험,2023.4Q,6,주식배당금총액(백만원),-,0.0
KR0079,미래에셋생명보험,085620,생명보험,2024.1Q,6,주식배당금총액(백만원),-,0.0
KR0079,미래에셋생명보험,085620,생명보험,2024.2Q,6,주식배당금총액(백만원),-,0.0
KR0079,미래에셋생명보험,085620,생명보험,2024.3Q,6,주식배당금총액(백만원),-,0.0
KR0079,미래에셋생명보험,085620,생명보험,2024.4Q,6,주식배당금총액(백만원),-,0.0
KR0079,미래에셋생명보험,085620,생명보험,2025.1Q,6,주식배당금총액(백만원),-,0.0
KR0079,미래에셋생명보험,085620,생명보험,2025.2Q,6,주식배당금총액(백만원),-,0.0
KR0079,미래에셋생명보험,085620,생명보험,2025.3Q,6,주식배당금총액(백만원),-,0.0
KR0079,미래에셋생명보험,085620,생명보험,2025.4Q,6,주식배당금총액(백만원),-,0.0
KR0079,미래에셋생명보험,085620,생명보험,2026.1Q,6,주식배당금총액(백만원),-,0.0
KR0079,미래에셋생명보험,085620,생명보험,2026.2Q,6,주식배당금총액(백만원),-,0.0
KR0082,DB생명보험,X,생명보험,2023.4Q,1,주당액면가액(원),-,5000.0
KR0082,DB생명보험,X,생명보험,2024.1Q,1,주당액면가액(원),-,5000.0
KR0082,DB생명보험,X,생명보험,2024.2Q,1,주당액면가액(원),-,5000.0
KR0082,DB생명보험,X,생명보험,2024.4Q,1,주당액면가액(원),-,5000.0
KR0082,DB생명보험,X,생명보험,2025.1Q,1,주당액면가액(원),-,5000.0
KR0082,DB생명보험,X,생명보험,2025.4Q,1,주당액면가액(원),-,5000.0
KR0082,DB생명보험,X,생명보험,2026.1Q,1,주당액면가액(원),-,5000.0
KR0082,DB생명보험,X,생명보험,2026.2Q,1,주당액면가액(원),-,5000.0
KR0082,DB생명보험,X,생명보험,2023.4Q,2,(연결)당기순이익(백만원),-,141695.0
KR0082,DB생명보험,X,생명보험,2024.1Q,2,(연결)당기순이익(백만원),-,32221.0
KR0082,DB생명보험,X,생명보험,2024.2Q,2,(연결)당기순이익(백만원),-,68524.0
KR0082,DB생명보험,X,생명보험,2024.4Q,2,(연결)당기순이익(백만원),-,145823.0
KR0082,DB생명보험,X,생명보험,2025.1Q,2,(연결)당기순이익(백만원),-,35916.0
KR0082,DB생명보험,X,생명보험,2025.4Q,2,(연결)당기순이익(백만원),-,181637.0
KR0082,DB생명보험,X,생명보험,2026.1Q,2,(연결)당기순이익(백만원),-,54326.0
KR0082,DB생명보험,X,생명보험,2026.2Q,2,(연결)당기순이익(백만원),-,199483.0
KR0082,DB생명보험,X,생명보험,2023.4Q,3,(별도)당기순이익(백만원),-,142952.0
KR0082,DB생명보험,X,생명보험,2024.1Q,3,(별도)당기순이익(백만원),-,33228.0
KR0082,DB생명보험,X,생명보험,2024.2Q,3,(별도)당기순이익(백만원),-,67973.0
KR0082,DB생명보험,X,생명보험,2024.4Q,3,(별도)당기순이익(백만원),-,146817.0
KR0082,DB생명보험,X,생명보험,2025.1Q,3,(별도)당기순이익(백만원),-,37549.0
KR0082,DB생명보험,X,생명보험,2025.4Q,3,(별도)당기순이익(백만원),-,183875.0
KR0082,DB생명보험,X,생명보험,2026.1Q,3,(별도)당기순이익(백만원),-,54694.0
KR0082,DB생명보험,X,생명보험,2026.2Q,3,(별도)당기순이익(백만원),-,198086.0
KR0082,DB생명보험,X,생명보험,2023.4Q,4,(연결)주당순이익(원),-,3289.0
KR0082,DB생명보험,X,생명보험,2024.1Q,4,(연결)주당순이익(원),-,750.0
KR0082,DB생명보험,X,생명보험,2024.2Q,4,(연결)주당순이익(원),-,1597.0
KR0082,DB생명보험,X,생명보험,2024.4Q,4,(연결)주당순이익(원),-,3401.0
KR0082,DB생명보험,X,생명보험,2025.1Q,4,(연결)주당순이익(원),-,838.0
KR0082,DB생명보험,X,생명보험,2025.4Q,4,(연결)주당순이익(원),-,4278.0
KR0082,DB생명보험,X,생명보험,2026.1Q,4,(연결)주당순이익(원),-,1283.0
KR0082,DB생명보험,X,생명보험,2026.2Q,4,(연결)주당순이익(원),-,4710.0
KR0082,DB생명보험,X,생명보험,2023.1Q,5,현금배당금총액(백만원),-,0.0
KR0082,DB생명보험,X,생명보험,2023.2Q,5,현금배당금총액(백만원),-,0.0
KR0082,DB생명보험,X,생명보험,2023.3Q,5,현금배당금총액(백만원),-,0.0
KR0082,DB생명보험,X,생명보험,2023.4Q,5,현금배당금총액(백만원),-,0.0
KR0082,DB생명보험,X,생명보험,2024.1Q,5,현금배당금총액(백만원),-,0.0
KR0082,DB생명보험,X,생명보험,2024.2Q,5,현금배당금총액(백만원),-,0.0
KR0082,DB생명보험,X,생명보험,2024.3Q,5,현금배당금총액(백만원),-,0.0
KR0082,DB생명보험,X,생명보험,2024.4Q,5,현금배당금총액(백만원),-,0.0
KR0082,DB생명보험,X,생명보험,2025.1Q,5,현금배당금총액(백만원),-,0.0
KR0082,DB생명보험,X,생명보험,2025.2Q,5,현금배당금총액(백만원),-,0.0
KR0082,DB생명보험,X,생명보험,2025.3Q,5,현금배당금총액(백만원),-,0.0
KR0082,DB생명보험,X,생명보험,2025.4Q,5,현금배당금총액(백만원),-,0.0
KR0082,DB생명보험,X,생명보험,2026.1Q,5,현금배당금총액(백만원),-,0.0
KR0082,DB생명보험,X,생명보험,2026.2Q,5,현금배당금총액(백만원),-,0.0
KR0082,DB생명보험,X,생명보험,2023.1Q,6,주식배당금총액(백만원),-,0.0
KR0082,DB생명보험,X,생명보험,2023.2Q,6,주식배당금총액(백만원),-,0.0
KR0082,DB생명보험,X,생명보험,2023.3Q,6,주식배당금총액(백만원),-,0.0
KR0082,DB생명보험,X,생명보험,2023.4Q,6,주식배당금총액(백만원),-,0.0
KR0082,DB생명보험,X,생명보험,2024.1Q,6,주식배당금총액(백만원),-,0.0
KR0082,DB생명보험,X,생명보험,2024.2Q,6,주식배당금총액(백만원),-,0.0
KR0082,DB생명보험,X,생명보험,2024.3Q,6,주식배당금총액(백만원),-,0.0
KR0082,DB생명보험,X,생명보험,2024.4Q,6,주식배당금총액(백만원),-,0.0
KR0082,DB생명보험,X,생명보험,2025.1Q,6,주식배당금총액(백만원),-,0.0
KR0082,DB생명보험,X,생명보험,2025.2Q,6,주식배당금총액(백만원),-,0.0
KR0082,DB생명보험,X,생명보험,2025.3Q,6,주식배당금총액(백만원),-,0.0
KR0082,DB생명보험,X,생명보험,2025.4Q,6,주식배당금총액(백만원),-,0.0
KR0082,DB생명보험,X,생명보험,2026.1Q,6,주식배당금총액(백만원),-,0.0
KR0082,DB생명보험,X,생명보험,2026.2Q,6,주식배당금총액(백만원),-,0.0
KR0083,푸본현대생명보험,X,생명보험,2023.1Q,1,주당액면가액(원),-,5000.0
KR0083,푸본현대생명보험,X,생명보험,2023.2Q,1,주당액면가액(원),-,5000.0
KR0083,푸본현대생명보험,X,생명보험,2023.3Q,1,주당액면가액(원),-,5000.0
KR0083,푸본현대생명보험,X,생명보험,2023.4Q,1,주당액면가액(원),-,5000.0
KR0083,푸본현대생명보험,X,생명보험,2024.1Q,1,주당액면가액(원),-,5000.0
KR0083,푸본현대생명보험,X,생명보험,2024.2Q,1,주당액면가액(원),-,5000.0
KR0083,푸본현대생명보험,X,생명보험,2024.3Q,1,주당액면가액(원),-,5000.0
KR0083,푸본현대생명보험,X,생명보험,2024.4Q,1,주당액면가액(원),-,5000.0
KR0083,푸본현대생명보험,X,생명보험,2025.1Q,1,주당액면가액(원),-,5000.0
KR0083,푸본현대생명보험,X,생명보험,2025.2Q,1,주당액면가액(원),-,5000.0
KR0083,푸본현대생명보험,X,생명보험,2025.3Q,1,주당액면가액(원),-,5000.0
KR0083,푸본현대생명보험,X,생명보험,2025.4Q,1,주당액면가액(원),-,5000.0
KR0083,푸본현대생명보험,X,생명보험,2026.1Q,1,주당액면가액(원),-,5000.0
KR0083,푸본현대생명보험,X,생명보험,2026.2Q,1,주당액면가액(원),-,5000.0
KR0083,푸본현대생명보험,X,생명보험,2023.1Q,2,(연결)당기순이익(백만원),-,12188.0
KR0083,푸본현대생명보험,X,생명보험,2023.2Q,2,(연결)당기순이익(백만원),-,20735.0
KR0083,푸본현대생명보험,X,생명보험,2023.3Q,2,(연결)당기순이익(백만원),-,-33705.0
KR0083,푸본현대생명보험,X,생명보험,2023.4Q,2,(연결)당기순이익(백만원),-,-110526.0
KR0083,푸본현대생명보험,X,생명보험,2024.1Q,2,(연결)당기순이익(백만원),-,29297.0
KR0083,푸본현대생명보험,X,생명보험,2024.2Q,2,(연결)당기순이익(백만원),-,27238.0
KR0083,푸본현대생명보험,X,생명보험,2024.3Q,2,(연결)당기순이익(백만원),-,-64737.0
KR0083,푸본현대생명보험,X,생명보험,2024.4Q,2,(연결)당기순이익(백만원),-,-34044.0
KR0083,푸본현대생명보험,X,생명보험,2025.1Q,2,(연결)당기순이익(백만원),-,-72505.0
KR0083,푸본현대생명보험,X,생명보험,2025.2Q,2,(연결)당기순이익(백만원),-,-80252.0
KR0083,푸본현대생명보험,X,생명보험,2025.3Q,2,(연결)당기순이익(백만원),-,-84879.0
KR0083,푸본현대생명보험,X,생명보험,2025.4Q,2,(연결)당기순이익(백만원),-,-118697.0
KR0083,푸본현대생명보험,X,생명보험,2026.1Q,2,(연결)당기순이익(백만원),-,3141.0
KR0083,푸본현대생명보험,X,생명보험,2026.2Q,2,(연결)당기순이익(백만원),-,158650.0
KR0083,푸본현대생명보험,X,생명보험,2023.1Q,3,(별도)당기순이익(백만원),-,12188.0
KR0083,푸본현대생명보험,X,생명보험,2023.2Q,3,(별도)당기순이익(백만원),-,20735.0
KR0083,푸본현대생명보험,X,생명보험,2023.3Q,3,(별도)당기순이익(백만원),-,-33705.0
KR0083,푸본현대생명보험,X,생명보험,2023.4Q,3,(별도)당기순이익(백만원),-,-110526.0
KR0083,푸본현대생명보험,X,생명보험,2024.1Q,3,(별도)당기순이익(백만원),-,29297.0
KR0083,푸본현대생명보험,X,생명보험,2024.2Q,3,(별도)당기순이익(백만원),-,27238.0
KR0083,푸본현대생명보험,X,생명보험,2024.3Q,3,(별도)당기순이익(백만원),-,-64737.0
KR0083,푸본현대생명보험,X,생명보험,2024.4Q,3,(별도)당기순이익(백만원),-,-34044.0
KR0083,푸본현대생명보험,X,생명보험,2025.1Q,3,(별도)당기순이익(백만원),-,-72505.0
KR0083,푸본현대생명보험,X,생명보험,2025.2Q,3,(별도)당기순이익(백만원),-,-80252.0
KR0083,푸본현대생명보험,X,생명보험,2025.3Q,3,(별도)당기순이익(백만원),-,-84879.0
KR0083,푸본현대생명보험,X,생명보험,2025.4Q,3,(별도)당기순이익(백만원),-,-118697.0
KR0083,푸본현대생명보험,X,생명보험,2026.1Q,3,(별도)당기순이익(백만원),-,3141.0
KR0083,푸본현대생명보험,X,생명보험,2026.2Q,3,(별도)당기순이익(백만원),-,158650.0
KR0083,푸본현대생명보험,X,생명보험,2023.1Q,4,(연결)주당순이익(원),-,46.0
KR0083,푸본현대생명보험,X,생명보험,2023.2Q,4,(연결)주당순이익(원),-,76.0
KR0083,푸본현대생명보험,X,생명보험,2023.3Q,4,(연결)주당순이익(원),-,-166.0
KR0083,푸본현대생명보험,X,생명보험,2023.4Q,4,(연결)주당순이익(원),-,-466.0
KR0083,푸본현대생명보험,X,생명보험,2024.1Q,4,(연결)주당순이익(원),-,90.0
KR0083,푸본현대생명보험,X,생명보험,2024.2Q,4,(연결)주당순이익(원),-,77.0
KR0083,푸본현대생명보험,X,생명보험,2024.3Q,4,(연결)주당순이익(원),-,-230.0
KR0083,푸본현대생명보험,X,생명보험,2024.4Q,4,(연결)주당순이익(원),-,-135.0
KR0083,푸본현대생명보험,X,생명보험,2025.1Q,4,(연결)주당순이익(원),-,-244.0
KR0083,푸본현대생명보험,X,생명보험,2025.2Q,4,(연결)주당순이익(원),-,-275.0
KR0083,푸본현대생명보험,X,생명보험,2025.3Q,4,(연결)주당순이익(원),-,-296.0
KR0083,푸본현대생명보험,X,생명보험,2025.4Q,4,(연결)주당순이익(원),-,-402.0
KR0083,푸본현대생명보험,X,생명보험,2026.1Q,4,(연결)주당순이익(원),-,3.0
KR0083,푸본현대생명보험,X,생명보험,2026.2Q,4,(연결)주당순이익(원),-,348.0
KR0083,푸본현대생명보험,X,생명보험,2023.1Q,5,현금배당금총액(백만원),-,0.0
KR0083,푸본현대생명보험,X,생명보험,2023.2Q,5,현금배당금총액(백만원),-,0.0
KR0083,푸본현대생명보험,X,생명보험,2023.3Q,5,현금배당금총액(백만원),-,0.0
KR0083,푸본현대생명보험,X,생명보험,2023.4Q,5,현금배당금총액(백만원),-,0.0
KR0083,푸본현대생명보험,X,생명보험,2024.1Q,5,현금배당금총액(백만원),-,0.0
KR0083,푸본현대생명보험,X,생명보험,2024.2Q,5,현금배당금총액(백만원),-,0.0
KR0083,푸본현대생명보험,X,생명보험,2024.3Q,5,현금배당금총액(백만원),-,0.0
KR0083,푸본현대생명보험,X,생명보험,2024.4Q,5,현금배당금총액(백만원),-,0.0
KR0083,푸본현대생명보험,X,생명보험,2025.1Q,5,현금배당금총액(백만원),-,0.0
KR0083,푸본현대생명보험,X,생명보험,2025.2Q,5,현금배당금총액(백만원),-,0.0
KR0083,푸본현대생명보험,X,생명보험,2025.3Q,5,현금배당금총액(백만원),-,0.0
KR0083,푸본현대생명보험,X,생명보험,2025.4Q,5,현금배당금총액(백만원),-,0.0
KR0083,푸본현대생명보험,X,생명보험,2026.1Q,5,현금배당금총액(백만원),-,0.0
KR0083,푸본현대생명보험,X,생명보험,2026.2Q,5,현금배당금총액(백만원),-,0.0
KR0083,푸본현대생명보험,X,생명보험,2023.1Q,6,주식배당금총액(백만원),-,0.0
KR0083,푸본현대생명보험,X,생명보험,2023.2Q,6,주식배당금총액(백만원),-,0.0
KR0083,푸본현대생명보험,X,생명보험,2023.3Q,6,주식배당금총액(백만원),-,0.0
KR0083,푸본현대생명보험,X,생명보험,2023.4Q,6,주식배당금총액(백만원),-,0.0
KR0083,푸본현대생명보험,X,생명보험,2024.1Q,6,주식배당금총액(백만원),-,0.0
KR0083,푸본현대생명보험,X,생명보험,2024.2Q,6,주식배당금총액(백만원),-,0.0
KR0083,푸본현대생명보험,X,생명보험,2024.3Q,6,주식배당금총액(백만원),-,0.0
KR0083,푸본현대생명보험,X,생명보험,2024.4Q,6,주식배당금총액(백만원),-,0.0
KR0083,푸본현대생명보험,X,생명보험,2025.1Q,6,주식배당금총액(백만원),-,0.0
KR0083,푸본현대생명보험,X,생명보험,2025.2Q,6,주식배당금총액(백만원),-,0.0
KR0083,푸본현대생명보험,X,생명보험,2025.3Q,6,주식배당금총액(백만원),-,0.0
KR0083,푸본현대생명보험,X,생명보험,2025.4Q,6,주식배당금총액(백만원),-,0.0
KR0083,푸본현대생명보험,X,생명보험,2026.1Q,6,주식배당금총액(백만원),-,0.0
KR0083,푸본현대생명보험,X,생명보험,2026.2Q,6,주식배당금총액(백만원),-,0.0
KR0087,동양생명,082640,생명보험,2023.1Q,1,주당액면가액(원),-,5000.0
KR0087,동양생명,082640,생명보험,2023.2Q,1,주당액면가액(원),-,5000.0
KR0087,동양생명,082640,생명보험,2023.3Q,1,주당액면가액(원),-,5000.0
KR0087,동양생명,082640,생명보험,2023.4Q,1,주당액면가액(원),-,5000.0
KR0087,동양생명,082640,생명보험,2024.1Q,1,주당액면가액(원),-,5000.0
KR0087,동양생명,082640,생명보험,2024.2Q,1,주당액면가액(원),-,5000.0
KR0087,동양생명,082640,생명보험,2024.3Q,1,주당액면가액(원),-,5000.0
KR0087,동양생명,082640,생명보험,2024.4Q,1,주당액면가액(원),-,5000.0
KR0087,동양생명,082640,생명보험,2025.1Q,1,주당액면가액(원),-,5000.0
KR0087,동양생명,082640,생명보험,2025.2Q,1,주당액면가액(원),-,5000.0
KR0087,동양생명,082640,생명보험,2025.3Q,1,주당액면가액(원),-,5000.0
KR0087,동양생명,082640,생명보험,2025.4Q,1,주당액면가액(원),-,5000.0
KR0087,동양생명,082640,생명보험,2026.1Q,1,주당액면가액(원),-,5000.0
KR0087,동양생명,082640,생명보험,2026.2Q,1,주당액면가액(원),-,5000.0
KR0087,동양생명,082640,생명보험,2023.1Q,2,(연결)당기순이익(백만원),-,149572.0
KR0087,동양생명,082640,생명보험,2023.2Q,2,(연결)당기순이익(백만원),-,186748.0
KR0087,동양생명,082640,생명보험,2023.3Q,2,(연결)당기순이익(백만원),-,197827.0
KR0087,동양생명,082640,생명보험,2023.4Q,2,(연결)당기순이익(백만원),-,270646.0
KR0087,동양생명,082640,생명보험,2024.1Q,2,(연결)당기순이익(백만원),-,82673.0
KR0087,동양생명,082640,생명보험,2024.2Q,2,(연결)당기순이익(백만원),-,168354.0
KR0087,동양생명,082640,생명보험,2024.3Q,2,(연결)당기순이익(백만원),-,257613.0
KR0087,동양생명,082640,생명보험,2024.4Q,2,(연결)당기순이익(백만원),-,314293.0
KR0087,동양생명,082640,생명보험,2025.1Q,2,(연결)당기순이익(백만원),-,46194.0
KR0087,동양생명,082640,생명보험,2025.2Q,2,(연결)당기순이익(백만원),-,82412.0
KR0087,동양생명,082640,생명보험,2025.3Q,2,(연결)당기순이익(백만원),-,109856.0
KR0087,동양생명,082640,생명보험,2025.4Q,2,(연결)당기순이익(백만원),-,124494.0
KR0087,동양생명,082640,생명보험,2026.1Q,2,(연결)당기순이익(백만원),-,25023.0
KR0087,동양생명,082640,생명보험,2026.2Q,2,(연결)당기순이익(백만원),-,91930.0
KR0087,동양생명,082640,생명보험,2023.1Q,3,(별도)당기순이익(백만원),-,156496.0
KR0087,동양생명,082640,생명보험,2023.2Q,3,(별도)당기순이익(백만원),-,200250.0
KR0087,동양생명,082640,생명보험,2023.3Q,3,(별도)당기순이익(백만원),-,217494.0
KR0087,동양생명,082640,생명보험,2023.4Q,3,(별도)당기순이익(백만원),-,295746.0
KR0087,동양생명,082640,생명보험,2024.1Q,3,(별도)당기순이익(백만원),-,88486.0
KR0087,동양생명,082640,생명보험,2024.2Q,3,(별도)당기순이익(백만원),-,175343.0
KR0087,동양생명,082640,생명보험,2024.3Q,3,(별도)당기순이익(백만원),-,265720.0
KR0087,동양생명,082640,생명보험,2024.4Q,3,(별도)당기순이익(백만원),-,310158.0
KR0087,동양생명,082640,생명보험,2025.1Q,3,(별도)당기순이익(백만원),-,46740.0
KR0087,동양생명,082640,생명보험,2025.2Q,3,(별도)당기순이익(백만원),-,86772.0
KR0087,동양생명,082640,생명보험,2025.3Q,3,(별도)당기순이익(백만원),-,113213.0
KR0087,동양생명,082640,생명보험,2025.4Q,3,(별도)당기순이익(백만원),-,65837.0
KR0087,동양생명,082640,생명보험,2026.1Q,3,(별도)당기순이익(백만원),-,26692.0
KR0087,동양생명,082640,생명보험,2026.2Q,3,(별도)당기순이익(백만원),-,95827.0
KR0087,동양생명,082640,생명보험,2023.1Q,4,(연결)주당순이익(원),-,960.0
KR0087,동양생명,082640,생명보험,2023.2Q,4,(연결)주당순이익(원),-,1198.0
KR0087,동양생명,082640,생명보험,2023.3Q,4,(연결)주당순이익(원),-,1269.0
KR0087,동양생명,082640,생명보험,2023.4Q,4,(연결)주당순이익(원),-,1736.0
KR0087,동양생명,082640,생명보험,2024.1Q,4,(연결)주당순이익(원),-,530.0
KR0087,동양생명,082640,생명보험,2024.2Q,4,(연결)주당순이익(원),-,1080.0
KR0087,동양생명,082640,생명보험,2024.3Q,4,(연결)주당순이익(원),-,1652.0
KR0087,동양생명,082640,생명보험,2024.4Q,4,(연결)주당순이익(원),-,2015.0
KR0087,동양생명,082640,생명보험,2025.1Q,4,(연결)주당순이익(원),-,296.0
KR0087,동양생명,082640,생명보험,2025.2Q,4,(연결)주당순이익(원),-,528.0
KR0087,동양생명,082640,생명보험,2025.3Q,4,(연결)주당순이익(원),-,704.0
KR0087,동양생명,082640,생명보험,2025.4Q,4,(연결)주당순이익(원),-,798.0
KR0087,동양생명,082640,생명보험,2026.1Q,4,(연결)주당순이익(원),-,160.0
KR0087,동양생명,082640,생명보험,2026.2Q,4,(연결)주당순이익(원),-,589.0
KR0087,동양생명,082640,생명보험,2023.1Q,5,현금배당금총액(백만원),-,0.0
KR0087,동양생명,082640,생명보험,2023.2Q,5,현금배당금총액(백만원),-,0.0
KR0087,동양생명,082640,생명보험,2023.3Q,5,현금배당금총액(백만원),-,0.0
KR0087,동양생명,082640,생명보험,2023.4Q,5,현금배당금총액(백만원),-,62378.0
KR0087,동양생명,082640,생명보험,2024.1Q,5,현금배당금총액(백만원),-,0.0
KR0087,동양생명,082640,생명보험,2024.2Q,5,현금배당금총액(백만원),-,0.0
KR0087,동양생명,082640,생명보험,2024.3Q,5,현금배당금총액(백만원),-,0.0
KR0087,동양생명,082640,생명보험,2024.4Q,5,현금배당금총액(백만원),-,0.0
KR0087,동양생명,082640,생명보험,2025.1Q,5,현금배당금총액(백만원),-,0.0
KR0087,동양생명,082640,생명보험,2025.2Q,5,현금배당금총액(백만원),-,0.0
KR0087,동양생명,082640,생명보험,2025.3Q,5,현금배당금총액(백만원),-,0.0
KR0087,동양생명,082640,생명보험,2025.4Q,5,현금배당금총액(백만원),-,0.0
KR0087,동양생명,082640,생명보험,2026.1Q,5,현금배당금총액(백만원),-,0.0
KR0087,동양생명,082640,생명보험,2026.2Q,5,현금배당금총액(백만원),-,0.0
KR0087,동양생명,082640,생명보험,2023.1Q,6,주식배당금총액(백만원),-,0.0
KR0087,동양생명,082640,생명보험,2023.2Q,6,주식배당금총액(백만원),-,0.0
KR0087,동양생명,082640,생명보험,2023.3Q,6,주식배당금총액(백만원),-,0.0
KR0087,동양생명,082640,생명보험,2023.4Q,6,주식배당금총액(백만원),-,0.0
KR0087,동양생명,082640,생명보험,2024.1Q,6,주식배당금총액(백만원),-,0.0
KR0087,동양생명,082640,생명보험,2024.2Q,6,주식배당금총액(백만원),-,0.0
KR0087,동양생명,082640,생명보험,2024.3Q,6,주식배당금총액(백만원),-,0.0
KR0087,동양생명,082640,생명보험,2024.4Q,6,주식배당금총액(백만원),-,0.0
KR0087,동양생명,082640,생명보험,2025.1Q,6,주식배당금총액(백만원),-,0.0
KR0087,동양생명,082640,생명보험,2025.2Q,6,주식배당금총액(백만원),-,0.0
KR0087,동양생명,082640,생명보험,2025.3Q,6,주식배당금총액(백만원),-,0.0
KR0087,동양생명,082640,생명보험,2025.4Q,6,주식배당금총액(백만원),-,0.0
KR0087,동양생명,082640,생명보험,2026.1Q,6,주식배당금총액(백만원),-,0.0
KR0087,동양생명,082640,생명보험,2026.2Q,6,주식배당금총액(백만원),-,0.0
KR0087,동양생명,082640,생명보험,2023.4Q,7,(연결)현금배당성향(%),-,23.0
KR0087,동양생명,082640,생명보험,2023.4Q,8,주당 현금배당금(원),보통주,400.0
KR0087,동양생명,082640,생명보험,2023.4Q,10,현금배당수익률(%),보통주,8.0
KR0094,신한라이프생명보험,X,생명보험,2023.1Q,1,주당액면가액(원),-,5000.0
KR0094,신한라이프생명보험,X,생명보험,2023.2Q,1,주당액면가액(원),-,5000.0
KR0094,신한라이프생명보험,X,생명보험,2023.3Q,1,주당액면가액(원),-,5000.0
KR0094,신한라이프생명보험,X,생명보험,2023.4Q,1,주당액면가액(원),-,5000.0
KR0094,신한라이프생명보험,X,생명보험,2024.1Q,1,주당액면가액(원),-,5000.0
KR0094,신한라이프생명보험,X,생명보험,2024.2Q,1,주당액면가액(원),-,5000.0
KR0094,신한라이프생명보험,X,생명보험,2024.3Q,1,주당액면가액(원),-,5000.0
KR0094,신한라이프생명보험,X,생명보험,2024.4Q,1,주당액면가액(원),-,5000.0
KR0094,신한라이프생명보험,X,생명보험,2025.1Q,1,주당액면가액(원),-,5000.0
KR0094,신한라이프생명보험,X,생명보험,2025.2Q,1,주당액면가액(원),-,5000.0
KR0094,신한라이프생명보험,X,생명보험,2025.3Q,1,주당액면가액(원),-,5000.0
KR0094,신한라이프생명보험,X,생명보험,2025.4Q,1,주당액면가액(원),-,5000.0
KR0094,신한라이프생명보험,X,생명보험,2026.1Q,1,주당액면가액(원),-,5000.0
KR0094,신한라이프생명보험,X,생명보험,2026.2Q,1,주당액면가액(원),-,5000.0
KR0094,신한라이프생명보험,X,생명보험,2023.1Q,2,(연결)당기순이익(백만원),-,133812.0
KR0094,신한라이프생명보험,X,생명보험,2023.2Q,2,(연결)당기순이익(백만원),-,311682.0
KR0094,신한라이프생명보험,X,생명보험,2023.3Q,2,(연결)당기순이익(백만원),-,427623.0
KR0094,신한라이프생명보험,X,생명보험,2023.4Q,2,(연결)당기순이익(백만원),-,472395.0
KR0094,신한라이프생명보험,X,생명보험,2024.1Q,2,(연결)당기순이익(백만원),-,154192.0
KR0094,신한라이프생명보험,X,생명보험,2024.2Q,2,(연결)당기순이익(백만원),-,312907.0
KR0094,신한라이프생명보험,X,생명보험,2024.3Q,2,(연결)당기순이익(백만원),-,467107.0
KR0094,신한라이프생명보험,X,생명보험,2024.4Q,2,(연결)당기순이익(백만원),-,528401.0
KR0094,신한라이프생명보험,X,생명보험,2025.1Q,2,(연결)당기순이익(백만원),-,165172.0
KR0094,신한라이프생명보험,X,생명보험,2025.2Q,2,(연결)당기순이익(백만원),-,344348.0
KR0094,신한라이프생명보험,X,생명보험,2025.3Q,2,(연결)당기순이익(백만원),-,514515.0
KR0094,신한라이프생명보험,X,생명보험,2025.4Q,2,(연결)당기순이익(백만원),-,507708.0
KR0094,신한라이프생명보험,X,생명보험,2026.1Q,2,(연결)당기순이익(백만원),-,103145.0
KR0094,신한라이프생명보험,X,생명보험,2026.2Q,2,(연결)당기순이익(백만원),-,290636.0
KR0094,신한라이프생명보험,X,생명보험,2023.1Q,3,(별도)당기순이익(백만원),-,140571.0
KR0094,신한라이프생명보험,X,생명보험,2023.2Q,3,(별도)당기순이익(백만원),-,315757.0
KR0094,신한라이프생명보험,X,생명보험,2023.3Q,3,(별도)당기순이익(백만원),-,430331.0
KR0094,신한라이프생명보험,X,생명보험,2023.4Q,3,(별도)당기순이익(백만원),-,481851.0
KR0094,신한라이프생명보험,X,생명보험,2024.1Q,3,(별도)당기순이익(백만원),-,157757.0
KR0094,신한라이프생명보험,X,생명보험,2024.2Q,3,(별도)당기순이익(백만원),-,323644.0
KR0094,신한라이프생명보험,X,생명보험,2024.3Q,3,(별도)당기순이익(백만원),-,485621.0
KR0094,신한라이프생명보험,X,생명보험,2024.4Q,3,(별도)당기순이익(백만원),-,533681.0
KR0094,신한라이프생명보험,X,생명보험,2025.1Q,3,(별도)당기순이익(백만원),-,165632.0
KR0094,신한라이프생명보험,X,생명보험,2025.2Q,3,(별도)당기순이익(백만원),-,345267.0
KR0094,신한라이프생명보험,X,생명보험,2025.3Q,3,(별도)당기순이익(백만원),-,519261.0
KR0094,신한라이프생명보험,X,생명보험,2025.4Q,3,(별도)당기순이익(백만원),-,515916.0
KR0094,신한라이프생명보험,X,생명보험,2026.1Q,3,(별도)당기순이익(백만원),-,112027.0
KR0094,신한라이프생명보험,X,생명보험,2026.2Q,3,(별도)당기순이익(백만원),-,303989.0
KR0094,신한라이프생명보험,X,생명보험,2023.1Q,4,(연결)주당순이익(원),-,1134.0
KR0094,신한라이프생명보험,X,생명보험,2023.2Q,4,(연결)주당순이익(원),-,2648.0
KR0094,신한라이프생명보험,X,생명보험,2023.3Q,4,(연결)주당순이익(원),-,3627.0
KR0094,신한라이프생명보험,X,생명보험,2023.4Q,4,(연결)주당순이익(원),-,3991.0
KR0094,신한라이프생명보험,X,생명보험,2024.1Q,4,(연결)주당순이익(원),-,1310.0
KR0094,신한라이프생명보험,X,생명보험,2024.2Q,4,(연결)주당순이익(원),-,2659.0
KR0094,신한라이프생명보험,X,생명보험,2024.3Q,4,(연결)주당순이익(원),-,3969.0
KR0094,신한라이프생명보험,X,생명보험,2024.4Q,4,(연결)주당순이익(원),-,4475.0
KR0094,신한라이프생명보험,X,생명보험,2025.1Q,4,(연결)주당순이익(원),-,1405.0
KR0094,신한라이프생명보험,X,생명보험,2025.2Q,4,(연결)주당순이익(원),-,2931.0
KR0094,신한라이프생명보험,X,생명보험,2025.3Q,4,(연결)주당순이익(원),-,4402.0
KR0094,신한라이프생명보험,X,생명보험,2025.4Q,4,(연결)주당순이익(원),-,4333.0
KR0094,신한라이프생명보험,X,생명보험,2026.1Q,4,(연결)주당순이익(원),-,892.0
KR0094,신한라이프생명보험,X,생명보험,2026.2Q,4,(연결)주당순이익(원),-,2513.0
KR0094,신한라이프생명보험,X,생명보험,2023.1Q,5,현금배당금총액(백만원),-,0.0
KR0094,신한라이프생명보험,X,생명보험,2023.2Q,5,현금배당금총액(백만원),-,0.0
KR0094,신한라이프생명보험,X,생명보험,2023.3Q,5,현금배당금총액(백만원),-,0.0
KR0094,신한라이프생명보험,X,생명보험,2023.4Q,5,현금배당금총액(백만원),-,165338.0
KR0094,신한라이프생명보험,X,생명보험,2024.1Q,5,현금배당금총액(백만원),-,0.0
KR0094,신한라이프생명보험,X,생명보험,2024.2Q,5,현금배당금총액(백만원),-,0.0
KR0094,신한라이프생명보험,X,생명보험,2024.3Q,5,현금배당금총액(백만원),-,0.0
KR0094,신한라이프생명보험,X,생명보험,2024.4Q,5,현금배당금총액(백만원),-,528311.0
KR0094,신한라이프생명보험,X,생명보험,2025.1Q,5,현금배당금총액(백만원),-,0.0
KR0094,신한라이프생명보험,X,생명보험,2025.2Q,5,현금배당금총액(백만원),-,0.0
KR0094,신한라이프생명보험,X,생명보험,2025.3Q,5,현금배당금총액(백만원),-,0.0
KR0094,신한라이프생명보험,X,생명보험,2025.4Q,5,현금배당금총액(백만원),-,0.0
KR0094,신한라이프생명보험,X,생명보험,2026.1Q,5,현금배당금총액(백만원),-,0.0
KR0094,신한라이프생명보험,X,생명보험,2026.2Q,5,현금배당금총액(백만원),-,0.0
KR0094,신한라이프생명보험,X,생명보험,2023.1Q,6,주식배당금총액(백만원),-,0.0
KR0094,신한라이프생명보험,X,생명보험,2023.2Q,6,주식배당금총액(백만원),-,0.0
KR0094,신한라이프생명보험,X,생명보험,2023.3Q,6,주식배당금총액(백만원),-,0.0
KR0094,신한라이프생명보험,X,생명보험,2023.4Q,6,주식배당금총액(백만원),-,0.0
KR0094,신한라이프생명보험,X,생명보험,2024.1Q,6,주식배당금총액(백만원),-,0.0
KR0094,신한라이프생명보험,X,생명보험,2024.2Q,6,주식배당금총액(백만원),-,0.0
KR0094,신한라이프생명보험,X,생명보험,2024.3Q,6,주식배당금총액(백만원),-,0.0
KR0094,신한라이프생명보험,X,생명보험,2024.4Q,6,주식배당금총액(백만원),-,0.0
KR0094,신한라이프생명보험,X,생명보험,2025.1Q,6,주식배당금총액(백만원),-,0.0
KR0094,신한라이프생명보험,X,생명보험,2025.2Q,6,주식배당금총액(백만원),-,0.0
KR0094,신한라이프생명보험,X,생명보험,2025.3Q,6,주식배당금총액(백만원),-,0.0
KR0094,신한라이프생명보험,X,생명보험,2025.4Q,6,주식배당금총액(백만원),-,0.0
KR0094,신한라이프생명보험,X,생명보험,2026.1Q,6,주식배당금총액(백만원),-,0.0
KR0094,신한라이프생명보험,X,생명보험,2026.2Q,6,주식배당금총액(백만원),-,0.0
KR0094,신한라이프생명보험,X,생명보험,2023.4Q,7,(연결)현금배당성향(%),-,35.0
KR0094,신한라이프생명보험,X,생명보험,2024.4Q,7,(연결)현금배당성향(%),-,99.98
KR0094,신한라이프생명보험,X,생명보험,2023.4Q,8,주당 현금배당금(원),보통주,1430.0
KR0094,신한라이프생명보험,X,생명보험,2024.4Q,8,주당 현금배당금(원),보통주,4568.0
KR0099,KB라이프생명,X,생명보험,2023.1Q,1,주당액면가액(원),-,10000.0
KR0099,KB라이프생명,X,생명보험,2023.2Q,1,주당액면가액(원),-,10000.0
KR0099,KB라이프생명,X,생명보험,2023.3Q,1,주당액면가액(원),-,10000.0
KR0099,KB라이프생명,X,생명보험,2023.4Q,1,주당액면가액(원),-,10000.0
KR0099,KB라이프생명,X,생명보험,2024.1Q,1,주당액면가액(원),-,10000.0
KR0099,KB라이프생명,X,생명보험,2024.2Q,1,주당액면가액(원),-,10000.0
KR0099,KB라이프생명,X,생명보험,2024.3Q,1,주당액면가액(원),-,10000.0
KR0099,KB라이프생명,X,생명보험,2024.4Q,1,주당액면가액(원),-,10000.0
KR0099,KB라이프생명,X,생명보험,2025.1Q,1,주당액면가액(원),-,10000.0
KR0099,KB라이프생명,X,생명보험,2025.2Q,1,주당액면가액(원),-,10000.0
KR0099,KB라이프생명,X,생명보험,2025.3Q,1,주당액면가액(원),-,10000.0
KR0099,KB라이프생명,X,생명보험,2025.4Q,1,주당액면가액(원),-,10000.0
KR0099,KB라이프생명,X,생명보험,2026.1Q,1,주당액면가액(원),-,10000.0
KR0099,KB라이프생명,X,생명보험,2026.2Q,1,주당액면가액(원),-,10000.0
KR0099,KB라이프생명,X,생명보험,2023.1Q,2,(연결)당기순이익(백만원),-,121272.0
KR0099,KB라이프생명,X,생명보험,2023.2Q,2,(연결)당기순이익(백만원),-,220036.0
KR0099,KB라이프생명,X,생명보험,2023.3Q,2,(연결)당기순이익(백만원),-,280387.0
KR0099,KB라이프생명,X,생명보험,2023.4Q,2,(연결)당기순이익(백만원),-,256210.0
KR0099,KB라이프생명,X,생명보험,2024.1Q,2,(연결)당기순이익(백만원),-,103399.0
KR0099,KB라이프생명,X,생명보험,2024.2Q,2,(연결)당기순이익(백만원),-,202311.0
KR0099,KB라이프생명,X,생명보험,2024.3Q,2,(연결)당기순이익(백만원),-,276794.0
KR0099,KB라이프생명,X,생명보험,2024.4Q,2,(연결)당기순이익(백만원),-,269404.0
KR0099,KB라이프생명,X,생명보험,2025.1Q,2,(연결)당기순이익(백만원),-,86961.0
KR0099,KB라이프생명,X,생명보험,2025.2Q,2,(연결)당기순이익(백만원),-,189128.0
KR0099,KB라이프생명,X,생명보험,2025.3Q,2,(연결)당기순이익(백만원),-,254794.0
KR0099,KB라이프생명,X,생명보험,2025.4Q,2,(연결)당기순이익(백만원),-,243971.0
KR0099,KB라이프생명,X,생명보험,2026.1Q,2,(연결)당기순이익(백만원),-,79818.0
KR0099,KB라이프생명,X,생명보험,2026.2Q,2,(연결)당기순이익(백만원),-,150622.0
KR0099,KB라이프생명,X,생명보험,2023.1Q,3,(별도)당기순이익(백만원),-,129802.0
KR0099,KB라이프생명,X,생명보험,2023.2Q,3,(별도)당기순이익(백만원),-,234830.0
KR0099,KB라이프생명,X,생명보험,2023.3Q,3,(별도)당기순이익(백만원),-,296874.0
KR0099,KB라이프생명,X,생명보험,2023.4Q,3,(별도)당기순이익(백만원),-,258511.0
KR0099,KB라이프생명,X,생명보험,2024.1Q,3,(별도)당기순이익(백만원),-,105356.0
KR0099,KB라이프생명,X,생명보험,2024.2Q,3,(별도)당기순이익(백만원),-,211995.0
KR0099,KB라이프생명,X,생명보험,2024.3Q,3,(별도)당기순이익(백만원),-,295436.0
KR0099,KB라이프생명,X,생명보험,2024.4Q,3,(별도)당기순이익(백만원),-,299878.0
KR0099,KB라이프생명,X,생명보험,2025.1Q,3,(별도)당기순이익(백만원),-,90315.0
KR0099,KB라이프생명,X,생명보험,2025.2Q,3,(별도)당기순이익(백만원),-,200155.0
KR0099,KB라이프생명,X,생명보험,2025.3Q,3,(별도)당기순이익(백만원),-,267252.0
KR0099,KB라이프생명,X,생명보험,2025.4Q,3,(별도)당기순이익(백만원),-,265888.0
KR0099,KB라이프생명,X,생명보험,2026.1Q,3,(별도)당기순이익(백만원),-,83689.0
KR0099,KB라이프생명,X,생명보험,2026.2Q,3,(별도)당기순이익(백만원),-,158134.0
KR0099,KB라이프생명,X,생명보험,2023.1Q,4,(연결)주당순이익(원),-,7580.0
KR0099,KB라이프생명,X,생명보험,2023.2Q,4,(연결)주당순이익(원),-,13581.0
KR0099,KB라이프생명,X,생명보험,2023.3Q,4,(연결)주당순이익(원),-,17306.0
KR0099,KB라이프생명,X,생명보험,2023.4Q,4,(연결)주당순이익(원),-,15814.0
KR0099,KB라이프생명,X,생명보험,2024.1Q,4,(연결)주당순이익(원),-,6382.0
KR0099,KB라이프생명,X,생명보험,2024.2Q,4,(연결)주당순이익(원),-,12487.0
KR0099,KB라이프생명,X,생명보험,2024.3Q,4,(연결)주당순이익(원),-,17084.0
KR0099,KB라이프생명,X,생명보험,2024.4Q,4,(연결)주당순이익(원),-,16628.0
KR0099,KB라이프생명,X,생명보험,2025.1Q,4,(연결)주당순이익(원),-,5367.0
KR0099,KB라이프생명,X,생명보험,2025.2Q,4,(연결)주당순이익(원),-,11673.0
KR0099,KB라이프생명,X,생명보험,2025.3Q,4,(연결)주당순이익(원),-,15727.0
KR0099,KB라이프생명,X,생명보험,2025.4Q,4,(연결)주당순이익(원),-,15059.0
KR0099,KB라이프생명,X,생명보험,2026.1Q,4,(연결)주당순이익(원),-,4927.0
KR0099,KB라이프생명,X,생명보험,2026.2Q,4,(연결)주당순이익(원),-,9297.0
KR0099,KB라이프생명,X,생명보험,2023.1Q,5,현금배당금총액(백만원),-,0.0
KR0099,KB라이프생명,X,생명보험,2023.2Q,5,현금배당금총액(백만원),-,0.0
KR0099,KB라이프생명,X,생명보험,2023.3Q,5,현금배당금총액(백만원),-,0.0
KR0099,KB라이프생명,X,생명보험,2023.4Q,5,현금배당금총액(백만원),-,0.0
KR0099,KB라이프생명,X,생명보험,2024.1Q,5,현금배당금총액(백만원),-,150000.0
KR0099,KB라이프생명,X,생명보험,2024.2Q,5,현금배당금총액(백만원),-,150000.0
KR0099,KB라이프생명,X,생명보험,2024.3Q,5,현금배당금총액(백만원),-,150000.0
KR0099,KB라이프생명,X,생명보험,2024.4Q,5,현금배당금총액(백만원),-,280000.0
KR0099,KB라이프생명,X,생명보험,2025.1Q,5,현금배당금총액(백만원),-,0.0
KR0099,KB라이프생명,X,생명보험,2025.2Q,5,현금배당금총액(백만원),-,0.0
KR0099,KB라이프생명,X,생명보험,2025.3Q,5,현금배당금총액(백만원),-,0.0
KR0099,KB라이프생명,X,생명보험,2025.4Q,5,현금배당금총액(백만원),-,120000.0
KR0099,KB라이프생명,X,생명보험,2026.1Q,5,현금배당금총액(백만원),-,0.0
KR0099,KB라이프생명,X,생명보험,2026.2Q,5,현금배당금총액(백만원),-,100000.0
KR0099,KB라이프생명,X,생명보험,2023.1Q,6,주식배당금총액(백만원),-,0.0
KR0099,KB라이프생명,X,생명보험,2023.2Q,6,주식배당금총액(백만원),-,0.0
KR0099,KB라이프생명,X,생명보험,2023.3Q,6,주식배당금총액(백만원),-,0.0
KR0099,KB라이프생명,X,생명보험,2023.4Q,6,주식배당금총액(백만원),-,0.0
KR0099,KB라이프생명,X,생명보험,2024.1Q,6,주식배당금총액(백만원),-,0.0
KR0099,KB라이프생명,X,생명보험,2024.2Q,6,주식배당금총액(백만원),-,0.0
KR0099,KB라이프생명,X,생명보험,2024.3Q,6,주식배당금총액(백만원),-,0.0
KR0099,KB라이프생명,X,생명보험,2024.4Q,6,주식배당금총액(백만원),-,0.0
KR0099,KB라이프생명,X,생명보험,2025.1Q,6,주식배당금총액(백만원),-,0.0
KR0099,KB라이프생명,X,생명보험,2025.2Q,6,주식배당금총액(백만원),-,0.0
KR0099,KB라이프생명,X,생명보험,2025.3Q,6,주식배당금총액(백만원),-,0.0
KR0099,KB라이프생명,X,생명보험,2025.4Q,6,주식배당금총액(백만원),-,0.0
KR0099,KB라이프생명,X,생명보험,2026.1Q,6,주식배당금총액(백만원),-,0.0
KR0099,KB라이프생명,X,생명보험,2026.2Q,6,주식배당금총액(백만원),-,0.0
KR0099,KB라이프생명,X,생명보험,2024.1Q,7,(연결)현금배당성향(%),-,145.1
KR0099,KB라이프생명,X,생명보험,2024.2Q,7,(연결)현금배당성향(%),-,74.1
KR0099,KB라이프생명,X,생명보험,2024.3Q,7,(연결)현금배당성향(%),-,54.2
KR0099,KB라이프생명,X,생명보험,2024.4Q,7,(연결)현금배당성향(%),-,103.9
KR0099,KB라이프생명,X,생명보험,2025.4Q,7,(연결)현금배당성향(%),-,49.2
KR0099,KB라이프생명,X,생명보험,2026.2Q,7,(연결)현금배당성향(%),-,66.4
KR0099,KB라이프생명,X,생명보험,2024.1Q,8,주당 현금배당금(원),보통주,9258.0
KR0099,KB라이프생명,X,생명보험,2024.2Q,8,주당 현금배당금(원),보통주,9258.0
KR0099,KB라이프생명,X,생명보험,2024.3Q,8,주당 현금배당금(원),보통주,9258.0
KR0099,KB라이프생명,X,생명보험,2024.4Q,8,주당 현금배당금(원),보통주,17282.0
KR0099,KB라이프생명,X,생명보험,2025.4Q,8,주당 현금배당금(원),보통주,7407.0
KR0099,KB라이프생명,X,생명보험,2026.2Q,8,주당 현금배당금(원),보통주,6172.0
KR0104,농협생명보험,X,생명보험,2023.1Q,1,주당액면가액(원),-,5000.0
KR0104,농협생명보험,X,생명보험,2023.2Q,1,주당액면가액(원),-,5000.0
KR0104,농협생명보험,X,생명보험,2023.3Q,1,주당액면가액(원),-,5000.0
KR0104,농협생명보험,X,생명보험,2023.4Q,1,주당액면가액(원),-,5000.0
KR0104,농협생명보험,X,생명보험,2024.1Q,1,주당액면가액(원),-,5000.0
KR0104,농협생명보험,X,생명보험,2024.2Q,1,주당액면가액(원),-,5000.0
KR0104,농협생명보험,X,생명보험,2024.3Q,1,주당액면가액(원),-,5000.0
KR0104,농협생명보험,X,생명보험,2024.4Q,1,주당액면가액(원),-,5000.0
KR0104,농협생명보험,X,생명보험,2025.1Q,1,주당액면가액(원),-,5000.0
KR0104,농협생명보험,X,생명보험,2025.2Q,1,주당액면가액(원),-,5000.0
KR0104,농협생명보험,X,생명보험,2025.3Q,1,주당액면가액(원),-,5000.0
KR0104,농협생명보험,X,생명보험,2025.4Q,1,주당액면가액(원),-,5000.0
KR0104,농협생명보험,X,생명보험,2026.1Q,1,주당액면가액(원),-,5000.0
KR0104,농협생명보험,X,생명보험,2026.2Q,1,주당액면가액(원),-,5000.0
KR0104,농협생명보험,X,생명보험,2023.1Q,2,(연결)당기순이익(백만원),-,114644.0
KR0104,농협생명보험,X,생명보험,2023.2Q,2,(연결)당기순이익(백만원),-,141491.0
KR0104,농협생명보험,X,생명보험,2023.3Q,2,(연결)당기순이익(백만원),-,135777.0
KR0104,농협생명보험,X,생명보험,2023.4Q,2,(연결)당기순이익(백만원),-,181707.0
KR0104,농협생명보험,X,생명보험,2024.1Q,2,(연결)당기순이익(백만원),-,78435.0
KR0104,농협생명보험,X,생명보험,2024.2Q,2,(연결)당기순이익(백만원),-,163904.0
KR0104,농협생명보험,X,생명보험,2024.3Q,2,(연결)당기순이익(백만원),-,247843.0
KR0104,농협생명보험,X,생명보험,2024.4Q,2,(연결)당기순이익(백만원),-,246054.0
KR0104,농협생명보험,X,생명보험,2025.1Q,2,(연결)당기순이익(백만원),-,65144.0
KR0104,농협생명보험,X,생명보험,2025.2Q,2,(연결)당기순이익(백만원),-,154716.0
KR0104,농협생명보험,X,생명보험,2025.3Q,2,(연결)당기순이익(백만원),-,210862.0
KR0104,농협생명보험,X,생명보험,2025.4Q,2,(연결)당기순이익(백만원),-,215549.0
KR0104,농협생명보험,X,생명보험,2026.1Q,2,(연결)당기순이익(백만원),-,27215.0
KR0104,농협생명보험,X,생명보험,2026.2Q,2,(연결)당기순이익(백만원),-,35055.0
KR0104,농협생명보험,X,생명보험,2023.1Q,3,(별도)당기순이익(백만원),-,114644.0
KR0104,농협생명보험,X,생명보험,2023.2Q,3,(별도)당기순이익(백만원),-,141491.0
KR0104,농협생명보험,X,생명보험,2023.3Q,3,(별도)당기순이익(백만원),-,135777.0
KR0104,농협생명보험,X,생명보험,2023.4Q,3,(별도)당기순이익(백만원),-,181707.0
KR0104,농협생명보험,X,생명보험,2024.1Q,3,(별도)당기순이익(백만원),-,78435.0
KR0104,농협생명보험,X,생명보험,2023.1Q,4,(연결)주당순이익(원),-,820.0
KR0104,농협생명보험,X,생명보험,2023.2Q,4,(연결)주당순이익(원),-,1012.0
KR0104,농협생명보험,X,생명보험,2023.3Q,4,(연결)주당순이익(원),-,971.0
KR0104,농협생명보험,X,생명보험,2023.4Q,4,(연결)주당순이익(원),-,1300.0
KR0104,농협생명보험,X,생명보험,2024.1Q,4,(연결)주당순이익(원),-,561.0
KR0104,농협생명보험,X,생명보험,2024.2Q,4,(연결)주당순이익(원),-,1172.0
KR0104,농협생명보험,X,생명보험,2024.3Q,4,(연결)주당순이익(원),-,1773.0
KR0104,농협생명보험,X,생명보험,2024.4Q,4,(연결)주당순이익(원),-,1760.0
KR0104,농협생명보험,X,생명보험,2025.1Q,4,(연결)주당순이익(원),-,466.0
KR0104,농협생명보험,X,생명보험,2025.2Q,4,(연결)주당순이익(원),-,1107.0
KR0104,농협생명보험,X,생명보험,2025.3Q,4,(연결)주당순이익(원),-,1508.0
KR0104,농협생명보험,X,생명보험,2025.4Q,4,(연결)주당순이익(원),-,1542.0
KR0104,농협생명보험,X,생명보험,2026.1Q,4,(연결)주당순이익(원),-,195.0
KR0104,농협생명보험,X,생명보험,2026.2Q,4,(연결)주당순이익(원),-,251.0
KR0104,농협생명보험,X,생명보험,2023.1Q,5,현금배당금총액(백만원),-,0.0
KR0104,농협생명보험,X,생명보험,2023.2Q,5,현금배당금총액(백만원),-,0.0
KR0104,농협생명보험,X,생명보험,2023.3Q,5,현금배당금총액(백만원),-,0.0
KR0104,농협생명보험,X,생명보험,2023.4Q,5,현금배당금총액(백만원),-,0.0
KR0104,농협생명보험,X,생명보험,2024.1Q,5,현금배당금총액(백만원),-,0.0
KR0104,농협생명보험,X,생명보험,2024.2Q,5,현금배당금총액(백만원),-,0.0
KR0104,농협생명보험,X,생명보험,2024.3Q,5,현금배당금총액(백만원),-,0.0
KR0104,농협생명보험,X,생명보험,2024.4Q,5,현금배당금총액(백만원),-,0.0
KR0104,농협생명보험,X,생명보험,2025.1Q,5,현금배당금총액(백만원),-,0.0
KR0104,농협생명보험,X,생명보험,2025.2Q,5,현금배당금총액(백만원),-,0.0
KR0104,농협생명보험,X,생명보험,2025.3Q,5,현금배당금총액(백만원),-,0.0
KR0104,농협생명보험,X,생명보험,2025.4Q,5,현금배당금총액(백만원),-,0.0
KR0104,농협생명보험,X,생명보험,2026.1Q,5,현금배당금총액(백만원),-,0.0
KR0104,농협생명보험,X,생명보험,2026.2Q,5,현금배당금총액(백만원),-,0.0
KR0104,농협생명보험,X,생명보험,2023.1Q,6,주식배당금총액(백만원),-,0.0
KR0104,농협생명보험,X,생명보험,2023.2Q,6,주식배당금총액(백만원),-,0.0
KR0104,농협생명보험,X,생명보험,2023.3Q,6,주식배당금총액(백만원),-,0.0
KR0104,농협생명보험,X,생명보험,2023.4Q,6,주식배당금총액(백만원),-,0.0
KR0104,농협생명보험,X,생명보험,2024.1Q,6,주식배당금총액(백만원),-,0.0
KR0104,농협생명보험,X,생명보험,2024.2Q,6,주식배당금총액(백만원),-,0.0
KR0104,농협생명보험,X,생명보험,2024.3Q,6,주식배당금총액(백만원),-,0.0
KR0104,농협생명보험,X,생명보험,2024.4Q,6,주식배당금총액(백만원),-,0.0
KR0104,농협생명보험,X,생명보험,2025.1Q,6,주식배당금총액(백만원),-,0.0
KR0104,농협생명보험,X,생명보험,2025.2Q,6,주식배당금총액(백만원),-,0.0
KR0104,농협생명보험,X,생명보험,2025.3Q,6,주식배당금총액(백만원),-,0.0
KR0104,농협생명보험,X,생명보험,2025.4Q,6,주식배당금총액(백만원),-,0.0
KR0104,농협생명보험,X,생명보험,2026.1Q,6,주식배당금총액(백만원),-,0.0
KR0104,농협생명보험,X,생명보험,2026.2Q,6,주식배당금총액(백만원),-,0.0
KR0150,서울보증보험,031210,손해보험,2024.4Q,1,주당액면가액(원),-,2500.0
KR0150,서울보증보험,031210,손해보험,2025.1Q,1,주당액면가액(원),-,2500.0
KR0150,서울보증보험,031210,손해보험,2025.2Q,1,주당액면가액(원),-,2500.0
KR0150,서울보증보험,031210,손해보험,2025.3Q,1,주당액면가액(원),-,2500.0
KR0150,서울보증보험,031210,손해보험,2025.4Q,1,주당액면가액(원),-,2500.0
KR0150,서울보증보험,031210,손해보험,2026.1Q,1,주당액면가액(원),-,2500.0
KR0150,서울보증보험,031210,손해보험,2026.2Q,1,주당액면가액(원),-,2500.0
KR0150,서울보증보험,031210,손해보험,2024.4Q,2,(연결)당기순이익(백만원),-,213100.0
KR0150,서울보증보험,031210,손해보험,2025.1Q,2,(연결)당기순이익(백만원),-,19374.0
KR0150,서울보증보험,031210,손해보험,2025.2Q,2,(연결)당기순이익(백만원),-,84819.0
KR0150,서울보증보험,031210,손해보험,2025.3Q,2,(연결)당기순이익(백만원),-,146708.0
KR0150,서울보증보험,031210,손해보험,2025.4Q,2,(연결)당기순이익(백만원),-,268373.0
KR0150,서울보증보험,031210,손해보험,2026.1Q,2,(연결)당기순이익(백만원),-,57434.0
KR0150,서울보증보험,031210,손해보험,2026.2Q,2,(연결)당기순이익(백만원),-,123540.0
KR0150,서울보증보험,031210,손해보험,2024.4Q,3,(별도)당기순이익(백만원),-,210955.0
KR0150,서울보증보험,031210,손해보험,2025.1Q,3,(별도)당기순이익(백만원),-,19072.0
KR0150,서울보증보험,031210,손해보험,2025.2Q,3,(별도)당기순이익(백만원),-,84274.0
KR0150,서울보증보험,031210,손해보험,2025.3Q,3,(별도)당기순이익(백만원),-,145561.0
KR0150,서울보증보험,031210,손해보험,2025.4Q,3,(별도)당기순이익(백만원),-,264244.0
KR0150,서울보증보험,031210,손해보험,2026.1Q,3,(별도)당기순이익(백만원),-,56874.0
KR0150,서울보증보험,031210,손해보험,2026.2Q,3,(별도)당기순이익(백만원),-,122355.0
KR0150,서울보증보험,031210,손해보험,2024.4Q,4,(연결)주당순이익(원),-,3052.0
KR0150,서울보증보험,031210,손해보험,2025.2Q,4,(연결)주당순이익(원),-,1215.0
KR0150,서울보증보험,031210,손해보험,2025.3Q,4,(연결)주당순이익(원),-,2101.0
KR0150,서울보증보험,031210,손해보험,2025.4Q,4,(연결)주당순이익(원),-,3844.0
KR0150,서울보증보험,031210,손해보험,2026.1Q,4,(연결)주당순이익(원),-,823.0
KR0150,서울보증보험,031210,손해보험,2026.2Q,4,(연결)주당순이익(원),-,1769.0
KR0150,서울보증보험,031210,손해보험,2024.4Q,5,현금배당금총액(백만원),-,200039.0
KR0150,서울보증보험,031210,손해보험,2025.1Q,5,현금배당금총액(백만원),-,0.0
KR0150,서울보증보험,031210,손해보험,2025.2Q,5,현금배당금총액(백만원),-,0.0
KR0150,서울보증보험,031210,손해보험,2025.3Q,5,현금배당금총액(백만원),-,0.0
KR0150,서울보증보험,031210,손해보험,2025.4Q,5,현금배당금총액(백만원),-,200039.0
KR0150,서울보증보험,031210,손해보험,2026.1Q,5,현금배당금총액(백만원),-,0.0
KR0150,서울보증보험,031210,손해보험,2026.2Q,5,현금배당금총액(백만원),-,30023.0
KR0150,서울보증보험,031210,손해보험,2024.4Q,6,주식배당금총액(백만원),-,0.0
KR0150,서울보증보험,031210,손해보험,2025.1Q,6,주식배당금총액(백만원),-,0.0
KR0150,서울보증보험,031210,손해보험,2025.2Q,6,주식배당금총액(백만원),-,0.0
KR0150,서울보증보험,031210,손해보험,2025.3Q,6,주식배당금총액(백만원),-,0.0
KR0150,서울보증보험,031210,손해보험,2025.4Q,6,주식배당금총액(백만원),-,0.0
KR0150,서울보증보험,031210,손해보험,2026.1Q,6,주식배당금총액(백만원),-,0.0
KR0150,서울보증보험,031210,손해보험,2026.2Q,6,주식배당금총액(백만원),-,0.0
KR0150,서울보증보험,031210,손해보험,2024.4Q,7,(연결)현금배당성향(%),-,93.9
KR0150,서울보증보험,031210,손해보험,2025.4Q,7,(연결)현금배당성향(%),-,74.5
KR0150,서울보증보험,031210,손해보험,2026.2Q,7,(연결)현금배당성향(%),-,24.3
KR0150,서울보증보험,031210,손해보험,2024.4Q,8,주당 현금배당금(원),보통주,2865.0
KR0150,서울보증보험,031210,손해보험,2025.4Q,8,주당 현금배당금(원),보통주,2865.0
KR0150,서울보증보험,031210,손해보험,2026.2Q,8,주당 현금배당금(원),보통주,430.0
KR0150,서울보증보험,031210,손해보험,2025.4Q,10,현금배당수익률(%),보통주,5.2
KR0150,서울보증보험,031210,손해보험,2026.2Q,10,현금배당수익률(%),보통주,1.0
KR1000,코리안리재보험,003690,손해보험,2023.1Q,1,주당액면가액(원),-,500.0
KR1000,코리안리재보험,003690,손해보험,2023.2Q,1,주당액면가액(원),-,500.0
KR1000,코리안리재보험,003690,손해보험,2023.3Q,1,주당액면가액(원),-,500.0
KR1000,코리안리재보험,003690,손해보험,2023.4Q,1,주당액면가액(원),-,500.0
KR1000,코리안리재보험,003690,손해보험,2024.1Q,1,주당액면가액(원),-,500.0
KR1000,코리안리재보험,003690,손해보험,2024.2Q,1,주당액면가액(원),-,500.0
KR1000,코리안리재보험,003690,손해보험,2024.3Q,1,주당액면가액(원),-,500.0
KR1000,코리안리재보험,003690,손해보험,2024.4Q,1,주당액면가액(원),-,500.0
KR1000,코리안리재보험,003690,손해보험,2025.1Q,1,주당액면가액(원),-,500.0
KR1000,코리안리재보험,003690,손해보험,2025.2Q,1,주당액면가액(원),-,500.0
KR1000,코리안리재보험,003690,손해보험,2025.3Q,1,주당액면가액(원),-,500.0
KR1000,코리안리재보험,003690,손해보험,2025.4Q,1,주당액면가액(원),-,500.0
KR1000,코리안리재보험,003690,손해보험,2026.1Q,1,주당액면가액(원),-,500.0
KR1000,코리안리재보험,003690,손해보험,2026.2Q,1,주당액면가액(원),-,500.0
KR1000,코리안리재보험,003690,손해보험,2023.1Q,2,(연결)당기순이익(백만원),-,157857.0
KR1000,코리안리재보험,003690,손해보험,2023.2Q,2,(연결)당기순이익(백만원),-,157857.0
KR1000,코리안리재보험,003690,손해보험,2023.3Q,2,(연결)당기순이익(백만원),-,157857.0
KR1000,코리안리재보험,003690,손해보험,2023.4Q,2,(연결)당기순이익(백만원),-,283869.0
KR1000,코리안리재보험,003690,손해보험,2024.1Q,2,(연결)당기순이익(백만원),-,283869.0
KR1000,코리안리재보험,003690,손해보험,2024.2Q,2,(연결)당기순이익(백만원),-,283869.0
KR1000,코리안리재보험,003690,손해보험,2024.3Q,2,(연결)당기순이익(백만원),-,283869.0
KR1000,코리안리재보험,003690,손해보험,2024.4Q,2,(연결)당기순이익(백만원),-,316671.0
KR1000,코리안리재보험,003690,손해보험,2025.1Q,2,(연결)당기순이익(백만원),-,316671.0
KR1000,코리안리재보험,003690,손해보험,2025.2Q,2,(연결)당기순이익(백만원),-,316671.0
KR1000,코리안리재보험,003690,손해보험,2025.3Q,2,(연결)당기순이익(백만원),-,316671.0
KR1000,코리안리재보험,003690,손해보험,2025.4Q,2,(연결)당기순이익(백만원),-,322041.0
KR1000,코리안리재보험,003690,손해보험,2026.1Q,2,(연결)당기순이익(백만원),-,322041.0
KR1000,코리안리재보험,003690,손해보험,2026.2Q,2,(연결)당기순이익(백만원),-,347194.0
KR1000,코리안리재보험,003690,손해보험,2023.1Q,3,(별도)당기순이익(백만원),-,175249.0
KR1000,코리안리재보험,003690,손해보험,2023.2Q,3,(별도)당기순이익(백만원),-,175249.0
KR1000,코리안리재보험,003690,손해보험,2023.3Q,3,(별도)당기순이익(백만원),-,175249.0
KR1000,코리안리재보험,003690,손해보험,2023.4Q,3,(별도)당기순이익(백만원),-,287486.0
KR1000,코리안리재보험,003690,손해보험,2024.1Q,3,(별도)당기순이익(백만원),-,287486.0
KR1000,코리안리재보험,003690,손해보험,2024.2Q,3,(별도)당기순이익(백만원),-,287486.0
KR1000,코리안리재보험,003690,손해보험,2024.3Q,3,(별도)당기순이익(백만원),-,287486.0
KR1000,코리안리재보험,003690,손해보험,2024.4Q,3,(별도)당기순이익(백만원),-,285873.0
KR1000,코리안리재보험,003690,손해보험,2025.1Q,3,(별도)당기순이익(백만원),-,285873.0
KR1000,코리안리재보험,003690,손해보험,2025.2Q,3,(별도)당기순이익(백만원),-,285873.0
KR1000,코리안리재보험,003690,손해보험,2025.3Q,3,(별도)당기순이익(백만원),-,285873.0
KR1000,코리안리재보험,003690,손해보험,2025.4Q,3,(별도)당기순이익(백만원),-,316581.0
KR1000,코리안리재보험,003690,손해보험,2026.1Q,3,(별도)당기순이익(백만원),-,316581.0
KR1000,코리안리재보험,003690,손해보험,2026.2Q,3,(별도)당기순이익(백만원),-,347287.0
KR1000,코리안리재보험,003690,손해보험,2023.1Q,4,(연결)주당순이익(원),-,1132.0
KR1000,코리안리재보험,003690,손해보험,2023.2Q,4,(연결)주당순이익(원),-,1132.0
KR1000,코리안리재보험,003690,손해보험,2023.3Q,4,(연결)주당순이익(원),-,1132.0
KR1000,코리안리재보험,003690,손해보험,2023.4Q,4,(연결)주당순이익(원),-,1655.0
KR1000,코리안리재보험,003690,손해보험,2024.1Q,4,(연결)주당순이익(원),-,1655.0
KR1000,코리안리재보험,003690,손해보험,2024.2Q,4,(연결)주당순이익(원),-,1655.0
KR1000,코리안리재보험,003690,손해보험,2024.3Q,4,(연결)주당순이익(원),-,1655.0
KR1000,코리안리재보험,003690,손해보험,2024.4Q,4,(연결)주당순이익(원),-,1556.0
KR1000,코리안리재보험,003690,손해보험,2025.1Q,4,(연결)주당순이익(원),-,1556.0
KR1000,코리안리재보험,003690,손해보험,2025.2Q,4,(연결)주당순이익(원),-,1556.0
KR1000,코리안리재보험,003690,손해보험,2025.3Q,4,(연결)주당순이익(원),-,1556.0
KR1000,코리안리재보험,003690,손해보험,2025.4Q,4,(연결)주당순이익(원),-,1587.0
KR1000,코리안리재보험,003690,손해보험,2026.1Q,4,(연결)주당순이익(원),-,1587.0
KR1000,코리안리재보험,003690,손해보험,2026.2Q,4,(연결)주당순이익(원),-,1730.0
KR1000,코리안리재보험,003690,손해보험,2023.1Q,5,현금배당금총액(백만원),-,52771.0
KR1000,코리안리재보험,003690,손해보험,2023.2Q,5,현금배당금총액(백만원),-,52771.0
KR1000,코리안리재보험,003690,손해보험,2023.3Q,5,현금배당금총액(백만원),-,52771.0
KR1000,코리안리재보험,003690,손해보험,2023.4Q,5,현금배당금총액(백만원),-,79524.0
KR1000,코리안리재보험,003690,손해보험,2024.1Q,5,현금배당금총액(백만원),-,79524.0
KR1000,코리안리재보험,003690,손해보험,2024.2Q,5,현금배당금총액(백만원),-,79524.0
KR1000,코리안리재보험,003690,손해보험,2024.3Q,5,현금배당금총액(백만원),-,79524.0
KR1000,코리안리재보험,003690,손해보험,2024.4Q,5,현금배당금총액(백만원),-,91011.0
KR1000,코리안리재보험,003690,손해보험,2025.1Q,5,현금배당금총액(백만원),-,91011.0
KR1000,코리안리재보험,003690,손해보험,2025.2Q,5,현금배당금총액(백만원),-,91011.0
KR1000,코리안리재보험,003690,손해보험,2025.3Q,5,현금배당금총액(백만원),-,91011.0
KR1000,코리안리재보험,003690,손해보험,2025.4Q,5,현금배당금총액(백만원),-,100730.0
KR1000,코리안리재보험,003690,손해보험,2026.1Q,5,현금배당금총액(백만원),-,100730.0
KR1000,코리안리재보험,003690,손해보험,2026.2Q,5,현금배당금총액(백만원),-,0.0
KR1000,코리안리재보험,003690,손해보험,2023.1Q,6,주식배당금총액(백만원),-,0.0
KR1000,코리안리재보험,003690,손해보험,2023.2Q,6,주식배당금총액(백만원),-,0.0
KR1000,코리안리재보험,003690,손해보험,2023.3Q,6,주식배당금총액(백만원),-,0.0
KR1000,코리안리재보험,003690,손해보험,2023.4Q,6,주식배당금총액(백만원),-,0.0
KR1000,코리안리재보험,003690,손해보험,2024.1Q,6,주식배당금총액(백만원),-,0.0
KR1000,코리안리재보험,003690,손해보험,2024.2Q,6,주식배당금총액(백만원),-,0.0
KR1000,코리안리재보험,003690,손해보험,2024.3Q,6,주식배당금총액(백만원),-,0.0
KR1000,코리안리재보험,003690,손해보험,2024.4Q,6,주식배당금총액(백만원),-,0.0
KR1000,코리안리재보험,003690,손해보험,2025.1Q,6,주식배당금총액(백만원),-,0.0
KR1000,코리안리재보험,003690,손해보험,2025.2Q,6,주식배당금총액(백만원),-,0.0
KR1000,코리안리재보험,003690,손해보험,2025.3Q,6,주식배당금총액(백만원),-,0.0
KR1000,코리안리재보험,003690,손해보험,2025.4Q,6,주식배당금총액(백만원),-,0.0
KR1000,코리안리재보험,003690,손해보험,2026.1Q,6,주식배당금총액(백만원),-,0.0
KR1000,코리안리재보험,003690,손해보험,2026.2Q,6,주식배당금총액(백만원),-,0.0
KR1000,코리안리재보험,003690,손해보험,2023.1Q,7,(연결)현금배당성향(%),-,33.43
KR1000,코리안리재보험,003690,손해보험,2023.2Q,7,(연결)현금배당성향(%),-,33.43
KR1000,코리안리재보험,003690,손해보험,2023.3Q,7,(연결)현금배당성향(%),-,33.43
KR1000,코리안리재보험,003690,손해보험,2023.4Q,7,(연결)현금배당성향(%),-,28.0
KR1000,코리안리재보험,003690,손해보험,2024.1Q,7,(연결)현금배당성향(%),-,28.0
KR1000,코리안리재보험,003690,손해보험,2024.2Q,7,(연결)현금배당성향(%),-,28.0
KR1000,코리안리재보험,003690,손해보험,2024.3Q,7,(연결)현금배당성향(%),-,28.0
KR1000,코리안리재보험,003690,손해보험,2024.4Q,7,(연결)현금배당성향(%),-,28.74
KR1000,코리안리재보험,003690,손해보험,2025.1Q,7,(연결)현금배당성향(%),-,28.74
KR1000,코리안리재보험,003690,손해보험,2025.2Q,7,(연결)현금배당성향(%),-,28.74
KR1000,코리안리재보험,003690,손해보험,2025.3Q,7,(연결)현금배당성향(%),-,28.74
KR1000,코리안리재보험,003690,손해보험,2025.4Q,7,(연결)현금배당성향(%),-,31.28
KR1000,코리안리재보험,003690,손해보험,2026.1Q,7,(연결)현금배당성향(%),-,31.28
KR1000,코리안리재보험,003690,손해보험,2023.1Q,8,주당 현금배당금(원),보통주,430.0
KR1000,코리안리재보험,003690,손해보험,2023.2Q,8,주당 현금배당금(원),보통주,430.0
KR1000,코리안리재보험,003690,손해보험,2023.3Q,8,주당 현금배당금(원),보통주,430.0
KR1000,코리안리재보험,003690,손해보험,2023.4Q,8,주당 현금배당금(원),보통주,540.0
KR1000,코리안리재보험,003690,손해보험,2024.1Q,8,주당 현금배당금(원),보통주,540.0
KR1000,코리안리재보험,003690,손해보험,2024.2Q,8,주당 현금배당금(원),보통주,540.0
KR1000,코리안리재보험,003690,손해보험,2024.3Q,8,주당 현금배당금(원),보통주,540.0
KR1000,코리안리재보험,003690,손해보험,2024.4Q,8,주당 현금배당금(원),보통주,515.0
KR1000,코리안리재보험,003690,손해보험,2025.1Q,8,주당 현금배당금(원),보통주,515.0
KR1000,코리안리재보험,003690,손해보험,2025.2Q,8,주당 현금배당금(원),보통주,515.0
KR1000,코리안리재보험,003690,손해보험,2025.3Q,8,주당 현금배당금(원),보통주,515.0
KR1000,코리안리재보험,003690,손해보험,2025.4Q,8,주당 현금배당금(원),보통주,570.0
KR1000,코리안리재보험,003690,손해보험,2026.1Q,8,주당 현금배당금(원),보통주,570.0
KR1000,코리안리재보험,003690,손해보험,2023.1Q,10,현금배당수익률(%),보통주,5.9
KR1000,코리안리재보험,003690,손해보험,2023.2Q,10,현금배당수익률(%),보통주,5.9
KR1000,코리안리재보험,003690,손해보험,2023.3Q,10,현금배당수익률(%),보통주,5.9
KR1000,코리안리재보험,003690,손해보험,2023.4Q,10,현금배당수익률(%),보통주,6.8
KR1000,코리안리재보험,003690,손해보험,2024.1Q,10,현금배당수익률(%),보통주,6.8
KR1000,코리안리재보험,003690,손해보험,2024.2Q,10,현금배당수익률(%),보통주,6.8
KR1000,코리안리재보험,003690,손해보험,2024.3Q,10,현금배당수익률(%),보통주,6.8
KR1000,코리안리재보험,003690,손해보험,2024.4Q,10,현금배당수익률(%),보통주,6.3
KR1000,코리안리재보험,003690,손해보험,2025.1Q,10,현금배당수익률(%),보통주,6.3
KR1000,코리안리재보험,003690,손해보험,2025.2Q,10,현금배당수익률(%),보통주,6.3
KR1000,코리안리재보험,003690,손해보험,2025.3Q,10,현금배당수익률(%),보통주,6.3
KR1000,코리안리재보험,003690,손해보험,2025.4Q,10,현금배당수익률(%),보통주,4.6
KR1000,코리안리재보험,003690,손해보험,2026.1Q,10,현금배당수익률(%),보통주,4.6
