원보험사코드,원수사명,티커,생손보여부,항목번호,항목명,공시분기,값,값_당분기
KR0001,메리츠화재해상보험,,손해보험,1,보험손익,2023.1Q,419537.0,419537.0
KR0001,메리츠화재해상보험,,손해보험,2,생명장기 손익,2023.1Q,374670.0,374670.0
KR0001,메리츠화재해상보험,,손해보험,3,생명장기 원수손익,2023.1Q,360707.0,360707.0
KR0001,메리츠화재해상보험,,손해보험,4,원수 CSM상각,2023.1Q,274578.0,274578.0
KR0001,메리츠화재해상보험,,손해보험,5,원수 위험조정 변동,2023.1Q,25282.0,25282.0
KR0001,메리츠화재해상보험,,손해보험,6,원수 예실차,2023.1Q,122078.0,122078.0
KR0001,메리츠화재해상보험,,손해보험,7,기타 생명장기 원수손익,2023.1Q,-61231.0,-61231.0
KR0001,메리츠화재해상보험,,손해보험,8,생명장기 재보험손익,2023.1Q,13963.0,13963.0
KR0001,메리츠화재해상보험,,손해보험,9,재보험 CSM상각,2023.1Q,-13081.0,-13081.0
KR0001,메리츠화재해상보험,,손해보험,10,재보험 위험조정 변동,2023.1Q,-1610.0,-1610.0
KR0001,메리츠화재해상보험,,손해보험,11,재보험 예실차,2023.1Q,6289.0,6289.0
KR0001,메리츠화재해상보험,,손해보험,12,기타 생명장기 재보험손익,2023.1Q,22365.0,22365.0
KR0001,메리츠화재해상보험,,손해보험,13,자동차손익,2023.1Q,14528.0,14528.0
KR0001,메리츠화재해상보험,,손해보험,14,일반손익,2023.1Q,18331.0,18331.0
KR0001,메리츠화재해상보험,,손해보험,15,기타영업수익,2023.1Q,0.0,0.0
KR0001,메리츠화재해상보험,,손해보험,16,기타사업비용,2023.1Q,-12370.224177,-12370.224177
KR0001,메리츠화재해상보험,,손해보험,17,투자손익,2023.1Q,137183.0,137183.0
KR0001,메리츠화재해상보험,,손해보험,18,투자이익,2023.1Q,,
KR0001,메리츠화재해상보험,,손해보험,19,보험금융손익,2023.1Q,,
KR0001,메리츠화재해상보험,,손해보험,20,영업이익,2023.1Q,556720.0,556720.0
KR0001,메리츠화재해상보험,,손해보험,21,영업외손익,2023.1Q,-795.0,-795.0
KR0001,메리츠화재해상보험,,손해보험,22,세전이익,2023.1Q,555925.0,555925.0
KR0001,메리츠화재해상보험,,손해보험,23,법인세,2023.1Q,150210.0,150210.0
KR0001,메리츠화재해상보험,,손해보험,24,당기순이익,2023.1Q,405715.0,405715.0
KR0001,메리츠화재해상보험,,손해보험,1,보험손익,2023.2Q,822607.0,403070.0
KR0001,메리츠화재해상보험,,손해보험,2,생명장기 손익,2023.2Q,832898.0,458228.0
KR0001,메리츠화재해상보험,,손해보험,3,생명장기 원수손익,2023.2Q,820431.0,459724.0
KR0001,메리츠화재해상보험,,손해보험,4,원수 CSM상각,2023.2Q,552832.0,278254.0
KR0001,메리츠화재해상보험,,손해보험,5,원수 위험조정 변동,2023.2Q,52383.0,27101.0
KR0001,메리츠화재해상보험,,손해보험,6,원수 예실차,2023.2Q,230991.0,108913.0
KR0001,메리츠화재해상보험,,손해보험,7,기타 생명장기 원수손익,2023.2Q,-15775.0,45456.0
KR0001,메리츠화재해상보험,,손해보험,8,생명장기 재보험손익,2023.2Q,12467.0,-1496.0
KR0001,메리츠화재해상보험,,손해보험,9,재보험 CSM상각,2023.2Q,-25704.0,-12623.0
KR0001,메리츠화재해상보험,,손해보험,10,재보험 위험조정 변동,2023.2Q,-3204.0,-1594.0
KR0001,메리츠화재해상보험,,손해보험,11,재보험 예실차,2023.2Q,1964.0,-4325.0
KR0001,메리츠화재해상보험,,손해보험,12,기타 생명장기 재보험손익,2023.2Q,39411.0,17046.0
KR0001,메리츠화재해상보험,,손해보험,13,자동차손익,2023.2Q,25907.0,11379.0
KR0001,메리츠화재해상보험,,손해보험,14,일반손익,2023.2Q,36174.0,17843.0
KR0001,메리츠화재해상보험,,손해보험,15,기타영업수익,2023.2Q,0.0,0.0
KR0001,메리츠화재해상보험,,손해보험,16,기타사업비용,2023.2Q,71546.566619,83916.790796
KR0001,메리츠화재해상보험,,손해보험,17,투자손익,2023.2Q,311191.0,174008.0
KR0001,메리츠화재해상보험,,손해보험,18,투자이익,2023.2Q,,
KR0001,메리츠화재해상보험,,손해보험,19,보험금융손익,2023.2Q,,
KR0001,메리츠화재해상보험,,손해보험,20,영업이익,2023.2Q,1133799.0,577079.0
KR0001,메리츠화재해상보험,,손해보험,21,영업외손익,2023.2Q,-395.0,400.0
KR0001,메리츠화재해상보험,,손해보험,22,세전이익,2023.2Q,1133404.0,577479.0
KR0001,메리츠화재해상보험,,손해보험,23,법인세,2023.2Q,295046.0,144836.0
KR0001,메리츠화재해상보험,,손해보험,24,당기순이익,2023.2Q,838358.0,432643.0
KR0001,메리츠화재해상보험,,손해보험,1,보험손익,2023.3Q,1233704.626867,411097.626867
KR0001,메리츠화재해상보험,,손해보험,2,생명장기 손익,2023.3Q,1469131.0,636233.0
KR0001,메리츠화재해상보험,,손해보험,3,생명장기 원수손익,2023.3Q,1650155.0,829724.0
KR0001,메리츠화재해상보험,,손해보험,4,원수 CSM상각,2023.3Q,837969.0,285137.0
KR0001,메리츠화재해상보험,,손해보험,5,원수 위험조정 변동,2023.3Q,90263.0,37880.0
KR0001,메리츠화재해상보험,,손해보험,6,원수 예실차,2023.3Q,415719.0,184728.0
KR0001,메리츠화재해상보험,,손해보험,7,기타 생명장기 원수손익,2023.3Q,306204.0,321979.0
KR0001,메리츠화재해상보험,,손해보험,8,생명장기 재보험손익,2023.3Q,-181024.0,-193491.0
KR0001,메리츠화재해상보험,,손해보험,9,재보험 CSM상각,2023.3Q,-131855.0,-106151.0
KR0001,메리츠화재해상보험,,손해보험,10,재보험 위험조정 변동,2023.3Q,-6093.0,-2889.0
KR0001,메리츠화재해상보험,,손해보험,11,재보험 예실차,2023.3Q,-63669.0,-65633.0
KR0001,메리츠화재해상보험,,손해보험,12,기타 생명장기 재보험손익,2023.3Q,20593.0,-18818.0
KR0001,메리츠화재해상보험,,손해보험,13,자동차손익,2023.3Q,32218.0,6311.0
KR0001,메리츠화재해상보험,,손해보험,14,일반손익,2023.3Q,39733.0,3559.0
KR0001,메리츠화재해상보험,,손해보험,15,기타영업수익,2023.3Q,0.0,0.0
KR0001,메리츠화재해상보험,,손해보험,16,기타사업비용,2023.3Q,239981.664039,168435.09742
KR0001,메리츠화재해상보험,,손해보험,17,투자손익,2023.3Q,509124.65211,197933.65211
KR0001,메리츠화재해상보험,,손해보험,18,투자이익,2023.3Q,991329.332618,
KR0001,메리츠화재해상보험,,손해보험,19,보험금융손익,2023.3Q,-482204.680508,
KR0001,메리츠화재해상보험,,손해보험,20,영업이익,2023.3Q,1742829.278977,609030.278977
KR0001,메리츠화재해상보험,,손해보험,21,영업외손익,2023.3Q,11454.872496,11849.872496
KR0001,메리츠화재해상보험,,손해보험,22,세전이익,2023.3Q,1754284.151473,620880.151473
KR0001,메리츠화재해상보험,,손해보험,23,법인세,2023.3Q,458214.829849,163168.829849
KR0001,메리츠화재해상보험,,손해보험,24,당기순이익,2023.3Q,1296069.321624,457711.321624
KR0001,메리츠화재해상보험,,손해보험,1,보험손익,2023.4Q,1497057.260733,263352.633866
KR0001,메리츠화재해상보험,,손해보험,2,생명장기 손익,2023.4Q,1739416.0,270285.0
KR0001,메리츠화재해상보험,,손해보험,3,생명장기 원수손익,2023.4Q,1932426.0,282271.0
KR0001,메리츠화재해상보험,,손해보험,4,원수 CSM상각,2023.4Q,1069760.0,231791.0
KR0001,메리츠화재해상보험,,손해보험,5,원수 위험조정 변동,2023.4Q,131440.0,41177.0
KR0001,메리츠화재해상보험,,손해보험,6,원수 예실차,2023.4Q,561192.0,145473.0
KR0001,메리츠화재해상보험,,손해보험,7,기타 생명장기 원수손익,2023.4Q,170034.0,-136170.0
KR0001,메리츠화재해상보험,,손해보험,8,생명장기 재보험손익,2023.4Q,-193010.0,-11986.0
KR0001,메리츠화재해상보험,,손해보험,9,재보험 CSM상각,2023.4Q,-121201.0,10654.0
KR0001,메리츠화재해상보험,,손해보험,10,재보험 위험조정 변동,2023.4Q,-8862.0,-2769.0
KR0001,메리츠화재해상보험,,손해보험,11,재보험 예실차,2023.4Q,-84654.0,-20985.0
KR0001,메리츠화재해상보험,,손해보험,12,기타 생명장기 재보험손익,2023.4Q,21707.0,1114.0
KR0001,메리츠화재해상보험,,손해보험,13,자동차손익,2023.4Q,13041.0,-19177.0
KR0001,메리츠화재해상보험,,손해보험,14,일반손익,2023.4Q,14233.0,-25500.0
KR0001,메리츠화재해상보험,,손해보험,15,기타영업수익,2023.4Q,0.0,0.0
KR0001,메리츠화재해상보험,,손해보험,16,기타사업비용,2023.4Q,269632.464078,29650.800039
KR0001,메리츠화재해상보험,,손해보험,17,투자손익,2023.4Q,609451.778718,100327.126608
KR0001,메리츠화재해상보험,,손해보험,18,투자이익,2023.4Q,1257514.278016,266184.945398
KR0001,메리츠화재해상보험,,손해보험,19,보험금융손익,2023.4Q,-648062.499298,-165857.81879
KR0001,메리츠화재해상보험,,손해보험,20,영업이익,2023.4Q,2106509.039451,363679.760474
KR0001,메리츠화재해상보험,,손해보험,21,영업외손익,2023.4Q,12978.156515,1523.284019
KR0001,메리츠화재해상보험,,손해보험,22,세전이익,2023.4Q,2119487.195966,365203.044493
KR0001,메리츠화재해상보험,,손해보험,23,법인세,2023.4Q,552504.563436,94289.733587
KR0001,메리츠화재해상보험,,손해보험,24,당기순이익,2023.4Q,1566982.63253,270913.310906
KR0001,메리츠화재해상보험,,손해보험,1,보험손익,2024.1Q,457913.266203,457913.266203
KR0001,메리츠화재해상보험,,손해보험,2,생명장기 손익,2024.1Q,446990.0,446990.0
KR0001,메리츠화재해상보험,,손해보험,3,생명장기 원수손익,2024.1Q,452268.0,452268.0
KR0001,메리츠화재해상보험,,손해보험,4,원수 CSM상각,2024.1Q,289028.0,289028.0
KR0001,메리츠화재해상보험,,손해보험,5,원수 위험조정 변동,2024.1Q,39973.0,39973.0
KR0001,메리츠화재해상보험,,손해보험,6,원수 예실차,2024.1Q,139264.0,139264.0
KR0001,메리츠화재해상보험,,손해보험,7,기타 생명장기 원수손익,2024.1Q,-15997.0,-15997.0
KR0001,메리츠화재해상보험,,손해보험,8,생명장기 재보험손익,2024.1Q,-5278.0,-5278.0
KR0001,메리츠화재해상보험,,손해보험,9,재보험 CSM상각,2024.1Q,-5185.0,-5185.0
KR0001,메리츠화재해상보험,,손해보험,10,재보험 위험조정 변동,2024.1Q,-2257.0,-2257.0
KR0001,메리츠화재해상보험,,손해보험,11,재보험 예실차,2024.1Q,-11473.0,-11473.0
KR0001,메리츠화재해상보험,,손해보험,12,기타 생명장기 재보험손익,2024.1Q,13637.0,13637.0
KR0001,메리츠화재해상보험,,손해보험,13,자동차손익,2024.1Q,6382.0,6382.0
KR0001,메리츠화재해상보험,,손해보험,14,일반손익,2024.1Q,25393.0,25393.0
KR0001,메리츠화재해상보험,,손해보험,15,기타영업수익,2024.1Q,0.0,0.0
KR0001,메리츠화재해상보험,,손해보험,16,기타사업비용,2024.1Q,20852.35949,20852.35949
KR0001,메리츠화재해상보험,,손해보험,17,투자손익,2024.1Q,202735.201442,202735.201442
KR0001,메리츠화재해상보험,,손해보험,18,투자이익,2024.1Q,377979.210481,377979.210481
KR0001,메리츠화재해상보험,,손해보험,19,보험금융손익,2024.1Q,-175244.009039,-175244.009039
KR0001,메리츠화재해상보험,,손해보험,20,영업이익,2024.1Q,660648.467645,660648.467645
KR0001,메리츠화재해상보험,,손해보험,21,영업외손익,2024.1Q,416.998726,416.998726
KR0001,메리츠화재해상보험,,손해보험,22,세전이익,2024.1Q,661065.466371,661065.466371
KR0001,메리츠화재해상보험,,손해보험,23,법인세,2024.1Q,170201.329315,170201.329315
KR0001,메리츠화재해상보험,,손해보험,24,당기순이익,2024.1Q,490864.137056,490864.137056
KR0001,메리츠화재해상보험,,손해보험,1,보험손익,2024.2Q,941140.976929,483227.710726
KR0001,메리츠화재해상보험,,손해보험,2,생명장기 손익,2024.2Q,962751.0,515761.0
KR0001,메리츠화재해상보험,,손해보험,3,생명장기 원수손익,2024.2Q,984638.0,532370.0
KR0001,메리츠화재해상보험,,손해보험,4,원수 CSM상각,2024.2Q,575942.0,286914.0
KR0001,메리츠화재해상보험,,손해보험,5,원수 위험조정 변동,2024.2Q,79380.0,39407.0
KR0001,메리츠화재해상보험,,손해보험,6,원수 예실차,2024.2Q,329963.0,190699.0
KR0001,메리츠화재해상보험,,손해보험,7,기타 생명장기 원수손익,2024.2Q,-647.0,15350.0
KR0001,메리츠화재해상보험,,손해보험,8,생명장기 재보험손익,2024.2Q,-21887.0,-16609.0
KR0001,메리츠화재해상보험,,손해보험,9,재보험 CSM상각,2024.2Q,-9525.0,-4340.0
KR0001,메리츠화재해상보험,,손해보험,10,재보험 위험조정 변동,2024.2Q,-4139.0,-1882.0
KR0001,메리츠화재해상보험,,손해보험,11,재보험 예실차,2024.2Q,-29375.0,-17902.0
KR0001,메리츠화재해상보험,,손해보험,12,기타 생명장기 재보험손익,2024.2Q,21152.0,7515.0
KR0001,메리츠화재해상보험,,손해보험,13,자동차손익,2024.2Q,13650.0,7268.0
KR0001,메리츠화재해상보험,,손해보험,14,일반손익,2024.2Q,59582.0,34189.0
KR0001,메리츠화재해상보험,,손해보험,15,기타영업수익,2024.2Q,0.0,0.0
KR0001,메리츠화재해상보험,,손해보험,16,기타사업비용,2024.2Q,94842.646004,73990.286514
KR0001,메리츠화재해상보험,,손해보험,17,투자손익,2024.2Q,395913.276069,193178.074627
KR0001,메리츠화재해상보험,,손해보험,18,투자이익,2024.2Q,742248.417529,364269.207048
KR0001,메리츠화재해상보험,,손해보험,19,보험금융손익,2024.2Q,-346335.14146,-171091.132421
KR0001,메리츠화재해상보험,,손해보험,20,영업이익,2024.2Q,1337054.252998,676405.785353
KR0001,메리츠화재해상보험,,손해보험,21,영업외손익,2024.2Q,732.060556,315.06183
KR0001,메리츠화재해상보험,,손해보험,22,세전이익,2024.2Q,1337786.313554,676720.847183
KR0001,메리츠화재해상보험,,손해보험,23,법인세,2024.2Q,340101.312372,169899.983057
KR0001,메리츠화재해상보험,,손해보험,24,당기순이익,2024.2Q,997685.001182,506820.864126
KR0001,메리츠화재해상보험,,손해보험,1,보험손익,2024.3Q,1404299.373014,463158.396085
KR0001,메리츠화재해상보험,,손해보험,2,생명장기 손익,2024.3Q,1432241.0,469490.0
KR0001,메리츠화재해상보험,,손해보험,3,생명장기 원수손익,2024.3Q,1476272.0,491634.0
KR0001,메리츠화재해상보험,,손해보험,4,원수 CSM상각,2024.3Q,857677.0,281735.0
KR0001,메리츠화재해상보험,,손해보험,5,원수 위험조정 변동,2024.3Q,118287.0,38907.0
KR0001,메리츠화재해상보험,,손해보험,6,원수 예실차,2024.3Q,527218.0,197255.0
KR0001,메리츠화재해상보험,,손해보험,7,기타 생명장기 원수손익,2024.3Q,-26910.0,-26263.0
KR0001,메리츠화재해상보험,,손해보험,8,생명장기 재보험손익,2024.3Q,-44031.0,-22144.0
KR0001,메리츠화재해상보험,,손해보험,9,재보험 CSM상각,2024.3Q,-12916.0,-3391.0
KR0001,메리츠화재해상보험,,손해보험,10,재보험 위험조정 변동,2024.3Q,-6094.0,-1955.0
KR0001,메리츠화재해상보험,,손해보험,11,재보험 예실차,2024.3Q,-50451.0,-21076.0
KR0001,메리츠화재해상보험,,손해보험,12,기타 생명장기 재보험손익,2024.3Q,25430.0,4278.0
KR0001,메리츠화재해상보험,,손해보험,13,자동차손익,2024.3Q,13069.0,-581.0
KR0001,메리츠화재해상보험,,손해보험,14,일반손익,2024.3Q,72412.0,12830.0
KR0001,메리츠화재해상보험,,손해보험,15,기타영업수익,2024.3Q,0.0,0.0
KR0001,메리츠화재해상보험,,손해보험,16,기타사업비용,2024.3Q,113422.079083,18579.433079
KR0001,메리츠화재해상보험,,손해보험,17,투자손익,2024.3Q,599783.787898,203870.511829
KR0001,메리츠화재해상보험,,손해보험,18,투자이익,2024.3Q,1119915.751455,377667.333926
KR0001,메리츠화재해상보험,,손해보험,19,보험금융손익,2024.3Q,-520131.963557,-173796.822097
KR0001,메리츠화재해상보험,,손해보험,20,영업이익,2024.3Q,2004083.160912,667028.907914
KR0001,메리츠화재해상보험,,손해보험,21,영업외손익,2024.3Q,1259.293391,527.232835
KR0001,메리츠화재해상보험,,손해보험,22,세전이익,2024.3Q,2005342.454303,667556.140749
KR0001,메리츠화재해상보험,,손해보험,23,법인세,2024.3Q,512557.961624,172456.649252
KR0001,메리츠화재해상보험,,손해보험,24,당기순이익,2024.3Q,1492784.492679,495099.491497
KR0001,메리츠화재해상보험,,손해보험,1,보험손익,2024.4Q,1533644.053333,129344.680319
KR0001,메리츠화재해상보험,,손해보험,2,생명장기 손익,2024.4Q,1634072.0,201831.0
KR0001,메리츠화재해상보험,,손해보험,3,생명장기 원수손익,2024.4Q,1703998.0,227726.0
KR0001,메리츠화재해상보험,,손해보험,4,원수 CSM상각,2024.4Q,1150169.0,292492.0
KR0001,메리츠화재해상보험,,손해보험,5,원수 위험조정 변동,2024.4Q,155256.0,36969.0
KR0001,메리츠화재해상보험,,손해보험,6,원수 예실차,2024.4Q,174240.0,-352978.0
KR0001,메리츠화재해상보험,,손해보험,7,기타 생명장기 원수손익,2024.4Q,224333.0,251243.0
KR0001,메리츠화재해상보험,,손해보험,8,생명장기 재보험손익,2024.4Q,-69926.0,-25895.0
KR0001,메리츠화재해상보험,,손해보험,9,재보험 CSM상각,2024.4Q,-11733.0,1183.0
KR0001,메리츠화재해상보험,,손해보험,10,재보험 위험조정 변동,2024.4Q,-8150.0,-2056.0
KR0001,메리츠화재해상보험,,손해보험,11,재보험 예실차,2024.4Q,-1677.0,48774.0
KR0001,메리츠화재해상보험,,손해보험,12,기타 생명장기 재보험손익,2024.4Q,-48366.0,-73796.0
KR0001,메리츠화재해상보험,,손해보험,13,자동차손익,2024.4Q,-10879.0,-23948.0
KR0001,메리츠화재해상보험,,손해보험,14,일반손익,2024.4Q,69250.0,-3162.0
KR0001,메리츠화재해상보험,,손해보험,15,기타영업수익,2024.4Q,0.0,0.0
KR0001,메리츠화재해상보험,,손해보험,16,기타사업비용,2024.4Q,158799.372142,45377.293059
KR0001,메리츠화재해상보험,,손해보험,17,투자손익,2024.4Q,761580.942493,161797.154595
KR0001,메리츠화재해상보험,,손해보험,18,투자이익,2024.4Q,1452883.434705,332967.68325
KR0001,메리츠화재해상보험,,손해보험,19,보험금융손익,2024.4Q,-691302.492212,-171170.528655
KR0001,메리츠화재해상보험,,손해보험,20,영업이익,2024.4Q,2295224.995826,291141.834914
KR0001,메리츠화재해상보험,,손해보험,21,영업외손익,2024.4Q,3182.418989,1923.125598
KR0001,메리츠화재해상보험,,손해보험,22,세전이익,2024.4Q,2298407.414815,293064.960512
KR0001,메리츠화재해상보험,,손해보험,23,법인세,2024.4Q,587857.531432,75299.569808
KR0001,메리츠화재해상보험,,손해보험,24,당기순이익,2024.4Q,1710549.883383,217765.390704
KR0001,메리츠화재해상보험,,손해보험,1,보험손익,2025.1Q,359840.075626,359840.075626
KR0001,메리츠화재해상보험,,손해보험,2,생명장기 손익,2025.1Q,396284.0,396284.0
KR0001,메리츠화재해상보험,,손해보험,3,생명장기 원수손익,2025.1Q,400450.0,400450.0
KR0001,메리츠화재해상보험,,손해보험,4,원수 CSM상각,2025.1Q,287644.0,287644.0
KR0001,메리츠화재해상보험,,손해보험,5,원수 위험조정 변동,2025.1Q,42375.0,42375.0
KR0001,메리츠화재해상보험,,손해보험,6,원수 예실차,2025.1Q,12716.0,12716.0
KR0001,메리츠화재해상보험,,손해보험,7,기타 생명장기 원수손익,2025.1Q,57715.0,57715.0
KR0001,메리츠화재해상보험,,손해보험,8,생명장기 재보험손익,2025.1Q,-4166.0,-4166.0
KR0001,메리츠화재해상보험,,손해보험,9,재보험 CSM상각,2025.1Q,-4954.0,-4954.0
KR0001,메리츠화재해상보험,,손해보험,10,재보험 위험조정 변동,2025.1Q,-1929.0,-1929.0
KR0001,메리츠화재해상보험,,손해보험,11,재보험 예실차,2025.1Q,8518.0,8518.0
KR0001,메리츠화재해상보험,,손해보험,12,기타 생명장기 재보험손익,2025.1Q,-5801.0,-5801.0
KR0001,메리츠화재해상보험,,손해보험,13,자동차손익,2025.1Q,-6868.0,-6868.0
KR0001,메리츠화재해상보험,,손해보험,14,일반손익,2025.1Q,-3653.0,-3653.0
KR0001,메리츠화재해상보험,,손해보험,15,기타영업수익,2025.1Q,0.0,0.0
KR0001,메리츠화재해상보험,,손해보험,16,기타사업비용,2025.1Q,25923.169977,25923.169977
KR0001,메리츠화재해상보험,,손해보험,17,투자손익,2025.1Q,262066.998393,262066.998393
KR0001,메리츠화재해상보험,,손해보험,18,투자이익,2025.1Q,423878.22068,423878.22068
KR0001,메리츠화재해상보험,,손해보험,19,보험금융손익,2025.1Q,-161811.222287,-161811.222287
KR0001,메리츠화재해상보험,,손해보험,20,영업이익,2025.1Q,621907.074019,621907.074019
KR0001,메리츠화재해상보험,,손해보험,21,영업외손익,2025.1Q,2109.6886,2109.6886
KR0001,메리츠화재해상보험,,손해보험,22,세전이익,2025.1Q,624016.762619,624016.762619
KR0001,메리츠화재해상보험,,손해보험,23,법인세,2025.1Q,161503.39027,161503.39027
KR0001,메리츠화재해상보험,,손해보험,24,당기순이익,2025.1Q,462513.372349,462513.372349
KR0001,메리츠화재해상보험,,손해보험,1,보험손익,2025.2Q,724191.945967,364351.870341
KR0001,메리츠화재해상보험,,손해보험,2,생명장기 손익,2025.2Q,756697.0,360413.0
KR0001,메리츠화재해상보험,,손해보험,3,생명장기 원수손익,2025.2Q,767523.0,367073.0
KR0001,메리츠화재해상보험,,손해보험,4,원수 CSM상각,2025.2Q,574445.0,286801.0
KR0001,메리츠화재해상보험,,손해보험,5,원수 위험조정 변동,2025.2Q,86806.0,44431.0
KR0001,메리츠화재해상보험,,손해보험,6,원수 예실차,2025.2Q,29184.0,16468.0
KR0001,메리츠화재해상보험,,손해보험,7,기타 생명장기 원수손익,2025.2Q,77088.0,19373.0
KR0001,메리츠화재해상보험,,손해보험,8,생명장기 재보험손익,2025.2Q,-10826.0,-6660.0
KR0001,메리츠화재해상보험,,손해보험,9,재보험 CSM상각,2025.2Q,-11491.0,-6537.0
KR0001,메리츠화재해상보험,,손해보험,10,재보험 위험조정 변동,2025.2Q,-3825.0,-1896.0
KR0001,메리츠화재해상보험,,손해보험,11,재보험 예실차,2025.2Q,16017.0,7499.0
KR0001,메리츠화재해상보험,,손해보험,12,기타 생명장기 재보험손익,2025.2Q,-11527.0,-5726.0
KR0001,메리츠화재해상보험,,손해보험,13,자동차손익,2025.2Q,-7507.0,-639.0
KR0001,메리츠화재해상보험,,손해보험,14,일반손익,2025.2Q,29590.0,33243.0
KR0001,메리츠화재해상보험,,손해보험,15,기타영업수익,2025.2Q,0.0,0.0
KR0001,메리츠화재해상보험,,손해보험,16,기타사업비용,2025.2Q,54587.345833,28664.175856
KR0001,메리츠화재해상보험,,손해보험,17,투자손익,2025.2Q,604758.352688,342691.354295
KR0001,메리츠화재해상보험,,손해보험,18,투자이익,2025.2Q,923330.890289,499452.669609
KR0001,메리츠화재해상보험,,손해보험,19,보험금융손익,2025.2Q,-318572.537601,-156761.315314
KR0001,메리츠화재해상보험,,손해보험,20,영업이익,2025.2Q,1328950.298655,707043.224636
KR0001,메리츠화재해상보험,,손해보험,21,영업외손익,2025.2Q,2524.142953,414.454353
KR0001,메리츠화재해상보험,,손해보험,22,세전이익,2025.2Q,1331474.441608,707457.678989
KR0001,메리츠화재해상보험,,손해보험,23,법인세,2025.2Q,344220.070327,182716.680057
KR0001,메리츠화재해상보험,,손해보험,24,당기순이익,2025.2Q,987254.371281,524740.998932
KR0001,메리츠화재해상보험,,손해보험,1,보험손익,2025.3Q,1024249.485878,300057.539911
KR0001,메리츠화재해상보험,,손해보험,2,생명장기 손익,2025.3Q,1091246.0,334549.0
KR0001,메리츠화재해상보험,,손해보험,3,생명장기 원수손익,2025.3Q,1112175.0,344652.0
KR0001,메리츠화재해상보험,,손해보험,4,원수 CSM상각,2025.3Q,869104.0,294659.0
KR0001,메리츠화재해상보험,,손해보험,5,원수 위험조정 변동,2025.3Q,133029.0,46223.0
KR0001,메리츠화재해상보험,,손해보험,6,원수 예실차,2025.3Q,-59179.0,-88363.0
KR0001,메리츠화재해상보험,,손해보험,7,기타 생명장기 원수손익,2025.3Q,169221.0,92133.0
KR0001,메리츠화재해상보험,,손해보험,8,생명장기 재보험손익,2025.3Q,-20929.0,-10103.0
KR0001,메리츠화재해상보험,,손해보험,9,재보험 CSM상각,2025.3Q,-20010.0,-8519.0
KR0001,메리츠화재해상보험,,손해보험,10,재보험 위험조정 변동,2025.3Q,-6631.0,-2806.0
KR0001,메리츠화재해상보험,,손해보험,11,재보험 예실차,2025.3Q,29392.0,13375.0
KR0001,메리츠화재해상보험,,손해보험,12,기타 생명장기 재보험손익,2025.3Q,-23680.0,-12153.0
KR0001,메리츠화재해상보험,,손해보험,13,자동차손익,2025.3Q,-16372.0,-8865.0
KR0001,메리츠화재해상보험,,손해보험,14,일반손익,2025.3Q,29833.0,243.0
KR0001,메리츠화재해상보험,,손해보험,15,기타영업수익,2025.3Q,0.0,0.0
KR0001,메리츠화재해상보험,,손해보험,16,기타사업비용,2025.3Q,80458.109851,25870.764018
KR0001,메리츠화재해상보험,,손해보험,17,투자손익,2025.3Q,929749.132806,324990.780118
KR0001,메리츠화재해상보험,,손해보험,18,투자이익,2025.3Q,1409864.833071,486533.942782
KR0001,메리츠화재해상보험,,손해보험,19,보험금융손익,2025.3Q,-480115.700265,-161543.162664
KR0001,메리츠화재해상보험,,손해보험,20,영업이익,2025.3Q,1953998.618684,625048.320029
KR0001,메리츠화재해상보험,,손해보험,21,영업외손익,2025.3Q,4545.696684,2021.553731
KR0001,메리츠화재해상보험,,손해보험,22,세전이익,2025.3Q,1958544.315368,627069.87376
KR0001,메리츠화재해상보험,,손해보험,23,법인세,2025.3Q,507468.474397,163248.40407
KR0001,메리츠화재해상보험,,손해보험,24,당기순이익,2025.3Q,1451075.840971,463821.46969
KR0001,메리츠화재해상보험,,손해보험,1,보험손익,2025.4Q,1425411.27889,401161.793012
KR0001,메리츠화재해상보험,,손해보험,2,생명장기 손익,2025.4Q,1573297.0,482051.0
KR0001,메리츠화재해상보험,,손해보험,3,생명장기 원수손익,2025.4Q,1614188.0,502013.0
KR0001,메리츠화재해상보험,,손해보험,4,원수 CSM상각,2025.4Q,1167264.0,298160.0
KR0001,메리츠화재해상보험,,손해보험,5,원수 위험조정 변동,2025.4Q,181943.0,48914.0
KR0001,메리츠화재해상보험,,손해보험,6,원수 예실차,2025.4Q,-187506.0,-128327.0
KR0001,메리츠화재해상보험,,손해보험,7,기타 생명장기 원수손익,2025.4Q,452487.0,283266.0
KR0001,메리츠화재해상보험,,손해보험,8,생명장기 재보험손익,2025.4Q,-40891.0,-19962.0
KR0001,메리츠화재해상보험,,손해보험,9,재보험 CSM상각,2025.4Q,-34966.0,-14956.0
KR0001,메리츠화재해상보험,,손해보험,10,재보험 위험조정 변동,2025.4Q,-8699.0,-2068.0
KR0001,메리츠화재해상보험,,손해보험,11,재보험 예실차,2025.4Q,51886.0,22494.0
KR0001,메리츠화재해상보험,,손해보험,12,기타 생명장기 재보험손익,2025.4Q,-49112.0,-25432.0
KR0001,메리츠화재해상보험,,손해보험,13,자동차손익,2025.4Q,-46324.0,-29952.0
KR0001,메리츠화재해상보험,,손해보험,14,일반손익,2025.4Q,36147.0,6314.0
KR0001,메리츠화재해상보험,,손해보험,15,기타영업수익,2025.4Q,0.0,0.0
KR0001,메리츠화재해상보험,,손해보험,16,기타사업비용,2025.4Q,137710.227534,57252.117683
KR0001,메리츠화재해상보험,,손해보험,17,투자손익,2025.4Q,862351.698548,-67397.434258
KR0001,메리츠화재해상보험,,손해보험,18,투자이익,2025.4Q,1503926.837163,94062.004092
KR0001,메리츠화재해상보험,,손해보험,19,보험금융손익,2025.4Q,-641575.138615,-161459.43835
KR0001,메리츠화재해상보험,,손해보험,20,영업이익,2025.4Q,2287762.977438,333764.358754
KR0001,메리츠화재해상보험,,손해보험,21,영업외손익,2025.4Q,6264.479184,1718.7825
KR0001,메리츠화재해상보험,,손해보험,22,세전이익,2025.4Q,2294027.456622,335483.141254
KR0001,메리츠화재해상보험,,손해보험,23,법인세,2025.4Q,613003.126393,105534.651996
KR0001,메리츠화재해상보험,,손해보험,24,당기순이익,2025.4Q,1681024.330229,229948.489258
KR0001,메리츠화재해상보험,,손해보험,1,보험손익,2026.1Q,334565.043124,334565.043124
KR0001,메리츠화재해상보험,,손해보험,2,생명장기 손익,2026.1Q,342729.0,342729.0
KR0001,메리츠화재해상보험,,손해보험,3,생명장기 원수손익,2026.1Q,356950.0,356950.0
KR0001,메리츠화재해상보험,,손해보험,4,원수 CSM상각,2026.1Q,304121.0,304121.0
KR0001,메리츠화재해상보험,,손해보험,5,원수 위험조정 변동,2026.1Q,50072.0,50072.0
KR0001,메리츠화재해상보험,,손해보험,6,원수 예실차,2026.1Q,-106581.0,-106581.0
KR0001,메리츠화재해상보험,,손해보험,7,기타 생명장기 원수손익,2026.1Q,109338.0,109338.0
KR0001,메리츠화재해상보험,,손해보험,8,생명장기 재보험손익,2026.1Q,-14221.0,-14221.0
KR0001,메리츠화재해상보험,,손해보험,9,재보험 CSM상각,2026.1Q,-13869.0,-13869.0
KR0001,메리츠화재해상보험,,손해보험,10,재보험 위험조정 변동,2026.1Q,-1950.0,-1950.0
KR0001,메리츠화재해상보험,,손해보험,11,재보험 예실차,2026.1Q,23169.0,23169.0
KR0001,메리츠화재해상보험,,손해보험,12,기타 생명장기 재보험손익,2026.1Q,-21571.0,-21571.0
KR0001,메리츠화재해상보험,,손해보험,13,자동차손익,2026.1Q,-6415.0,-6415.0
KR0001,메리츠화재해상보험,,손해보험,14,일반손익,2026.1Q,25727.0,25727.0
KR0001,메리츠화재해상보험,,손해보험,15,기타영업수익,2026.1Q,0.0,0.0
KR0001,메리츠화재해상보험,,손해보험,16,기타사업비용,2026.1Q,27474.940334,27474.940334
KR0001,메리츠화재해상보험,,손해보험,17,투자손익,2026.1Q,296179.670347,296179.670347
KR0001,메리츠화재해상보험,,손해보험,18,투자이익,2026.1Q,462402.839516,462402.839516
KR0001,메리츠화재해상보험,,손해보험,19,보험금융손익,2026.1Q,-166223.169169,-166223.169169
KR0001,메리츠화재해상보험,,손해보험,20,영업이익,2026.1Q,630744.713471,630744.713471
KR0001,메리츠화재해상보험,,손해보험,21,영업외손익,2026.1Q,281.453617,281.453617
KR0001,메리츠화재해상보험,,손해보험,22,세전이익,2026.1Q,631026.167088,631026.167088
KR0001,메리츠화재해상보험,,손해보험,23,법인세,2026.1Q,164954.825757,164954.825757
KR0001,메리츠화재해상보험,,손해보험,24,당기순이익,2026.1Q,466071.341331,466071.341331
KR0001,메리츠화재해상보험,,손해보험,1,보험손익,2026.2Q,697455.718365,362890.675241
KR0001,메리츠화재해상보험,,손해보험,2,생명장기 손익,2026.2Q,709072.0,366343.0
KR0001,메리츠화재해상보험,,손해보험,3,생명장기 원수손익,2026.2Q,752180.0,395230.0
KR0001,메리츠화재해상보험,,손해보험,4,원수 CSM상각,2026.2Q,625850.0,321729.0
KR0001,메리츠화재해상보험,,손해보험,5,원수 위험조정 변동,2026.2Q,100278.0,50206.0
KR0001,메리츠화재해상보험,,손해보험,6,원수 예실차,2026.2Q,-184132.0,-77551.0
KR0001,메리츠화재해상보험,,손해보험,7,기타 생명장기 원수손익,2026.2Q,210184.0,100846.0
KR0001,메리츠화재해상보험,,손해보험,8,생명장기 재보험손익,2026.2Q,-43108.0,-28887.0
KR0001,메리츠화재해상보험,,손해보험,9,재보험 CSM상각,2026.2Q,-33263.0,-19394.0
KR0001,메리츠화재해상보험,,손해보험,10,재보험 위험조정 변동,2026.2Q,-3898.0,-1948.0
KR0001,메리츠화재해상보험,,손해보험,11,재보험 예실차,2026.2Q,44606.0,21437.0
KR0001,메리츠화재해상보험,,손해보험,12,기타 생명장기 재보험손익,2026.2Q,-50553.0,-28982.0
KR0001,메리츠화재해상보험,,손해보험,13,자동차손익,2026.2Q,451.0,6866.0
KR0001,메리츠화재해상보험,,손해보험,14,일반손익,2026.2Q,48865.0,23138.0
KR0001,메리츠화재해상보험,,손해보험,15,기타영업수익,2026.2Q,0.0,0.0
KR0001,메리츠화재해상보험,,손해보험,16,기타사업비용,2026.2Q,60930.077394,33455.13706
KR0001,메리츠화재해상보험,,손해보험,17,투자손익,2026.2Q,703142.106981,406962.436634
KR0001,메리츠화재해상보험,,손해보험,18,투자이익,2026.2Q,1038730.327807,576327.488291
KR0001,메리츠화재해상보험,,손해보험,19,보험금융손익,2026.2Q,-335588.220826,-169365.051657
KR0001,메리츠화재해상보험,,손해보험,20,영업이익,2026.2Q,1400597.825346,769853.111875
KR0001,메리츠화재해상보험,,손해보험,21,영업외손익,2026.2Q,-330.492409,-611.946026
KR0001,메리츠화재해상보험,,손해보험,22,세전이익,2026.2Q,1400267.332937,769241.165849
KR0001,메리츠화재해상보험,,손해보험,23,법인세,2026.2Q,375928.954622,210974.128865
KR0001,메리츠화재해상보험,,손해보험,24,당기순이익,2026.2Q,1024338.378315,558267.036984
KR0002,한화손해보험,,손해보험,1,보험손익,2023.1Q,81588.036782,81588.036782
KR0002,한화손해보험,,손해보험,2,생명장기 손익,2023.1Q,,
KR0002,한화손해보험,,손해보험,3,생명장기 원수손익,2023.1Q,,
KR0002,한화손해보험,,손해보험,4,원수 CSM상각,2023.1Q,94523.6,94523.6
KR0002,한화손해보험,,손해보험,5,원수 위험조정 변동,2023.1Q,,
KR0002,한화손해보험,,손해보험,6,원수 예실차,2023.1Q,,
KR0002,한화손해보험,,손해보험,7,기타 생명장기 원수손익,2023.1Q,,
KR0002,한화손해보험,,손해보험,8,생명장기 재보험손익,2023.1Q,,
KR0002,한화손해보험,,손해보험,9,재보험 CSM상각,2023.1Q,,
KR0002,한화손해보험,,손해보험,10,재보험 위험조정 변동,2023.1Q,,
KR0002,한화손해보험,,손해보험,11,재보험 예실차,2023.1Q,,
KR0002,한화손해보험,,손해보험,12,기타 생명장기 재보험손익,2023.1Q,,
KR0002,한화손해보험,,손해보험,13,자동차손익,2023.1Q,,
KR0002,한화손해보험,,손해보험,14,일반손익,2023.1Q,,
KR0002,한화손해보험,,손해보험,15,기타영업수익,2023.1Q,0.0,0.0
KR0002,한화손해보험,,손해보험,16,기타사업비용,2023.1Q,,
KR0002,한화손해보험,,손해보험,17,투자손익,2023.1Q,,
KR0002,한화손해보험,,손해보험,18,투자이익,2023.1Q,,
KR0002,한화손해보험,,손해보험,19,보험금융손익,2023.1Q,-99388.833128,-99388.833128
KR0002,한화손해보험,,손해보험,20,영업이익,2023.1Q,124237.648638,124237.648638
KR0002,한화손해보험,,손해보험,21,영업외손익,2023.1Q,285.850362,285.850362
KR0002,한화손해보험,,손해보험,22,세전이익,2023.1Q,124523.499,124523.499
KR0002,한화손해보험,,손해보험,23,법인세,2023.1Q,25009.266135,25009.266135
KR0002,한화손해보험,,손해보험,24,당기순이익,2023.1Q,99514.232865,99514.232865
KR0002,한화손해보험,,손해보험,1,보험손익,2023.2Q,180995.358284,99407.321502
KR0002,한화손해보험,,손해보험,2,생명장기 손익,2023.2Q,,
KR0002,한화손해보험,,손해보험,3,생명장기 원수손익,2023.2Q,,
KR0002,한화손해보험,,손해보험,4,원수 CSM상각,2023.2Q,189879.93,95356.33
KR0002,한화손해보험,,손해보험,5,원수 위험조정 변동,2023.2Q,,
KR0002,한화손해보험,,손해보험,6,원수 예실차,2023.2Q,,
KR0002,한화손해보험,,손해보험,7,기타 생명장기 원수손익,2023.2Q,,
KR0002,한화손해보험,,손해보험,8,생명장기 재보험손익,2023.2Q,,
KR0002,한화손해보험,,손해보험,9,재보험 CSM상각,2023.2Q,,
KR0002,한화손해보험,,손해보험,10,재보험 위험조정 변동,2023.2Q,,
KR0002,한화손해보험,,손해보험,11,재보험 예실차,2023.2Q,,
KR0002,한화손해보험,,손해보험,12,기타 생명장기 재보험손익,2023.2Q,,
KR0002,한화손해보험,,손해보험,13,자동차손익,2023.2Q,,
KR0002,한화손해보험,,손해보험,14,일반손익,2023.2Q,,
KR0002,한화손해보험,,손해보험,15,기타영업수익,2023.2Q,0.0,0.0
KR0002,한화손해보험,,손해보험,16,기타사업비용,2023.2Q,,
KR0002,한화손해보험,,손해보험,17,투자손익,2023.2Q,,
KR0002,한화손해보험,,손해보험,18,투자이익,2023.2Q,,
KR0002,한화손해보험,,손해보험,19,보험금융손익,2023.2Q,-205028.834077,-105640.000949
KR0002,한화손해보험,,손해보험,20,영업이익,2023.2Q,258721.875251,134484.226613
KR0002,한화손해보험,,손해보험,21,영업외손익,2023.2Q,650.950355,365.099993
KR0002,한화손해보험,,손해보험,22,세전이익,2023.2Q,259658.675968,135135.176968
KR0002,한화손해보험,,손해보험,23,법인세,2023.2Q,57232.367605,32223.10147
KR0002,한화손해보험,,손해보험,24,당기순이익,2023.2Q,202426.308363,102912.075498
KR0002,한화손해보험,,손해보험,1,보험손익,2023.3Q,227851.62454,46856.266256
KR0002,한화손해보험,,손해보험,2,생명장기 손익,2023.3Q,268947.891,
KR0002,한화손해보험,,손해보험,3,생명장기 원수손익,2023.3Q,267059.054,
KR0002,한화손해보험,,손해보험,4,원수 CSM상각,2023.3Q,286461.536,96581.606
KR0002,한화손해보험,,손해보험,5,원수 위험조정 변동,2023.3Q,55987.775,
KR0002,한화손해보험,,손해보험,6,원수 예실차,2023.3Q,12402.025,
KR0002,한화손해보험,,손해보험,7,기타 생명장기 원수손익,2023.3Q,-87792.282,
KR0002,한화손해보험,,손해보험,8,생명장기 재보험손익,2023.3Q,1888.837,
KR0002,한화손해보험,,손해보험,9,재보험 CSM상각,2023.3Q,-1773.359,
KR0002,한화손해보험,,손해보험,10,재보험 위험조정 변동,2023.3Q,-853.042,
KR0002,한화손해보험,,손해보험,11,재보험 예실차,2023.3Q,-3093.275,
KR0002,한화손해보험,,손해보험,12,기타 생명장기 재보험손익,2023.3Q,7608.513,
KR0002,한화손해보험,,손해보험,13,자동차손익,2023.3Q,52121.942,
KR0002,한화손해보험,,손해보험,14,일반손익,2023.3Q,-12915.029,
KR0002,한화손해보험,,손해보험,15,기타영업수익,2023.3Q,0.0,0.0
KR0002,한화손해보험,,손해보험,16,기타사업비용,2023.3Q,80303.178686,
KR0002,한화손해보험,,손해보험,17,투자손익,2023.3Q,99050.770302,
KR0002,한화손해보험,,손해보험,18,투자이익,2023.3Q,405686.250844,
KR0002,한화손해보험,,손해보험,19,보험금융손익,2023.3Q,-306635.480542,-101606.646465
KR0002,한화손해보험,,손해보험,20,영업이익,2023.3Q,326902.394842,68180.519591
KR0002,한화손해보험,,손해보험,21,영업외손익,2023.3Q,1137.772539,486.822184
KR0002,한화손해보험,,손해보험,22,세전이익,2023.3Q,328040.167381,68381.491413
KR0002,한화손해보험,,손해보험,23,법인세,2023.3Q,74311.267038,17078.899433
KR0002,한화손해보험,,손해보험,24,당기순이익,2023.3Q,253728.900343,51302.59198
KR0002,한화손해보험,,손해보험,1,보험손익,2023.4Q,256011.973051,28160.348511
KR0002,한화손해보험,,손해보험,2,생명장기 손익,2023.4Q,340708.412,71760.521
KR0002,한화손해보험,,손해보험,3,생명장기 원수손익,2023.4Q,345021.777,77962.723
KR0002,한화손해보험,,손해보험,4,원수 CSM상각,2023.4Q,387989.612,101528.076
KR0002,한화손해보험,,손해보험,5,원수 위험조정 변동,2023.4Q,76165.511,20177.736
KR0002,한화손해보험,,손해보험,6,원수 예실차,2023.4Q,-61479.93,-73881.955
KR0002,한화손해보험,,손해보험,7,기타 생명장기 원수손익,2023.4Q,-57653.416,30138.866
KR0002,한화손해보험,,손해보험,8,생명장기 재보험손익,2023.4Q,-4313.365,-6202.202
KR0002,한화손해보험,,손해보험,9,재보험 CSM상각,2023.4Q,-2028.913,-255.554
KR0002,한화손해보험,,손해보험,10,재보험 위험조정 변동,2023.4Q,-1093.224,-240.182
KR0002,한화손해보험,,손해보험,11,재보험 예실차,2023.4Q,-2639.552,453.723
KR0002,한화손해보험,,손해보험,12,기타 생명장기 재보험손익,2023.4Q,1448.324,-6160.189
KR0002,한화손해보험,,손해보험,13,자동차손익,2023.4Q,37536.017,-14585.925
KR0002,한화손해보험,,손해보험,14,일반손익,2023.4Q,-6759.279,6155.75
KR0002,한화손해보험,,손해보험,15,기타영업수익,2023.4Q,0.0,0.0
KR0002,한화손해보험,,손해보험,16,기타사업비용,2023.4Q,115473.177197,35169.998511
KR0002,한화손해보험,,손해보험,17,투자손익,2023.4Q,128842.750018,29791.979716
KR0002,한화손해보험,,손해보험,18,투자이익,2023.4Q,-299461.347754,-705147.598598
KR0002,한화손해보험,,손해보험,19,보험금융손익,2023.4Q,428304.097772,734939.578314
KR0002,한화손해보험,,손해보험,20,영업이익,2023.4Q,384854.723069,57952.328227
KR0002,한화손해보험,,손해보험,21,영업외손익,2023.4Q,601.270879,-536.50166
KR0002,한화손해보험,,손해보험,22,세전이익,2023.4Q,385455.993948,57415.826567
KR0002,한화손해보험,,손해보험,23,법인세,2023.4Q,94757.781015,20446.513977
KR0002,한화손해보험,,손해보험,24,당기순이익,2023.4Q,290698.212933,36969.31259
KR0002,한화손해보험,,손해보험,1,보험손익,2024.1Q,138789.531277,138789.531277
KR0002,한화손해보험,,손해보험,2,생명장기 손익,2024.1Q,159969.428,159969.428
KR0002,한화손해보험,,손해보험,3,생명장기 원수손익,2024.1Q,174160.359,174160.359
KR0002,한화손해보험,,손해보험,4,원수 CSM상각,2024.1Q,102703.532,102703.532
KR0002,한화손해보험,,손해보험,5,원수 위험조정 변동,2024.1Q,18787.665,18787.665
KR0002,한화손해보험,,손해보험,6,원수 예실차,2024.1Q,-48555.845,-48555.845
KR0002,한화손해보험,,손해보험,7,기타 생명장기 원수손익,2024.1Q,101225.007,101225.007
KR0002,한화손해보험,,손해보험,8,생명장기 재보험손익,2024.1Q,-14190.931,-14190.931
KR0002,한화손해보험,,손해보험,9,재보험 CSM상각,2024.1Q,-655.015,-655.015
KR0002,한화손해보험,,손해보험,10,재보험 위험조정 변동,2024.1Q,-366.726,-366.726
KR0002,한화손해보험,,손해보험,11,재보험 예실차,2024.1Q,-2493.386,-2493.386
KR0002,한화손해보험,,손해보험,12,기타 생명장기 재보험손익,2024.1Q,-10675.804,-10675.804
KR0002,한화손해보험,,손해보험,13,자동차손익,2024.1Q,97.948,97.948
KR0002,한화손해보험,,손해보험,14,일반손익,2024.1Q,18592.802,18592.802
KR0002,한화손해보험,,손해보험,15,기타영업수익,2024.1Q,0.0,0.0
KR0002,한화손해보험,,손해보험,16,기타사업비용,2024.1Q,39870.64633,39870.64633
KR0002,한화손해보험,,손해보험,17,투자손익,2024.1Q,33718.240348,33718.240348
KR0002,한화손해보험,,손해보험,18,투자이익,2024.1Q,-74606.307509,-74606.307509
KR0002,한화손해보험,,손해보험,19,보험금융손익,2024.1Q,108324.547857,108324.547857
KR0002,한화손해보험,,손해보험,20,영업이익,2024.1Q,172507.771625,172507.771625
KR0002,한화손해보험,,손해보험,21,영업외손익,2024.1Q,902.243135,902.243135
KR0002,한화손해보험,,손해보험,22,세전이익,2024.1Q,173410.01476,173410.01476
KR0002,한화손해보험,,손해보험,23,법인세,2024.1Q,48554.321249,48554.321249
KR0002,한화손해보험,,손해보험,24,당기순이익,2024.1Q,124855.693511,124855.693511
KR0002,한화손해보험,,손해보험,1,보험손익,2024.2Q,262431.592196,123642.060919
KR0002,한화손해보험,,손해보험,2,생명장기 손익,2024.2Q,301239.896,141270.468
KR0002,한화손해보험,,손해보험,3,생명장기 원수손익,2024.2Q,315921.394,141761.035
KR0002,한화손해보험,,손해보험,4,원수 CSM상각,2024.2Q,205267.793,102564.261
KR0002,한화손해보험,,손해보험,5,원수 위험조정 변동,2024.2Q,38013.139,19225.474
KR0002,한화손해보험,,손해보험,6,원수 예실차,2024.2Q,-49754.803,-1198.958
KR0002,한화손해보험,,손해보험,7,기타 생명장기 원수손익,2024.2Q,122395.265,21170.258
KR0002,한화손해보험,,손해보험,8,생명장기 재보험손익,2024.2Q,-14681.498,-490.567
KR0002,한화손해보험,,손해보험,9,재보험 CSM상각,2024.2Q,-1362.649,-707.634
KR0002,한화손해보험,,손해보험,10,재보험 위험조정 변동,2024.2Q,-694.771,-328.045
KR0002,한화손해보험,,손해보험,11,재보험 예실차,2024.2Q,-3736.487,-1243.101
KR0002,한화손해보험,,손해보험,12,기타 생명장기 재보험손익,2024.2Q,-8887.591,1788.213
KR0002,한화손해보험,,손해보험,13,자동차손익,2024.2Q,6738.548,6640.6
KR0002,한화손해보험,,손해보험,14,일반손익,2024.2Q,38971.408,20378.606
KR0002,한화손해보험,,손해보험,15,기타영업수익,2024.2Q,0.0,0.0
KR0002,한화손해보험,,손해보험,16,기타사업비용,2024.2Q,84518.262035,44647.615705
KR0002,한화손해보험,,손해보험,17,투자손익,2024.2Q,73743.255553,40025.015205
KR0002,한화손해보험,,손해보험,18,투자이익,2024.2Q,-150812.156706,-76205.849197
KR0002,한화손해보험,,손해보험,19,보험금융손익,2024.2Q,224555.412259,116230.864402
KR0002,한화손해보험,,손해보험,20,영업이익,2024.2Q,336174.847749,163667.076124
KR0002,한화손해보험,,손해보험,21,영업외손익,2024.2Q,-2203.675155,-3105.91829
KR0002,한화손해보험,,손해보험,22,세전이익,2024.2Q,333971.172594,160561.157834
KR0002,한화손해보험,,손해보험,23,법인세,2024.2Q,79245.572952,30691.251703
KR0002,한화손해보험,,손해보험,24,당기순이익,2024.2Q,254725.599642,129869.906131
KR0002,한화손해보험,,손해보험,1,보험손익,2024.3Q,339123.687857,76692.095661
KR0002,한화손해보험,,손해보험,2,생명장기 손익,2024.3Q,408808.611,107568.715
KR0002,한화손해보험,,손해보험,3,생명장기 원수손익,2024.3Q,428155.366,112233.972
KR0002,한화손해보험,,손해보험,4,원수 CSM상각,2024.3Q,306669.017,101401.224
KR0002,한화손해보험,,손해보험,5,원수 위험조정 변동,2024.3Q,57494.451,19481.312
KR0002,한화손해보험,,손해보험,6,원수 예실차,2024.3Q,-79947.757,-30192.954
KR0002,한화손해보험,,손해보험,7,기타 생명장기 원수손익,2024.3Q,143939.655,21544.39
KR0002,한화손해보험,,손해보험,8,생명장기 재보험손익,2024.3Q,-19346.755,-4665.257
KR0002,한화손해보험,,손해보험,9,재보험 CSM상각,2024.3Q,-2106.245,-743.596
KR0002,한화손해보험,,손해보험,10,재보험 위험조정 변동,2024.3Q,-1026.757,-331.986
KR0002,한화손해보험,,손해보험,11,재보험 예실차,2024.3Q,-4517.074,-780.587
KR0002,한화손해보험,,손해보험,12,기타 생명장기 재보험손익,2024.3Q,-11696.679,-2809.088
KR0002,한화손해보험,,손해보험,13,자동차손익,2024.3Q,9661.201,2922.653
KR0002,한화손해보험,,손해보험,14,일반손익,2024.3Q,40784.066,1812.658
KR0002,한화손해보험,,손해보험,15,기타영업수익,2024.3Q,0.0,0.0
KR0002,한화손해보험,,손해보험,16,기타사업비용,2024.3Q,120130.189997,35611.927962
KR0002,한화손해보험,,손해보험,17,투자손익,2024.3Q,122892.941428,49149.685875
KR0002,한화손해보험,,손해보험,18,투자이익,2024.3Q,-208592.011146,-57779.85444
KR0002,한화손해보험,,손해보험,19,보험금융손익,2024.3Q,331484.952574,106929.540315
KR0002,한화손해보험,,손해보험,20,영업이익,2024.3Q,462016.629285,125841.781536
KR0002,한화손해보험,,손해보험,21,영업외손익,2024.3Q,552.026153,2755.701308
KR0002,한화손해보험,,손해보험,22,세전이익,2024.3Q,462568.655438,128597.482844
KR0002,한화손해보험,,손해보험,23,법인세,2024.3Q,116828.53546,37582.962508
KR0002,한화손해보험,,손해보험,24,당기순이익,2024.3Q,345740.119978,91014.520336
KR0002,한화손해보험,,손해보험,1,보험손익,2024.4Q,352229.724165,13106.036308
KR0002,한화손해보험,,손해보험,2,생명장기 손익,2024.4Q,472510.365,63701.754
KR0002,한화손해보험,,손해보험,3,생명장기 원수손익,2024.4Q,498980.363,70824.997
KR0002,한화손해보험,,손해보험,4,원수 CSM상각,2024.4Q,409737.121,103068.104
KR0002,한화손해보험,,손해보험,5,원수 위험조정 변동,2024.4Q,77627.413,20132.962
KR0002,한화손해보험,,손해보험,6,원수 예실차,2024.4Q,-156448.645,-76500.888
KR0002,한화손해보험,,손해보험,7,기타 생명장기 원수손익,2024.4Q,168064.474,24124.819
KR0002,한화손해보험,,손해보험,8,생명장기 재보험손익,2024.4Q,-26469.998,-7123.243
KR0002,한화손해보험,,손해보험,9,재보험 CSM상각,2024.4Q,-4009.95,-1903.705
KR0002,한화손해보험,,손해보험,10,재보험 위험조정 변동,2024.4Q,-1357.886,-331.129
KR0002,한화손해보험,,손해보험,11,재보험 예실차,2024.4Q,-4702.204,-185.13
KR0002,한화손해보험,,손해보험,12,기타 생명장기 재보험손익,2024.4Q,-16399.958,-4703.279
KR0002,한화손해보험,,손해보험,13,자동차손익,2024.4Q,6387.565,-3273.636
KR0002,한화손해보험,,손해보험,14,일반손익,2024.4Q,44523.509,3739.443
KR0002,한화손해보험,,손해보험,15,기타영업수익,2024.4Q,0.0,0.0
KR0002,한화손해보험,,손해보험,16,기타사업비용,2024.4Q,171191.712404,51061.522407
KR0002,한화손해보험,,손해보험,17,투자손익,2024.4Q,151159.19322,28266.251792
KR0002,한화손해보험,,손해보험,18,투자이익,2024.4Q,-298348.248933,-89756.237787
KR0002,한화손해보험,,손해보험,19,보험금융손익,2024.4Q,449507.442153,118022.489579
KR0002,한화손해보험,,손해보험,20,영업이익,2024.4Q,503388.917385,41372.2881
KR0002,한화손해보험,,손해보험,21,영업외손익,2024.4Q,1766.80429,1214.778137
KR0002,한화손해보험,,손해보험,22,세전이익,2024.4Q,505155.721675,42587.066237
KR0002,한화손해보험,,손해보험,23,법인세,2024.4Q,122880.153627,6051.618167
KR0002,한화손해보험,,손해보험,24,당기순이익,2024.4Q,382275.568048,36535.44807
KR0002,한화손해보험,,손해보험,1,보험손익,2025.1Q,124061.328572,124061.328572
KR0002,한화손해보험,,손해보험,2,생명장기 손익,2025.1Q,145574.359,145574.359
KR0002,한화손해보험,,손해보험,3,생명장기 원수손익,2025.1Q,144546.313,144546.313
KR0002,한화손해보험,,손해보험,4,원수 CSM상각,2025.1Q,104722.503,104722.503
KR0002,한화손해보험,,손해보험,5,원수 위험조정 변동,2025.1Q,19290.803,19290.803
KR0002,한화손해보험,,손해보험,6,원수 예실차,2025.1Q,-35202.213,-35202.213
KR0002,한화손해보험,,손해보험,7,기타 생명장기 원수손익,2025.1Q,55735.22,55735.22
KR0002,한화손해보험,,손해보험,8,생명장기 재보험손익,2025.1Q,1028.046,1028.046
KR0002,한화손해보험,,손해보험,9,재보험 CSM상각,2025.1Q,-2246.396,-2246.396
KR0002,한화손해보험,,손해보험,10,재보험 위험조정 변동,2025.1Q,-335.407,-335.407
KR0002,한화손해보험,,손해보험,11,재보험 예실차,2025.1Q,1305.978,1305.978
KR0002,한화손해보험,,손해보험,12,기타 생명장기 재보험손익,2025.1Q,2303.871,2303.871
KR0002,한화손해보험,,손해보험,13,자동차손익,2025.1Q,-1750.992,-1750.992
KR0002,한화손해보험,,손해보험,14,일반손익,2025.1Q,8985.125,8985.125
KR0002,한화손해보험,,손해보험,15,기타영업수익,2025.1Q,0.0,0.0
KR0002,한화손해보험,,손해보험,16,기타사업비용,2025.1Q,28747.162294,28747.162294
KR0002,한화손해보험,,손해보험,17,투자손익,2025.1Q,63567.127942,63567.127942
KR0002,한화손해보험,,손해보험,18,투자이익,2025.1Q,170672.160185,170672.160185
KR0002,한화손해보험,,손해보험,19,보험금융손익,2025.1Q,-107105.032243,-107105.032243
KR0002,한화손해보험,,손해보험,20,영업이익,2025.1Q,187628.456514,187628.456514
KR0002,한화손해보험,,손해보험,21,영업외손익,2025.1Q,-269.492523,-269.492523
KR0002,한화손해보험,,손해보험,22,세전이익,2025.1Q,187358.963991,187358.963991
KR0002,한화손해보험,,손해보험,23,법인세,2025.1Q,44705.280653,44705.280653
KR0002,한화손해보험,,손해보험,24,당기순이익,2025.1Q,142653.683338,142653.683338
KR0002,한화손해보험,,손해보험,1,보험손익,2025.2Q,206818.062,82756.733428
KR0002,한화손해보험,,손해보험,2,생명장기 손익,2025.2Q,252199.572,106625.213
KR0002,한화손해보험,,손해보험,3,생명장기 원수손익,2025.2Q,250696.897,106150.584
KR0002,한화손해보험,,손해보험,4,원수 CSM상각,2025.2Q,210229.261,105506.758
KR0002,한화손해보험,,손해보험,5,원수 위험조정 변동,2025.2Q,38443.861,19153.058
KR0002,한화손해보험,,손해보험,6,원수 예실차,2025.2Q,-45928.987,-10726.774
KR0002,한화손해보험,,손해보험,7,기타 생명장기 원수손익,2025.2Q,47952.762,-7782.458
KR0002,한화손해보험,,손해보험,8,생명장기 재보험손익,2025.2Q,1502.675,474.629
KR0002,한화손해보험,,손해보험,9,재보험 CSM상각,2025.2Q,-4846.076,-2599.68
KR0002,한화손해보험,,손해보험,10,재보험 위험조정 변동,2025.2Q,-681.197,-345.79
KR0002,한화손해보험,,손해보험,11,재보험 예실차,2025.2Q,4184.566,2878.588
KR0002,한화손해보험,,손해보험,12,기타 생명장기 재보험손익,2025.2Q,2845.382,541.511
KR0002,한화손해보험,,손해보험,13,자동차손익,2025.2Q,-5650.034,-3899.042
KR0002,한화손해보험,,손해보험,14,일반손익,2025.2Q,18664.691,9679.566
KR0002,한화손해보험,,손해보험,15,기타영업수익,2025.2Q,0.0,0.0
KR0002,한화손해보험,,손해보험,16,기타사업비용,2025.2Q,58396.167,29649.004706
KR0002,한화손해보험,,손해보험,17,투자손익,2025.2Q,97392.855,33825.727058
KR0002,한화손해보험,,손해보험,18,투자이익,2025.2Q,310242.449,139570.288815
KR0002,한화손해보험,,손해보험,19,보험금융손익,2025.2Q,-212849.594,-105744.561757
KR0002,한화손해보험,,손해보험,20,영업이익,2025.2Q,304210.917,116582.460486
KR0002,한화손해보험,,손해보험,21,영업외손익,2025.2Q,-1541.841,-1272.348477
KR0002,한화손해보험,,손해보험,22,세전이익,2025.2Q,302669.076,115310.112009
KR0002,한화손해보험,,손해보험,23,법인세,2025.2Q,80074.371,35369.090347
KR0002,한화손해보험,,손해보험,24,당기순이익,2025.2Q,222594.705,79941.021662
KR0002,한화손해보험,,손해보험,1,보험손익,2025.3Q,239458.779,32640.717
KR0002,한화손해보험,,손해보험,2,생명장기 손익,2025.3Q,331293.595,79094.023
KR0002,한화손해보험,,손해보험,3,생명장기 원수손익,2025.3Q,331331.921,80635.024
KR0002,한화손해보험,,손해보험,4,원수 CSM상각,2025.3Q,318715.316,108486.055
KR0002,한화손해보험,,손해보험,5,원수 위험조정 변동,2025.3Q,59261.594,20817.733
KR0002,한화손해보험,,손해보험,6,원수 예실차,2025.3Q,-90701.899,-44772.912
KR0002,한화손해보험,,손해보험,7,기타 생명장기 원수손익,2025.3Q,44056.91,-3895.852
KR0002,한화손해보험,,손해보험,8,생명장기 재보험손익,2025.3Q,-38.326,-1541.001
KR0002,한화손해보험,,손해보험,9,재보험 CSM상각,2025.3Q,-7546.511,-2700.435
KR0002,한화손해보험,,손해보험,10,재보험 위험조정 변동,2025.3Q,-1142.782,-461.585
KR0002,한화손해보험,,손해보험,11,재보험 예실차,2025.3Q,7087.426,2902.86
KR0002,한화손해보험,,손해보험,12,기타 생명장기 재보험손익,2025.3Q,1563.541,-1281.841
KR0002,한화손해보험,,손해보험,13,자동차손익,2025.3Q,-20135.786,-14485.752
KR0002,한화손해보험,,손해보험,14,일반손익,2025.3Q,15282.09,-3382.601
KR0002,한화손해보험,,손해보험,15,기타영업수익,2025.3Q,0.0,0.0
KR0002,한화손해보험,,손해보험,16,기타사업비용,2025.3Q,86981.117,28584.95
KR0002,한화손해보험,,손해보험,17,투자손익,2025.3Q,157561.05,60168.195
KR0002,한화손해보험,,손해보험,18,투자이익,2025.3Q,478785.716,168543.267
KR0002,한화손해보험,,손해보험,19,보험금융손익,2025.3Q,-321224.666,-108375.072
KR0002,한화손해보험,,손해보험,20,영업이익,2025.3Q,397019.829,92808.912
KR0002,한화손해보험,,손해보험,21,영업외손익,2025.3Q,-1971.44,-429.599
KR0002,한화손해보험,,손해보험,22,세전이익,2025.3Q,395048.389,92379.313
KR0002,한화손해보험,,손해보험,23,법인세,2025.3Q,100824.092,20749.721
KR0002,한화손해보험,,손해보험,24,당기순이익,2025.3Q,294224.297,71629.592
KR0002,한화손해보험,,손해보험,1,보험손익,2025.4Q,261077.769,21618.99
KR0002,한화손해보험,,손해보험,2,생명장기 손익,2025.4Q,414524.304,83230.709
KR0002,한화손해보험,,손해보험,3,생명장기 원수손익,2025.4Q,417090.559,85758.638
KR0002,한화손해보험,,손해보험,4,원수 CSM상각,2025.4Q,423053.364,104338.048
KR0002,한화손해보험,,손해보험,5,원수 위험조정 변동,2025.4Q,80629.194,21367.6
KR0002,한화손해보험,,손해보험,6,원수 예실차,2025.4Q,-140160.314,-49458.415
KR0002,한화손해보험,,손해보험,7,기타 생명장기 원수손익,2025.4Q,53568.315,9511.405
KR0002,한화손해보험,,손해보험,8,생명장기 재보험손익,2025.4Q,-2566.255,-2527.929
KR0002,한화손해보험,,손해보험,9,재보험 CSM상각,2025.4Q,-9997.142,-2450.631
KR0002,한화손해보험,,손해보험,10,재보험 위험조정 변동,2025.4Q,-1521.57,-378.788
KR0002,한화손해보험,,손해보험,11,재보험 예실차,2025.4Q,7494.355,406.929
KR0002,한화손해보험,,손해보험,12,기타 생명장기 재보험손익,2025.4Q,1458.102,-105.439
KR0002,한화손해보험,,손해보험,13,자동차손익,2025.4Q,-44414.52,-24278.734
KR0002,한화손해보험,,손해보험,14,일반손익,2025.4Q,14014.872,-1267.218
KR0002,한화손해보험,,손해보험,15,기타영업수익,2025.4Q,0.0,0.0
KR0002,한화손해보험,,손해보험,16,기타사업비용,2025.4Q,123046.885,36065.768
KR0002,한화손해보험,,손해보험,17,투자손익,2025.4Q,227384.306,69823.256
KR0002,한화손해보험,,손해보험,18,투자이익,2025.4Q,657914.924,179129.208
KR0002,한화손해보험,,손해보험,19,보험금융손익,2025.4Q,-430530.618,-109305.952
KR0002,한화손해보험,,손해보험,20,영업이익,2025.4Q,488462.075,91442.246
KR0002,한화손해보험,,손해보험,21,영업외손익,2025.4Q,-4874.179,-2902.739
KR0002,한화손해보험,,손해보험,22,세전이익,2025.4Q,483587.896,88539.507
KR0002,한화손해보험,,손해보험,23,법인세,2025.4Q,122528.739,21704.647
KR0002,한화손해보험,,손해보험,24,당기순이익,2025.4Q,361059.157,66834.86
KR0002,한화손해보험,,손해보험,1,보험손익,2026.1Q,66804.312,66804.312
KR0002,한화손해보험,,손해보험,2,생명장기 손익,2026.1Q,109504.329,109504.329
KR0002,한화손해보험,,손해보험,3,생명장기 원수손익,2026.1Q,119881.295,119881.295
KR0002,한화손해보험,,손해보험,4,원수 CSM상각,2026.1Q,109530.628,109530.628
KR0002,한화손해보험,,손해보험,5,원수 위험조정 변동,2026.1Q,23716.27,23716.27
KR0002,한화손해보험,,손해보험,6,원수 예실차,2026.1Q,-16864.616,-16864.616
KR0002,한화손해보험,,손해보험,7,기타 생명장기 원수손익,2026.1Q,3499.013,3499.013
KR0002,한화손해보험,,손해보험,8,생명장기 재보험손익,2026.1Q,-10376.966,-10376.966
KR0002,한화손해보험,,손해보험,9,재보험 CSM상각,2026.1Q,-2293.805,-2293.805
KR0002,한화손해보험,,손해보험,10,재보험 위험조정 변동,2026.1Q,-443.336,-443.336
KR0002,한화손해보험,,손해보험,11,재보험 예실차,2026.1Q,1261.113,1261.113
KR0002,한화손해보험,,손해보험,12,기타 생명장기 재보험손익,2026.1Q,-8900.938,-8900.938
KR0002,한화손해보험,,손해보험,13,자동차손익,2026.1Q,-22341.525,-22341.525
KR0002,한화손해보험,,손해보험,14,일반손익,2026.1Q,16769.839,16769.839
KR0002,한화손해보험,,손해보험,15,기타영업수익,2026.1Q,0.0,0.0
KR0002,한화손해보험,,손해보험,16,기타사업비용,2026.1Q,37128.33,37128.33
KR0002,한화손해보험,,손해보험,17,투자손익,2026.1Q,63751.782,63751.782
KR0002,한화손해보험,,손해보험,18,투자이익,2026.1Q,173239.901,173239.901
KR0002,한화손해보험,,손해보험,19,보험금융손익,2026.1Q,-109488.119,-109488.119
KR0002,한화손해보험,,손해보험,20,영업이익,2026.1Q,130556.094,130556.094
KR0002,한화손해보험,,손해보험,21,영업외손익,2026.1Q,-44.276,-44.276
KR0002,한화손해보험,,손해보험,22,세전이익,2026.1Q,130511.818,130511.818
KR0002,한화손해보험,,손해보험,23,법인세,2026.1Q,31602.384,31602.384
KR0002,한화손해보험,,손해보험,24,당기순이익,2026.1Q,98909.434,98909.434
KR0002,한화손해보험,,손해보험,1,보험손익,2026.2Q,152579.343,85775.031
KR0002,한화손해보험,,손해보험,2,생명장기 손익,2026.2Q,235469.15,125964.821
KR0002,한화손해보험,,손해보험,3,생명장기 원수손익,2026.2Q,251574.114,131692.819
KR0002,한화손해보험,,손해보험,4,원수 CSM상각,2026.2Q,223538.654,114008.026
KR0002,한화손해보험,,손해보험,5,원수 위험조정 변동,2026.2Q,48867.627,25151.357
KR0002,한화손해보험,,손해보험,6,원수 예실차,2026.2Q,1827.405,18692.021
KR0002,한화손해보험,,손해보험,7,기타 생명장기 원수손익,2026.2Q,-22659.572,-26158.585
KR0002,한화손해보험,,손해보험,8,생명장기 재보험손익,2026.2Q,-16104.964,-5727.998
KR0002,한화손해보험,,손해보험,9,재보험 CSM상각,2026.2Q,-4459.69,-2165.885
KR0002,한화손해보험,,손해보험,10,재보험 위험조정 변동,2026.2Q,-789.497,-346.161
KR0002,한화손해보험,,손해보험,11,재보험 예실차,2026.2Q,241.17,-1019.943
KR0002,한화손해보험,,손해보험,12,기타 생명장기 재보험손익,2026.2Q,-11096.947,-2196.009
KR0002,한화손해보험,,손해보험,13,자동차손익,2026.2Q,-36319.585,-13978.06
KR0002,한화손해보험,,손해보험,14,일반손익,2026.2Q,25535.631,8765.792
KR0002,한화손해보험,,손해보험,15,기타영업수익,2026.2Q,0.0,0.0
KR0002,한화손해보험,,손해보험,16,기타사업비용,2026.2Q,72105.853,34977.523
KR0002,한화손해보험,,손해보험,17,투자손익,2026.2Q,113123.688,49371.906
KR0002,한화손해보험,,손해보험,18,투자이익,2026.2Q,332955.337,159715.436
KR0002,한화손해보험,,손해보험,19,보험금융손익,2026.2Q,-219831.649,-110343.53
KR0002,한화손해보험,,손해보험,20,영업이익,2026.2Q,265703.031,135146.937
KR0002,한화손해보험,,손해보험,21,영업외손익,2026.2Q,1394.828,1439.104
KR0002,한화손해보험,,손해보험,22,세전이익,2026.2Q,267097.859,136586.041
KR0002,한화손해보험,,손해보험,23,법인세,2026.2Q,51762.122,20159.738
KR0002,한화손해보험,,손해보험,24,당기순이익,2026.2Q,215335.737,116426.303
KR0003,롯데손해보험,,손해보험,1,보험손익,2023.2Q,102897.623102,
KR0003,롯데손해보험,,손해보험,2,생명장기 손익,2023.2Q,,
KR0003,롯데손해보험,,손해보험,3,생명장기 원수손익,2023.2Q,,
KR0003,롯데손해보험,,손해보험,4,원수 CSM상각,2023.2Q,80785.0,
KR0003,롯데손해보험,,손해보험,5,원수 위험조정 변동,2023.2Q,,
KR0003,롯데손해보험,,손해보험,6,원수 예실차,2023.2Q,,
KR0003,롯데손해보험,,손해보험,7,기타 생명장기 원수손익,2023.2Q,,
KR0003,롯데손해보험,,손해보험,8,생명장기 재보험손익,2023.2Q,,
KR0003,롯데손해보험,,손해보험,9,재보험 CSM상각,2023.2Q,,
KR0003,롯데손해보험,,손해보험,10,재보험 위험조정 변동,2023.2Q,,
KR0003,롯데손해보험,,손해보험,11,재보험 예실차,2023.2Q,,
KR0003,롯데손해보험,,손해보험,12,기타 생명장기 재보험손익,2023.2Q,,
KR0003,롯데손해보험,,손해보험,13,자동차손익,2023.2Q,,
KR0003,롯데손해보험,,손해보험,14,일반손익,2023.2Q,,
KR0003,롯데손해보험,,손해보험,15,기타영업수익,2023.2Q,0.0,
KR0003,롯데손해보험,,손해보험,16,기타사업비용,2023.2Q,,
KR0003,롯데손해보험,,손해보험,17,투자손익,2023.2Q,49559.293107,
KR0003,롯데손해보험,,손해보험,18,투자이익,2023.2Q,84894.676752,
KR0003,롯데손해보험,,손해보험,19,보험금융손익,2023.2Q,-35335.383645,
KR0003,롯데손해보험,,손해보험,20,영업이익,2023.2Q,152456.916209,
KR0003,롯데손해보험,,손해보험,21,영업외손익,2023.2Q,-1370.739571,
KR0003,롯데손해보험,,손해보험,22,세전이익,2023.2Q,151086.176638,
KR0003,롯데손해보험,,손해보험,23,법인세,2023.2Q,38114.430179,
KR0003,롯데손해보험,,손해보험,24,당기순이익,2023.2Q,112971.746459,
KR0003,롯데손해보험,,손해보험,1,보험손익,2023.3Q,454351.967156,351454.344054
KR0003,롯데손해보험,,손해보험,2,생명장기 손익,2023.3Q,,
KR0003,롯데손해보험,,손해보험,3,생명장기 원수손익,2023.3Q,,
KR0003,롯데손해보험,,손해보험,4,원수 CSM상각,2023.3Q,131623.0,50838.0
KR0003,롯데손해보험,,손해보험,5,원수 위험조정 변동,2023.3Q,,
KR0003,롯데손해보험,,손해보험,6,원수 예실차,2023.3Q,,
KR0003,롯데손해보험,,손해보험,7,기타 생명장기 원수손익,2023.3Q,,
KR0003,롯데손해보험,,손해보험,8,생명장기 재보험손익,2023.3Q,,
KR0003,롯데손해보험,,손해보험,9,재보험 CSM상각,2023.3Q,,
KR0003,롯데손해보험,,손해보험,10,재보험 위험조정 변동,2023.3Q,,
KR0003,롯데손해보험,,손해보험,11,재보험 예실차,2023.3Q,,
KR0003,롯데손해보험,,손해보험,12,기타 생명장기 재보험손익,2023.3Q,,
KR0003,롯데손해보험,,손해보험,13,자동차손익,2023.3Q,,
KR0003,롯데손해보험,,손해보험,14,일반손익,2023.3Q,,
KR0003,롯데손해보험,,손해보험,15,기타영업수익,2023.3Q,0.0,0.0
KR0003,롯데손해보험,,손해보험,16,기타사업비용,2023.3Q,22804.267899,
KR0003,롯데손해보험,,손해보험,17,투자손익,2023.3Q,-109448.993794,-159008.286901
KR0003,롯데손해보험,,손해보험,18,투자이익,2023.3Q,15672.877018,-69221.799734
KR0003,롯데손해보험,,손해보험,19,보험금융손익,2023.3Q,-125121.870812,-89786.487167
KR0003,롯데손해보험,,손해보험,20,영업이익,2023.3Q,344902.973362,192446.057153
KR0003,롯데손해보험,,손해보험,21,영업외손익,2023.3Q,-2307.494918,-936.755347
KR0003,롯데손해보험,,손해보험,22,세전이익,2023.3Q,342595.478444,191509.301806
KR0003,롯데손해보험,,손해보험,23,법인세,2023.3Q,79716.997812,41602.567633
KR0003,롯데손해보험,,손해보험,24,당기순이익,2023.3Q,262878.480632,149906.734173
KR0003,롯데손해보험,,손해보험,1,보험손익,2023.4Q,468498.419718,14146.452562
KR0003,롯데손해보험,,손해보험,2,생명장기 손익,2023.4Q,493210.0,
KR0003,롯데손해보험,,손해보험,3,생명장기 원수손익,2023.4Q,578755.0,
KR0003,롯데손해보험,,손해보험,4,원수 CSM상각,2023.4Q,186853.0,55230.0
KR0003,롯데손해보험,,손해보험,5,원수 위험조정 변동,2023.4Q,19517.0,
KR0003,롯데손해보험,,손해보험,6,원수 예실차,2023.4Q,51324.0,
KR0003,롯데손해보험,,손해보험,7,기타 생명장기 원수손익,2023.4Q,321061.0,
KR0003,롯데손해보험,,손해보험,8,생명장기 재보험손익,2023.4Q,-85545.0,
KR0003,롯데손해보험,,손해보험,9,재보험 CSM상각,2023.4Q,-1756.0,
KR0003,롯데손해보험,,손해보험,10,재보험 위험조정 변동,2023.4Q,-737.0,
KR0003,롯데손해보험,,손해보험,11,재보험 예실차,2023.4Q,-2914.0,
KR0003,롯데손해보험,,손해보험,12,기타 생명장기 재보험손익,2023.4Q,-80138.0,
KR0003,롯데손해보험,,손해보험,13,자동차손익,2023.4Q,-1029.0,
KR0003,롯데손해보험,,손해보험,14,일반손익,2023.4Q,8128.0,
KR0003,롯데손해보험,,손해보험,15,기타영업수익,2023.4Q,0.0,0.0
KR0003,롯데손해보험,,손해보험,16,기타사업비용,2023.4Q,31809.707926,9005.440027
KR0003,롯데손해보험,,손해보험,17,투자손익,2023.4Q,-72207.217142,37241.776652
KR0003,롯데손해보험,,손해보험,18,투자이익,2023.4Q,90258.423181,74585.546163
KR0003,롯데손해보험,,손해보험,19,보험금융손익,2023.4Q,-162465.640323,-37343.769511
KR0003,롯데손해보험,,손해보험,20,영업이익,2023.4Q,396291.202576,51388.229214
KR0003,롯데손해보험,,손해보험,21,영업외손익,2023.4Q,-1952.079806,355.415112
KR0003,롯데손해보험,,손해보험,22,세전이익,2023.4Q,394339.12277,51743.644326
KR0003,롯데손해보험,,손해보험,23,법인세,2023.4Q,92703.196556,12986.198744
KR0003,롯데손해보험,,손해보험,24,당기순이익,2023.4Q,301635.926214,38757.445582
KR0003,롯데손해보험,,손해보험,1,보험손익,2024.1Q,41360.838913,41360.838913
KR0003,롯데손해보험,,손해보험,2,생명장기 손익,2024.1Q,45480.0,45480.0
KR0003,롯데손해보험,,손해보험,3,생명장기 원수손익,2024.1Q,44471.0,44471.0
KR0003,롯데손해보험,,손해보험,4,원수 CSM상각,2024.1Q,57082.0,57082.0
KR0003,롯데손해보험,,손해보험,5,원수 위험조정 변동,2024.1Q,5855.0,5855.0
KR0003,롯데손해보험,,손해보험,6,원수 예실차,2024.1Q,4290.0,4290.0
KR0003,롯데손해보험,,손해보험,7,기타 생명장기 원수손익,2024.1Q,-22756.0,-22756.0
KR0003,롯데손해보험,,손해보험,8,생명장기 재보험손익,2024.1Q,1009.0,1009.0
KR0003,롯데손해보험,,손해보험,9,재보험 CSM상각,2024.1Q,-348.0,-348.0
KR0003,롯데손해보험,,손해보험,10,재보험 위험조정 변동,2024.1Q,-334.0,-334.0
KR0003,롯데손해보험,,손해보험,11,재보험 예실차,2024.1Q,242.0,242.0
KR0003,롯데손해보험,,손해보험,12,기타 생명장기 재보험손익,2024.1Q,1449.0,1449.0
KR0003,롯데손해보험,,손해보험,13,자동차손익,2024.1Q,-106.0,-106.0
KR0003,롯데손해보험,,손해보험,14,일반손익,2024.1Q,1412.0,1412.0
KR0003,롯데손해보험,,손해보험,15,기타영업수익,2024.1Q,0.0,0.0
KR0003,롯데손해보험,,손해보험,16,기타사업비용,2024.1Q,5425.128563,5425.128563
KR0003,롯데손해보험,,손해보험,17,투자손익,2024.1Q,9786.618088,9786.618088
KR0003,롯데손해보험,,손해보험,18,투자이익,2024.1Q,48905.749125,48905.749125
KR0003,롯데손해보험,,손해보험,19,보험금융손익,2024.1Q,-39119.131037,-39119.131037
KR0003,롯데손해보험,,손해보험,20,영업이익,2024.1Q,51147.457001,51147.457001
KR0003,롯데손해보험,,손해보험,21,영업외손익,2024.1Q,2054.47117,2054.47117
KR0003,롯데손해보험,,손해보험,22,세전이익,2024.1Q,53201.928171,53201.928171
KR0003,롯데손해보험,,손해보험,23,법인세,2024.1Q,12335.29666,12335.29666
KR0003,롯데손해보험,,손해보험,24,당기순이익,2024.1Q,40866.631511,40866.631511
KR0003,롯데손해보험,,손해보험,1,보험손익,2024.2Q,83792.068174,42431.229261
KR0003,롯데손해보험,,손해보험,2,생명장기 손익,2024.2Q,93627.0,48147.0
KR0003,롯데손해보험,,손해보험,3,생명장기 원수손익,2024.2Q,94075.0,49604.0
KR0003,롯데손해보험,,손해보험,4,원수 CSM상각,2024.2Q,114732.0,57650.0
KR0003,롯데손해보험,,손해보험,5,원수 위험조정 변동,2024.2Q,12277.0,6422.0
KR0003,롯데손해보험,,손해보험,6,원수 예실차,2024.2Q,7881.0,3591.0
KR0003,롯데손해보험,,손해보험,7,기타 생명장기 원수손익,2024.2Q,-40815.0,-18059.0
KR0003,롯데손해보험,,손해보험,8,생명장기 재보험손익,2024.2Q,-448.0,-1457.0
KR0003,롯데손해보험,,손해보험,9,재보험 CSM상각,2024.2Q,-792.0,-444.0
KR0003,롯데손해보험,,손해보험,10,재보험 위험조정 변동,2024.2Q,-435.0,-101.0
KR0003,롯데손해보험,,손해보험,11,재보험 예실차,2024.2Q,-1399.0,-1641.0
KR0003,롯데손해보험,,손해보험,12,기타 생명장기 재보험손익,2024.2Q,2178.0,729.0
KR0003,롯데손해보험,,손해보험,13,자동차손익,2024.2Q,-849.0,-743.0
KR0003,롯데손해보험,,손해보험,14,일반손익,2024.2Q,4262.0,2850.0
KR0003,롯데손해보험,,손해보험,15,기타영업수익,2024.2Q,0.0,0.0
KR0003,롯데손해보험,,손해보험,16,기타사업비용,2024.2Q,13247.869782,7822.741219
KR0003,롯데손해보험,,손해보험,17,투자손익,2024.2Q,170.887443,-9615.730645
KR0003,롯데손해보험,,손해보험,18,투자이익,2024.2Q,82302.888516,33397.139391
KR0003,롯데손해보험,,손해보험,19,보험금융손익,2024.2Q,-82132.001073,-43012.870036
KR0003,롯데손해보험,,손해보험,20,영업이익,2024.2Q,83962.955617,32815.498616
KR0003,롯데손해보험,,손해보험,21,영업외손익,2024.2Q,3208.88493,1154.41376
KR0003,롯데손해보험,,손해보험,22,세전이익,2024.2Q,87171.840547,33969.912376
KR0003,롯데손해보험,,손해보험,23,법인세,2024.2Q,20917.312265,8582.015605
KR0003,롯데손해보험,,손해보험,24,당기순이익,2024.2Q,66254.528282,25387.896771
KR0003,롯데손해보험,,손해보험,1,보험손익,2024.3Q,113248.111102,29456.042928
KR0003,롯데손해보험,,손해보험,2,생명장기 손익,2024.3Q,133709.0,40082.0
KR0003,롯데손해보험,,손해보험,3,생명장기 원수손익,2024.3Q,129651.0,35576.0
KR0003,롯데손해보험,,손해보험,4,원수 CSM상각,2024.3Q,171871.0,57139.0
KR0003,롯데손해보험,,손해보험,5,원수 위험조정 변동,2024.3Q,18825.0,6548.0
KR0003,롯데손해보험,,손해보험,6,원수 예실차,2024.3Q,9487.0,1606.0
KR0003,롯데손해보험,,손해보험,7,기타 생명장기 원수손익,2024.3Q,-70532.0,-29717.0
KR0003,롯데손해보험,,손해보험,8,생명장기 재보험손익,2024.3Q,4058.0,4506.0
KR0003,롯데손해보험,,손해보험,9,재보험 CSM상각,2024.3Q,-1223.0,-431.0
KR0003,롯데손해보험,,손해보험,10,재보험 위험조정 변동,2024.3Q,-727.0,-292.0
KR0003,롯데손해보험,,손해보험,11,재보험 예실차,2024.3Q,236.0,1635.0
KR0003,롯데손해보험,,손해보험,12,기타 생명장기 재보험손익,2024.3Q,5772.0,3594.0
KR0003,롯데손해보험,,손해보험,13,자동차손익,2024.3Q,-2643.0,-1794.0
KR0003,롯데손해보험,,손해보험,14,일반손익,2024.3Q,2030.0,-2232.0
KR0003,롯데손해보험,,손해보험,15,기타영업수익,2024.3Q,0.0,0.0
KR0003,롯데손해보험,,손해보험,16,기타사업비용,2024.3Q,19847.978809,6600.109027
KR0003,롯데손해보험,,손해보험,17,투자손익,2024.3Q,-5423.849047,-5594.73649
KR0003,롯데손해보험,,손해보험,18,투자이익,2024.3Q,114640.184793,32337.296277
KR0003,롯데손해보험,,손해보험,19,보험금융손익,2024.3Q,-120064.03384,-37932.032767
KR0003,롯데손해보험,,손해보험,20,영업이익,2024.3Q,107824.262055,23861.306438
KR0003,롯데손해보험,,손해보험,21,영업외손익,2024.3Q,2111.36549,-1097.51944
KR0003,롯데손해보험,,손해보험,22,세전이익,2024.3Q,109935.627545,22763.786998
KR0003,롯데손해보험,,손해보험,23,법인세,2024.3Q,25522.103118,4604.790853
KR0003,롯데손해보험,,손해보험,24,당기순이익,2024.3Q,84413.524427,18158.996145
KR0003,롯데손해보험,,손해보험,1,보험손익,2024.4Q,177845.25991,64597.148808
KR0003,롯데손해보험,,손해보험,2,생명장기 손익,2024.4Q,222982.0,89273.0
KR0003,롯데손해보험,,손해보험,3,생명장기 원수손익,2024.4Q,239602.0,109951.0
KR0003,롯데손해보험,,손해보험,4,원수 CSM상각,2024.4Q,225448.0,53577.0
KR0003,롯데손해보험,,손해보험,5,원수 위험조정 변동,2024.4Q,27297.0,8472.0
KR0003,롯데손해보험,,손해보험,6,원수 예실차,2024.4Q,2865.0,-6622.0
KR0003,롯데손해보험,,손해보험,7,기타 생명장기 원수손익,2024.4Q,-16008.0,54524.0
KR0003,롯데손해보험,,손해보험,8,생명장기 재보험손익,2024.4Q,-16620.0,-20678.0
KR0003,롯데손해보험,,손해보험,9,재보험 CSM상각,2024.4Q,-2989.0,-1766.0
KR0003,롯데손해보험,,손해보험,10,재보험 위험조정 변동,2024.4Q,-1060.0,-333.0
KR0003,롯데손해보험,,손해보험,11,재보험 예실차,2024.4Q,1073.0,837.0
KR0003,롯데손해보험,,손해보험,12,기타 생명장기 재보험손익,2024.4Q,-13644.0,-19416.0
KR0003,롯데손해보험,,손해보험,13,자동차손익,2024.4Q,-11110.0,-8467.0
KR0003,롯데손해보험,,손해보험,14,일반손익,2024.4Q,-2804.0,-4834.0
KR0003,롯데손해보험,,손해보험,15,기타영업수익,2024.4Q,0.0,0.0
KR0003,롯데손해보험,,손해보험,16,기타사업비용,2024.4Q,31222.748138,11374.769329
KR0003,롯데손해보험,,손해보험,17,투자손익,2024.4Q,-146783.990983,-141360.141936
KR0003,롯데손해보험,,손해보험,18,투자이익,2024.4Q,20817.652644,-93822.532149
KR0003,롯데손해보험,,손해보험,19,보험금융손익,2024.4Q,-167601.643627,-47537.609787
KR0003,롯데손해보험,,손해보험,20,영업이익,2024.4Q,31061.268927,-76762.993128
KR0003,롯데손해보험,,손해보험,21,영업외손익,2024.4Q,2268.648024,157.282534
KR0003,롯데손해보험,,손해보험,22,세전이익,2024.4Q,33329.916951,-76605.710594
KR0003,롯데손해보험,,손해보험,23,법인세,2024.4Q,9108.514038,-16413.58908
KR0003,롯데손해보험,,손해보험,24,당기순이익,2024.4Q,24221.402913,-60192.121514
KR0003,롯데손해보험,,손해보험,1,보험손익,2025.1Q,-11248.319746,-11248.319746
KR0003,롯데손해보험,,손해보험,2,생명장기 손익,2025.1Q,2621.0,2621.0
KR0003,롯데손해보험,,손해보험,3,생명장기 원수손익,2025.1Q,-9749.0,-9749.0
KR0003,롯데손해보험,,손해보험,4,원수 CSM상각,2025.1Q,52278.0,52278.0
KR0003,롯데손해보험,,손해보험,5,원수 위험조정 변동,2025.1Q,7327.0,7327.0
KR0003,롯데손해보험,,손해보험,6,원수 예실차,2025.1Q,-14531.0,-14531.0
KR0003,롯데손해보험,,손해보험,7,기타 생명장기 원수손익,2025.1Q,-54823.0,-54823.0
KR0003,롯데손해보험,,손해보험,8,생명장기 재보험손익,2025.1Q,12370.0,12370.0
KR0003,롯데손해보험,,손해보험,9,재보험 CSM상각,2025.1Q,-1195.0,-1195.0
KR0003,롯데손해보험,,손해보험,10,재보험 위험조정 변동,2025.1Q,-440.0,-440.0
KR0003,롯데손해보험,,손해보험,11,재보험 예실차,2025.1Q,1359.0,1359.0
KR0003,롯데손해보험,,손해보험,12,기타 생명장기 재보험손익,2025.1Q,12646.0,12646.0
KR0003,롯데손해보험,,손해보험,13,자동차손익,2025.1Q,-1212.0,-1212.0
KR0003,롯데손해보험,,손해보험,14,일반손익,2025.1Q,-4026.0,-4026.0
KR0003,롯데손해보험,,손해보험,15,기타영업수익,2025.1Q,0.0,0.0
KR0003,롯데손해보험,,손해보험,16,기타사업비용,2025.1Q,8631.720114,8631.720114
KR0003,롯데손해보험,,손해보험,17,투자손익,2025.1Q,24257.917523,24257.917523
KR0003,롯데손해보험,,손해보험,18,투자이익,2025.1Q,63282.626458,63282.626458
KR0003,롯데손해보험,,손해보험,19,보험금융손익,2025.1Q,-39024.708935,-39024.708935
KR0003,롯데손해보험,,손해보험,20,영업이익,2025.1Q,13009.597777,13009.597777
KR0003,롯데손해보험,,손해보험,21,영업외손익,2025.1Q,116.568492,116.568492
KR0003,롯데손해보험,,손해보험,22,세전이익,2025.1Q,13126.166269,13126.166269
KR0003,롯데손해보험,,손해보험,23,법인세,2025.1Q,1846.825087,1846.825087
KR0003,롯데손해보험,,손해보험,24,당기순이익,2025.1Q,11279.341182,11279.341182
KR0003,롯데손해보험,,손해보험,1,보험손익,2025.2Q,21631.0,32879.319746
KR0003,롯데손해보험,,손해보험,2,생명장기 손익,2025.2Q,38325.0,35704.0
KR0003,롯데손해보험,,손해보험,3,생명장기 원수손익,2025.2Q,28721.0,38470.0
KR0003,롯데손해보험,,손해보험,4,원수 CSM상각,2025.2Q,104548.0,52270.0
KR0003,롯데손해보험,,손해보험,5,원수 위험조정 변동,2025.2Q,15072.0,7745.0
KR0003,롯데손해보험,,손해보험,6,원수 예실차,2025.2Q,-22785.0,-8254.0
KR0003,롯데손해보험,,손해보험,7,기타 생명장기 원수손익,2025.2Q,-68114.0,-13291.0
KR0003,롯데손해보험,,손해보험,8,생명장기 재보험손익,2025.2Q,9604.0,-2766.0
KR0003,롯데손해보험,,손해보험,9,재보험 CSM상각,2025.2Q,-2456.0,-1261.0
KR0003,롯데손해보험,,손해보험,10,재보험 위험조정 변동,2025.2Q,-1097.0,-657.0
KR0003,롯데손해보험,,손해보험,11,재보험 예실차,2025.2Q,-379.0,-1738.0
KR0003,롯데손해보험,,손해보험,12,기타 생명장기 재보험손익,2025.2Q,13536.0,890.0
KR0003,롯데손해보험,,손해보험,13,자동차손익,2025.2Q,-841.0,371.0
KR0003,롯데손해보험,,손해보험,14,일반손익,2025.2Q,-370.0,3656.0
KR0003,롯데손해보험,,손해보험,15,기타영업수익,2025.2Q,0.0,0.0
KR0003,롯데손해보험,,손해보험,16,기타사업비용,2025.2Q,15483.0,6851.279886
KR0003,롯데손해보험,,손해보험,17,투자손익,2025.2Q,39650.0,15392.082477
KR0003,롯데손해보험,,손해보험,18,투자이익,2025.2Q,114916.0,51633.373542
KR0003,롯데손해보험,,손해보험,19,보험금융손익,2025.2Q,-75266.0,-36241.291065
KR0003,롯데손해보험,,손해보험,20,영업이익,2025.2Q,61281.0,48271.402223
KR0003,롯데손해보험,,손해보험,21,영업외손익,2025.2Q,-1205.0,-1321.568492
KR0003,롯데손해보험,,손해보험,22,세전이익,2025.2Q,60076.0,46949.833731
KR0003,롯데손해보험,,손해보험,23,법인세,2025.2Q,12615.0,10768.174913
KR0003,롯데손해보험,,손해보험,24,당기순이익,2025.2Q,47461.0,36181.658818
KR0003,롯데손해보험,,손해보험,1,보험손익,2025.3Q,36875.0,15244.0
KR0003,롯데손해보험,,손해보험,2,생명장기 손익,2025.3Q,75974.0,37649.0
KR0003,롯데손해보험,,손해보험,3,생명장기 원수손익,2025.3Q,66937.0,38216.0
KR0003,롯데손해보험,,손해보험,4,원수 CSM상각,2025.3Q,156316.0,51768.0
KR0003,롯데손해보험,,손해보험,5,원수 위험조정 변동,2025.3Q,23332.0,8260.0
KR0003,롯데손해보험,,손해보험,6,원수 예실차,2025.3Q,-41395.0,-18610.0
KR0003,롯데손해보험,,손해보험,7,기타 생명장기 원수손익,2025.3Q,-71316.0,-3202.0
KR0003,롯데손해보험,,손해보험,8,생명장기 재보험손익,2025.3Q,9037.0,-567.0
KR0003,롯데손해보험,,손해보험,9,재보험 CSM상각,2025.3Q,-3044.0,-588.0
KR0003,롯데손해보험,,손해보험,10,재보험 위험조정 변동,2025.3Q,-1518.0,-421.0
KR0003,롯데손해보험,,손해보험,11,재보험 예실차,2025.3Q,1003.0,1382.0
KR0003,롯데손해보험,,손해보험,12,기타 생명장기 재보험손익,2025.3Q,12596.0,-940.0
KR0003,롯데손해보험,,손해보험,13,자동차손익,2025.3Q,-7481.0,-6640.0
KR0003,롯데손해보험,,손해보험,14,일반손익,2025.3Q,-4545.0,-4175.0
KR0003,롯데손해보험,,손해보험,15,기타영업수익,2025.3Q,0.0,0.0
KR0003,롯데손해보험,,손해보험,16,기타사업비용,2025.3Q,27073.0,11590.0
KR0003,롯데손해보험,,손해보험,17,투자손익,2025.3Q,92431.0,52781.0
KR0003,롯데손해보험,,손해보험,18,투자이익,2025.3Q,207711.0,92795.0
KR0003,롯데손해보험,,손해보험,19,보험금융손익,2025.3Q,-115280.0,-40014.0
KR0003,롯데손해보험,,손해보험,20,영업이익,2025.3Q,129306.0,68025.0
KR0003,롯데손해보험,,손해보험,21,영업외손익,2025.3Q,-1258.0,-53.0
KR0003,롯데손해보험,,손해보험,22,세전이익,2025.3Q,128048.0,67972.0
KR0003,롯데손해보험,,손해보험,23,법인세,2025.3Q,29056.0,16441.0
KR0003,롯데손해보험,,손해보험,24,당기순이익,2025.3Q,98992.0,51531.0
KR0003,롯데손해보험,,손해보험,1,보험손익,2025.4Q,27011.0,-9864.0
KR0003,롯데손해보험,,손해보험,2,생명장기 손익,2025.4Q,63670.0,-12304.0
KR0003,롯데손해보험,,손해보험,3,생명장기 원수손익,2025.4Q,49775.0,-17162.0
KR0003,롯데손해보험,,손해보험,4,원수 CSM상각,2025.4Q,213943.0,57627.0
KR0003,롯데손해보험,,손해보험,5,원수 위험조정 변동,2025.4Q,31666.0,8334.0
KR0003,롯데손해보험,,손해보험,6,원수 예실차,2025.4Q,-75445.0,-34050.0
KR0003,롯데손해보험,,손해보험,7,기타 생명장기 원수손익,2025.4Q,-120389.0,-49073.0
KR0003,롯데손해보험,,손해보험,8,생명장기 재보험손익,2025.4Q,13895.0,4858.0
KR0003,롯데손해보험,,손해보험,9,재보험 CSM상각,2025.4Q,-2265.0,779.0
KR0003,롯데손해보험,,손해보험,10,재보험 위험조정 변동,2025.4Q,-2035.0,-517.0
KR0003,롯데손해보험,,손해보험,11,재보험 예실차,2025.4Q,502.0,-501.0
KR0003,롯데손해보험,,손해보험,12,기타 생명장기 재보험손익,2025.4Q,17693.0,5097.0
KR0003,롯데손해보험,,손해보험,13,자동차손익,2025.4Q,3657.0,11138.0
KR0003,롯데손해보험,,손해보험,14,일반손익,2025.4Q,-2293.0,2252.0
KR0003,롯데손해보험,,손해보험,15,기타영업수익,2025.4Q,0.0,0.0
KR0003,롯데손해보험,,손해보험,16,기타사업비용,2025.4Q,38023.0,10950.0
KR0003,롯데손해보험,,손해보험,17,투자손익,2025.4Q,37725.0,-54706.0
KR0003,롯데손해보험,,손해보험,18,투자이익,2025.4Q,193393.0,-14318.0
KR0003,롯데손해보험,,손해보험,19,보험금융손익,2025.4Q,-155668.0,-40388.0
KR0003,롯데손해보험,,손해보험,20,영업이익,2025.4Q,64736.0,-64570.0
KR0003,롯데손해보험,,손해보험,21,영업외손익,2025.4Q,-947.0,311.0
KR0003,롯데손해보험,,손해보험,22,세전이익,2025.4Q,63789.0,-64259.0
KR0003,롯데손해보험,,손해보험,23,법인세,2025.4Q,12458.0,-16598.0
KR0003,롯데손해보험,,손해보험,24,당기순이익,2025.4Q,51331.0,-47661.0
KR0003,롯데손해보험,,손해보험,1,보험손익,2026.1Q,27200.0,27200.0
KR0003,롯데손해보험,,손해보험,2,생명장기 손익,2026.1Q,37418.0,37418.0
KR0003,롯데손해보험,,손해보험,3,생명장기 원수손익,2026.1Q,44524.0,44524.0
KR0003,롯데손해보험,,손해보험,4,원수 CSM상각,2026.1Q,58694.0,58694.0
KR0003,롯데손해보험,,손해보험,5,원수 위험조정 변동,2026.1Q,8270.0,8270.0
KR0003,롯데손해보험,,손해보험,6,원수 예실차,2026.1Q,-26864.0,-26864.0
KR0003,롯데손해보험,,손해보험,7,기타 생명장기 원수손익,2026.1Q,4424.0,4424.0
KR0003,롯데손해보험,,손해보험,8,생명장기 재보험손익,2026.1Q,-7106.0,-7106.0
KR0003,롯데손해보험,,손해보험,9,재보험 CSM상각,2026.1Q,-3352.0,-3352.0
KR0003,롯데손해보험,,손해보험,10,재보험 위험조정 변동,2026.1Q,-601.0,-601.0
KR0003,롯데손해보험,,손해보험,11,재보험 예실차,2026.1Q,-1254.0,-1254.0
KR0003,롯데손해보험,,손해보험,12,기타 생명장기 재보험손익,2026.1Q,-1899.0,-1899.0
KR0003,롯데손해보험,,손해보험,13,자동차손익,2026.1Q,-5419.0,-5419.0
KR0003,롯데손해보험,,손해보험,14,일반손익,2026.1Q,1062.0,1062.0
KR0003,롯데손해보험,,손해보험,15,기타영업수익,2026.1Q,0.0,0.0
KR0003,롯데손해보험,,손해보험,16,기타사업비용,2026.1Q,5861.0,5861.0
KR0003,롯데손해보험,,손해보험,17,투자손익,2026.1Q,-55656.0,-55656.0
KR0003,롯데손해보험,,손해보험,18,투자이익,2026.1Q,-11724.0,-11724.0
KR0003,롯데손해보험,,손해보험,19,보험금융손익,2026.1Q,-43932.0,-43932.0
KR0003,롯데손해보험,,손해보험,20,영업이익,2026.1Q,-28456.0,-28456.0
KR0003,롯데손해보험,,손해보험,21,영업외손익,2026.1Q,1733.0,1733.0
KR0003,롯데손해보험,,손해보험,22,세전이익,2026.1Q,-26723.0,-26723.0
KR0003,롯데손해보험,,손해보험,23,법인세,2026.1Q,-6956.0,-6956.0
KR0003,롯데손해보험,,손해보험,24,당기순이익,2026.1Q,-19767.0,-19767.0
KR0003,롯데손해보험,,손해보험,1,보험손익,2026.2Q,53708.0,26508.0
KR0003,롯데손해보험,,손해보험,2,생명장기 손익,2026.2Q,77495.0,40077.0
KR0003,롯데손해보험,,손해보험,3,생명장기 원수손익,2026.2Q,86258.0,41734.0
KR0003,롯데손해보험,,손해보험,4,원수 CSM상각,2026.2Q,108993.0,50299.0
KR0003,롯데손해보험,,손해보험,5,원수 위험조정 변동,2026.2Q,17577.0,9307.0
KR0003,롯데손해보험,,손해보험,6,원수 예실차,2026.2Q,-54542.0,-27678.0
KR0003,롯데손해보험,,손해보험,7,기타 생명장기 원수손익,2026.2Q,14230.0,9806.0
KR0003,롯데손해보험,,손해보험,8,생명장기 재보험손익,2026.2Q,-8763.0,-1657.0
KR0003,롯데손해보험,,손해보험,9,재보험 CSM상각,2026.2Q,-8142.0,-4790.0
KR0003,롯데손해보험,,손해보험,10,재보험 위험조정 변동,2026.2Q,-1001.0,-400.0
KR0003,롯데손해보험,,손해보험,11,재보험 예실차,2026.2Q,-530.0,724.0
KR0003,롯데손해보험,,손해보험,12,기타 생명장기 재보험손익,2026.2Q,910.0,2809.0
KR0003,롯데손해보험,,손해보험,13,자동차손익,2026.2Q,-8040.0,-2621.0
KR0003,롯데손해보험,,손해보험,14,일반손익,2026.2Q,1270.0,208.0
KR0003,롯데손해보험,,손해보험,15,기타영업수익,2026.2Q,0.0,0.0
KR0003,롯데손해보험,,손해보험,16,기타사업비용,2026.2Q,17017.0,11156.0
KR0003,롯데손해보험,,손해보험,17,투자손익,2026.2Q,-79107.0,-23451.0
KR0003,롯데손해보험,,손해보험,18,투자이익,2026.2Q,10653.0,22377.0
KR0003,롯데손해보험,,손해보험,19,보험금융손익,2026.2Q,-89760.0,-45828.0
KR0003,롯데손해보험,,손해보험,20,영업이익,2026.2Q,-25399.0,3057.0
KR0003,롯데손해보험,,손해보험,21,영업외손익,2026.2Q,1296.0,-437.0
KR0003,롯데손해보험,,손해보험,22,세전이익,2026.2Q,-24103.0,2620.0
KR0003,롯데손해보험,,손해보험,23,법인세,2026.2Q,-5649.0,1307.0
KR0003,롯데손해보험,,손해보험,24,당기순이익,2026.2Q,-18454.0,1313.0
KR0004,예별손해보험,,손해보험,1,보험손익,2023.4Q,,
KR0004,예별손해보험,,손해보험,2,생명장기 손익,2023.4Q,,
KR0004,예별손해보험,,손해보험,3,생명장기 원수손익,2023.4Q,,
KR0004,예별손해보험,,손해보험,4,원수 CSM상각,2023.4Q,47175.854,
KR0004,예별손해보험,,손해보험,5,원수 위험조정 변동,2023.4Q,,
KR0004,예별손해보험,,손해보험,6,원수 예실차,2023.4Q,,
KR0004,예별손해보험,,손해보험,7,기타 생명장기 원수손익,2023.4Q,,
KR0004,예별손해보험,,손해보험,8,생명장기 재보험손익,2023.4Q,,
KR0004,예별손해보험,,손해보험,9,재보험 CSM상각,2023.4Q,,
KR0004,예별손해보험,,손해보험,10,재보험 위험조정 변동,2023.4Q,,
KR0004,예별손해보험,,손해보험,11,재보험 예실차,2023.4Q,,
KR0004,예별손해보험,,손해보험,12,기타 생명장기 재보험손익,2023.4Q,,
KR0004,예별손해보험,,손해보험,13,자동차손익,2023.4Q,-1985.092,
KR0004,예별손해보험,,손해보험,14,일반손익,2023.4Q,25985.002,
KR0004,예별손해보험,,손해보험,15,기타영업수익,2023.4Q,,
KR0004,예별손해보험,,손해보험,16,기타사업비용,2023.4Q,,
KR0004,예별손해보험,,손해보험,17,투자손익,2023.4Q,,
KR0004,예별손해보험,,손해보험,18,투자이익,2023.4Q,,
KR0004,예별손해보험,,손해보험,19,보험금융손익,2023.4Q,,
KR0004,예별손해보험,,손해보험,20,영업이익,2023.4Q,,
KR0004,예별손해보험,,손해보험,21,영업외손익,2023.4Q,,
KR0004,예별손해보험,,손해보험,22,세전이익,2023.4Q,,
KR0004,예별손해보험,,손해보험,23,법인세,2023.4Q,,
KR0004,예별손해보험,,손해보험,24,당기순이익,2023.4Q,,
KR0004,예별손해보험,,손해보험,1,보험손익,2024.4Q,-59535.8318,
KR0004,예별손해보험,,손해보험,2,생명장기 손익,2024.4Q,,
KR0004,예별손해보험,,손해보험,3,생명장기 원수손익,2024.4Q,,
KR0004,예별손해보험,,손해보험,4,원수 CSM상각,2024.4Q,52506.877,
KR0004,예별손해보험,,손해보험,5,원수 위험조정 변동,2024.4Q,,
KR0004,예별손해보험,,손해보험,6,원수 예실차,2024.4Q,,
KR0004,예별손해보험,,손해보험,7,기타 생명장기 원수손익,2024.4Q,,
KR0004,예별손해보험,,손해보험,8,생명장기 재보험손익,2024.4Q,,
KR0004,예별손해보험,,손해보험,9,재보험 CSM상각,2024.4Q,,
KR0004,예별손해보험,,손해보험,10,재보험 위험조정 변동,2024.4Q,,
KR0004,예별손해보험,,손해보험,11,재보험 예실차,2024.4Q,,
KR0004,예별손해보험,,손해보험,12,기타 생명장기 재보험손익,2024.4Q,,
KR0004,예별손해보험,,손해보험,13,자동차손익,2024.4Q,7179.117,
KR0004,예별손해보험,,손해보험,14,일반손익,2024.4Q,-12479.214,
KR0004,예별손해보험,,손해보험,15,기타영업수익,2024.4Q,0.0,
KR0004,예별손해보험,,손해보험,16,기타사업비용,2024.4Q,5464.34801,
KR0004,예별손해보험,,손해보험,17,투자손익,2024.4Q,-20425.495083,
KR0004,예별손해보험,,손해보험,18,투자이익,2024.4Q,97858.968795,
KR0004,예별손해보험,,손해보험,19,보험금융손익,2024.4Q,-118284.463878,
KR0004,예별손해보험,,손해보험,20,영업이익,2024.4Q,-79961.326883,
KR0004,예별손해보험,,손해보험,21,영업외손익,2024.4Q,-1843.172941,
KR0004,예별손해보험,,손해보험,22,세전이익,2024.4Q,-81804.499824,
KR0004,예별손해보험,,손해보험,23,법인세,2024.4Q,61526.920608,
KR0004,예별손해보험,,손해보험,24,당기순이익,2024.4Q,-143331.420432,
KR0004,예별손해보험,,손해보험,1,보험손익,2025.4Q,-22136.117075,
KR0004,예별손해보험,,손해보험,2,생명장기 손익,2025.4Q,,
KR0004,예별손해보험,,손해보험,3,생명장기 원수손익,2025.4Q,,
KR0004,예별손해보험,,손해보험,4,원수 CSM상각,2025.4Q,17399.016,
KR0004,예별손해보험,,손해보험,5,원수 위험조정 변동,2025.4Q,,
KR0004,예별손해보험,,손해보험,6,원수 예실차,2025.4Q,,
KR0004,예별손해보험,,손해보험,7,기타 생명장기 원수손익,2025.4Q,,
KR0004,예별손해보험,,손해보험,8,생명장기 재보험손익,2025.4Q,,
KR0004,예별손해보험,,손해보험,9,재보험 CSM상각,2025.4Q,,
KR0004,예별손해보험,,손해보험,10,재보험 위험조정 변동,2025.4Q,,
KR0004,예별손해보험,,손해보험,11,재보험 예실차,2025.4Q,,
KR0004,예별손해보험,,손해보험,12,기타 생명장기 재보험손익,2025.4Q,,
KR0004,예별손해보험,,손해보험,13,자동차손익,2025.4Q,1133.87,
KR0004,예별손해보험,,손해보험,14,일반손익,2025.4Q,-14235.271,
KR0004,예별손해보험,,손해보험,15,기타영업수익,2025.4Q,0.0,
KR0004,예별손해보험,,손해보험,16,기타사업비용,2025.4Q,15121.955043,
KR0004,예별손해보험,,손해보험,17,투자손익,2025.4Q,-24882.837809,
KR0004,예별손해보험,,손해보험,18,투자이익,2025.4Q,57122.535637,
KR0004,예별손해보험,,손해보험,19,보험금융손익,2025.4Q,-82005.373446,
KR0004,예별손해보험,,손해보험,20,영업이익,2025.4Q,-47018.954884,
KR0004,예별손해보험,,손해보험,21,영업외손익,2025.4Q,-101327.091208,
KR0004,예별손해보험,,손해보험,22,세전이익,2025.4Q,-148346.046092,
KR0004,예별손해보험,,손해보험,23,법인세,2025.4Q,5941.13861,
KR0004,예별손해보험,,손해보험,24,당기순이익,2025.4Q,-154287.184702,
KR0005,흥국화재,,손해보험,1,보험손익,2023.1Q,85993.0,85993.0
KR0005,흥국화재,,손해보험,2,생명장기 손익,2023.1Q,95667.0,95667.0
KR0005,흥국화재,,손해보험,3,생명장기 원수손익,2023.1Q,87864.0,87864.0
KR0005,흥국화재,,손해보험,4,원수 CSM상각,2023.1Q,47907.0,47907.0
KR0005,흥국화재,,손해보험,5,원수 위험조정 변동,2023.1Q,8082.0,8082.0
KR0005,흥국화재,,손해보험,6,원수 예실차,2023.1Q,42197.0,42197.0
KR0005,흥국화재,,손해보험,7,기타 생명장기 원수손익,2023.1Q,-10322.0,-10322.0
KR0005,흥국화재,,손해보험,8,생명장기 재보험손익,2023.1Q,7803.0,7803.0
KR0005,흥국화재,,손해보험,9,재보험 CSM상각,2023.1Q,-0.0,-0.0
KR0005,흥국화재,,손해보험,10,재보험 위험조정 변동,2023.1Q,-0.0,-0.0
KR0005,흥국화재,,손해보험,11,재보험 예실차,2023.1Q,11338.0,11338.0
KR0005,흥국화재,,손해보험,12,기타 생명장기 재보험손익,2023.1Q,-3535.0,-3535.0
KR0005,흥국화재,,손해보험,13,자동차손익,2023.1Q,-17414.0,-17414.0
KR0005,흥국화재,,손해보험,14,일반손익,2023.1Q,7395.0,7395.0
KR0005,흥국화재,,손해보험,15,기타영업수익,2023.1Q,0.0,0.0
KR0005,흥국화재,,손해보험,16,기타사업비용,2023.1Q,,
KR0005,흥국화재,,손해보험,17,투자손익,2023.1Q,,
KR0005,흥국화재,,손해보험,18,투자이익,2023.1Q,,
KR0005,흥국화재,,손해보험,19,보험금융손익,2023.1Q,-83304.0,-83304.0
KR0005,흥국화재,,손해보험,20,영업이익,2023.1Q,124575.0,124575.0
KR0005,흥국화재,,손해보험,21,영업외손익,2023.1Q,-155.0,-155.0
KR0005,흥국화재,,손해보험,22,세전이익,2023.1Q,124420.0,124420.0
KR0005,흥국화재,,손해보험,23,법인세,2023.1Q,27725.0,27725.0
KR0005,흥국화재,,손해보험,24,당기순이익,2023.1Q,96695.0,96695.0
KR0005,흥국화재,,손해보험,1,보험손익,2023.2Q,103053.0,17060.0
KR0005,흥국화재,,손해보험,2,생명장기 손익,2023.2Q,,
KR0005,흥국화재,,손해보험,3,생명장기 원수손익,2023.2Q,,
KR0005,흥국화재,,손해보험,4,원수 CSM상각,2023.2Q,94037.0,46130.0
KR0005,흥국화재,,손해보험,5,원수 위험조정 변동,2023.2Q,,
KR0005,흥국화재,,손해보험,6,원수 예실차,2023.2Q,,
KR0005,흥국화재,,손해보험,7,기타 생명장기 원수손익,2023.2Q,,
KR0005,흥국화재,,손해보험,8,생명장기 재보험손익,2023.2Q,,
KR0005,흥국화재,,손해보험,9,재보험 CSM상각,2023.2Q,,
KR0005,흥국화재,,손해보험,10,재보험 위험조정 변동,2023.2Q,,
KR0005,흥국화재,,손해보험,11,재보험 예실차,2023.2Q,,
KR0005,흥국화재,,손해보험,12,기타 생명장기 재보험손익,2023.2Q,,
KR0005,흥국화재,,손해보험,13,자동차손익,2023.2Q,,
KR0005,흥국화재,,손해보험,14,일반손익,2023.2Q,,
KR0005,흥국화재,,손해보험,15,기타영업수익,2023.2Q,0.0,0.0
KR0005,흥국화재,,손해보험,16,기타사업비용,2023.2Q,,
KR0005,흥국화재,,손해보험,17,투자손익,2023.2Q,,
KR0005,흥국화재,,손해보험,18,투자이익,2023.2Q,,
KR0005,흥국화재,,손해보험,19,보험금융손익,2023.2Q,-88683.0,-5379.0
KR0005,흥국화재,,손해보험,20,영업이익,2023.2Q,84854.0,-39721.0
KR0005,흥국화재,,손해보험,21,영업외손익,2023.2Q,-232.0,-77.0
KR0005,흥국화재,,손해보험,22,세전이익,2023.2Q,84622.0,-39798.0
KR0005,흥국화재,,손해보험,23,법인세,2023.2Q,17589.0,-10136.0
KR0005,흥국화재,,손해보험,24,당기순이익,2023.2Q,67033.0,-29662.0
KR0005,흥국화재,,손해보험,1,보험손익,2023.3Q,277123.0,174070.0
KR0005,흥국화재,,손해보험,2,생명장기 손익,2023.3Q,286327.0,
KR0005,흥국화재,,손해보험,3,생명장기 원수손익,2023.3Q,279357.0,
KR0005,흥국화재,,손해보험,4,원수 CSM상각,2023.3Q,155579.0,61542.0
KR0005,흥국화재,,손해보험,5,원수 위험조정 변동,2023.3Q,21143.0,
KR0005,흥국화재,,손해보험,6,원수 예실차,2023.3Q,110026.0,
KR0005,흥국화재,,손해보험,7,기타 생명장기 원수손익,2023.3Q,-7391.0,
KR0005,흥국화재,,손해보험,8,생명장기 재보험손익,2023.3Q,6970.0,
KR0005,흥국화재,,손해보험,9,재보험 CSM상각,2023.3Q,7666.0,
KR0005,흥국화재,,손해보험,10,재보험 위험조정 변동,2023.3Q,757.0,
KR0005,흥국화재,,손해보험,11,재보험 예실차,2023.3Q,-47.0,
KR0005,흥국화재,,손해보험,12,기타 생명장기 재보험손익,2023.3Q,-1406.0,
KR0005,흥국화재,,손해보험,13,자동차손익,2023.3Q,-4703.0,
KR0005,흥국화재,,손해보험,14,일반손익,2023.3Q,-4747.0,
KR0005,흥국화재,,손해보험,15,기타영업수익,2023.3Q,0.0,0.0
KR0005,흥국화재,,손해보험,16,기타사업비용,2023.3Q,13225.0,
KR0005,흥국화재,,손해보험,17,투자손익,2023.3Q,-42056.0,
KR0005,흥국화재,,손해보험,18,투자이익,2023.3Q,217893.0,
KR0005,흥국화재,,손해보험,19,보험금융손익,2023.3Q,-259949.0,-171266.0
KR0005,흥국화재,,손해보험,20,영업이익,2023.3Q,235067.0,150213.0
KR0005,흥국화재,,손해보험,21,영업외손익,2023.3Q,-970.0,-738.0
KR0005,흥국화재,,손해보험,22,세전이익,2023.3Q,234097.0,149475.0
KR0005,흥국화재,,손해보험,23,법인세,2023.3Q,52285.0,34696.0
KR0005,흥국화재,,손해보험,24,당기순이익,2023.3Q,181812.0,114779.0
KR0005,흥국화재,,손해보험,1,보험손익,2023.4Q,308412.0,31289.0
KR0005,흥국화재,,손해보험,2,생명장기 손익,2023.4Q,320395.0,34068.0
KR0005,흥국화재,,손해보험,3,생명장기 원수손익,2023.4Q,307895.0,28538.0
KR0005,흥국화재,,손해보험,4,원수 CSM상각,2023.4Q,210807.0,55228.0
KR0005,흥국화재,,손해보험,5,원수 위험조정 변동,2023.4Q,30661.0,9518.0
KR0005,흥국화재,,손해보험,6,원수 예실차,2023.4Q,127166.0,17140.0
KR0005,흥국화재,,손해보험,7,기타 생명장기 원수손익,2023.4Q,-60739.0,-53348.0
KR0005,흥국화재,,손해보험,8,생명장기 재보험손익,2023.4Q,12500.0,5530.0
KR0005,흥국화재,,손해보험,9,재보험 CSM상각,2023.4Q,11459.0,3793.0
KR0005,흥국화재,,손해보험,10,재보험 위험조정 변동,2023.4Q,683.0,-74.0
KR0005,흥국화재,,손해보험,11,재보험 예실차,2023.4Q,2804.0,2851.0
KR0005,흥국화재,,손해보험,12,기타 생명장기 재보험손익,2023.4Q,-2446.0,-1040.0
KR0005,흥국화재,,손해보험,13,자동차손익,2023.4Q,-12874.0,-8171.0
KR0005,흥국화재,,손해보험,14,일반손익,2023.4Q,613.0,5360.0
KR0005,흥국화재,,손해보험,15,기타영업수익,2023.4Q,0.0,0.0
KR0005,흥국화재,,손해보험,16,기타사업비용,2023.4Q,18758.0,5533.0
KR0005,흥국화재,,손해보험,17,투자손익,2023.4Q,99358.0,141414.0
KR0005,흥국화재,,손해보험,18,투자이익,2023.4Q,446988.0,229095.0
KR0005,흥국화재,,손해보험,19,보험금융손익,2023.4Q,-347630.0,-87681.0
KR0005,흥국화재,,손해보험,20,영업이익,2023.4Q,407770.0,172703.0
KR0005,흥국화재,,손해보험,21,영업외손익,2023.4Q,-639.0,331.0
KR0005,흥국화재,,손해보험,22,세전이익,2023.4Q,407131.0,173034.0
KR0005,흥국화재,,손해보험,23,법인세,2023.4Q,90984.0,38699.0
KR0005,흥국화재,,손해보험,24,당기순이익,2023.4Q,316147.0,134335.0
KR0005,흥국화재,,손해보험,1,보험손익,2024.1Q,139937.0,139937.0
KR0005,흥국화재,,손해보험,2,생명장기 손익,2024.1Q,139152.0,139152.0
KR0005,흥국화재,,손해보험,3,생명장기 원수손익,2024.1Q,143494.0,143494.0
KR0005,흥국화재,,손해보험,4,원수 CSM상각,2024.1Q,57613.0,57613.0
KR0005,흥국화재,,손해보험,5,원수 위험조정 변동,2024.1Q,7564.0,7564.0
KR0005,흥국화재,,손해보험,6,원수 예실차,2024.1Q,37194.0,37194.0
KR0005,흥국화재,,손해보험,7,기타 생명장기 원수손익,2024.1Q,41123.0,41123.0
KR0005,흥국화재,,손해보험,8,생명장기 재보험손익,2024.1Q,-4342.0,-4342.0
KR0005,흥국화재,,손해보험,9,재보험 CSM상각,2024.1Q,3900.0,3900.0
KR0005,흥국화재,,손해보험,10,재보험 위험조정 변동,2024.1Q,-367.0,-367.0
KR0005,흥국화재,,손해보험,11,재보험 예실차,2024.1Q,-6406.0,-6406.0
KR0005,흥국화재,,손해보험,12,기타 생명장기 재보험손익,2024.1Q,-1469.0,-1469.0
KR0005,흥국화재,,손해보험,13,자동차손익,2024.1Q,47.0,47.0
KR0005,흥국화재,,손해보험,14,일반손익,2024.1Q,768.0,768.0
KR0005,흥국화재,,손해보험,15,기타영업수익,2024.1Q,0.0,0.0
KR0005,흥국화재,,손해보험,16,기타사업비용,2024.1Q,5112.0,5112.0
KR0005,흥국화재,,손해보험,17,투자손익,2024.1Q,-71099.0,-71099.0
KR0005,흥국화재,,손해보험,18,투자이익,2024.1Q,9640.0,9640.0
KR0005,흥국화재,,손해보험,19,보험금융손익,2024.1Q,-80739.0,-80739.0
KR0005,흥국화재,,손해보험,20,영업이익,2024.1Q,68838.0,68838.0
KR0005,흥국화재,,손해보험,21,영업외손익,2024.1Q,-345.0,-345.0
KR0005,흥국화재,,손해보험,22,세전이익,2024.1Q,68493.0,68493.0
KR0005,흥국화재,,손해보험,23,법인세,2024.1Q,20483.0,20483.0
KR0005,흥국화재,,손해보험,24,당기순이익,2024.1Q,48010.0,48010.0
KR0005,흥국화재,,손해보험,1,보험손익,2024.2Q,182019.0,42082.0
KR0005,흥국화재,,손해보험,2,생명장기 손익,2024.2Q,183681.0,44529.0
KR0005,흥국화재,,손해보험,3,생명장기 원수손익,2024.2Q,186716.0,43222.0
KR0005,흥국화재,,손해보험,4,원수 CSM상각,2024.2Q,114554.0,56941.0
KR0005,흥국화재,,손해보험,5,원수 위험조정 변동,2024.2Q,15370.0,7806.0
KR0005,흥국화재,,손해보험,6,원수 예실차,2024.2Q,62785.0,25591.0
KR0005,흥국화재,,손해보험,7,기타 생명장기 원수손익,2024.2Q,-5993.0,-47116.0
KR0005,흥국화재,,손해보험,8,생명장기 재보험손익,2024.2Q,-3035.0,1307.0
KR0005,흥국화재,,손해보험,9,재보험 CSM상각,2024.2Q,7798.0,3898.0
KR0005,흥국화재,,손해보험,10,재보험 위험조정 변동,2024.2Q,-751.0,-384.0
KR0005,흥국화재,,손해보험,11,재보험 예실차,2024.2Q,-6865.0,-459.0
KR0005,흥국화재,,손해보험,12,기타 생명장기 재보험손익,2024.2Q,-3217.0,-1748.0
KR0005,흥국화재,,손해보험,13,자동차손익,2024.2Q,-3671.0,-3718.0
KR0005,흥국화재,,손해보험,14,일반손익,2024.2Q,2126.0,1358.0
KR0005,흥국화재,,손해보험,15,기타영업수익,2024.2Q,0.0,0.0
KR0005,흥국화재,,손해보험,16,기타사업비용,2024.2Q,11246.0,6134.0
KR0005,흥국화재,,손해보험,17,투자손익,2024.2Q,-45124.0,25975.0
KR0005,흥국화재,,손해보험,18,투자이익,2024.2Q,120197.0,110557.0
KR0005,흥국화재,,손해보험,19,보험금융손익,2024.2Q,-165321.0,-84582.0
KR0005,흥국화재,,손해보험,20,영업이익,2024.2Q,136895.0,68057.0
KR0005,흥국화재,,손해보험,21,영업외손익,2024.2Q,-869.0,-524.0
KR0005,흥국화재,,손해보험,22,세전이익,2024.2Q,136026.0,67533.0
KR0005,흥국화재,,손해보험,23,법인세,2024.2Q,29035.0,8552.0
KR0005,흥국화재,,손해보험,24,당기순이익,2024.2Q,106991.0,58981.0
KR0005,흥국화재,,손해보험,1,보험손익,2024.3Q,227590.0,45571.0
KR0005,흥국화재,,손해보험,2,생명장기 손익,2024.3Q,235907.0,52226.0
KR0005,흥국화재,,손해보험,3,생명장기 원수손익,2024.3Q,236728.0,50012.0
KR0005,흥국화재,,손해보험,4,원수 CSM상각,2024.3Q,170314.0,55760.0
KR0005,흥국화재,,손해보험,5,원수 위험조정 변동,2024.3Q,23625.0,8255.0
KR0005,흥국화재,,손해보험,6,원수 예실차,2024.3Q,82856.0,20071.0
KR0005,흥국화재,,손해보험,7,기타 생명장기 원수손익,2024.3Q,-40067.0,-34074.0
KR0005,흥국화재,,손해보험,8,생명장기 재보험손익,2024.3Q,-821.0,2214.0
KR0005,흥국화재,,손해보험,9,재보험 CSM상각,2024.3Q,11571.0,3773.0
KR0005,흥국화재,,손해보험,10,재보험 위험조정 변동,2024.3Q,-1146.0,-395.0
KR0005,흥국화재,,손해보험,11,재보험 예실차,2024.3Q,-7371.0,-506.0
KR0005,흥국화재,,손해보험,12,기타 생명장기 재보험손익,2024.3Q,-3875.0,-658.0
KR0005,흥국화재,,손해보험,13,자동차손익,2024.3Q,-7633.0,-3962.0
KR0005,흥국화재,,손해보험,14,일반손익,2024.3Q,-574.0,-2700.0
KR0005,흥국화재,,손해보험,15,기타영업수익,2024.3Q,0.0,0.0
KR0005,흥국화재,,손해보험,16,기타사업비용,2024.3Q,,
KR0005,흥국화재,,손해보험,17,투자손익,2024.3Q,34117.0,79241.0
KR0005,흥국화재,,손해보험,18,투자이익,2024.3Q,286137.0,165940.0
KR0005,흥국화재,,손해보험,19,보험금융손익,2024.3Q,-252020.0,-86699.0
KR0005,흥국화재,,손해보험,20,영업이익,2024.3Q,261707.0,124812.0
KR0005,흥국화재,,손해보험,21,영업외손익,2024.3Q,-1135.0,-266.0
KR0005,흥국화재,,손해보험,22,세전이익,2024.3Q,260572.0,124546.0
KR0005,흥국화재,,손해보험,23,법인세,2024.3Q,62737.0,33702.0
KR0005,흥국화재,,손해보험,24,당기순이익,2024.3Q,197835.0,90844.0
KR0005,흥국화재,,손해보험,1,보험손익,2024.4Q,212894.0,-14696.0
KR0005,흥국화재,,손해보험,2,생명장기 손익,2024.4Q,229020.0,-6887.0
KR0005,흥국화재,,손해보험,3,생명장기 원수손익,2024.4Q,228665.0,-8063.0
KR0005,흥국화재,,손해보험,4,원수 CSM상각,2024.4Q,220001.0,49687.0
KR0005,흥국화재,,손해보험,5,원수 위험조정 변동,2024.4Q,33515.0,9890.0
KR0005,흥국화재,,손해보험,6,원수 예실차,2024.4Q,116782.0,33926.0
KR0005,흥국화재,,손해보험,7,기타 생명장기 원수손익,2024.4Q,-141633.0,-101566.0
KR0005,흥국화재,,손해보험,8,생명장기 재보험손익,2024.4Q,355.0,1176.0
KR0005,흥국화재,,손해보험,9,재보험 CSM상각,2024.4Q,15543.0,3972.0
KR0005,흥국화재,,손해보험,10,재보험 위험조정 변동,2024.4Q,-1690.0,-544.0
KR0005,흥국화재,,손해보험,11,재보험 예실차,2024.4Q,-7603.0,-232.0
KR0005,흥국화재,,손해보험,12,기타 생명장기 재보험손익,2024.4Q,-5895.0,-2020.0
KR0005,흥국화재,,손해보험,13,자동차손익,2024.4Q,-15000.0,-7367.0
KR0005,흥국화재,,손해보험,14,일반손익,2024.4Q,-1014.0,-440.0
KR0005,흥국화재,,손해보험,15,기타영업수익,2024.4Q,0.0,0.0
KR0005,흥국화재,,손해보험,16,기타사업비용,2024.4Q,,
KR0005,흥국화재,,손해보험,17,투자손익,2024.4Q,-64115.0,-98232.0
KR0005,흥국화재,,손해보험,18,투자이익,2024.4Q,289414.0,3277.0
KR0005,흥국화재,,손해보험,19,보험금융손익,2024.4Q,-353529.0,-101509.0
KR0005,흥국화재,,손해보험,20,영업이익,2024.4Q,148779.0,-112928.0
KR0005,흥국화재,,손해보험,21,영업외손익,2024.4Q,-5050.0,-3915.0
KR0005,흥국화재,,손해보험,22,세전이익,2024.4Q,143729.0,-116843.0
KR0005,흥국화재,,손해보험,23,법인세,2024.4Q,37007.0,-25730.0
KR0005,흥국화재,,손해보험,24,당기순이익,2024.4Q,106722.0,-91113.0
KR0005,흥국화재,,손해보험,1,보험손익,2025.1Q,59132.0,59132.0
KR0005,흥국화재,,손해보험,2,생명장기 손익,2025.1Q,66690.0,66690.0
KR0005,흥국화재,,손해보험,3,생명장기 원수손익,2025.1Q,62620.0,62620.0
KR0005,흥국화재,,손해보험,4,원수 CSM상각,2025.1Q,56412.0,56412.0
KR0005,흥국화재,,손해보험,5,원수 위험조정 변동,2025.1Q,9826.0,9826.0
KR0005,흥국화재,,손해보험,6,원수 예실차,2025.1Q,6455.0,6455.0
KR0005,흥국화재,,손해보험,7,기타 생명장기 원수손익,2025.1Q,-10073.0,-10073.0
KR0005,흥국화재,,손해보험,8,생명장기 재보험손익,2025.1Q,4070.0,4070.0
KR0005,흥국화재,,손해보험,9,재보험 CSM상각,2025.1Q,6237.0,6237.0
KR0005,흥국화재,,손해보험,10,재보험 위험조정 변동,2025.1Q,-554.0,-554.0
KR0005,흥국화재,,손해보험,11,재보험 예실차,2025.1Q,7247.0,7247.0
KR0005,흥국화재,,손해보험,12,기타 생명장기 재보험손익,2025.1Q,-8860.0,-8860.0
KR0005,흥국화재,,손해보험,13,자동차손익,2025.1Q,-4205.0,-4205.0
KR0005,흥국화재,,손해보험,14,일반손익,2025.1Q,2199.0,2199.0
KR0005,흥국화재,,손해보험,15,기타영업수익,2025.1Q,0.0,0.0
KR0005,흥국화재,,손해보험,16,기타사업비용,2025.1Q,6266.0,6266.0
KR0005,흥국화재,,손해보험,17,투자손익,2025.1Q,85548.0,85548.0
KR0005,흥국화재,,손해보험,18,투자이익,2025.1Q,173382.0,173382.0
KR0005,흥국화재,,손해보험,19,보험금융손익,2025.1Q,-87834.0,-87834.0
KR0005,흥국화재,,손해보험,20,영업이익,2025.1Q,144680.0,144680.0
KR0005,흥국화재,,손해보험,21,영업외손익,2025.1Q,118.0,118.0
KR0005,흥국화재,,손해보험,22,세전이익,2025.1Q,144798.0,144798.0
KR0005,흥국화재,,손해보험,23,법인세,2025.1Q,25218.0,25218.0
KR0005,흥국화재,,손해보험,24,당기순이익,2025.1Q,119580.0,119580.0
KR0005,흥국화재,,손해보험,1,보험손익,2025.2Q,100361.0,41229.0
KR0005,흥국화재,,손해보험,2,생명장기 손익,2025.2Q,119396.0,52706.0
KR0005,흥국화재,,손해보험,3,생명장기 원수손익,2025.2Q,110662.0,48042.0
KR0005,흥국화재,,손해보험,4,원수 CSM상각,2025.2Q,115093.0,58681.0
KR0005,흥국화재,,손해보험,5,원수 위험조정 변동,2025.2Q,19825.0,9999.0
KR0005,흥국화재,,손해보험,6,원수 예실차,2025.2Q,-20243.0,-26698.0
KR0005,흥국화재,,손해보험,7,기타 생명장기 원수손익,2025.2Q,-4013.0,6060.0
KR0005,흥국화재,,손해보험,8,생명장기 재보험손익,2025.2Q,8734.0,4664.0
KR0005,흥국화재,,손해보험,9,재보험 CSM상각,2025.2Q,11592.0,5355.0
KR0005,흥국화재,,손해보험,10,재보험 위험조정 변동,2025.2Q,-1001.0,-447.0
KR0005,흥국화재,,손해보험,11,재보험 예실차,2025.2Q,-1246.0,-8493.0
KR0005,흥국화재,,손해보험,12,기타 생명장기 재보험손익,2025.2Q,-611.0,8249.0
KR0005,흥국화재,,손해보험,13,자동차손익,2025.2Q,-9541.0,-5336.0
KR0005,흥국화재,,손해보험,14,일반손익,2025.2Q,5184.0,2985.0
KR0005,흥국화재,,손해보험,15,기타영업수익,2025.2Q,0.0,0.0
KR0005,흥국화재,,손해보험,16,기타사업비용,2025.2Q,14678.0,8412.0
KR0005,흥국화재,,손해보험,17,투자손익,2025.2Q,63633.0,-21915.0
KR0005,흥국화재,,손해보험,18,투자이익,2025.2Q,238120.0,64738.0
KR0005,흥국화재,,손해보험,19,보험금융손익,2025.2Q,-174487.0,-86653.0
KR0005,흥국화재,,손해보험,20,영업이익,2025.2Q,163994.0,19314.0
KR0005,흥국화재,,손해보험,21,영업외손익,2025.2Q,-72.0,-190.0
KR0005,흥국화재,,손해보험,22,세전이익,2025.2Q,163922.0,19124.0
KR0005,흥국화재,,손해보험,23,법인세,2025.2Q,31579.0,6361.0
KR0005,흥국화재,,손해보험,24,당기순이익,2025.2Q,132343.0,12763.0
KR0005,흥국화재,,손해보험,1,보험손익,2025.3Q,131995.0,31634.0
KR0005,흥국화재,,손해보험,2,생명장기 손익,2025.3Q,153216.0,33820.0
KR0005,흥국화재,,손해보험,3,생명장기 원수손익,2025.3Q,148612.0,37950.0
KR0005,흥국화재,,손해보험,4,원수 CSM상각,2025.3Q,175546.0,60453.0
KR0005,흥국화재,,손해보험,5,원수 위험조정 변동,2025.3Q,31549.0,11724.0
KR0005,흥국화재,,손해보험,6,원수 예실차,2025.3Q,-34206.0,-13963.0
KR0005,흥국화재,,손해보험,7,기타 생명장기 원수손익,2025.3Q,-24277.0,-20264.0
KR0005,흥국화재,,손해보험,8,생명장기 재보험손익,2025.3Q,4604.0,-4130.0
KR0005,흥국화재,,손해보험,9,재보험 CSM상각,2025.3Q,8421.0,-3171.0
KR0005,흥국화재,,손해보험,10,재보험 위험조정 변동,2025.3Q,-1667.0,-666.0
KR0005,흥국화재,,손해보험,11,재보험 예실차,2025.3Q,-19888.0,-18642.0
KR0005,흥국화재,,손해보험,12,기타 생명장기 재보험손익,2025.3Q,17738.0,18349.0
KR0005,흥국화재,,손해보험,13,자동차손익,2025.3Q,-13191.0,-3650.0
KR0005,흥국화재,,손해보험,14,일반손익,2025.3Q,14873.0,9689.0
KR0005,흥국화재,,손해보험,15,기타영업수익,2025.3Q,0.0,0.0
KR0005,흥국화재,,손해보험,16,기타사업비용,2025.3Q,22903.0,8225.0
KR0005,흥국화재,,손해보험,17,투자손익,2025.3Q,62270.0,-1363.0
KR0005,흥국화재,,손해보험,18,투자이익,2025.3Q,323467.0,85347.0
KR0005,흥국화재,,손해보험,19,보험금융손익,2025.3Q,-261197.0,-86710.0
KR0005,흥국화재,,손해보험,20,영업이익,2025.3Q,194265.0,30271.0
KR0005,흥국화재,,손해보험,21,영업외손익,2025.3Q,-61.0,11.0
KR0005,흥국화재,,손해보험,22,세전이익,2025.3Q,194204.0,30282.0
KR0005,흥국화재,,손해보험,23,법인세,2025.3Q,35205.0,3626.0
KR0005,흥국화재,,손해보험,24,당기순이익,2025.3Q,158999.0,26656.0
KR0005,흥국화재,,손해보험,1,보험손익,2025.4Q,143209.0,11214.0
KR0005,흥국화재,,손해보험,2,생명장기 손익,2025.4Q,192064.0,38848.0
KR0005,흥국화재,,손해보험,3,생명장기 원수손익,2025.4Q,180586.0,31974.0
KR0005,흥국화재,,손해보험,4,원수 CSM상각,2025.4Q,235193.0,59647.0
KR0005,흥국화재,,손해보험,5,원수 위험조정 변동,2025.4Q,43329.0,11780.0
KR0005,흥국화재,,손해보험,6,원수 예실차,2025.4Q,-70752.0,-36546.0
KR0005,흥국화재,,손해보험,7,기타 생명장기 원수손익,2025.4Q,-27184.0,-2907.0
KR0005,흥국화재,,손해보험,8,생명장기 재보험손익,2025.4Q,11478.0,6874.0
KR0005,흥국화재,,손해보험,9,재보험 CSM상각,2025.4Q,14083.0,5662.0
KR0005,흥국화재,,손해보험,10,재보험 위험조정 변동,2025.4Q,-2333.0,-666.0
KR0005,흥국화재,,손해보험,11,재보험 예실차,2025.4Q,-24858.0,-4970.0
KR0005,흥국화재,,손해보험,12,기타 생명장기 재보험손익,2025.4Q,24586.0,6848.0
KR0005,흥국화재,,손해보험,13,자동차손익,2025.4Q,-23652.0,-10461.0
KR0005,흥국화재,,손해보험,14,일반손익,2025.4Q,7279.0,-7594.0
KR0005,흥국화재,,손해보험,15,기타영업수익,2025.4Q,0.0,0.0
KR0005,흥국화재,,손해보험,16,기타사업비용,2025.4Q,32482.0,9579.0
KR0005,흥국화재,,손해보험,17,투자손익,2025.4Q,44295.0,-17975.0
KR0005,흥국화재,,손해보험,18,투자이익,2025.4Q,393731.0,70264.0
KR0005,흥국화재,,손해보험,19,보험금융손익,2025.4Q,-349436.0,-88239.0
KR0005,흥국화재,,손해보험,20,영업이익,2025.4Q,187504.0,-6761.0
KR0005,흥국화재,,손해보험,21,영업외손익,2025.4Q,311.0,372.0
KR0005,흥국화재,,손해보험,22,세전이익,2025.4Q,187815.0,-6389.0
KR0005,흥국화재,,손해보험,23,법인세,2025.4Q,36126.0,921.0
KR0005,흥국화재,,손해보험,24,당기순이익,2025.4Q,151689.0,-7310.0
KR0005,흥국화재,,손해보험,1,보험손익,2026.1Q,19672.0,19672.0
KR0005,흥국화재,,손해보험,2,생명장기 손익,2026.1Q,39600.0,39600.0
KR0005,흥국화재,,손해보험,3,생명장기 원수손익,2026.1Q,35049.0,35049.0
KR0005,흥국화재,,손해보험,4,원수 CSM상각,2026.1Q,63668.0,63668.0
KR0005,흥국화재,,손해보험,5,원수 위험조정 변동,2026.1Q,12923.0,12923.0
KR0005,흥국화재,,손해보험,6,원수 예실차,2026.1Q,-29394.0,-29394.0
KR0005,흥국화재,,손해보험,7,기타 생명장기 원수손익,2026.1Q,-12148.0,-12148.0
KR0005,흥국화재,,손해보험,8,생명장기 재보험손익,2026.1Q,4551.0,4551.0
KR0005,흥국화재,,손해보험,9,재보험 CSM상각,2026.1Q,4950.0,4950.0
KR0005,흥국화재,,손해보험,10,재보험 위험조정 변동,2026.1Q,-566.0,-566.0
KR0005,흥국화재,,손해보험,11,재보험 예실차,2026.1Q,-670.0,-670.0
KR0005,흥국화재,,손해보험,12,기타 생명장기 재보험손익,2026.1Q,837.0,837.0
KR0005,흥국화재,,손해보험,13,자동차손익,2026.1Q,-11182.0,-11182.0
KR0005,흥국화재,,손해보험,14,일반손익,2026.1Q,-1467.0,-1467.0
KR0005,흥국화재,,손해보험,15,기타영업수익,2026.1Q,0.0,0.0
KR0005,흥국화재,,손해보험,16,기타사업비용,2026.1Q,7279.0,7279.0
KR0005,흥국화재,,손해보험,17,투자손익,2026.1Q,-21812.0,-21812.0
KR0005,흥국화재,,손해보험,18,투자이익,2026.1Q,66462.0,66462.0
KR0005,흥국화재,,손해보험,19,보험금융손익,2026.1Q,-88274.0,-88274.0
KR0005,흥국화재,,손해보험,20,영업이익,2026.1Q,-2140.0,-2140.0
KR0005,흥국화재,,손해보험,21,영업외손익,2026.1Q,-97.0,-97.0
KR0005,흥국화재,,손해보험,22,세전이익,2026.1Q,-2237.0,-2237.0
KR0005,흥국화재,,손해보험,23,법인세,2026.1Q,-1573.0,-1573.0
KR0005,흥국화재,,손해보험,24,당기순이익,2026.1Q,-664.0,-664.0
KR0005,흥국화재,,손해보험,1,보험손익,2026.2Q,49782.0,30110.0
KR0005,흥국화재,,손해보험,2,생명장기 손익,2026.2Q,,
KR0005,흥국화재,,손해보험,3,생명장기 원수손익,2026.2Q,71856.0,36807.0
KR0005,흥국화재,,손해보험,4,원수 CSM상각,2026.2Q,130489.0,66821.0
KR0005,흥국화재,,손해보험,5,원수 위험조정 변동,2026.2Q,25932.0,13009.0
KR0005,흥국화재,,손해보험,6,원수 예실차,2026.2Q,-83316.0,-53922.0
KR0005,흥국화재,,손해보험,7,기타 생명장기 원수손익,2026.2Q,-1249.0,10899.0
KR0005,흥국화재,,손해보험,8,생명장기 재보험손익,2026.2Q,,
KR0005,흥국화재,,손해보험,9,재보험 CSM상각,2026.2Q,-3901.0,-8851.0
KR0005,흥국화재,,손해보험,10,재보험 위험조정 변동,2026.2Q,-571.0,-5.0
KR0005,흥국화재,,손해보험,11,재보험 예실차,2026.2Q,-7231.0,-6561.0
KR0005,흥국화재,,손해보험,12,기타 생명장기 재보험손익,2026.2Q,,
KR0005,흥국화재,,손해보험,13,자동차손익,2026.2Q,,
KR0005,흥국화재,,손해보험,14,일반손익,2026.2Q,,
KR0005,흥국화재,,손해보험,15,기타영업수익,2026.2Q,0.0,0.0
KR0005,흥국화재,,손해보험,16,기타사업비용,2026.2Q,14362.0,7083.0
KR0005,흥국화재,,손해보험,17,투자손익,2026.2Q,-16417.0,5395.0
KR0005,흥국화재,,손해보험,18,투자이익,2026.2Q,161285.0,94823.0
KR0005,흥국화재,,손해보험,19,보험금융손익,2026.2Q,-177702.0,-89428.0
KR0005,흥국화재,,손해보험,20,영업이익,2026.2Q,33365.0,35505.0
KR0005,흥국화재,,손해보험,21,영업외손익,2026.2Q,-1654.0,-1557.0
KR0005,흥국화재,,손해보험,22,세전이익,2026.2Q,31711.0,33948.0
KR0005,흥국화재,,손해보험,23,법인세,2026.2Q,5544.0,7117.0
KR0005,흥국화재,,손해보험,24,당기순이익,2026.2Q,26167.0,26831.0
KR0008,삼성화재해상보험,,손해보험,1,보험손익,2023.2Q,,
KR0008,삼성화재해상보험,,손해보험,2,생명장기 손익,2023.2Q,953944.0,
KR0008,삼성화재해상보험,,손해보험,3,생명장기 원수손익,2023.2Q,958503.0,
KR0008,삼성화재해상보험,,손해보험,4,원수 CSM상각,2023.2Q,759126.0,
KR0008,삼성화재해상보험,,손해보험,5,원수 위험조정 변동,2023.2Q,71933.0,
KR0008,삼성화재해상보험,,손해보험,6,원수 예실차,2023.2Q,46562.0,
KR0008,삼성화재해상보험,,손해보험,7,기타 생명장기 원수손익,2023.2Q,80882.0,
KR0008,삼성화재해상보험,,손해보험,8,생명장기 재보험손익,2023.2Q,-4559.0,
KR0008,삼성화재해상보험,,손해보험,9,재보험 CSM상각,2023.2Q,-5498.0,
KR0008,삼성화재해상보험,,손해보험,10,재보험 위험조정 변동,2023.2Q,-7376.0,
KR0008,삼성화재해상보험,,손해보험,11,재보험 예실차,2023.2Q,-25993.0,
KR0008,삼성화재해상보험,,손해보험,12,기타 생명장기 재보험손익,2023.2Q,34308.0,
KR0008,삼성화재해상보험,,손해보험,13,자동차손익,2023.2Q,262747.0,
KR0008,삼성화재해상보험,,손해보험,14,일반손익,2023.2Q,354530.0,
KR0008,삼성화재해상보험,,손해보험,15,기타영업수익,2023.2Q,,
KR0008,삼성화재해상보험,,손해보험,16,기타사업비용,2023.2Q,,
KR0008,삼성화재해상보험,,손해보험,17,투자손익,2023.2Q,,
KR0008,삼성화재해상보험,,손해보험,18,투자이익,2023.2Q,,
KR0008,삼성화재해상보험,,손해보험,19,보험금융손익,2023.2Q,,
KR0008,삼성화재해상보험,,손해보험,20,영업이익,2023.2Q,,
KR0008,삼성화재해상보험,,손해보험,21,영업외손익,2023.2Q,,
KR0008,삼성화재해상보험,,손해보험,22,세전이익,2023.2Q,,
KR0008,삼성화재해상보험,,손해보험,23,법인세,2023.2Q,,
KR0008,삼성화재해상보험,,손해보험,24,당기순이익,2023.2Q,,
KR0008,삼성화재해상보험,,손해보험,1,보험손익,2023.3Q,1686253.903377,
KR0008,삼성화재해상보험,,손해보험,2,생명장기 손익,2023.3Q,1439318.0,485374.0
KR0008,삼성화재해상보험,,손해보험,3,생명장기 원수손익,2023.3Q,1453489.0,494986.0
KR0008,삼성화재해상보험,,손해보험,4,원수 CSM상각,2023.3Q,1154862.0,395736.0
KR0008,삼성화재해상보험,,손해보험,5,원수 위험조정 변동,2023.3Q,109749.0,37816.0
KR0008,삼성화재해상보험,,손해보험,6,원수 예실차,2023.3Q,94901.0,48339.0
KR0008,삼성화재해상보험,,손해보험,7,기타 생명장기 원수손익,2023.3Q,93977.0,13095.0
KR0008,삼성화재해상보험,,손해보험,8,생명장기 재보험손익,2023.3Q,-14171.0,-9612.0
KR0008,삼성화재해상보험,,손해보험,9,재보험 CSM상각,2023.3Q,-9466.0,-3968.0
KR0008,삼성화재해상보험,,손해보험,10,재보험 위험조정 변동,2023.3Q,-10625.0,-3249.0
KR0008,삼성화재해상보험,,손해보험,11,재보험 예실차,2023.3Q,-45167.0,-19174.0
KR0008,삼성화재해상보험,,손해보험,12,기타 생명장기 재보험손익,2023.3Q,51087.0,16779.0
KR0008,삼성화재해상보험,,손해보험,13,자동차손익,2023.3Q,330960.0,68213.0
KR0008,삼성화재해상보험,,손해보험,14,일반손익,2023.3Q,224173.0,-130357.0
KR0008,삼성화재해상보험,,손해보험,15,기타영업수익,2023.3Q,0.0,
KR0008,삼성화재해상보험,,손해보험,16,기타사업비용,2023.3Q,308198.361976,
KR0008,삼성화재해상보험,,손해보험,17,투자손익,2023.3Q,439140.481342,
KR0008,삼성화재해상보험,,손해보험,18,투자이익,2023.3Q,1466952.169066,
KR0008,삼성화재해상보험,,손해보험,19,보험금융손익,2023.3Q,-1027811.687724,
KR0008,삼성화재해상보험,,손해보험,20,영업이익,2023.3Q,2125394.384719,
KR0008,삼성화재해상보험,,손해보험,21,영업외손익,2023.3Q,20125.759234,
KR0008,삼성화재해상보험,,손해보험,22,세전이익,2023.3Q,2145520.143953,
KR0008,삼성화재해상보험,,손해보험,23,법인세,2023.3Q,557788.093452,
KR0008,삼성화재해상보험,,손해보험,24,당기순이익,2023.3Q,1587732.050501,
KR0008,삼성화재해상보험,,손해보험,1,보험손익,2023.4Q,1863078.75816,176824.854783
KR0008,삼성화재해상보험,,손해보험,2,생명장기 손익,2023.4Q,1721891.0,282573.0
KR0008,삼성화재해상보험,,손해보험,3,생명장기 원수손익,2023.4Q,1731001.0,277512.0
KR0008,삼성화재해상보험,,손해보험,4,원수 CSM상각,2023.4Q,1538540.0,383678.0
KR0008,삼성화재해상보험,,손해보험,5,원수 위험조정 변동,2023.4Q,150600.0,40851.0
KR0008,삼성화재해상보험,,손해보험,6,원수 예실차,2023.4Q,-1576.0,-96477.0
KR0008,삼성화재해상보험,,손해보험,7,기타 생명장기 원수손익,2023.4Q,43437.0,-50540.0
KR0008,삼성화재해상보험,,손해보험,8,생명장기 재보험손익,2023.4Q,-9110.0,5061.0
KR0008,삼성화재해상보험,,손해보험,9,재보험 CSM상각,2023.4Q,-15061.0,-5595.0
KR0008,삼성화재해상보험,,손해보험,10,재보험 위험조정 변동,2023.4Q,-12282.0,-1657.0
KR0008,삼성화재해상보험,,손해보험,11,재보험 예실차,2023.4Q,-3801.0,41366.0
KR0008,삼성화재해상보험,,손해보험,12,기타 생명장기 재보험손익,2023.4Q,22034.0,-29053.0
KR0008,삼성화재해상보험,,손해보험,13,자동차손익,2023.4Q,299423.0,-31537.0
KR0008,삼성화재해상보험,,손해보험,14,일반손익,2023.4Q,242067.0,17894.0
KR0008,삼성화재해상보험,,손해보험,15,기타영업수익,2023.4Q,0.0,0.0
KR0008,삼성화재해상보험,,손해보험,16,기타사업비용,2023.4Q,400302.714942,92104.352966
KR0008,삼성화재해상보험,,손해보험,17,투자손익,2023.4Q,513146.179233,74005.697891
KR0008,삼성화재해상보험,,손해보험,18,투자이익,2023.4Q,1885199.098569,418246.929503
KR0008,삼성화재해상보험,,손해보험,19,보험금융손익,2023.4Q,-1372052.919336,-344241.231612
KR0008,삼성화재해상보험,,손해보험,20,영업이익,2023.4Q,2376224.937393,250830.552674
KR0008,삼성화재해상보험,,손해보험,21,영업외손익,2023.4Q,-15168.518919,-35294.278153
KR0008,삼성화재해상보험,,손해보험,22,세전이익,2023.4Q,2361056.418474,215536.274521
KR0008,삼성화재해상보험,,손해보험,23,법인세,2023.4Q,605682.131523,47894.038071
KR0008,삼성화재해상보험,,손해보험,24,당기순이익,2023.4Q,1755374.286951,167642.23645
KR0008,삼성화재해상보험,,손해보험,1,보험손익,2024.1Q,585810.336768,585810.336768
KR0008,삼성화재해상보험,,손해보험,2,생명장기 손익,2024.1Q,462286.0,462286.0
KR0008,삼성화재해상보험,,손해보험,3,생명장기 원수손익,2024.1Q,475495.0,475495.0
KR0008,삼성화재해상보험,,손해보험,4,원수 CSM상각,2024.1Q,396462.0,396462.0
KR0008,삼성화재해상보험,,손해보험,5,원수 위험조정 변동,2024.1Q,34122.0,34122.0
KR0008,삼성화재해상보험,,손해보험,6,원수 예실차,2024.1Q,-142915.0,-142915.0
KR0008,삼성화재해상보험,,손해보험,7,기타 생명장기 원수손익,2024.1Q,187826.0,187826.0
KR0008,삼성화재해상보험,,손해보험,8,생명장기 재보험손익,2024.1Q,-13209.0,-13209.0
KR0008,삼성화재해상보험,,손해보험,9,재보험 CSM상각,2024.1Q,-7233.0,-7233.0
KR0008,삼성화재해상보험,,손해보험,10,재보험 위험조정 변동,2024.1Q,-2714.0,-2714.0
KR0008,삼성화재해상보험,,손해보험,11,재보험 예실차,2024.1Q,42566.0,42566.0
KR0008,삼성화재해상보험,,손해보험,12,기타 생명장기 재보험손익,2024.1Q,-45828.0,-45828.0
KR0008,삼성화재해상보험,,손해보험,13,자동차손익,2024.1Q,-121893.0,-121893.0
KR0008,삼성화재해상보험,,손해보험,14,일반손익,2024.1Q,289436.0,289436.0
KR0008,삼성화재해상보험,,손해보험,15,기타영업수익,2024.1Q,0.0,0.0
KR0008,삼성화재해상보험,,손해보험,16,기타사업비용,2024.1Q,44019.577515,44019.577515
KR0008,삼성화재해상보험,,손해보험,17,투자손익,2024.1Q,305567.843842,305567.843842
KR0008,삼성화재해상보험,,손해보험,18,투자이익,2024.1Q,648474.842935,648474.842935
KR0008,삼성화재해상보험,,손해보험,19,보험금융손익,2024.1Q,-342906.999093,-342906.999093
KR0008,삼성화재해상보험,,손해보험,20,영업이익,2024.1Q,891378.18061,891378.18061
KR0008,삼성화재해상보험,,손해보험,21,영업외손익,2024.1Q,3371.338726,3371.338726
KR0008,삼성화재해상보험,,손해보험,22,세전이익,2024.1Q,894749.519336,894749.519336
KR0008,삼성화재해상보험,,손해보험,23,법인세,2024.1Q,210878.940899,210878.940899
KR0008,삼성화재해상보험,,손해보험,24,당기순이익,2024.1Q,683870.578437,683870.578437
KR0008,삼성화재해상보험,,손해보험,1,보험손익,2024.2Q,1135414.928494,549604.591726
KR0008,삼성화재해상보험,,손해보험,2,생명장기 손익,2024.2Q,954343.0,492057.0
KR0008,삼성화재해상보험,,손해보험,3,생명장기 원수손익,2024.2Q,990346.0,514851.0
KR0008,삼성화재해상보험,,손해보험,4,원수 CSM상각,2024.2Q,800349.0,403887.0
KR0008,삼성화재해상보험,,손해보험,5,원수 위험조정 변동,2024.2Q,77728.0,43606.0
KR0008,삼성화재해상보험,,손해보험,6,원수 예실차,2024.2Q,-186460.0,-43545.0
KR0008,삼성화재해상보험,,손해보험,7,기타 생명장기 원수손익,2024.2Q,298729.0,110903.0
KR0008,삼성화재해상보험,,손해보험,8,생명장기 재보험손익,2024.2Q,-36003.0,-22794.0
KR0008,삼성화재해상보험,,손해보험,9,재보험 CSM상각,2024.2Q,-14909.0,-7676.0
KR0008,삼성화재해상보험,,손해보험,10,재보험 위험조정 변동,2024.2Q,-6853.0,-4139.0
KR0008,삼성화재해상보험,,손해보험,11,재보험 예실차,2024.2Q,-20048.0,-62614.0
KR0008,삼성화재해상보험,,손해보험,12,기타 생명장기 재보험손익,2024.2Q,5807.0,51635.0
KR0008,삼성화재해상보험,,손해보험,13,자동차손익,2024.2Q,174662.0,296555.0
KR0008,삼성화재해상보험,,손해보험,14,일반손익,2024.2Q,124924.0,-164512.0
KR0008,삼성화재해상보험,,손해보험,15,기타영업수익,2024.2Q,0.0,0.0
KR0008,삼성화재해상보험,,손해보험,16,기타사업비용,2024.2Q,118513.545173,74493.967658
KR0008,삼성화재해상보험,,손해보험,17,투자손익,2024.2Q,535361.033293,229793.189451
KR0008,삼성화재해상보험,,손해보험,18,투자이익,2024.2Q,1227539.294355,579064.45142
KR0008,삼성화재해상보험,,손해보험,19,보험금융손익,2024.2Q,-692178.261062,-349271.261969
KR0008,삼성화재해상보험,,손해보험,20,영업이익,2024.2Q,1670775.961787,779397.781177
KR0008,삼성화재해상보험,,손해보험,21,영업외손익,2024.2Q,3737.263243,365.924517
KR0008,삼성화재해상보험,,손해보험,22,세전이익,2024.2Q,1674513.22503,779763.705694
KR0008,삼성화재해상보험,,손해보험,23,법인세,2024.2Q,397306.007229,186427.06633
KR0008,삼성화재해상보험,,손해보험,24,당기순이익,2024.2Q,1277207.217801,593336.639364
KR0008,삼성화재해상보험,,손해보험,1,보험손익,2024.3Q,1595781.429965,460366.501471
KR0008,삼성화재해상보험,,손해보험,2,생명장기 손익,2024.3Q,1404921.0,450578.0
KR0008,삼성화재해상보험,,손해보험,3,생명장기 원수손익,2024.3Q,1446848.0,456502.0
KR0008,삼성화재해상보험,,손해보험,4,원수 CSM상각,2024.3Q,1210904.0,410555.0
KR0008,삼성화재해상보험,,손해보험,5,원수 위험조정 변동,2024.3Q,121686.0,43958.0
KR0008,삼성화재해상보험,,손해보험,6,원수 예실차,2024.3Q,-223520.0,-37060.0
KR0008,삼성화재해상보험,,손해보험,7,기타 생명장기 원수손익,2024.3Q,337778.0,39049.0
KR0008,삼성화재해상보험,,손해보험,8,생명장기 재보험손익,2024.3Q,-41927.0,-5924.0
KR0008,삼성화재해상보험,,손해보험,9,재보험 CSM상각,2024.3Q,-23055.0,-8146.0
KR0008,삼성화재해상보험,,손해보험,10,재보험 위험조정 변동,2024.3Q,-10793.0,-3940.0
KR0008,삼성화재해상보험,,손해보험,11,재보험 예실차,2024.3Q,-33255.0,-13207.0
KR0008,삼성화재해상보험,,손해보험,12,기타 생명장기 재보험손익,2024.3Q,25176.0,19369.0
KR0008,삼성화재해상보험,,손해보험,13,자동차손익,2024.3Q,197482.0,22820.0
KR0008,삼성화재해상보험,,손해보험,14,일반손익,2024.3Q,162322.0,37398.0
KR0008,삼성화재해상보험,,손해보험,15,기타영업수익,2024.3Q,0.0,0.0
KR0008,삼성화재해상보험,,손해보험,16,기타사업비용,2024.3Q,168943.489502,50429.944329
KR0008,삼성화재해상보험,,손해보험,17,투자손익,2024.3Q,817319.800062,281958.766769
KR0008,삼성화재해상보험,,손해보험,18,투자이익,2024.3Q,1810252.442355,582713.148
KR0008,삼성화재해상보험,,손해보험,19,보험금융손익,2024.3Q,-992932.642293,-300754.381231
KR0008,삼성화재해상보험,,손해보험,20,영업이익,2024.3Q,2413101.230027,742325.26824
KR0008,삼성화재해상보험,,손해보험,21,영업외손익,2024.3Q,7398.612632,3661.349389
KR0008,삼성화재해상보험,,손해보험,22,세전이익,2024.3Q,2420499.842659,745986.617629
KR0008,삼성화재해상보험,,손해보험,23,법인세,2024.3Q,586069.483795,188763.476566
KR0008,삼성화재해상보험,,손해보험,24,당기순이익,2024.3Q,1834430.358864,557223.141063
KR0008,삼성화재해상보험,,손해보험,1,보험손익,2024.4Q,1780370.394335,184588.96437
KR0008,삼성화재해상보험,,손해보험,2,생명장기 손익,2024.4Q,1685848.0,280927.0
KR0008,삼성화재해상보험,,손해보험,3,생명장기 원수손익,2024.4Q,1746147.0,299299.0
KR0008,삼성화재해상보험,,손해보험,4,원수 CSM상각,2024.4Q,1612298.0,401394.0
KR0008,삼성화재해상보험,,손해보험,5,원수 위험조정 변동,2024.4Q,165096.0,43410.0
KR0008,삼성화재해상보험,,손해보험,6,원수 예실차,2024.4Q,-342069.0,-118549.0
KR0008,삼성화재해상보험,,손해보험,7,기타 생명장기 원수손익,2024.4Q,310822.0,-26956.0
KR0008,삼성화재해상보험,,손해보험,8,생명장기 재보험손익,2024.4Q,-60299.0,-18372.0
KR0008,삼성화재해상보험,,손해보험,9,재보험 CSM상각,2024.4Q,-33598.0,-10543.0
KR0008,삼성화재해상보험,,손해보험,10,재보험 위험조정 변동,2024.4Q,-13862.0,-3069.0
KR0008,삼성화재해상보험,,손해보험,11,재보험 예실차,2024.4Q,-17525.0,15730.0
KR0008,삼성화재해상보험,,손해보험,12,기타 생명장기 재보험손익,2024.4Q,4686.0,-20490.0
KR0008,삼성화재해상보험,,손해보험,13,자동차손익,2024.4Q,-815729.0,-1013211.0
KR0008,삼성화재해상보험,,손해보험,14,일반손익,2024.4Q,1156012.0,993690.0
KR0008,삼성화재해상보험,,손해보험,15,기타영업수익,2024.4Q,0.0,0.0
KR0008,삼성화재해상보험,,손해보험,16,기타사업비용,2024.4Q,245761.304967,76817.815465
KR0008,삼성화재해상보험,,손해보험,17,투자손익,2024.4Q,919173.464104,101853.664042
KR0008,삼성화재해상보험,,손해보험,18,투자이익,2024.4Q,2259390.323594,449137.881239
KR0008,삼성화재해상보험,,손해보험,19,보험금융손익,2024.4Q,-1340216.85949,-347284.217197
KR0008,삼성화재해상보험,,손해보험,20,영업이익,2024.4Q,2699543.858439,286442.628412
KR0008,삼성화재해상보험,,손해보험,21,영업외손익,2024.4Q,4540.516556,-2858.096076
KR0008,삼성화재해상보험,,손해보험,22,세전이익,2024.4Q,2704084.374995,283584.532336
KR0008,삼성화재해상보험,,손해보험,23,법인세,2024.4Q,656303.126891,70233.643096
KR0008,삼성화재해상보험,,손해보험,24,당기순이익,2024.4Q,2047781.248104,213350.88924
KR0008,삼성화재해상보험,,손해보험,1,보험손익,2025.1Q,481593.295456,481593.295456
KR0008,삼성화재해상보험,,손해보험,2,생명장기 손익,2025.1Q,435031.0,435031.0
KR0008,삼성화재해상보험,,손해보험,3,생명장기 원수손익,2025.1Q,435400.0,435400.0
KR0008,삼성화재해상보험,,손해보험,4,원수 CSM상각,2025.1Q,406021.0,406021.0
KR0008,삼성화재해상보험,,손해보험,5,원수 위험조정 변동,2025.1Q,44641.0,44641.0
KR0008,삼성화재해상보험,,손해보험,6,원수 예실차,2025.1Q,-67588.0,-67588.0
KR0008,삼성화재해상보험,,손해보험,7,기타 생명장기 원수손익,2025.1Q,52326.0,52326.0
KR0008,삼성화재해상보험,,손해보험,8,생명장기 재보험손익,2025.1Q,-369.0,-369.0
KR0008,삼성화재해상보험,,손해보험,9,재보험 CSM상각,2025.1Q,-11711.0,-11711.0
KR0008,삼성화재해상보험,,손해보험,10,재보험 위험조정 변동,2025.1Q,-4375.0,-4375.0
KR0008,삼성화재해상보험,,손해보험,11,재보험 예실차,2025.1Q,-29569.0,-29569.0
KR0008,삼성화재해상보험,,손해보험,12,기타 생명장기 재보험손익,2025.1Q,45286.0,45286.0
KR0008,삼성화재해상보험,,손해보험,13,자동차손익,2025.1Q,-183140.0,-183140.0
KR0008,삼성화재해상보험,,손해보험,14,일반손익,2025.1Q,275469.0,275469.0
KR0008,삼성화재해상보험,,손해보험,15,기타영업수익,2025.1Q,0.0,0.0
KR0008,삼성화재해상보험,,손해보험,16,기타사업비용,2025.1Q,45766.902809,45766.902809
KR0008,삼성화재해상보험,,손해보험,17,투자손익,2025.1Q,271543.41725,271543.41725
KR0008,삼성화재해상보험,,손해보험,18,투자이익,2025.1Q,597534.954689,597534.954689
KR0008,삼성화재해상보험,,손해보험,19,보험금융손익,2025.1Q,-325991.537439,-325991.537439
KR0008,삼성화재해상보험,,손해보험,20,영업이익,2025.1Q,753136.712706,753136.712706
KR0008,삼성화재해상보험,,손해보험,21,영업외손익,2025.1Q,1820.372823,1820.372823
KR0008,삼성화재해상보험,,손해보험,22,세전이익,2025.1Q,754957.085529,754957.085529
KR0008,삼성화재해상보험,,손해보험,23,법인세,2025.1Q,199323.242102,199323.242102
KR0008,삼성화재해상보험,,손해보험,24,당기순이익,2025.1Q,555633.843427,555633.843427
KR0008,삼성화재해상보험,,손해보험,1,보험손익,2025.2Q,935730.895605,454137.600149
KR0008,삼성화재해상보험,,손해보험,2,생명장기 손익,2025.2Q,885716.0,450685.0
KR0008,삼성화재해상보험,,손해보험,3,생명장기 원수손익,2025.2Q,904454.0,469054.0
KR0008,삼성화재해상보험,,손해보험,4,원수 CSM상각,2025.2Q,812438.0,406417.0
KR0008,삼성화재해상보험,,손해보험,5,원수 위험조정 변동,2025.2Q,91431.0,46790.0
KR0008,삼성화재해상보험,,손해보험,6,원수 예실차,2025.2Q,-91759.0,-24171.0
KR0008,삼성화재해상보험,,손해보험,7,기타 생명장기 원수손익,2025.2Q,92344.0,40018.0
KR0008,삼성화재해상보험,,손해보험,8,생명장기 재보험손익,2025.2Q,-18738.0,-18369.0
KR0008,삼성화재해상보험,,손해보험,9,재보험 CSM상각,2025.2Q,-23381.0,-11670.0
KR0008,삼성화재해상보험,,손해보험,10,재보험 위험조정 변동,2025.2Q,-8199.0,-3824.0
KR0008,삼성화재해상보험,,손해보험,11,재보험 예실차,2025.2Q,-30724.0,-1155.0
KR0008,삼성화재해상보험,,손해보험,12,기타 생명장기 재보험손익,2025.2Q,43566.0,-1720.0
KR0008,삼성화재해상보험,,손해보험,13,자동차손익,2025.2Q,54948.0,238088.0
KR0008,삼성화재해상보험,,손해보험,14,일반손익,2025.2Q,121091.0,-154378.0
KR0008,삼성화재해상보험,,손해보험,15,기타영업수익,2025.2Q,0.0,0.0
KR0008,삼성화재해상보험,,손해보험,16,기타사업비용,2025.2Q,126024.455505,80257.552696
KR0008,삼성화재해상보험,,손해보험,17,투자손익,2025.2Q,336858.707482,65315.290232
KR0008,삼성화재해상보험,,손해보험,18,투자이익,2025.2Q,948518.963576,350984.008887
KR0008,삼성화재해상보험,,손해보험,19,보험금융손익,2025.2Q,-611660.256094,-285668.718655
KR0008,삼성화재해상보험,,손해보험,20,영업이익,2025.2Q,1272589.603087,519452.890381
KR0008,삼성화재해상보험,,손해보험,21,영업외손익,2025.2Q,4009.434176,2189.061353
KR0008,삼성화재해상보험,,손해보험,22,세전이익,2025.2Q,1276599.037263,521641.951734
KR0008,삼성화재해상보험,,손해보험,23,법인세,2025.2Q,322738.551461,123415.309359
KR0008,삼성화재해상보험,,손해보험,24,당기순이익,2025.2Q,953860.485802,398226.642375
KR0008,삼성화재해상보험,,손해보험,1,보험손익,2025.3Q,1286276.644737,350545.749132
KR0008,삼성화재해상보험,,손해보험,2,생명장기 손익,2025.3Q,1293510.0,407794.0
KR0008,삼성화재해상보험,,손해보험,3,생명장기 원수손익,2025.3Q,1327534.0,423080.0
KR0008,삼성화재해상보험,,손해보험,4,원수 CSM상각,2025.3Q,1228632.0,416194.0
KR0008,삼성화재해상보험,,손해보험,5,원수 위험조정 변동,2025.3Q,143367.0,51936.0
KR0008,삼성화재해상보험,,손해보험,6,원수 예실차,2025.3Q,-146937.0,-55178.0
KR0008,삼성화재해상보험,,손해보험,7,기타 생명장기 원수손익,2025.3Q,102472.0,10128.0
KR0008,삼성화재해상보험,,손해보험,8,생명장기 재보험손익,2025.3Q,-34024.0,-15286.0
KR0008,삼성화재해상보험,,손해보험,9,재보험 CSM상각,2025.3Q,-34796.0,-11415.0
KR0008,삼성화재해상보험,,손해보험,10,재보험 위험조정 변동,2025.3Q,-11980.0,-3781.0
KR0008,삼성화재해상보험,,손해보험,11,재보험 예실차,2025.3Q,-23555.0,7169.0
KR0008,삼성화재해상보험,,손해보험,12,기타 생명장기 재보험손익,2025.3Q,36307.0,-7259.0
KR0008,삼성화재해상보험,,손해보험,13,자동차손익,2025.3Q,583.0,-54365.0
KR0008,삼성화재해상보험,,손해보험,14,일반손익,2025.3Q,177613.0,56522.0
KR0008,삼성화재해상보험,,손해보험,15,기타영업수익,2025.3Q,0.0,0.0
KR0008,삼성화재해상보험,,손해보험,16,기타사업비용,2025.3Q,185430.151362,59405.695857
KR0008,삼성화재해상보험,,손해보험,17,투자손익,2025.3Q,650889.540267,314030.832785
KR0008,삼성화재해상보험,,손해보험,18,투자이익,2025.3Q,1606945.794091,658426.830515
KR0008,삼성화재해상보험,,손해보험,19,보험금융손익,2025.3Q,-956056.253824,-344395.99773
KR0008,삼성화재해상보험,,손해보험,20,영업이익,2025.3Q,1937166.185004,664576.581917
KR0008,삼성화재해상보험,,손해보험,21,영업외손익,2025.3Q,8871.434996,4862.00082
KR0008,삼성화재해상보험,,손해보험,22,세전이익,2025.3Q,1946037.62,669438.582737
KR0008,삼성화재해상보험,,손해보험,23,법인세,2025.3Q,482854.098193,160115.546732
KR0008,삼성화재해상보험,,손해보험,24,당기순이익,2025.3Q,1463183.521807,509323.036005
KR0008,삼성화재해상보험,,손해보험,1,보험손익,2025.4Q,1446696.251285,160419.606548
KR0008,삼성화재해상보험,,손해보험,2,생명장기 손익,2025.4Q,1615071.0,321561.0
KR0008,삼성화재해상보험,,손해보험,3,생명장기 원수손익,2025.4Q,1665078.0,337544.0
KR0008,삼성화재해상보험,,손해보험,4,원수 CSM상각,2025.4Q,1620781.0,392149.0
KR0008,삼성화재해상보험,,손해보험,5,원수 위험조정 변동,2025.4Q,198039.0,54672.0
KR0008,삼성화재해상보험,,손해보험,6,원수 예실차,2025.4Q,-232090.0,-85153.0
KR0008,삼성화재해상보험,,손해보험,7,기타 생명장기 원수손익,2025.4Q,78348.0,-24124.0
KR0008,삼성화재해상보험,,손해보험,8,생명장기 재보험손익,2025.4Q,-50007.0,-15983.0
KR0008,삼성화재해상보험,,손해보험,9,재보험 CSM상각,2025.4Q,-46979.0,-12183.0
KR0008,삼성화재해상보험,,손해보험,10,재보험 위험조정 변동,2025.4Q,-6164.0,5816.0
KR0008,삼성화재해상보험,,손해보험,11,재보험 예실차,2025.4Q,-37111.0,-13556.0
KR0008,삼성화재해상보험,,손해보험,12,기타 생명장기 재보험손익,2025.4Q,40247.0,3940.0
KR0008,삼성화재해상보험,,손해보험,13,자동차손익,2025.4Q,-111241.0,-111824.0
KR0008,삼성화재해상보험,,손해보험,14,일반손익,2025.4Q,199075.0,21462.0
KR0008,삼성화재해상보험,,손해보험,15,기타영업수익,2025.4Q,0.0,0.0
KR0008,삼성화재해상보험,,손해보험,16,기타사업비용,2025.4Q,256207.771502,70777.62014
KR0008,삼성화재해상보험,,손해보험,17,투자손익,2025.4Q,883986.445763,233096.905496
KR0008,삼성화재해상보험,,손해보험,18,투자이익,2025.4Q,2138537.154646,531591.360555
KR0008,삼성화재해상보험,,손해보험,19,보험금융손익,2025.4Q,-1254550.708883,-298494.455059
KR0008,삼성화재해상보험,,손해보험,20,영업이익,2025.4Q,2330682.697048,393516.512044
KR0008,삼성화재해상보험,,손해보험,21,영업외손익,2025.4Q,2796.708271,-6074.726725
KR0008,삼성화재해상보험,,손해보험,22,세전이익,2025.4Q,2333479.405319,387441.785319
KR0008,삼성화재해상보험,,손해보험,23,법인세,2025.4Q,642601.191061,159747.092868
KR0008,삼성화재해상보험,,손해보험,24,당기순이익,2025.4Q,1690878.214258,227694.692451
KR0008,삼성화재해상보험,,손해보험,1,보험손익,2026.1Q,514384.371579,514384.371579
KR0008,삼성화재해상보험,,손해보험,2,생명장기 손익,2026.1Q,462418.0,462418.0
KR0008,삼성화재해상보험,,손해보험,3,생명장기 원수손익,2026.1Q,462774.0,462774.0
KR0008,삼성화재해상보험,,손해보험,4,원수 CSM상각,2026.1Q,399836.0,399836.0
KR0008,삼성화재해상보험,,손해보험,5,원수 위험조정 변동,2026.1Q,53437.0,53437.0
KR0008,삼성화재해상보험,,손해보험,6,원수 예실차,2026.1Q,-12628.0,-12628.0
KR0008,삼성화재해상보험,,손해보험,7,기타 생명장기 원수손익,2026.1Q,22129.0,22129.0
KR0008,삼성화재해상보험,,손해보험,8,생명장기 재보험손익,2026.1Q,-356.0,-356.0
KR0008,삼성화재해상보험,,손해보험,9,재보험 CSM상각,2026.1Q,-12221.0,-12221.0
KR0008,삼성화재해상보험,,손해보험,10,재보험 위험조정 변동,2026.1Q,-444.0,-444.0
KR0008,삼성화재해상보험,,손해보험,11,재보험 예실차,2026.1Q,4077.0,4077.0
KR0008,삼성화재해상보험,,손해보험,12,기타 생명장기 재보험손익,2026.1Q,8232.0,8232.0
KR0008,삼성화재해상보험,,손해보험,13,자동차손익,2026.1Q,-40.0,-40.0
KR0008,삼성화재해상보험,,손해보험,14,일반손익,2026.1Q,111256.0,111256.0
KR0008,삼성화재해상보험,,손해보험,15,기타영업수익,2026.1Q,0.0,0.0
KR0008,삼성화재해상보험,,손해보험,16,기타사업비용,2026.1Q,59250.581155,59250.581155
KR0008,삼성화재해상보험,,손해보험,17,투자손익,2026.1Q,323418.153754,323418.153754
KR0008,삼성화재해상보험,,손해보험,18,투자이익,2026.1Q,671741.951559,671741.951559
KR0008,삼성화재해상보험,,손해보험,19,보험금융손익,2026.1Q,-348323.797805,-348323.797805
KR0008,삼성화재해상보험,,손해보험,20,영업이익,2026.1Q,837802.525333,837802.525333
KR0008,삼성화재해상보험,,손해보험,21,영업외손익,2026.1Q,-62629.808188,-62629.808188
KR0008,삼성화재해상보험,,손해보험,22,세전이익,2026.1Q,775172.717145,775172.717145
KR0008,삼성화재해상보험,,손해보험,23,법인세,2026.1Q,201822.395709,201822.395709
KR0008,삼성화재해상보험,,손해보험,24,당기순이익,2026.1Q,573350.321436,573350.321436
KR0008,삼성화재해상보험,,손해보험,1,보험손익,2026.2Q,1040273.496039,525889.12446
KR0008,삼성화재해상보험,,손해보험,2,생명장기 손익,2026.2Q,930526.0,468108.0
KR0008,삼성화재해상보험,,손해보험,3,생명장기 원수손익,2026.2Q,947488.0,484714.0
KR0008,삼성화재해상보험,,손해보험,4,원수 CSM상각,2026.2Q,802950.0,403114.0
KR0008,삼성화재해상보험,,손해보험,5,원수 위험조정 변동,2026.2Q,112374.0,58937.0
KR0008,삼성화재해상보험,,손해보험,6,원수 예실차,2026.2Q,-44463.0,-31835.0
KR0008,삼성화재해상보험,,손해보험,7,기타 생명장기 원수손익,2026.2Q,76627.0,54498.0
KR0008,삼성화재해상보험,,손해보험,8,생명장기 재보험손익,2026.2Q,-16962.0,-16606.0
KR0008,삼성화재해상보험,,손해보험,9,재보험 CSM상각,2026.2Q,-23959.0,-11738.0
KR0008,삼성화재해상보험,,손해보험,10,재보험 위험조정 변동,2026.2Q,-4312.0,-3868.0
KR0008,삼성화재해상보험,,손해보험,11,재보험 예실차,2026.2Q,1497.0,-2580.0
KR0008,삼성화재해상보험,,손해보험,12,기타 생명장기 재보험손익,2026.2Q,9812.0,1580.0
KR0008,삼성화재해상보험,,손해보험,13,자동차손익,2026.2Q,41533.0,41573.0
KR0008,삼성화재해상보험,,손해보험,14,일반손익,2026.2Q,203008.0,91752.0
KR0008,삼성화재해상보험,,손해보험,15,기타영업수익,2026.2Q,0.0,0.0
KR0008,삼성화재해상보험,,손해보험,16,기타사업비용,2026.2Q,134793.245276,75542.664121
KR0008,삼성화재해상보험,,손해보험,17,투자손익,2026.2Q,719730.646929,396312.493175
KR0008,삼성화재해상보험,,손해보험,18,투자이익,2026.2Q,1397259.935388,725517.983829
KR0008,삼성화재해상보험,,손해보험,19,보험금융손익,2026.2Q,-677529.288459,-329205.490654
KR0008,삼성화재해상보험,,손해보험,20,영업이익,2026.2Q,1760004.142968,922201.617635
KR0008,삼성화재해상보험,,손해보험,21,영업외손익,2026.2Q,-70106.819457,-7477.011269
KR0008,삼성화재해상보험,,손해보험,22,세전이익,2026.2Q,1689897.323511,914724.606366
KR0008,삼성화재해상보험,,손해보험,23,법인세,2026.2Q,436454.995513,234632.599804
KR0008,삼성화재해상보험,,손해보험,24,당기순이익,2026.2Q,1253442.327998,680092.006562
KR0009,현대해상,,손해보험,1,보험손익,2023.1Q,,
KR0009,현대해상,,손해보험,2,생명장기 손익,2023.1Q,156041.0,156041.0
KR0009,현대해상,,손해보험,3,생명장기 원수손익,2023.1Q,,
KR0009,현대해상,,손해보험,4,원수 CSM상각,2023.1Q,216346.662,216346.662
KR0009,현대해상,,손해보험,5,원수 위험조정 변동,2023.1Q,27234.914,27234.914
KR0009,현대해상,,손해보험,6,원수 예실차,2023.1Q,,
KR0009,현대해상,,손해보험,7,기타 생명장기 원수손익,2023.1Q,,
KR0009,현대해상,,손해보험,8,생명장기 재보험손익,2023.1Q,,
KR0009,현대해상,,손해보험,9,재보험 CSM상각,2023.1Q,-1271.31,-1271.31
KR0009,현대해상,,손해보험,10,재보험 위험조정 변동,2023.1Q,-144.287,-144.287
KR0009,현대해상,,손해보험,11,재보험 예실차,2023.1Q,,
KR0009,현대해상,,손해보험,12,기타 생명장기 재보험손익,2023.1Q,,
KR0009,현대해상,,손해보험,13,자동차손익,2023.1Q,76348.0,76348.0
KR0009,현대해상,,손해보험,14,일반손익,2023.1Q,26137.0,26137.0
KR0009,현대해상,,손해보험,15,기타영업수익,2023.1Q,,
KR0009,현대해상,,손해보험,16,기타사업비용,2023.1Q,,
KR0009,현대해상,,손해보험,17,투자손익,2023.1Q,,
KR0009,현대해상,,손해보험,18,투자이익,2023.1Q,,
KR0009,현대해상,,손해보험,19,보험금융손익,2023.1Q,,
KR0009,현대해상,,손해보험,20,영업이익,2023.1Q,,
KR0009,현대해상,,손해보험,21,영업외손익,2023.1Q,,
KR0009,현대해상,,손해보험,22,세전이익,2023.1Q,,
KR0009,현대해상,,손해보험,23,법인세,2023.1Q,,
KR0009,현대해상,,손해보험,24,당기순이익,2023.1Q,,
KR0009,현대해상,,손해보험,1,보험손익,2023.2Q,,
KR0009,현대해상,,손해보험,2,생명장기 손익,2023.2Q,304478.0,148437.0
KR0009,현대해상,,손해보험,3,생명장기 원수손익,2023.2Q,,
KR0009,현대해상,,손해보험,4,원수 CSM상각,2023.2Q,441028.976,224682.314
KR0009,현대해상,,손해보험,5,원수 위험조정 변동,2023.2Q,56908.344,29673.43
KR0009,현대해상,,손해보험,6,원수 예실차,2023.2Q,,
KR0009,현대해상,,손해보험,7,기타 생명장기 원수손익,2023.2Q,,
KR0009,현대해상,,손해보험,8,생명장기 재보험손익,2023.2Q,,
KR0009,현대해상,,손해보험,9,재보험 CSM상각,2023.2Q,-3168.333,-1897.023
KR0009,현대해상,,손해보험,10,재보험 위험조정 변동,2023.2Q,-362.683,-218.396
KR0009,현대해상,,손해보험,11,재보험 예실차,2023.2Q,,
KR0009,현대해상,,손해보험,12,기타 생명장기 재보험손익,2023.2Q,,
KR0009,현대해상,,손해보험,13,자동차손익,2023.2Q,154127.0,77779.0
KR0009,현대해상,,손해보험,14,일반손익,2023.2Q,40912.0,14775.0
KR0009,현대해상,,손해보험,15,기타영업수익,2023.2Q,,
KR0009,현대해상,,손해보험,16,기타사업비용,2023.2Q,,
KR0009,현대해상,,손해보험,17,투자손익,2023.2Q,,
KR0009,현대해상,,손해보험,18,투자이익,2023.2Q,,
KR0009,현대해상,,손해보험,19,보험금융손익,2023.2Q,,
KR0009,현대해상,,손해보험,20,영업이익,2023.2Q,,
KR0009,현대해상,,손해보험,21,영업외손익,2023.2Q,,
KR0009,현대해상,,손해보험,22,세전이익,2023.2Q,,
KR0009,현대해상,,손해보험,23,법인세,2023.2Q,,
KR0009,현대해상,,손해보험,24,당기순이익,2023.2Q,,
KR0009,현대해상,,손해보험,1,보험손익,2023.3Q,754479.376712,
KR0009,현대해상,,손해보험,2,생명장기 손익,2023.3Q,476139.3,171661.3
KR0009,현대해상,,손해보험,3,생명장기 원수손익,2023.3Q,,
KR0009,현대해상,,손해보험,4,원수 CSM상각,2023.3Q,640379.115,199350.139
KR0009,현대해상,,손해보험,5,원수 위험조정 변동,2023.3Q,96159.497,39251.153
KR0009,현대해상,,손해보험,6,원수 예실차,2023.3Q,,
KR0009,현대해상,,손해보험,7,기타 생명장기 원수손익,2023.3Q,,
KR0009,현대해상,,손해보험,8,생명장기 재보험손익,2023.3Q,,
KR0009,현대해상,,손해보험,9,재보험 CSM상각,2023.3Q,-4169.695,-1001.362
KR0009,현대해상,,손해보험,10,재보험 위험조정 변동,2023.3Q,-427.713,-65.03
KR0009,현대해상,,손해보험,11,재보험 예실차,2023.3Q,,
KR0009,현대해상,,손해보험,12,기타 생명장기 재보험손익,2023.3Q,,
KR0009,현대해상,,손해보험,13,자동차손익,2023.3Q,,
KR0009,현대해상,,손해보험,14,일반손익,2023.3Q,,
KR0009,현대해상,,손해보험,15,기타영업수익,2023.3Q,0.0,
KR0009,현대해상,,손해보험,16,기타사업비용,2023.3Q,35264.198998,
KR0009,현대해상,,손해보험,17,투자손익,2023.3Q,314655.377427,
KR0009,현대해상,,손해보험,18,투자이익,2023.3Q,908973.439805,
KR0009,현대해상,,손해보험,19,보험금융손익,2023.3Q,-594318.062378,
KR0009,현대해상,,손해보험,20,영업이익,2023.3Q,1069134.754139,
KR0009,현대해상,,손해보험,21,영업외손익,2023.3Q,-22125.009367,
KR0009,현대해상,,손해보험,22,세전이익,2023.3Q,1047009.744772,
KR0009,현대해상,,손해보험,23,법인세,2023.3Q,260654.437994,
KR0009,현대해상,,손해보험,24,당기순이익,2023.3Q,786355.306778,
KR0009,현대해상,,손해보험,1,보험손익,2023.4Q,526490.675922,-227988.70079
KR0009,현대해상,,손해보험,2,생명장기 손익,2023.4Q,248827.5,-227311.8
KR0009,현대해상,,손해보험,3,생명장기 원수손익,2023.4Q,276940.0,
KR0009,현대해상,,손해보험,4,원수 CSM상각,2023.4Q,880547.066,240167.951
KR0009,현대해상,,손해보험,5,원수 위험조정 변동,2023.4Q,130628.669,34469.172
KR0009,현대해상,,손해보험,6,원수 예실차,2023.4Q,-190242.60050099998,
KR0009,현대해상,,손해보험,7,기타 생명장기 원수손익,2023.4Q,-543993.134499,
KR0009,현대해상,,손해보험,8,생명장기 재보험손익,2023.4Q,-28112.5,
KR0009,현대해상,,손해보험,9,재보험 CSM상각,2023.4Q,-7689.161,-3519.466
KR0009,현대해상,,손해보험,10,재보험 위험조정 변동,2023.4Q,-583.627,-155.914
KR0009,현대해상,,손해보험,11,재보험 예실차,2023.4Q,-15460.571360999998,
KR0009,현대해상,,손해보험,12,기타 생명장기 재보험손익,2023.4Q,-4379.140639,
KR0009,현대해상,,손해보험,13,자동차손익,2023.4Q,201238.0,
KR0009,현대해상,,손해보험,14,일반손익,2023.4Q,76426.0,
KR0009,현대해상,,손해보험,15,기타영업수익,2023.4Q,0.0,0.0
KR0009,현대해상,,손해보험,16,기타사업비용,2023.4Q,38491.0,3226.801002
KR0009,현대해상,,손해보험,17,투자손익,2023.4Q,499877.274602,185221.897175
KR0009,현대해상,,손해보험,18,투자이익,2023.4Q,1283336.386575,374362.94677
KR0009,현대해상,,손해보험,19,보험금융손익,2023.4Q,-783459.111973,-189141.049595
KR0009,현대해상,,손해보험,20,영업이익,2023.4Q,1026367.950524,-42766.803615
KR0009,현대해상,,손해보험,21,영업외손익,2023.4Q,-28698.156488,-6573.147121
KR0009,현대해상,,손해보험,22,세전이익,2023.4Q,997669.794036,-49339.950736
KR0009,현대해상,,손해보험,23,법인세,2023.4Q,191948.13039,-68706.307604
KR0009,현대해상,,손해보험,24,당기순이익,2023.4Q,805721.663646,19366.356868
KR0009,현대해상,,손해보험,1,보험손익,2024.1Q,532889.249964,532889.249964
KR0009,현대해상,,손해보험,2,생명장기 손익,2024.1Q,443601.0,443601.0
KR0009,현대해상,,손해보험,3,생명장기 원수손익,2024.1Q,,
KR0009,현대해상,,손해보험,4,원수 CSM상각,2024.1Q,242893.306,242893.306
KR0009,현대해상,,손해보험,5,원수 위험조정 변동,2024.1Q,34832.95,34832.95
KR0009,현대해상,,손해보험,6,원수 예실차,2024.1Q,,
KR0009,현대해상,,손해보험,7,기타 생명장기 원수손익,2024.1Q,,
KR0009,현대해상,,손해보험,8,생명장기 재보험손익,2024.1Q,,
KR0009,현대해상,,손해보험,9,재보험 CSM상각,2024.1Q,-3743.932,-3743.932
KR0009,현대해상,,손해보험,10,재보험 위험조정 변동,2024.1Q,-113.797,-113.797
KR0009,현대해상,,손해보험,11,재보험 예실차,2024.1Q,,
KR0009,현대해상,,손해보험,12,기타 생명장기 재보험손익,2024.1Q,,
KR0009,현대해상,,손해보험,13,자동차손익,2024.1Q,42405.0,42405.0
KR0009,현대해상,,손해보험,14,일반손익,2024.1Q,46883.0,46883.0
KR0009,현대해상,,손해보험,15,기타영업수익,2024.1Q,0.0,0.0
KR0009,현대해상,,손해보험,16,기타사업비용,2024.1Q,12382.384911,12382.384911
KR0009,현대해상,,손해보험,17,투자손익,2024.1Q,108243.774879,108243.774879
KR0009,현대해상,,손해보험,18,투자이익,2024.1Q,319869.515831,319869.515831
KR0009,현대해상,,손해보험,19,보험금융손익,2024.1Q,-211625.740952,-211625.740952
KR0009,현대해상,,손해보험,20,영업이익,2024.1Q,641133.024843,641133.024843
KR0009,현대해상,,손해보험,21,영업외손익,2024.1Q,-9139.347623,-9139.347623
KR0009,현대해상,,손해보험,22,세전이익,2024.1Q,631993.67722,631993.67722
KR0009,현대해상,,손해보험,23,법인세,2024.1Q,154739.217493,154739.217493
KR0009,현대해상,,손해보험,24,당기순이익,2024.1Q,477254.459727,477254.459727
KR0009,현대해상,,손해보험,1,보험손익,2024.2Q,908832.915539,375943.665575
KR0009,현대해상,,손해보험,2,생명장기 손익,2024.2Q,733791.0,290190.0
KR0009,현대해상,,손해보험,3,생명장기 원수손익,2024.2Q,,
KR0009,현대해상,,손해보험,4,원수 CSM상각,2024.2Q,486236.721,243343.415
KR0009,현대해상,,손해보험,5,원수 위험조정 변동,2024.2Q,66753.316,31920.366
KR0009,현대해상,,손해보험,6,원수 예실차,2024.2Q,,
KR0009,현대해상,,손해보험,7,기타 생명장기 원수손익,2024.2Q,,
KR0009,현대해상,,손해보험,8,생명장기 재보험손익,2024.2Q,,
KR0009,현대해상,,손해보험,9,재보험 CSM상각,2024.2Q,-9699.941,-5956.009
KR0009,현대해상,,손해보험,10,재보험 위험조정 변동,2024.2Q,-241.149,-127.352
KR0009,현대해상,,손해보험,11,재보험 예실차,2024.2Q,,
KR0009,현대해상,,손해보험,12,기타 생명장기 재보험손익,2024.2Q,,
KR0009,현대해상,,손해보험,13,자동차손익,2024.2Q,82496.0,40091.0
KR0009,현대해상,,손해보험,14,일반손익,2024.2Q,92545.0,45662.0
KR0009,현대해상,,손해보험,15,기타영업수익,2024.2Q,0.0,0.0
KR0009,현대해상,,손해보험,16,기타사업비용,2024.2Q,25486.359864,13103.974953
KR0009,현대해상,,손해보험,17,투자손익,2024.2Q,207164.638636,98920.863757
KR0009,현대해상,,손해보험,18,투자이익,2024.2Q,627936.482538,308066.966707
KR0009,현대해상,,손해보험,19,보험금융손익,2024.2Q,-420771.843902,-209146.10295
KR0009,현대해상,,손해보험,20,영업이익,2024.2Q,1115997.554175,474864.529332
KR0009,현대해상,,손해보험,21,영업외손익,2024.2Q,-18013.737229,-8874.389606
KR0009,현대해상,,손해보험,22,세전이익,2024.2Q,1097983.816946,465990.139726
KR0009,현대해상,,손해보험,23,법인세,2024.2Q,264992.572418,110253.354925
KR0009,현대해상,,손해보험,24,당기순이익,2024.2Q,832991.244528,355736.784801
KR0009,현대해상,,손해보험,1,보험손익,2024.3Q,1090864.32844,182031.412901
KR0009,현대해상,,손해보험,2,생명장기 손익,2024.3Q,875706.0,141915.0
KR0009,현대해상,,손해보험,3,생명장기 원수손익,2024.3Q,,
KR0009,현대해상,,손해보험,4,원수 CSM상각,2024.3Q,730913.29,244676.569
KR0009,현대해상,,손해보험,5,원수 위험조정 변동,2024.3Q,98872.645,32119.329
KR0009,현대해상,,손해보험,6,원수 예실차,2024.3Q,,
KR0009,현대해상,,손해보험,7,기타 생명장기 원수손익,2024.3Q,,
KR0009,현대해상,,손해보험,8,생명장기 재보험손익,2024.3Q,,
KR0009,현대해상,,손해보험,9,재보험 CSM상각,2024.3Q,-14258.709,-4558.768
KR0009,현대해상,,손해보험,10,재보험 위험조정 변동,2024.3Q,-324.492,-83.343
KR0009,현대해상,,손해보험,11,재보험 예실차,2024.3Q,,
KR0009,현대해상,,손해보험,12,기타 생명장기 재보험손익,2024.3Q,,
KR0009,현대해상,,손해보험,13,자동차손익,2024.3Q,95661.0,13165.0
KR0009,현대해상,,손해보험,14,일반손익,2024.3Q,119498.0,26953.0
KR0009,현대해상,,손해보험,15,기타영업수익,2024.3Q,0.0,0.0
KR0009,현대해상,,손해보험,16,기타사업비용,2024.3Q,39974.389141,14488.029277
KR0009,현대해상,,손해보험,17,투자손익,2024.3Q,317795.38142,110630.742784
KR0009,현대해상,,손해보험,18,투자이익,2024.3Q,934558.511774,306622.029236
KR0009,현대해상,,손해보험,19,보험금융손익,2024.3Q,-616763.130354,-195991.286452
KR0009,현대해상,,손해보험,20,영업이익,2024.3Q,1408659.70986,292662.155685
KR0009,현대해상,,손해보험,21,영업외손익,2024.3Q,-24732.02256,-6718.285331
KR0009,현대해상,,손해보험,22,세전이익,2024.3Q,1383927.6873,285943.870354
KR0009,현대해상,,손해보험,23,법인세,2024.3Q,337507.683647,72515.111229
KR0009,현대해상,,손해보험,24,당기순이익,2024.3Q,1046420.003653,213428.759125
KR0009,현대해상,,손해보험,1,보험손익,2024.4Q,1043102.677049,-47761.651391
KR0009,현대해상,,손해보험,2,생명장기 손익,2024.4Q,865329.0,-10377.0
KR0009,현대해상,,손해보험,3,생명장기 원수손익,2024.4Q,866141.1764889997,
KR0009,현대해상,,손해보험,4,원수 CSM상각,2024.4Q,951101.76,220188.47
KR0009,현대해상,,손해보험,5,원수 위험조정 변동,2024.4Q,132912.992,34040.347
KR0009,현대해상,,손해보험,6,원수 예실차,2024.4Q,-238471.80764499994,
KR0009,현대해상,,손해보험,7,기타 생명장기 원수손익,2024.4Q,20598.23213399967,
KR0009,현대해상,,손해보험,8,생명장기 재보험손익,2024.4Q,-812.4994399999814,
KR0009,현대해상,,손해보험,9,재보험 CSM상각,2024.4Q,-18267.303,-4008.594
KR0009,현대해상,,손해보험,10,재보험 위험조정 변동,2024.4Q,-458.857,-134.365
KR0009,현대해상,,손해보험,11,재보험 예실차,2024.4Q,26108.94744600002,
KR0009,현대해상,,손해보험,12,기타 생명장기 재보험손익,2024.4Q,-8195.286886,
KR0009,현대해상,,손해보험,13,자동차손익,2024.4Q,19208.0,-76453.0
KR0009,현대해상,,손해보험,14,일반손익,2024.4Q,158566.0,39068.0
KR0009,현대해상,,손해보험,15,기타영업수익,2024.4Q,0.0,0.0
KR0009,현대해상,,손해보험,16,기타사업비용,2024.4Q,54759.3,14784.910859
KR0009,현대해상,,손해보험,17,투자손익,2024.4Q,358768.638077,40973.256657
KR0009,현대해상,,손해보험,18,투자이익,2024.4Q,1215143.950454,280585.43868
KR0009,현대해상,,손해보험,19,보험금융손익,2024.4Q,-856375.312377,-239612.182023
KR0009,현대해상,,손해보험,20,영업이익,2024.4Q,1401871.315126,-6788.394734
KR0009,현대해상,,손해보험,21,영업외손익,2024.4Q,-35435.700262,-10703.677702
KR0009,현대해상,,손해보험,22,세전이익,2024.4Q,1366435.614864,-17492.072436
KR0009,현대해상,,손해보험,23,법인세,2024.4Q,335751.304491,-1756.379156
KR0009,현대해상,,손해보험,24,당기순이익,2024.4Q,1030684.310373,-15735.69328
KR0009,현대해상,,손해보험,1,보험손익,2025.1Q,175913.949482,175913.949482
KR0009,현대해상,,손해보험,2,생명장기 손익,2025.1Q,114321.0,114321.0
KR0009,현대해상,,손해보험,3,생명장기 원수손익,2025.1Q,113623.89907600005,113623.89907600005
KR0009,현대해상,,손해보험,4,원수 CSM상각,2025.1Q,238359.417,238359.417
KR0009,현대해상,,손해보험,5,원수 위험조정 변동,2025.1Q,30924.653,30924.653
KR0009,현대해상,,손해보험,6,원수 예실차,2025.1Q,-110511.08101199986,-110511.08101199986
KR0009,현대해상,,손해보험,7,기타 생명장기 원수손익,2025.1Q,-45149.08991200008,-45149.08991200008
KR0009,현대해상,,손해보험,8,생명장기 재보험손익,2025.1Q,697.1009239999503,697.1009239999503
KR0009,현대해상,,손해보험,9,재보험 CSM상각,2025.1Q,-4184.993,-4184.993
KR0009,현대해상,,손해보험,10,재보험 위험조정 변동,2025.1Q,-93.442,-93.442
KR0009,현대해상,,손해보험,11,재보험 예실차,2025.1Q,7206.916803999951,7206.916803999951
KR0009,현대해상,,손해보험,12,기타 생명장기 재보험손익,2025.1Q,-2231.38088,-2231.38088
KR0009,현대해상,,손해보험,13,자동차손익,2025.1Q,15681.0,15681.0
KR0009,현대해상,,손해보험,14,일반손익,2025.1Q,45912.0,45912.0
KR0009,현대해상,,손해보험,15,기타영업수익,2025.1Q,0.0,0.0
KR0009,현대해상,,손해보험,16,기타사업비용,2025.1Q,22973.4,22973.4
KR0009,현대해상,,손해보험,17,투자손익,2025.1Q,109143.516292,109143.516292
KR0009,현대해상,,손해보험,18,투자이익,2025.1Q,319178.256347,319178.256347
KR0009,현대해상,,손해보험,19,보험금융손익,2025.1Q,-210034.740055,-210034.740055
KR0009,현대해상,,손해보험,20,영업이익,2025.1Q,285057.465774,285057.465774
KR0009,현대해상,,손해보험,21,영업외손익,2025.1Q,-12780.105645,-12780.105645
KR0009,현대해상,,손해보험,22,세전이익,2025.1Q,272277.360129,272277.360129
KR0009,현대해상,,손해보험,23,법인세,2025.1Q,69082.115067,69082.115067
KR0009,현대해상,,손해보험,24,당기순이익,2025.1Q,203195.245062,203195.245062
KR0009,현대해상,,손해보험,1,보험손익,2025.2Q,388576.170672,212662.22119
KR0009,현대해상,,손해보험,2,생명장기 손익,2025.2Q,298437.0,184116.0
KR0009,현대해상,,손해보험,3,생명장기 원수손익,2025.2Q,291278.695445,177654.796369
KR0009,현대해상,,손해보험,4,원수 CSM상각,2025.2Q,481830.540374,243471.123374
KR0009,현대해상,,손해보험,5,원수 위험조정 변동,2025.2Q,61793.588875,30868.935875
KR0009,현대해상,,손해보험,6,원수 예실차,2025.2Q,-161649.0862980002,-51138.005286
KR0009,현대해상,,손해보험,7,기타 생명장기 원수손익,2025.2Q,-90696.34750599976,-45547.257594
KR0009,현대해상,,손해보험,8,생명장기 재보험손익,2025.2Q,7158.304554999995,6461.203631
KR0009,현대해상,,손해보험,9,재보험 CSM상각,2025.2Q,-8101.861091,-3916.868091
KR0009,현대해상,,손해보험,10,재보험 위험조정 변동,2025.2Q,-170.436733,-76.994733
KR0009,현대해상,,손해보험,11,재보험 예실차,2025.2Q,16908.376677999993,9701.459874
KR0009,현대해상,,손해보험,12,기타 생명장기 재보험손익,2025.2Q,-1477.774299,753.606581
KR0009,현대해상,,손해보험,13,자동차손익,2025.2Q,16594.0,913.0
KR0009,현대해상,,손해보험,14,일반손익,2025.2Q,73545.0,27633.0
KR0009,현대해상,,손해보험,15,기타영업수익,2025.2Q,0.0,0.0
KR0009,현대해상,,손해보험,16,기타사업비용,2025.2Q,48243.0,25269.6
KR0009,현대해상,,손해보험,17,투자손익,2025.2Q,240232.63452,131089.118228
KR0009,현대해상,,손해보험,18,투자이익,2025.2Q,637167.569103,317989.312756
KR0009,현대해상,,손해보험,19,보험금융손익,2025.2Q,-396934.934583,-186900.194528
KR0009,현대해상,,손해보험,20,영업이익,2025.2Q,628808.805192,343751.339418
KR0009,현대해상,,손해보험,21,영업외손익,2025.2Q,-23936.058687,-11155.953042
KR0009,현대해상,,손해보험,22,세전이익,2025.2Q,604872.746505,332595.386376
KR0009,현대해상,,손해보험,23,법인세,2025.2Q,153907.331045,84825.215978
KR0009,현대해상,,손해보험,24,당기순이익,2025.2Q,450965.41546,247770.170398
KR0009,현대해상,,손해보험,1,보험손익,2025.3Q,550006.167772,161429.9971
KR0009,현대해상,,손해보험,2,생명장기 손익,2025.3Q,520945.290748,222508.290748
KR0009,현대해상,,손해보험,3,생명장기 원수손익,2025.3Q,538960.063636,247681.368191
KR0009,현대해상,,손해보험,4,원수 CSM상각,2025.3Q,730614.66671,248784.126336
KR0009,현대해상,,손해보험,5,원수 위험조정 변동,2025.3Q,98083.910862,36290.321987
KR0009,현대해상,,손해보험,6,원수 예실차,2025.3Q,-322635.108968,-160986.02267
KR0009,현대해상,,손해보험,7,기타 생명장기 원수손익,2025.3Q,32896.595032,123592.942538
KR0009,현대해상,,손해보험,8,생명장기 재보험손익,2025.3Q,-18014.772888,-25173.077443
KR0009,현대해상,,손해보험,9,재보험 CSM상각,2025.3Q,-11158.61644,-3056.755349
KR0009,현대해상,,손해보험,10,재보험 위험조정 변동,2025.3Q,-956.751552,-786.314819
KR0009,현대해상,,손해보험,11,재보험 예실차,2025.3Q,-9203.376828,-26111.753506
KR0009,현대해상,,손해보험,12,기타 생명장기 재보험손익,2025.3Q,3303.971932,4781.746231
KR0009,현대해상,,손해보험,13,자동차손익,2025.3Q,-22333.548656,-38927.548656
KR0009,현대해상,,손해보험,14,일반손익,2025.3Q,124513.937859,50968.937859
KR0009,현대해상,,손해보험,15,기타영업수익,2025.3Q,0.0,0.0
KR0009,현대해상,,손해보험,16,기타사업비용,2025.3Q,73119.512193,24876.512193
KR0009,현대해상,,손해보험,17,투자손익,2025.3Q,324249.033288,84016.398768
KR0009,현대해상,,손해보험,18,투자이익,2025.3Q,923333.432528,286165.863425
KR0009,현대해상,,손해보험,19,보험금융손익,2025.3Q,-599084.39924,-202149.464657
KR0009,현대해상,,손해보험,20,영업이익,2025.3Q,874255.20106,245446.395868
KR0009,현대해상,,손해보험,21,영업외손익,2025.3Q,-24602.004599,-665.945912
KR0009,현대해상,,손해보험,22,세전이익,2025.3Q,849653.196461,244780.449956
KR0009,현대해상,,손해보험,23,법인세,2025.3Q,215506.612102,61599.281057
KR0009,현대해상,,손해보험,24,당기순이익,2025.3Q,634146.584359,183181.168899
KR0009,현대해상,,손해보험,1,보험손익,2025.4Q,396111.304194,-153894.863578
KR0009,현대해상,,손해보험,2,생명장기 손익,2025.4Q,393472.532475,-127472.758273
KR0009,현대해상,,손해보험,3,생명장기 원수손익,2025.4Q,409705.296858,-129254.766778
KR0009,현대해상,,손해보험,4,원수 CSM상각,2025.4Q,963901.355974,233286.689264
KR0009,현대해상,,손해보험,5,원수 위험조정 변동,2025.4Q,134086.261237,36002.350375
KR0009,현대해상,,손해보험,6,원수 예실차,2025.4Q,-496215.806733,-173580.697765
KR0009,현대해상,,손해보험,7,기타 생명장기 원수손익,2025.4Q,-192066.51362,-224963.108652
KR0009,현대해상,,손해보험,8,생명장기 재보험손익,2025.4Q,-16232.764383,1782.008505
KR0009,현대해상,,손해보험,9,재보험 CSM상각,2025.4Q,-12957.266817,-1798.650377
KR0009,현대해상,,손해보험,10,재보험 위험조정 변동,2025.4Q,-1874.516649,-917.765097
KR0009,현대해상,,손해보험,11,재보험 예실차,2025.4Q,-12591.793927,-3388.417099
KR0009,현대해상,,손해보험,12,기타 생명장기 재보험손익,2025.4Q,11190.81301,7886.841078
KR0009,현대해상,,손해보험,13,자동차손익,2025.4Q,-70594.235122,-48260.686466
KR0009,현대해상,,손해보험,14,일반손익,2025.4Q,169738.214685,45224.276826
KR0009,현대해상,,손해보험,15,기타영업수익,2025.4Q,0.0,0.0
KR0009,현대해상,,손해보험,16,기타사업비용,2025.4Q,96505.213879,23385.701686
KR0009,현대해상,,손해보험,17,투자손익,2025.4Q,330751.285318,6502.25203
KR0009,현대해상,,손해보험,18,투자이익,2025.4Q,1218854.553757,295521.121229
KR0009,현대해상,,손해보험,19,보험금융손익,2025.4Q,-888103.268439,-289018.869199
KR0009,현대해상,,손해보험,20,영업이익,2025.4Q,726862.589512,-147392.611548
KR0009,현대해상,,손해보험,21,영업외손익,2025.4Q,-32584.869919,-7982.86532
KR0009,현대해상,,손해보험,22,세전이익,2025.4Q,694277.719593,-155375.476868
KR0009,현대해상,,손해보험,23,법인세,2025.4Q,133171.312086,-82335.300016
KR0009,현대해상,,손해보험,24,당기순이익,2025.4Q,561106.407507,-73040.176852
KR0009,현대해상,,손해보험,1,보험손익,2026.1Q,302065.359795,302065.359795
KR0009,현대해상,,손해보험,2,생명장기 손익,2026.1Q,273309.257132,273309.257132
KR0009,현대해상,,손해보험,3,생명장기 원수손익,2026.1Q,279302.338573,279302.338573
KR0009,현대해상,,손해보험,4,원수 CSM상각,2026.1Q,241253.066548,241253.066548
KR0009,현대해상,,손해보험,5,원수 위험조정 변동,2026.1Q,37321.916556,37321.916556
KR0009,현대해상,,손해보험,6,원수 예실차,2026.1Q,-126864.570461,-126864.570461
KR0009,현대해상,,손해보험,7,기타 생명장기 원수손익,2026.1Q,127591.92593,127591.92593
KR0009,현대해상,,손해보험,8,생명장기 재보험손익,2026.1Q,-5993.081441,-5993.081441
KR0009,현대해상,,손해보험,9,재보험 CSM상각,2026.1Q,-3441.76746,-3441.76746
KR0009,현대해상,,손해보험,10,재보험 위험조정 변동,2026.1Q,-122.929067,-122.929067
KR0009,현대해상,,손해보험,11,재보험 예실차,2026.1Q,2075.332184,2075.332184
KR0009,현대해상,,손해보험,12,기타 생명장기 재보험손익,2026.1Q,-4503.717098,-4503.717098
KR0009,현대해상,,손해보험,13,자동차손익,2026.1Q,-10891.093423,-10891.093423
KR0009,현대해상,,손해보험,14,일반손익,2026.1Q,53726.460041,53726.460041
KR0009,현대해상,,손해보험,15,기타영업수익,2026.1Q,0.0,0.0
KR0009,현대해상,,손해보험,16,기타사업비용,2026.1Q,14079.263955,14079.263955
KR0009,현대해상,,손해보험,17,투자손익,2026.1Q,7260.399109,7260.399109
KR0009,현대해상,,손해보험,18,투자이익,2026.1Q,234673.350684,234673.350684
KR0009,현대해상,,손해보험,19,보험금융손익,2026.1Q,-227412.951575,-227412.951575
KR0009,현대해상,,손해보험,20,영업이익,2026.1Q,309325.758904,309325.758904
KR0009,현대해상,,손해보험,21,영업외손익,2026.1Q,-10038.969096,-10038.969096
KR0009,현대해상,,손해보험,22,세전이익,2026.1Q,299286.789808,299286.789808
KR0009,현대해상,,손해보험,23,법인세,2026.1Q,76019.309272,76019.309272
KR0009,현대해상,,손해보험,24,당기순이익,2026.1Q,223267.480536,223267.480536
KR0009,현대해상,,손해보험,1,보험손익,2026.2Q,705794.544468,403729.184673
KR0009,현대해상,,손해보험,2,생명장기 손익,2026.2Q,632959.353,359650.095868
KR0009,현대해상,,손해보험,3,생명장기 원수손익,2026.2Q,644287.925,364985.586427
KR0009,현대해상,,손해보험,4,원수 CSM상각,2026.2Q,500408.502,259155.435452
KR0009,현대해상,,손해보험,5,원수 위험조정 변동,2026.2Q,78814.935,41493.018444
KR0009,현대해상,,손해보험,6,원수 예실차,2026.2Q,-163373.925,-36509.354539
KR0009,현대해상,,손해보험,7,기타 생명장기 원수손익,2026.2Q,228438.413,100846.48707
KR0009,현대해상,,손해보험,8,생명장기 재보험손익,2026.2Q,-11328.572,-5335.490559
KR0009,현대해상,,손해보험,9,재보험 CSM상각,2026.2Q,-5392.61,-1950.84254
KR0009,현대해상,,손해보험,10,재보험 위험조정 변동,2026.2Q,-223.775,-100.845933
KR0009,현대해상,,손해보험,11,재보험 예실차,2026.2Q,-8727.918,-10803.250184
KR0009,현대해상,,손해보험,12,기타 생명장기 재보험손익,2026.2Q,3015.731,7519.448098
KR0009,현대해상,,손해보험,13,자동차손익,2026.2Q,-880.201,10010.892423
KR0009,현대해상,,손해보험,14,일반손익,2026.2Q,109696.132,55969.671959
KR0009,현대해상,,손해보험,15,기타영업수익,2026.2Q,0.0,0.0
KR0009,현대해상,,손해보험,16,기타사업비용,2026.2Q,35980.740787,21901.476832
KR0009,현대해상,,손해보험,17,투자손익,2026.2Q,108510.856338,101250.457229
KR0009,현대해상,,손해보험,18,투자이익,2026.2Q,571521.203973,336847.853289
KR0009,현대해상,,손해보험,19,보험금융손익,2026.2Q,-463010.347635,-235597.39606
KR0009,현대해상,,손해보험,20,영업이익,2026.2Q,814305.400806,504979.641902
KR0009,현대해상,,손해보험,21,영업외손익,2026.2Q,-22070.071493,-12031.102397
KR0009,현대해상,,손해보험,22,세전이익,2026.2Q,792235.329313,492948.539505
KR0009,현대해상,,손해보험,23,법인세,2026.2Q,177119.314594,101100.005322
KR0009,현대해상,,손해보험,24,당기순이익,2026.2Q,615116.014719,391848.534183
KR0010,KB손해보험,,손해보험,1,보험손익,2023.1Q,258881.0,258881.0
KR0010,KB손해보험,,손해보험,2,생명장기 손익,2023.1Q,234263.0,234263.0
KR0010,KB손해보험,,손해보험,3,생명장기 원수손익,2023.1Q,233223.0,233223.0
KR0010,KB손해보험,,손해보험,4,원수 CSM상각,2023.1Q,197115.0,197115.0
KR0010,KB손해보험,,손해보험,5,원수 위험조정 변동,2023.1Q,45090.0,45090.0
KR0010,KB손해보험,,손해보험,6,원수 예실차,2023.1Q,-4947.0,-4947.0
KR0010,KB손해보험,,손해보험,7,기타 생명장기 원수손익,2023.1Q,-4035.0,-4035.0
KR0010,KB손해보험,,손해보험,8,생명장기 재보험손익,2023.1Q,1040.0,1040.0
KR0010,KB손해보험,,손해보험,9,재보험 CSM상각,2023.1Q,-1330.0,-1330.0
KR0010,KB손해보험,,손해보험,10,재보험 위험조정 변동,2023.1Q,-2070.0,-2070.0
KR0010,KB손해보험,,손해보험,11,재보험 예실차,2023.1Q,-3996.0,-3996.0
KR0010,KB손해보험,,손해보험,12,기타 생명장기 재보험손익,2023.1Q,8436.0,8436.0
KR0010,KB손해보험,,손해보험,13,자동차손익,2023.1Q,30684.0,30684.0
KR0010,KB손해보험,,손해보험,14,일반손익,2023.1Q,-6066.0,-6066.0
KR0010,KB손해보험,,손해보험,15,기타영업수익,2023.1Q,0.0,0.0
KR0010,KB손해보험,,손해보험,16,기타사업비용,2023.1Q,92565.0,92565.0
KR0010,KB손해보험,,손해보험,17,투자손익,2023.1Q,95710.0,95710.0
KR0010,KB손해보험,,손해보험,18,투자이익,2023.1Q,283184.0,283184.0
KR0010,KB손해보험,,손해보험,19,보험금융손익,2023.1Q,-187474.0,-187474.0
KR0010,KB손해보험,,손해보험,20,영업이익,2023.1Q,354591.0,354591.0
KR0010,KB손해보험,,손해보험,21,영업외손익,2023.1Q,1689.0,1689.0
KR0010,KB손해보험,,손해보험,22,세전이익,2023.1Q,356280.0,356280.0
KR0010,KB손해보험,,손해보험,23,법인세,2023.1Q,93054.0,93054.0
KR0010,KB손해보험,,손해보험,24,당기순이익,2023.1Q,263226.0,263226.0
KR0010,KB손해보험,,손해보험,1,보험손익,2023.2Q,553823.0,294942.0
KR0010,KB손해보험,,손해보험,2,생명장기 손익,2023.2Q,474858.0,240595.0
KR0010,KB손해보험,,손해보험,3,생명장기 원수손익,2023.2Q,481073.0,247850.0
KR0010,KB손해보험,,손해보험,4,원수 CSM상각,2023.2Q,398749.0,201634.0
KR0010,KB손해보험,,손해보험,5,원수 위험조정 변동,2023.2Q,91225.0,46135.0
KR0010,KB손해보험,,손해보험,6,원수 예실차,2023.2Q,-14476.0,-9529.0
KR0010,KB손해보험,,손해보험,7,기타 생명장기 원수손익,2023.2Q,5575.0,9610.0
KR0010,KB손해보험,,손해보험,8,생명장기 재보험손익,2023.2Q,-6215.0,-7255.0
KR0010,KB손해보험,,손해보험,9,재보험 CSM상각,2023.2Q,-2240.0,-910.0
KR0010,KB손해보험,,손해보험,10,재보험 위험조정 변동,2023.2Q,-4098.0,-2028.0
KR0010,KB손해보험,,손해보험,11,재보험 예실차,2023.2Q,-12642.0,-8646.0
KR0010,KB손해보험,,손해보험,12,기타 생명장기 재보험손익,2023.2Q,12765.0,4329.0
KR0010,KB손해보험,,손해보험,13,자동차손익,2023.2Q,70455.0,39771.0
KR0010,KB손해보험,,손해보험,14,일반손익,2023.2Q,8510.0,14576.0
KR0010,KB손해보험,,손해보험,15,기타영업수익,2023.2Q,0.0,0.0
KR0010,KB손해보험,,손해보험,16,기타사업비용,2023.2Q,190719.0,98154.0
KR0010,KB손해보험,,손해보험,17,투자손익,2023.2Q,176508.0,80798.0
KR0010,KB손해보험,,손해보험,18,투자이익,2023.2Q,539435.0,256251.0
KR0010,KB손해보험,,손해보험,19,보험금융손익,2023.2Q,-362927.0,-175453.0
KR0010,KB손해보험,,손해보험,20,영업이익,2023.2Q,730331.0,375740.0
KR0010,KB손해보험,,손해보험,21,영업외손익,2023.2Q,2162.0,473.0
KR0010,KB손해보험,,손해보험,22,세전이익,2023.2Q,732493.0,376213.0
KR0010,KB손해보험,,손해보험,23,법인세,2023.2Q,193576.0,100522.0
KR0010,KB손해보험,,손해보험,24,당기순이익,2023.2Q,538917.0,275691.0
KR0010,KB손해보험,,손해보험,1,보험손익,2023.3Q,781976.0,228153.0
KR0010,KB손해보험,,손해보험,2,생명장기 손익,2023.3Q,706433.0,231575.0
KR0010,KB손해보험,,손해보험,3,생명장기 원수손익,2023.3Q,704683.0,223610.0
KR0010,KB손해보험,,손해보험,4,원수 CSM상각,2023.3Q,612724.0,213975.0
KR0010,KB손해보험,,손해보험,5,원수 위험조정 변동,2023.3Q,137629.0,46404.0
KR0010,KB손해보험,,손해보험,6,원수 예실차,2023.3Q,1213.0,15689.0
KR0010,KB손해보험,,손해보험,7,기타 생명장기 원수손익,2023.3Q,-46883.0,-52458.0
KR0010,KB손해보험,,손해보험,8,생명장기 재보험손익,2023.3Q,1750.0,7965.0
KR0010,KB손해보험,,손해보험,9,재보험 CSM상각,2023.3Q,-3199.0,-959.0
KR0010,KB손해보험,,손해보험,10,재보험 위험조정 변동,2023.3Q,-5882.0,-1784.0
KR0010,KB손해보험,,손해보험,11,재보험 예실차,2023.3Q,-17654.0,-5012.0
KR0010,KB손해보험,,손해보험,12,기타 생명장기 재보험손익,2023.3Q,28485.0,15720.0
KR0010,KB손해보험,,손해보험,13,자동차손익,2023.3Q,94720.0,24265.0
KR0010,KB손해보험,,손해보험,14,일반손익,2023.3Q,-19177.0,-27687.0
KR0010,KB손해보험,,손해보험,15,기타영업수익,2023.3Q,0.0,0.0
KR0010,KB손해보험,,손해보험,16,기타사업비용,2023.3Q,282385.0,91666.0
KR0010,KB손해보험,,손해보험,17,투자손익,2023.3Q,175896.0,-612.0
KR0010,KB손해보험,,손해보험,18,투자이익,2023.3Q,714554.0,175119.0
KR0010,KB손해보험,,손해보험,19,보험금융손익,2023.3Q,-538658.0,-175731.0
KR0010,KB손해보험,,손해보험,20,영업이익,2023.3Q,957872.0,227541.0
KR0010,KB손해보험,,손해보험,21,영업외손익,2023.3Q,104.0,-2058.0
KR0010,KB손해보험,,손해보험,22,세전이익,2023.3Q,957976.0,225483.0
KR0010,KB손해보험,,손해보험,23,법인세,2023.3Q,249133.0,55557.0
KR0010,KB손해보험,,손해보험,24,당기순이익,2023.3Q,708843.0,169926.0
KR0010,KB손해보험,,손해보험,1,보험손익,2023.4Q,832922.0,50946.0
KR0010,KB손해보험,,손해보험,2,생명장기 손익,2023.4Q,805975.0,99542.0
KR0010,KB손해보험,,손해보험,3,생명장기 원수손익,2023.4Q,779676.0,74993.0
KR0010,KB손해보험,,손해보험,4,원수 CSM상각,2023.4Q,812094.0,199370.0
KR0010,KB손해보험,,손해보험,5,원수 위험조정 변동,2023.4Q,184724.0,47095.0
KR0010,KB손해보험,,손해보험,6,원수 예실차,2023.4Q,-4261.0,-5474.0
KR0010,KB손해보험,,손해보험,7,기타 생명장기 원수손익,2023.4Q,-212881.0,-165998.0
KR0010,KB손해보험,,손해보험,8,생명장기 재보험손익,2023.4Q,26299.0,24549.0
KR0010,KB손해보험,,손해보험,9,재보험 CSM상각,2023.4Q,-4332.0,-1133.0
KR0010,KB손해보험,,손해보험,10,재보험 위험조정 변동,2023.4Q,-7865.0,-1983.0
KR0010,KB손해보험,,손해보험,11,재보험 예실차,2023.4Q,-18635.0,-981.0
KR0010,KB손해보험,,손해보험,12,기타 생명장기 재보험손익,2023.4Q,57131.0,28646.0
KR0010,KB손해보험,,손해보험,13,자동차손익,2023.4Q,48834.0,-45886.0
KR0010,KB손해보험,,손해보험,14,일반손익,2023.4Q,-21887.0,-2710.0
KR0010,KB손해보험,,손해보험,15,기타영업수익,2023.4Q,0.0,0.0
KR0010,KB손해보험,,손해보험,16,기타사업비용,2023.4Q,390033.0,107648.0
KR0010,KB손해보험,,손해보험,17,투자손익,2023.4Q,210520.0,34624.0
KR0010,KB손해보험,,손해보험,18,투자이익,2023.4Q,950923.0,236369.0
KR0010,KB손해보험,,손해보험,19,보험금융손익,2023.4Q,-740403.0,-201745.0
KR0010,KB손해보험,,손해보험,20,영업이익,2023.4Q,1043442.0,85570.0
KR0010,KB손해보험,,손해보험,21,영업외손익,2023.4Q,-1067.0,-1171.0
KR0010,KB손해보험,,손해보험,22,세전이익,2023.4Q,1042375.0,84399.0
KR0010,KB손해보험,,손해보험,23,법인세,2023.4Q,265989.0,16856.0
KR0010,KB손해보험,,손해보험,24,당기순이익,2023.4Q,776386.0,67543.0
KR0010,KB손해보험,,손해보험,1,보험손익,2024.1Q,366614.0,366614.0
KR0010,KB손해보험,,손해보험,2,생명장기 손익,2024.1Q,340863.0,340863.0
KR0010,KB손해보험,,손해보험,3,생명장기 원수손익,2024.1Q,381101.0,381101.0
KR0010,KB손해보험,,손해보험,4,원수 CSM상각,2024.1Q,215161.0,215161.0
KR0010,KB손해보험,,손해보험,5,원수 위험조정 변동,2024.1Q,42062.0,42062.0
KR0010,KB손해보험,,손해보험,6,원수 예실차,2024.1Q,-7968.0,-7968.0
KR0010,KB손해보험,,손해보험,7,기타 생명장기 원수손익,2024.1Q,131846.0,131846.0
KR0010,KB손해보험,,손해보험,8,생명장기 재보험손익,2024.1Q,-40238.0,-40238.0
KR0010,KB손해보험,,손해보험,9,재보험 CSM상각,2024.1Q,-495.0,-495.0
KR0010,KB손해보험,,손해보험,10,재보험 위험조정 변동,2024.1Q,-2323.0,-2323.0
KR0010,KB손해보험,,손해보험,11,재보험 예실차,2024.1Q,-21034.0,-21034.0
KR0010,KB손해보험,,손해보험,12,기타 생명장기 재보험손익,2024.1Q,-16386.0,-16386.0
KR0010,KB손해보험,,손해보험,13,자동차손익,2024.1Q,14642.0,14642.0
KR0010,KB손해보험,,손해보험,14,일반손익,2024.1Q,11109.0,11109.0
KR0010,KB손해보험,,손해보험,15,기타영업수익,2024.1Q,0.0,0.0
KR0010,KB손해보험,,손해보험,16,기타사업비용,2024.1Q,93892.0,93892.0
KR0010,KB손해보험,,손해보험,17,투자손익,2024.1Q,35664.0,35664.0
KR0010,KB손해보험,,손해보험,18,투자이익,2024.1Q,229737.0,229737.0
KR0010,KB손해보험,,손해보험,19,보험금융손익,2024.1Q,-194073.0,-194073.0
KR0010,KB손해보험,,손해보험,20,영업이익,2024.1Q,402278.0,402278.0
KR0010,KB손해보험,,손해보험,21,영업외손익,2024.1Q,-605.0,-605.0
KR0010,KB손해보험,,손해보험,22,세전이익,2024.1Q,401673.0,401673.0
KR0010,KB손해보험,,손해보험,23,법인세,2024.1Q,103371.0,103371.0
KR0010,KB손해보험,,손해보험,24,당기순이익,2024.1Q,298302.0,298302.0
KR0010,KB손해보험,,손해보험,1,보험손익,2024.2Q,688166.0,321552.0
KR0010,KB손해보험,,손해보험,2,생명장기 손익,2024.2Q,619922.0,279059.0
KR0010,KB손해보험,,손해보험,3,생명장기 원수손익,2024.2Q,671424.0,290323.0
KR0010,KB손해보험,,손해보험,4,원수 CSM상각,2024.2Q,427074.0,211913.0
KR0010,KB손해보험,,손해보험,5,원수 위험조정 변동,2024.2Q,86727.0,44665.0
KR0010,KB손해보험,,손해보험,6,원수 예실차,2024.2Q,23142.0,31110.0
KR0010,KB손해보험,,손해보험,7,기타 생명장기 원수손익,2024.2Q,134481.0,2635.0
KR0010,KB손해보험,,손해보험,8,생명장기 재보험손익,2024.2Q,-51502.0,-11264.0
KR0010,KB손해보험,,손해보험,9,재보험 CSM상각,2024.2Q,-467.0,28.0
KR0010,KB손해보험,,손해보험,10,재보험 위험조정 변동,2024.2Q,-4612.0,-2289.0
KR0010,KB손해보험,,손해보험,11,재보험 예실차,2024.2Q,-31030.0,-9996.0
KR0010,KB손해보험,,손해보험,12,기타 생명장기 재보험손익,2024.2Q,-15393.0,993.0
KR0010,KB손해보험,,손해보험,13,자동차손익,2024.2Q,35186.0,20544.0
KR0010,KB손해보험,,손해보험,14,일반손익,2024.2Q,33057.0,21948.0
KR0010,KB손해보험,,손해보험,15,기타영업수익,2024.2Q,0.0,0.0
KR0010,KB손해보험,,손해보험,16,기타사업비용,2024.2Q,192135.0,98243.0
KR0010,KB손해보험,,손해보험,17,투자손익,2024.2Q,108206.0,72542.0
KR0010,KB손해보험,,손해보험,18,투자이익,2024.2Q,481141.0,251404.0
KR0010,KB손해보험,,손해보험,19,보험금융손익,2024.2Q,-372935.0,-178862.0
KR0010,KB손해보험,,손해보험,20,영업이익,2024.2Q,796372.0,394094.0
KR0010,KB손해보험,,손해보험,21,영업외손익,2024.2Q,-1822.0,-1217.0
KR0010,KB손해보험,,손해보험,22,세전이익,2024.2Q,794550.0,392877.0
KR0010,KB손해보험,,손해보험,23,법인세,2024.2Q,205457.0,102086.0
KR0010,KB손해보험,,손해보험,24,당기순이익,2024.2Q,589093.0,290791.0
KR0010,KB손해보험,,손해보험,1,보험손익,2024.3Q,875648.0,187482.0
KR0010,KB손해보험,,손해보험,2,생명장기 손익,2024.3Q,821005.0,201083.0
KR0010,KB손해보험,,손해보험,3,생명장기 원수손익,2024.3Q,874929.0,203505.0
KR0010,KB손해보험,,손해보험,4,원수 CSM상각,2024.3Q,644869.0,217795.0
KR0010,KB손해보험,,손해보험,5,원수 위험조정 변동,2024.3Q,133361.0,46634.0
KR0010,KB손해보험,,손해보험,6,원수 예실차,2024.3Q,-26412.0,-49554.0
KR0010,KB손해보험,,손해보험,7,기타 생명장기 원수손익,2024.3Q,123111.0,-11370.0
KR0010,KB손해보험,,손해보험,8,생명장기 재보험손익,2024.3Q,-53924.0,-2422.0
KR0010,KB손해보험,,손해보험,9,재보험 CSM상각,2024.3Q,-355.0,112.0
KR0010,KB손해보험,,손해보험,10,재보험 위험조정 변동,2024.3Q,-6928.0,-2316.0
KR0010,KB손해보험,,손해보험,11,재보험 예실차,2024.3Q,-32208.0,-1178.0
KR0010,KB손해보험,,손해보험,12,기타 생명장기 재보험손익,2024.3Q,-14433.0,960.0
KR0010,KB손해보험,,손해보험,13,자동차손익,2024.3Q,32744.0,-2442.0
KR0010,KB손해보험,,손해보험,14,일반손익,2024.3Q,21899.0,-11158.0
KR0010,KB손해보험,,손해보험,15,기타영업수익,2024.3Q,0.0,0.0
KR0010,KB손해보험,,손해보험,16,기타사업비용,2024.3Q,,
KR0010,KB손해보험,,손해보험,17,투자손익,2024.3Q,153971.0,45765.0
KR0010,KB손해보험,,손해보험,18,투자이익,2024.3Q,715516.0,234375.0
KR0010,KB손해보험,,손해보험,19,보험금융손익,2024.3Q,-561545.0,-188610.0
KR0010,KB손해보험,,손해보험,20,영업이익,2024.3Q,1029619.0,233247.0
KR0010,KB손해보험,,손해보험,21,영업외손익,2024.3Q,-1597.0,225.0
KR0010,KB손해보험,,손해보험,22,세전이익,2024.3Q,1028022.0,233472.0
KR0010,KB손해보험,,손해보험,23,법인세,2024.3Q,269164.0,63707.0
KR0010,KB손해보험,,손해보험,24,당기순이익,2024.3Q,758858.0,169765.0
KR0010,KB손해보험,,손해보험,1,보험손익,2024.4Q,977999.0,102351.0
KR0010,KB손해보험,,손해보험,2,생명장기 손익,2024.4Q,995933.0,174928.0
KR0010,KB손해보험,,손해보험,3,생명장기 원수손익,2024.4Q,1016037.0,141108.0
KR0010,KB손해보험,,손해보험,4,원수 CSM상각,2024.4Q,837664.0,192795.0
KR0010,KB손해보험,,손해보험,5,원수 위험조정 변동,2024.4Q,179271.0,45910.0
KR0010,KB손해보험,,손해보험,6,원수 예실차,2024.4Q,-9533.0,16879.0
KR0010,KB손해보험,,손해보험,7,기타 생명장기 원수손익,2024.4Q,8635.0,-114476.0
KR0010,KB손해보험,,손해보험,8,생명장기 재보험손익,2024.4Q,-20104.0,33820.0
KR0010,KB손해보험,,손해보험,9,재보험 CSM상각,2024.4Q,-2211.0,-1856.0
KR0010,KB손해보험,,손해보험,10,재보험 위험조정 변동,2024.4Q,-9232.0,-2304.0
KR0010,KB손해보험,,손해보험,11,재보험 예실차,2024.4Q,-26227.0,5981.0
KR0010,KB손해보험,,손해보험,12,기타 생명장기 재보험손익,2024.4Q,17566.0,31999.0
KR0010,KB손해보험,,손해보험,13,자동차손익,2024.4Q,8721.0,-24023.0
KR0010,KB손해보험,,손해보험,14,일반손익,2024.4Q,-26655.0,-48554.0
KR0010,KB손해보험,,손해보험,15,기타영업수익,2024.4Q,0.0,0.0
KR0010,KB손해보험,,손해보험,16,기타사업비용,2024.4Q,,
KR0010,KB손해보험,,손해보험,17,투자손익,2024.4Q,177571.0,23600.0
KR0010,KB손해보험,,손해보험,18,투자이익,2024.4Q,937115.0,221599.0
KR0010,KB손해보험,,손해보험,19,보험금융손익,2024.4Q,-759544.0,-197999.0
KR0010,KB손해보험,,손해보험,20,영업이익,2024.4Q,1155570.0,125951.0
KR0010,KB손해보험,,손해보험,21,영업외손익,2024.4Q,-17615.0,-16018.0
KR0010,KB손해보험,,손해보험,22,세전이익,2024.4Q,1137955.0,109933.0
KR0010,KB손해보험,,손해보험,23,법인세,2024.4Q,281206.0,12042.0
KR0010,KB손해보험,,손해보험,24,당기순이익,2024.4Q,856749.0,97891.0
KR0010,KB손해보험,,손해보험,1,보험손익,2025.1Q,263066.0,263066.0
KR0010,KB손해보험,,손해보험,2,생명장기 손익,2025.1Q,257549.0,257549.0
KR0010,KB손해보험,,손해보험,3,생명장기 원수손익,2025.1Q,258011.0,258011.0
KR0010,KB손해보험,,손해보험,4,원수 CSM상각,2025.1Q,213214.0,213214.0
KR0010,KB손해보험,,손해보험,5,원수 위험조정 변동,2025.1Q,49893.0,49893.0
KR0010,KB손해보험,,손해보험,6,원수 예실차,2025.1Q,-38569.0,-38569.0
KR0010,KB손해보험,,손해보험,7,기타 생명장기 원수손익,2025.1Q,33473.0,33473.0
KR0010,KB손해보험,,손해보험,8,생명장기 재보험손익,2025.1Q,-462.0,-462.0
KR0010,KB손해보험,,손해보험,9,재보험 CSM상각,2025.1Q,-110.0,-110.0
KR0010,KB손해보험,,손해보험,10,재보험 위험조정 변동,2025.1Q,-2196.0,-2196.0
KR0010,KB손해보험,,손해보험,11,재보험 예실차,2025.1Q,6753.0,6753.0
KR0010,KB손해보험,,손해보험,12,기타 생명장기 재보험손익,2025.1Q,-4909.0,-4909.0
KR0010,KB손해보험,,손해보험,13,자동차손익,2025.1Q,3757.0,3757.0
KR0010,KB손해보험,,손해보험,14,일반손익,2025.1Q,1760.0,1760.0
KR0010,KB손해보험,,손해보험,15,기타영업수익,2025.1Q,0.0,0.0
KR0010,KB손해보험,,손해보험,16,기타사업비용,2025.1Q,,
KR0010,KB손해보험,,손해보험,17,투자손익,2025.1Q,165751.0,165751.0
KR0010,KB손해보험,,손해보험,18,투자이익,2025.1Q,343346.0,343346.0
KR0010,KB손해보험,,손해보험,19,보험금융손익,2025.1Q,-177595.0,-177595.0
KR0010,KB손해보험,,손해보험,20,영업이익,2025.1Q,428817.0,428817.0
KR0010,KB손해보험,,손해보험,21,영업외손익,2025.1Q,1227.0,1227.0
KR0010,KB손해보험,,손해보험,22,세전이익,2025.1Q,430044.0,430044.0
KR0010,KB손해보험,,손해보험,23,법인세,2025.1Q,110225.0,110225.0
KR0010,KB손해보험,,손해보험,24,당기순이익,2025.1Q,319819.0,319819.0
KR0010,KB손해보험,,손해보험,1,보험손익,2025.2Q,500996.0,237930.0
KR0010,KB손해보험,,손해보험,2,생명장기 손익,2025.2Q,486097.0,228548.0
KR0010,KB손해보험,,손해보험,3,생명장기 원수손익,2025.2Q,489215.0,231204.0
KR0010,KB손해보험,,손해보험,4,원수 CSM상각,2025.2Q,423962.0,210748.0
KR0010,KB손해보험,,손해보험,5,원수 위험조정 변동,2025.2Q,100970.0,51077.0
KR0010,KB손해보험,,손해보험,6,원수 예실차,2025.2Q,-91459.0,-52890.0
KR0010,KB손해보험,,손해보험,7,기타 생명장기 원수손익,2025.2Q,55742.0,22269.0
KR0010,KB손해보험,,손해보험,8,생명장기 재보험손익,2025.2Q,-3118.0,-2656.0
KR0010,KB손해보험,,손해보험,9,재보험 CSM상각,2025.2Q,-1538.0,-1428.0
KR0010,KB손해보험,,손해보험,10,재보험 위험조정 변동,2025.2Q,-4377.0,-2181.0
KR0010,KB손해보험,,손해보험,11,재보험 예실차,2025.2Q,4213.0,-2540.0
KR0010,KB손해보험,,손해보험,12,기타 생명장기 재보험손익,2025.2Q,-1416.0,3493.0
KR0010,KB손해보험,,손해보험,13,자동차손익,2025.2Q,8562.0,4805.0
KR0010,KB손해보험,,손해보험,14,일반손익,2025.2Q,6338.0,4578.0
KR0010,KB손해보험,,손해보험,15,기타영업수익,2025.2Q,0.0,0.0
KR0010,KB손해보험,,손해보험,16,기타사업비용,2025.2Q,,
KR0010,KB손해보험,,손해보험,17,투자손익,2025.2Q,262261.0,96510.0
KR0010,KB손해보험,,손해보험,18,투자이익,2025.2Q,615392.0,272046.0
KR0010,KB손해보험,,손해보험,19,보험금융손익,2025.2Q,-353131.0,-175536.0
KR0010,KB손해보험,,손해보험,20,영업이익,2025.2Q,763257.0,334440.0
KR0010,KB손해보험,,손해보험,21,영업외손익,2025.2Q,1008.0,-219.0
KR0010,KB손해보험,,손해보험,22,세전이익,2025.2Q,764265.0,334221.0
KR0010,KB손해보험,,손해보험,23,법인세,2025.2Q,198179.0,87954.0
KR0010,KB손해보험,,손해보험,24,당기순이익,2025.2Q,566086.0,246267.0
KR0010,KB손해보험,,손해보험,1,보험손익,2025.3Q,655912.0,154916.0
KR0010,KB손해보험,,손해보험,2,생명장기 손익,2025.3Q,682131.0,196034.0
KR0010,KB손해보험,,손해보험,3,생명장기 원수손익,2025.3Q,677019.0,187804.0
KR0010,KB손해보험,,손해보험,4,원수 CSM상각,2025.3Q,641231.0,217269.0
KR0010,KB손해보험,,손해보험,5,원수 위험조정 변동,2025.3Q,152793.0,51823.0
KR0010,KB손해보험,,손해보험,6,원수 예실차,2025.3Q,-191925.0,-100466.0
KR0010,KB손해보험,,손해보험,7,기타 생명장기 원수손익,2025.3Q,74920.0,19178.0
KR0010,KB손해보험,,손해보험,8,생명장기 재보험손익,2025.3Q,5112.0,8230.0
KR0010,KB손해보험,,손해보험,9,재보험 CSM상각,2025.3Q,-2547.0,-1009.0
KR0010,KB손해보험,,손해보험,10,재보험 위험조정 변동,2025.3Q,-6423.0,-2046.0
KR0010,KB손해보험,,손해보험,11,재보험 예실차,2025.3Q,23375.0,19162.0
KR0010,KB손해보험,,손해보험,12,기타 생명장기 재보험손익,2025.3Q,-9293.0,-7877.0
KR0010,KB손해보험,,손해보험,13,자동차손익,2025.3Q,-44179.0,-52741.0
KR0010,KB손해보험,,손해보험,14,일반손익,2025.3Q,17961.0,11623.0
KR0010,KB손해보험,,손해보험,15,기타영업수익,2025.3Q,0.0,0.0
KR0010,KB손해보험,,손해보험,16,기타사업비용,2025.3Q,,
KR0010,KB손해보험,,손해보험,17,투자손익,2025.3Q,394123.0,131862.0
KR0010,KB손해보험,,손해보험,18,투자이익,2025.3Q,922372.0,306980.0
KR0010,KB손해보험,,손해보험,19,보험금융손익,2025.3Q,-528249.0,-175118.0
KR0010,KB손해보험,,손해보험,20,영업이익,2025.3Q,1050035.0,286778.0
KR0010,KB손해보험,,손해보험,21,영업외손익,2025.3Q,788.0,-220.0
KR0010,KB손해보험,,손해보험,22,세전이익,2025.3Q,1050823.0,286558.0
KR0010,KB손해보험,,손해보험,23,법인세,2025.3Q,274593.0,76414.0
KR0010,KB손해보험,,손해보험,24,당기순이익,2025.3Q,776230.0,210144.0
KR0010,KB손해보험,,손해보험,1,보험손익,2025.4Q,626695.0,-29217.0
KR0010,KB손해보험,,손해보험,2,생명장기 손익,2025.4Q,773945.0,91814.0
KR0010,KB손해보험,,손해보험,3,생명장기 원수손익,2025.4Q,798997.0,121978.0
KR0010,KB손해보험,,손해보험,4,원수 CSM상각,2025.4Q,853436.0,212205.0
KR0010,KB손해보험,,손해보험,5,원수 위험조정 변동,2025.4Q,205030.0,52237.0
KR0010,KB손해보험,,손해보험,6,원수 예실차,2025.4Q,-264551.0,-72626.0
KR0010,KB손해보험,,손해보험,7,기타 생명장기 원수손익,2025.4Q,5082.0,-69838.0
KR0010,KB손해보험,,손해보험,8,생명장기 재보험손익,2025.4Q,-25052.0,-30164.0
KR0010,KB손해보험,,손해보험,9,재보험 CSM상각,2025.4Q,-4657.0,-2110.0
KR0010,KB손해보험,,손해보험,10,재보험 위험조정 변동,2025.4Q,-8336.0,-1913.0
KR0010,KB손해보험,,손해보험,11,재보험 예실차,2025.4Q,13046.0,-10329.0
KR0010,KB손해보험,,손해보험,12,기타 생명장기 재보험손익,2025.4Q,-25105.0,-15812.0
KR0010,KB손해보험,,손해보험,13,자동차손익,2025.4Q,-107694.0,-63515.0
KR0010,KB손해보험,,손해보험,14,일반손익,2025.4Q,-39556.0,-57517.0
KR0010,KB손해보험,,손해보험,15,기타영업수익,2025.4Q,0.0,0.0
KR0010,KB손해보험,,손해보험,16,기타사업비용,2025.4Q,,
KR0010,KB손해보험,,손해보험,17,투자손익,2025.4Q,528281.0,134158.0
KR0010,KB손해보험,,손해보험,18,투자이익,2025.4Q,1184378.0,262006.0
KR0010,KB손해보험,,손해보험,19,보험금융손익,2025.4Q,-656097.0,-127848.0
KR0010,KB손해보험,,손해보험,20,영업이익,2025.4Q,1154976.0,104941.0
KR0010,KB손해보험,,손해보험,21,영업외손익,2025.4Q,-14217.0,-15005.0
KR0010,KB손해보험,,손해보험,22,세전이익,2025.4Q,1140759.0,89936.0
KR0010,KB손해보험,,손해보험,23,법인세,2025.4Q,359682.0,85089.0
KR0010,KB손해보험,,손해보험,24,당기순이익,2025.4Q,781077.0,4847.0
KR0010,KB손해보험,,손해보험,1,보험손익,2026.1Q,182800.0,182800.0
KR0010,KB손해보험,,손해보험,2,생명장기 손익,2026.1Q,218366.0,218366.0
KR0010,KB손해보험,,손해보험,3,생명장기 원수손익,2026.1Q,231879.0,231879.0
KR0010,KB손해보험,,손해보험,4,원수 CSM상각,2026.1Q,214306.0,214306.0
KR0010,KB손해보험,,손해보험,5,원수 위험조정 변동,2026.1Q,53721.0,53721.0
KR0010,KB손해보험,,손해보험,6,원수 예실차,2026.1Q,-89992.0,-89992.0
KR0010,KB손해보험,,손해보험,7,기타 생명장기 원수손익,2026.1Q,53844.0,53844.0
KR0010,KB손해보험,,손해보험,8,생명장기 재보험손익,2026.1Q,-13513.0,-13513.0
KR0010,KB손해보험,,손해보험,9,재보험 CSM상각,2026.1Q,-2816.0,-2816.0
KR0010,KB손해보험,,손해보험,10,재보험 위험조정 변동,2026.1Q,-1424.0,-1424.0
KR0010,KB손해보험,,손해보험,11,재보험 예실차,2026.1Q,-1834.0,-1834.0
KR0010,KB손해보험,,손해보험,12,기타 생명장기 재보험손익,2026.1Q,-7439.0,-7439.0
KR0010,KB손해보험,,손해보험,13,자동차손익,2026.1Q,-24902.0,-24902.0
KR0010,KB손해보험,,손해보험,14,일반손익,2026.1Q,-10664.0,-10664.0
KR0010,KB손해보험,,손해보험,15,기타영업수익,2026.1Q,0.0,0.0
KR0010,KB손해보험,,손해보험,16,기타사업비용,2026.1Q,97277.0,97277.0
KR0010,KB손해보험,,손해보험,17,투자손익,2026.1Q,112147.0,112147.0
KR0010,KB손해보험,,손해보험,18,투자이익,2026.1Q,268612.0,268612.0
KR0010,KB손해보험,,손해보험,19,보험금융손익,2026.1Q,-156465.0,-156465.0
KR0010,KB손해보험,,손해보험,20,영업이익,2026.1Q,294947.0,294947.0
KR0010,KB손해보험,,손해보험,21,영업외손익,2026.1Q,-1101.0,-1101.0
KR0010,KB손해보험,,손해보험,22,세전이익,2026.1Q,293846.0,293846.0
KR0010,KB손해보험,,손해보험,23,법인세,2026.1Q,79873.0,79873.0
KR0010,KB손해보험,,손해보험,24,당기순이익,2026.1Q,213973.0,213973.0
KR0010,KB손해보험,,손해보험,1,보험손익,2026.2Q,440553.0,257753.0
KR0010,KB손해보험,,손해보험,2,생명장기 손익,2026.2Q,449163.0,230797.0
KR0010,KB손해보험,,손해보험,3,생명장기 원수손익,2026.2Q,477716.0,245837.0
KR0010,KB손해보험,,손해보험,4,원수 CSM상각,2026.2Q,452728.0,238422.0
KR0010,KB손해보험,,손해보험,5,원수 위험조정 변동,2026.2Q,109761.0,56040.0
KR0010,KB손해보험,,손해보험,6,원수 예실차,2026.2Q,-197443.0,-107451.0
KR0010,KB손해보험,,손해보험,7,기타 생명장기 원수손익,2026.2Q,112670.0,58826.0
KR0010,KB손해보험,,손해보험,8,생명장기 재보험손익,2026.2Q,-28553.0,-15040.0
KR0010,KB손해보험,,손해보험,9,재보험 CSM상각,2026.2Q,-5686.0,-2870.0
KR0010,KB손해보험,,손해보험,10,재보험 위험조정 변동,2026.2Q,-3250.0,-1826.0
KR0010,KB손해보험,,손해보험,11,재보험 예실차,2026.2Q,-10205.0,-8371.0
KR0010,KB손해보험,,손해보험,12,기타 생명장기 재보험손익,2026.2Q,-9412.0,-1973.0
KR0010,KB손해보험,,손해보험,13,자동차손익,2026.2Q,-35787.0,-10885.0
KR0010,KB손해보험,,손해보험,14,일반손익,2026.2Q,27176.0,37840.0
KR0010,KB손해보험,,손해보험,15,기타영업수익,2026.2Q,0.0,0.0
KR0010,KB손해보험,,손해보험,16,기타사업비용,2026.2Q,199561.0,102284.0
KR0010,KB손해보험,,손해보험,17,투자손익,2026.2Q,253335.0,141188.0
KR0010,KB손해보험,,손해보험,18,투자이익,2026.2Q,593881.0,325269.0
KR0010,KB손해보험,,손해보험,19,보험금융손익,2026.2Q,-340546.0,-184081.0
KR0010,KB손해보험,,손해보험,20,영업이익,2026.2Q,693888.0,398941.0
KR0010,KB손해보험,,손해보험,21,영업외손익,2026.2Q,-3726.0,-2625.0
KR0010,KB손해보험,,손해보험,22,세전이익,2026.2Q,690162.0,396316.0
KR0010,KB손해보험,,손해보험,23,법인세,2026.2Q,191114.0,111241.0
KR0010,KB손해보험,,손해보험,24,당기순이익,2026.2Q,499048.0,285075.0
KR0011,DB손해보험,,손해보험,1,보험손익,2023.1Q,431045.384507,431045.384507
KR0011,DB손해보험,,손해보험,2,생명장기 손익,2023.1Q,332221.0,332221.0
KR0011,DB손해보험,,손해보험,3,생명장기 원수손익,2023.1Q,321249.0,321249.0
KR0011,DB손해보험,,손해보험,4,원수 CSM상각,2023.1Q,329466.0,329466.0
KR0011,DB손해보험,,손해보험,5,원수 위험조정 변동,2023.1Q,26400.0,26400.0
KR0011,DB손해보험,,손해보험,6,원수 예실차,2023.1Q,-7962.0,-7962.0
KR0011,DB손해보험,,손해보험,7,기타 생명장기 원수손익,2023.1Q,-26655.0,-26655.0
KR0011,DB손해보험,,손해보험,8,생명장기 재보험손익,2023.1Q,10972.0,10972.0
KR0011,DB손해보험,,손해보험,9,재보험 CSM상각,2023.1Q,3858.0,3858.0
KR0011,DB손해보험,,손해보험,10,재보험 위험조정 변동,2023.1Q,-546.0,-546.0
KR0011,DB손해보험,,손해보험,11,재보험 예실차,2023.1Q,-12937.0,-12937.0
KR0011,DB손해보험,,손해보험,12,기타 생명장기 재보험손익,2023.1Q,20597.0,20597.0
KR0011,DB손해보험,,손해보험,13,자동차손익,2023.1Q,99381.0,99381.0
KR0011,DB손해보험,,손해보험,14,일반손익,2023.1Q,7538.0,7538.0
KR0011,DB손해보험,,손해보험,15,기타영업수익,2023.1Q,0.0,0.0
KR0011,DB손해보험,,손해보험,16,기타사업비용,2023.1Q,34876.675806,34876.675806
KR0011,DB손해보험,,손해보험,17,투자손익,2023.1Q,193576.304797,193576.304797
KR0011,DB손해보험,,손해보험,18,투자이익,2023.1Q,492836.333089,492836.333089
KR0011,DB손해보험,,손해보험,19,보험금융손익,2023.1Q,-299260.028292,-299260.028292
KR0011,DB손해보험,,손해보험,20,영업이익,2023.1Q,624621.689304,624621.689304
KR0011,DB손해보험,,손해보험,21,영업외손익,2023.1Q,9046.601923,9046.601923
KR0011,DB손해보험,,손해보험,22,세전이익,2023.1Q,633668.291227,633668.291227
KR0011,DB손해보험,,손해보험,23,법인세,2023.1Q,147521.098615,147521.098615
KR0011,DB손해보험,,손해보험,24,당기순이익,2023.1Q,486147.192612,486147.192612
KR0011,DB손해보험,,손해보험,1,보험손익,2023.2Q,971297.908122,540252.523615
KR0011,DB손해보험,,손해보험,2,생명장기 손익,2023.2Q,758440.0,426219.0
KR0011,DB손해보험,,손해보험,3,생명장기 원수손익,2023.2Q,761679.0,440430.0
KR0011,DB손해보험,,손해보험,4,원수 CSM상각,2023.2Q,670647.0,341181.0
KR0011,DB손해보험,,손해보험,5,원수 위험조정 변동,2023.2Q,59351.0,32951.0
KR0011,DB손해보험,,손해보험,6,원수 예실차,2023.2Q,6777.0,14739.0
KR0011,DB손해보험,,손해보험,7,기타 생명장기 원수손익,2023.2Q,24904.0,51559.0
KR0011,DB손해보험,,손해보험,8,생명장기 재보험손익,2023.2Q,-3239.0,-14211.0
KR0011,DB손해보험,,손해보험,9,재보험 CSM상각,2023.2Q,7865.0,4007.0
KR0011,DB손해보험,,손해보험,10,재보험 위험조정 변동,2023.2Q,-1094.0,-548.0
KR0011,DB손해보험,,손해보험,11,재보험 예실차,2023.2Q,-34962.0,-22025.0
KR0011,DB손해보험,,손해보험,12,기타 생명장기 재보험손익,2023.2Q,24952.0,4355.0
KR0011,DB손해보험,,손해보험,13,자동차손익,2023.2Q,193628.0,94247.0
KR0011,DB손해보험,,손해보험,14,일반손익,2023.2Q,26099.0,18561.0
KR0011,DB손해보험,,손해보험,15,기타영업수익,2023.2Q,0.0,0.0
KR0011,DB손해보험,,손해보험,16,기타사업비용,2023.2Q,70375.725865,35499.050059
KR0011,DB손해보험,,손해보험,17,투자손익,2023.2Q,337871.214168,144294.909371
KR0011,DB손해보험,,손해보험,18,투자이익,2023.2Q,900677.012572,407840.679483
KR0011,DB손해보험,,손해보험,19,보험금융손익,2023.2Q,-562805.798404,-263545.770112
KR0011,DB손해보험,,손해보험,20,영업이익,2023.2Q,1309169.12229,684547.432986
KR0011,DB손해보험,,손해보험,21,영업외손익,2023.2Q,11103.640221,2057.038298
KR0011,DB손해보험,,손해보험,22,세전이익,2023.2Q,1320272.762511,686604.471284
KR0011,DB손해보험,,손해보험,23,법인세,2023.2Q,317527.6352,170006.536585
KR0011,DB손해보험,,손해보험,24,당기순이익,2023.2Q,1002745.127311,516597.934699
KR0011,DB손해보험,,손해보험,1,보험손익,2023.3Q,1307758.6394,336460.731278
KR0011,DB손해보험,,손해보험,2,생명장기 손익,2023.3Q,1122979.0,364539.0
KR0011,DB손해보험,,손해보험,3,생명장기 원수손익,2023.3Q,1137834.0,376155.0
KR0011,DB손해보험,,손해보험,4,원수 CSM상각,2023.3Q,941168.0,270521.0
KR0011,DB손해보험,,손해보험,5,원수 위험조정 변동,2023.3Q,87835.0,28484.0
KR0011,DB손해보험,,손해보험,6,원수 예실차,2023.3Q,103486.0,96709.0
KR0011,DB손해보험,,손해보험,7,기타 생명장기 원수손익,2023.3Q,5345.0,-19559.0
KR0011,DB손해보험,,손해보험,8,생명장기 재보험손익,2023.3Q,-14855.0,-11616.0
KR0011,DB손해보험,,손해보험,9,재보험 CSM상각,2023.3Q,4306.0,-3559.0
KR0011,DB손해보험,,손해보험,10,재보험 위험조정 변동,2023.3Q,-2046.0,-952.0
KR0011,DB손해보험,,손해보험,11,재보험 예실차,2023.3Q,-48341.0,-13379.0
KR0011,DB손해보험,,손해보험,12,기타 생명장기 재보험손익,2023.3Q,31226.0,6274.0
KR0011,DB손해보험,,손해보험,13,자동차손익,2023.3Q,289804.0,96176.0
KR0011,DB손해보험,,손해보험,14,일반손익,2023.3Q,-23598.0,-49697.0
KR0011,DB손해보험,,손해보험,15,기타영업수익,2023.3Q,0.0,0.0
KR0011,DB손해보험,,손해보험,16,기타사업비용,2023.3Q,80041.65461,9665.928745
KR0011,DB손해보험,,손해보험,17,투자손익,2023.3Q,374239.793436,36368.579268
KR0011,DB손해보험,,손해보험,18,투자이익,2023.3Q,968520.161043,67843.148471
KR0011,DB손해보험,,손해보험,19,보험금융손익,2023.3Q,-594280.367607,-31474.569203
KR0011,DB손해보험,,손해보험,20,영업이익,2023.3Q,1681998.432836,372829.310546
KR0011,DB손해보험,,손해보험,21,영업외손익,2023.3Q,5520.833133,-5582.807088
KR0011,DB손해보험,,손해보험,22,세전이익,2023.3Q,1687519.265969,367246.503458
KR0011,DB손해보험,,손해보험,23,법인세,2023.3Q,411817.78279,94290.14759
KR0011,DB손해보험,,손해보험,24,당기순이익,2023.3Q,1275701.483179,272956.355868
KR0011,DB손해보험,,손해보험,1,보험손익,2023.4Q,1550007.97701,242249.33761
KR0011,DB손해보험,,손해보험,2,생명장기 손익,2023.4Q,1419423.0,296444.0
KR0011,DB손해보험,,손해보험,3,생명장기 원수손익,2023.4Q,1443081.0,305247.0
KR0011,DB손해보험,,손해보험,4,원수 CSM상각,2023.4Q,1261928.0,320760.0
KR0011,DB손해보험,,손해보험,5,원수 위험조정 변동,2023.4Q,114213.0,26378.0
KR0011,DB손해보험,,손해보험,6,원수 예실차,2023.4Q,44862.0,-58624.0
KR0011,DB손해보험,,손해보험,7,기타 생명장기 원수손익,2023.4Q,22078.0,16733.0
KR0011,DB손해보험,,손해보험,8,생명장기 재보험손익,2023.4Q,-23658.0,-8803.0
KR0011,DB손해보험,,손해보험,9,재보험 CSM상각,2023.4Q,1767.0,-2539.0
KR0011,DB손해보험,,손해보험,10,재보험 위험조정 변동,2023.4Q,-2974.0,-928.0
KR0011,DB손해보험,,손해보험,11,재보험 예실차,2023.4Q,-34705.0,13636.0
KR0011,DB손해보험,,손해보험,12,기타 생명장기 재보험손익,2023.4Q,12254.0,-18972.0
KR0011,DB손해보험,,손해보험,13,자동차손익,2023.4Q,343779.0,53975.0
KR0011,DB손해보험,,손해보험,14,일반손익,2023.4Q,-105708.0,-82110.0
KR0011,DB손해보험,,손해보험,15,기타영업수익,2023.4Q,0.0,0.0
KR0011,DB손해보험,,손해보험,16,기타사업비용,2023.4Q,107486.474036,27444.819426
KR0011,DB손해보험,,손해보험,17,투자손익,2023.4Q,466754.713684,92514.920248
KR0011,DB손해보험,,손해보험,18,투자이익,2023.4Q,1255566.040415,287045.879372
KR0011,DB손해보험,,손해보험,19,보험금융손익,2023.4Q,-788811.326731,-194530.959124
KR0011,DB손해보험,,손해보험,20,영업이익,2023.4Q,2016762.690694,334764.257858
KR0011,DB손해보험,,손해보험,21,영업외손익,2023.4Q,8523.729153,3002.89602
KR0011,DB손해보험,,손해보험,22,세전이익,2023.4Q,2025286.419847,337767.153878
KR0011,DB손해보험,,손해보험,23,법인세,2023.4Q,488540.467159,76722.684369
KR0011,DB손해보험,,손해보험,24,당기순이익,2023.4Q,1536745.952688,261044.469509
KR0011,DB손해보험,,손해보험,1,보험손익,2024.1Q,562909.916144,562909.916144
KR0011,DB손해보험,,손해보험,2,생명장기 손익,2024.1Q,463425.0,463425.0
KR0011,DB손해보험,,손해보험,3,생명장기 원수손익,2024.1Q,528805.0,528805.0
KR0011,DB손해보험,,손해보험,4,원수 CSM상각,2024.1Q,322368.0,322368.0
KR0011,DB손해보험,,손해보험,5,원수 위험조정 변동,2024.1Q,21095.0,21095.0
KR0011,DB손해보험,,손해보험,6,원수 예실차,2024.1Q,135.0,135.0
KR0011,DB손해보험,,손해보험,7,기타 생명장기 원수손익,2024.1Q,185207.0,185207.0
KR0011,DB손해보험,,손해보험,8,생명장기 재보험손익,2024.1Q,-65380.0,-65380.0
KR0011,DB손해보험,,손해보험,9,재보험 CSM상각,2024.1Q,4579.0,4579.0
KR0011,DB손해보험,,손해보험,10,재보험 위험조정 변동,2024.1Q,-922.0,-922.0
KR0011,DB손해보험,,손해보험,11,재보험 예실차,2024.1Q,-14427.0,-14427.0
KR0011,DB손해보험,,손해보험,12,기타 생명장기 재보험손익,2024.1Q,-54610.0,-54610.0
KR0011,DB손해보험,,손해보험,13,자동차손익,2024.1Q,98554.0,98554.0
KR0011,DB손해보험,,손해보험,14,일반손익,2024.1Q,23322.0,23322.0
KR0011,DB손해보험,,손해보험,15,기타영업수익,2024.1Q,0.0,0.0
KR0011,DB손해보험,,손해보험,16,기타사업비용,2024.1Q,22391.673817,22391.673817
KR0011,DB손해보험,,손해보험,17,투자손익,2024.1Q,203697.833535,203697.833535
KR0011,DB손해보험,,손해보험,18,투자이익,2024.1Q,383899.932822,383899.932822
KR0011,DB손해보험,,손해보험,19,보험금융손익,2024.1Q,-180202.099287,-180202.099287
KR0011,DB손해보험,,손해보험,20,영업이익,2024.1Q,766607.749679,766607.749679
KR0011,DB손해보험,,손해보험,21,영업외손익,2024.1Q,-4371.098586,-4371.098586
KR0011,DB손해보험,,손해보험,22,세전이익,2024.1Q,762236.651093,762236.651093
KR0011,DB손해보험,,손해보험,23,법인세,2024.1Q,178793.306747,178793.306747
KR0011,DB손해보험,,손해보험,24,당기순이익,2024.1Q,583443.344346,583443.344346
KR0011,DB손해보험,,손해보험,1,보험손익,2024.2Q,1097299.131966,534389.215822
KR0011,DB손해보험,,손해보험,2,생명장기 손익,2024.2Q,876668.0,413243.0
KR0011,DB손해보험,,손해보험,3,생명장기 원수손익,2024.2Q,951806.0,423001.0
KR0011,DB손해보험,,손해보험,4,원수 CSM상각,2024.2Q,653946.0,331578.0
KR0011,DB손해보험,,손해보험,5,원수 위험조정 변동,2024.2Q,57614.0,36519.0
KR0011,DB손해보험,,손해보험,6,원수 예실차,2024.2Q,44183.0,44048.0
KR0011,DB손해보험,,손해보험,7,기타 생명장기 원수손익,2024.2Q,196063.0,10856.0
KR0011,DB손해보험,,손해보험,8,생명장기 재보험손익,2024.2Q,-75138.0,-9758.0
KR0011,DB손해보험,,손해보험,9,재보험 CSM상각,2024.2Q,9313.0,4734.0
KR0011,DB손해보험,,손해보험,10,재보험 위험조정 변동,2024.2Q,-1902.0,-980.0
KR0011,DB손해보험,,손해보험,11,재보험 예실차,2024.2Q,-33427.0,-19000.0
KR0011,DB손해보험,,손해보험,12,기타 생명장기 재보험손익,2024.2Q,-49122.0,5488.0
KR0011,DB손해보험,,손해보험,13,자동차손익,2024.2Q,172089.0,73535.0
KR0011,DB손해보험,,손해보험,14,일반손익,2024.2Q,100374.0,77052.0
KR0011,DB손해보험,,손해보험,15,기타영업수익,2024.2Q,0.0,0.0
KR0011,DB손해보험,,손해보험,16,기타사업비용,2024.2Q,51831.424221,29439.750404
KR0011,DB손해보험,,손해보험,17,투자손익,2024.2Q,374700.849221,171003.015686
KR0011,DB손해보험,,손해보험,18,투자이익,2024.2Q,751887.037826,367987.105004
KR0011,DB손해보험,,손해보험,19,보험금융손익,2024.2Q,-377186.188605,-196984.089318
KR0011,DB손해보험,,손해보험,20,영업이익,2024.2Q,1471999.981187,705392.231508
KR0011,DB손해보험,,손해보험,21,영업외손익,2024.2Q,8145.988034,12517.08662
KR0011,DB손해보험,,손해보험,22,세전이익,2024.2Q,1480145.969221,717909.318128
KR0011,DB손해보험,,손해보험,23,법인세,2024.2Q,356045.938171,177252.631424
KR0011,DB손해보험,,손해보험,24,당기순이익,2024.2Q,1124100.03105,540656.686704
KR0011,DB손해보험,,손해보험,1,보험손익,2024.3Q,1458627.191111,361328.059145
KR0011,DB손해보험,,손해보험,2,생명장기 손익,2024.3Q,1255792.0,379124.0
KR0011,DB손해보험,,손해보험,3,생명장기 원수손익,2024.3Q,1335455.0,383649.0
KR0011,DB손해보험,,손해보험,4,원수 CSM상각,2024.3Q,990341.0,336395.0
KR0011,DB손해보험,,손해보험,5,원수 위험조정 변동,2024.3Q,98511.0,40897.0
KR0011,DB손해보험,,손해보험,6,원수 예실차,2024.3Q,40967.0,-3216.0
KR0011,DB손해보험,,손해보험,7,기타 생명장기 원수손익,2024.3Q,205636.0,9573.0
KR0011,DB손해보험,,손해보험,8,생명장기 재보험손익,2024.3Q,-79663.0,-4525.0
KR0011,DB손해보험,,손해보험,9,재보험 CSM상각,2024.3Q,14462.0,5149.0
KR0011,DB손해보험,,손해보험,10,재보험 위험조정 변동,2024.3Q,-2865.0,-963.0
KR0011,DB손해보험,,손해보험,11,재보험 예실차,2024.3Q,-47863.0,-14436.0
KR0011,DB손해보험,,손해보험,12,기타 생명장기 재보험손익,2024.3Q,-43397.0,5725.0
KR0011,DB손해보험,,손해보험,13,자동차손익,2024.3Q,194952.0,22863.0
KR0011,DB손해보험,,손해보험,14,일반손익,2024.3Q,86644.0,-13730.0
KR0011,DB손해보험,,손해보험,15,기타영업수익,2024.3Q,0.0,0.0
KR0011,DB손해보험,,손해보험,16,기타사업비용,2024.3Q,78761.086121,26929.6619
KR0011,DB손해보험,,손해보험,17,투자손익,2024.3Q,619482.082455,244781.233234
KR0011,DB손해보험,,손해보험,18,투자이익,2024.3Q,1171805.137658,419918.099832
KR0011,DB손해보험,,손해보험,19,보험금융손익,2024.3Q,-552323.055203,-175136.866598
KR0011,DB손해보험,,손해보험,20,영업이익,2024.3Q,2078109.273566,606109.292379
KR0011,DB손해보험,,손해보험,21,영업외손익,2024.3Q,4953.747084,-3192.24095
KR0011,DB손해보험,,손해보험,22,세전이익,2024.3Q,2083063.02065,602917.051429
KR0011,DB손해보험,,손해보험,23,법인세,2024.3Q,505096.349976,149050.411805
KR0011,DB손해보험,,손해보험,24,당기순이익,2024.3Q,1577966.670674,453866.639624
KR0011,DB손해보험,,손해보험,1,보험손익,2024.4Q,1619094.289949,160467.098838
KR0011,DB손해보험,,손해보험,2,생명장기 손익,2024.4Q,1419675.0,163883.0
KR0011,DB손해보험,,손해보험,3,생명장기 원수손익,2024.4Q,1486688.0,151233.0
KR0011,DB손해보험,,손해보험,4,원수 CSM상각,2024.4Q,1297508.0,307167.0
KR0011,DB손해보험,,손해보험,5,원수 위험조정 변동,2024.4Q,135863.0,37352.0
KR0011,DB손해보험,,손해보험,6,원수 예실차,2024.4Q,-3242.0,-44209.0
KR0011,DB손해보험,,손해보험,7,기타 생명장기 원수손익,2024.4Q,56559.0,-149077.0
KR0011,DB손해보험,,손해보험,8,생명장기 재보험손익,2024.4Q,-67013.0,12650.0
KR0011,DB손해보험,,손해보험,9,재보험 CSM상각,2024.4Q,-10861.0,-25323.0
KR0011,DB손해보험,,손해보험,10,재보험 위험조정 변동,2024.4Q,-3845.0,-980.0
KR0011,DB손해보험,,손해보험,11,재보험 예실차,2024.4Q,-61538.0,-13675.0
KR0011,DB손해보험,,손해보험,12,기타 생명장기 재보험손익,2024.4Q,9231.0,52628.0
KR0011,DB손해보험,,손해보험,13,자동차손익,2024.4Q,192061.0,-2891.0
KR0011,DB손해보험,,손해보험,14,일반손익,2024.4Q,117480.0,30836.0
KR0011,DB손해보험,,손해보험,15,기타영업수익,2024.4Q,0.0,0.0
KR0011,DB손해보험,,손해보험,16,기타사업비용,2024.4Q,110121.521222,31360.435101
KR0011,DB손해보험,,손해보험,17,투자손익,2024.4Q,743568.22472,124086.142265
KR0011,DB손해보험,,손해보험,18,투자이익,2024.4Q,1513752.445149,341947.307491
KR0011,DB손해보험,,손해보험,19,보험금융손익,2024.4Q,-770184.220429,-217861.165226
KR0011,DB손해보험,,손해보험,20,영업이익,2024.4Q,2362662.514669,284553.241103
KR0011,DB손해보험,,손해보험,21,영업외손익,2024.4Q,3151.389897,-1802.357187
KR0011,DB손해보험,,손해보험,22,세전이익,2024.4Q,2365813.904566,282750.883916
KR0011,DB손해보험,,손해보험,23,법인세,2024.4Q,593584.702745,88488.352769
KR0011,DB손해보험,,손해보험,24,당기순이익,2024.4Q,1772229.201821,194262.531147
KR0011,DB손해보험,,손해보험,1,보험손익,2025.1Q,402719.072061,402719.072061
KR0011,DB손해보험,,손해보험,2,생명장기 손익,2025.1Q,415743.0,415743.0
KR0011,DB손해보험,,손해보험,3,생명장기 원수손익,2025.1Q,424980.0,424980.0
KR0011,DB손해보험,,손해보험,4,원수 CSM상각,2025.1Q,322594.0,322594.0
KR0011,DB손해보험,,손해보험,5,원수 위험조정 변동,2025.1Q,38045.0,38045.0
KR0011,DB손해보험,,손해보험,6,원수 예실차,2025.1Q,16751.0,16751.0
KR0011,DB손해보험,,손해보험,7,기타 생명장기 원수손익,2025.1Q,47590.0,47590.0
KR0011,DB손해보험,,손해보험,8,생명장기 재보험손익,2025.1Q,-9237.0,-9237.0
KR0011,DB손해보험,,손해보험,9,재보험 CSM상각,2025.1Q,872.0,872.0
KR0011,DB손해보험,,손해보험,10,재보험 위험조정 변동,2025.1Q,-1025.0,-1025.0
KR0011,DB손해보험,,손해보험,11,재보험 예실차,2025.1Q,-21384.0,-21384.0
KR0011,DB손해보험,,손해보험,12,기타 생명장기 재보험손익,2025.1Q,12300.0,12300.0
KR0011,DB손해보험,,손해보험,13,자동차손익,2025.1Q,52087.0,52087.0
KR0011,DB손해보험,,손해보험,14,일반손익,2025.1Q,-32102.0,-32102.0
KR0011,DB손해보험,,손해보험,15,기타영업수익,2025.1Q,0.0,0.0
KR0011,DB손해보험,,손해보험,16,기타사업비용,2025.1Q,33008.830216,33008.830216
KR0011,DB손해보험,,손해보험,17,투자손익,2025.1Q,243969.186837,243969.186837
KR0011,DB손해보험,,손해보험,18,투자이익,2025.1Q,437546.535212,437546.535212
KR0011,DB손해보험,,손해보험,19,보험금융손익,2025.1Q,-193577.348375,-193577.348375
KR0011,DB손해보험,,손해보험,20,영업이익,2025.1Q,646688.258898,646688.258898
KR0011,DB손해보험,,손해보험,21,영업외손익,2025.1Q,-3377.021134,-3377.021134
KR0011,DB손해보험,,손해보험,22,세전이익,2025.1Q,643311.237764,643311.237764
KR0011,DB손해보험,,손해보험,23,법인세,2025.1Q,196324.645579,196324.645579
KR0011,DB손해보험,,손해보험,24,당기순이익,2025.1Q,446986.592185,446986.592185
KR0011,DB손해보험,,손해보험,1,보험손익,2025.2Q,670411.0,267691.927939
KR0011,DB손해보험,,손해보험,2,생명장기 손익,2025.2Q,695224.0,279481.0
KR0011,DB손해보험,,손해보험,3,생명장기 원수손익,2025.2Q,697862.0,272882.0
KR0011,DB손해보험,,손해보험,4,원수 CSM상각,2025.2Q,648936.0,326342.0
KR0011,DB손해보험,,손해보험,5,원수 위험조정 변동,2025.2Q,76237.0,38192.0
KR0011,DB손해보험,,손해보험,6,원수 예실차,2025.2Q,54770.0,38019.0
KR0011,DB손해보험,,손해보험,7,기타 생명장기 원수손익,2025.2Q,-82081.0,-129671.0
KR0011,DB손해보험,,손해보험,8,생명장기 재보험손익,2025.2Q,-2638.0,6599.0
KR0011,DB손해보험,,손해보험,9,재보험 CSM상각,2025.2Q,1413.0,541.0
KR0011,DB손해보험,,손해보험,10,재보험 위험조정 변동,2025.2Q,-2093.0,-1068.0
KR0011,DB손해보험,,손해보험,11,재보험 예실차,2025.2Q,-45549.0,-24165.0
KR0011,DB손해보험,,손해보험,12,기타 생명장기 재보험손익,2025.2Q,43591.0,31291.0
KR0011,DB손해보험,,손해보험,13,자동차손익,2025.2Q,90130.0,38043.0
KR0011,DB손해보험,,손해보험,14,일반손익,2025.2Q,-48510.0,-16408.0
KR0011,DB손해보험,,손해보험,15,기타영업수익,2025.2Q,0.0,0.0
KR0011,DB손해보험,,손해보험,16,기타사업비용,2025.2Q,66432.0,33423.169784
KR0011,DB손해보험,,손해보험,17,투자손익,2025.2Q,588618.0,344648.813163
KR0011,DB손해보험,,손해보험,18,투자이익,2025.2Q,873924.0,436377.464788
KR0011,DB손해보험,,손해보험,19,보험금융손익,2025.2Q,-285306.0,-91728.651625
KR0011,DB손해보험,,손해보험,20,영업이익,2025.2Q,1259029.0,612340.741102
KR0011,DB손해보험,,손해보험,21,영업외손익,2025.2Q,1133.0,4510.021134
KR0011,DB손해보험,,손해보험,22,세전이익,2025.2Q,1260162.0,616850.762236
KR0011,DB손해보험,,손해보험,23,법인세,2025.2Q,353253.0,156928.354421
KR0011,DB손해보험,,손해보험,24,당기순이익,2025.2Q,906909.0,459922.407815
KR0011,DB손해보험,,손해보험,1,보험손익,2025.3Q,772533.0,102122.0
KR0011,DB손해보험,,손해보험,2,생명장기 손익,2025.3Q,862649.0,167425.0
KR0011,DB손해보험,,손해보험,3,생명장기 원수손익,2025.3Q,859366.0,161504.0
KR0011,DB손해보험,,손해보험,4,원수 CSM상각,2025.3Q,978928.0,329992.0
KR0011,DB손해보험,,손해보험,5,원수 위험조정 변동,2025.3Q,117353.0,41116.0
KR0011,DB손해보험,,손해보험,6,원수 예실차,2025.3Q,13932.0,-40838.0
KR0011,DB손해보험,,손해보험,7,기타 생명장기 원수손익,2025.3Q,-250847.0,-168766.0
KR0011,DB손해보험,,손해보험,8,생명장기 재보험손익,2025.3Q,3283.0,5921.0
KR0011,DB손해보험,,손해보험,9,재보험 CSM상각,2025.3Q,1899.0,486.0
KR0011,DB손해보험,,손해보험,10,재보험 위험조정 변동,2025.3Q,-3199.0,-1106.0
KR0011,DB손해보험,,손해보험,11,재보험 예실차,2025.3Q,-65243.0,-19694.0
KR0011,DB손해보험,,손해보험,12,기타 생명장기 재보험손익,2025.3Q,69826.0,26235.0
KR0011,DB손해보험,,손해보험,13,자동차손익,2025.3Q,39588.0,-50542.0
KR0011,DB손해보험,,손해보험,14,일반손익,2025.3Q,-35626.0,12884.0
KR0011,DB손해보험,,손해보험,15,기타영업수익,2025.3Q,0.0,0.0
KR0011,DB손해보험,,손해보험,16,기타사업비용,2025.3Q,94078.0,27646.0
KR0011,DB손해보험,,손해보험,17,투자손익,2025.3Q,889702.0,301084.0
KR0011,DB손해보험,,손해보험,18,투자이익,2025.3Q,1361180.0,487256.0
KR0011,DB손해보험,,손해보험,19,보험금융손익,2025.3Q,-471478.0,-186172.0
KR0011,DB손해보험,,손해보험,20,영업이익,2025.3Q,1662235.0,403206.0
KR0011,DB손해보험,,손해보험,21,영업외손익,2025.3Q,-4781.0,-5914.0
KR0011,DB손해보험,,손해보험,22,세전이익,2025.3Q,1657454.0,397292.0
KR0011,DB손해보험,,손해보험,23,법인세,2025.3Q,457545.0,104292.0
KR0011,DB손해보험,,손해보험,24,당기순이익,2025.3Q,1199909.0,293000.0
KR0011,DB손해보험,,손해보험,1,보험손익,2025.4Q,1035950.0,263417.0
KR0011,DB손해보험,,손해보험,2,생명장기 손익,2025.4Q,1204733.0,342084.0
KR0011,DB손해보험,,손해보험,3,생명장기 원수손익,2025.4Q,1225675.0,366309.0
KR0011,DB손해보험,,손해보험,4,원수 CSM상각,2025.4Q,1285078.0,306150.0
KR0011,DB손해보험,,손해보험,5,원수 위험조정 변동,2025.4Q,159140.0,41787.0
KR0011,DB손해보험,,손해보험,6,원수 예실차,2025.4Q,63219.0,49287.0
KR0011,DB손해보험,,손해보험,7,기타 생명장기 원수손익,2025.4Q,-281762.0,-30915.0
KR0011,DB손해보험,,손해보험,8,생명장기 재보험손익,2025.4Q,-20942.0,-24225.0
KR0011,DB손해보험,,손해보험,9,재보험 CSM상각,2025.4Q,1878.0,-21.0
KR0011,DB손해보험,,손해보험,10,재보험 위험조정 변동,2025.4Q,-4304.0,-1105.0
KR0011,DB손해보험,,손해보험,11,재보험 예실차,2025.4Q,-46952.0,18291.0
KR0011,DB손해보험,,손해보험,12,기타 생명장기 재보험손익,2025.4Q,28436.0,-41390.0
KR0011,DB손해보험,,손해보험,13,자동차손익,2025.4Q,-10309.0,-49897.0
KR0011,DB손해보험,,손해보험,14,일반손익,2025.4Q,45513.0,81139.0
KR0011,DB손해보험,,손해보험,15,기타영업수익,2025.4Q,0.0,0.0
KR0011,DB손해보험,,손해보험,16,기타사업비용,2025.4Q,203987.0,109909.0
KR0011,DB손해보험,,손해보험,17,투자손익,2025.4Q,1051830.0,162128.0
KR0011,DB손해보험,,손해보험,18,투자이익,2025.4Q,1707733.0,346553.0
KR0011,DB손해보험,,손해보험,19,보험금융손익,2025.4Q,-655903.0,-184425.0
KR0011,DB손해보험,,손해보험,20,영업이익,2025.4Q,2087780.0,425545.0
KR0011,DB손해보험,,손해보험,21,영업외손익,2025.4Q,20174.0,24955.0
KR0011,DB손해보험,,손해보험,22,세전이익,2025.4Q,2107954.0,450500.0
KR0011,DB손해보험,,손해보험,23,법인세,2025.4Q,573074.0,115529.0
KR0011,DB손해보험,,손해보험,24,당기순이익,2025.4Q,1534880.0,334971.0
KR0011,DB손해보험,,손해보험,1,보험손익,2026.1Q,226559.0,226559.0
KR0011,DB손해보험,,손해보험,2,생명장기 손익,2026.1Q,283518.0,283518.0
KR0011,DB손해보험,,손해보험,3,생명장기 원수손익,2026.1Q,279972.0,279972.0
KR0011,DB손해보험,,손해보험,4,원수 CSM상각,2026.1Q,321679.0,321679.0
KR0011,DB손해보험,,손해보험,5,원수 위험조정 변동,2026.1Q,44307.0,44307.0
KR0011,DB손해보험,,손해보험,6,원수 예실차,2026.1Q,-16707.0,-16707.0
KR0011,DB손해보험,,손해보험,7,기타 생명장기 원수손익,2026.1Q,-69307.0,-69307.0
KR0011,DB손해보험,,손해보험,8,생명장기 재보험손익,2026.1Q,3546.0,3546.0
KR0011,DB손해보험,,손해보험,9,재보험 CSM상각,2026.1Q,749.0,749.0
KR0011,DB손해보험,,손해보험,10,재보험 위험조정 변동,2026.1Q,-1027.0,-1027.0
KR0011,DB손해보험,,손해보험,11,재보험 예실차,2026.1Q,-17643.0,-17643.0
KR0011,DB손해보험,,손해보험,12,기타 생명장기 재보험손익,2026.1Q,21467.0,21467.0
KR0011,DB손해보험,,손해보험,13,자동차손익,2026.1Q,14140.0,14140.0
KR0011,DB손해보험,,손해보험,14,일반손익,2026.1Q,-44285.0,-44285.0
KR0011,DB손해보험,,손해보험,15,기타영업수익,2026.1Q,0.0,0.0
KR0011,DB손해보험,,손해보험,16,기타사업비용,2026.1Q,26814.0,26814.0
KR0011,DB손해보험,,손해보험,17,투자손익,2026.1Q,236141.0,236141.0
KR0011,DB손해보험,,손해보험,18,투자이익,2026.1Q,439306.0,439306.0
KR0011,DB손해보험,,손해보험,19,보험금융손익,2026.1Q,-203165.0,-203165.0
KR0011,DB손해보험,,손해보험,20,영업이익,2026.1Q,462700.0,462700.0
KR0011,DB손해보험,,손해보험,21,영업외손익,2026.1Q,-3150.0,-3150.0
KR0011,DB손해보험,,손해보험,22,세전이익,2026.1Q,459550.0,459550.0
KR0011,DB손해보험,,손해보험,23,법인세,2026.1Q,191046.0,191046.0
KR0011,DB손해보험,,손해보험,24,당기순이익,2026.1Q,268504.0,268504.0
KR0011,DB손해보험,,손해보험,1,보험손익,2026.2Q,788361.0,561802.0
KR0011,DB손해보험,,손해보험,2,생명장기 손익,2026.2Q,817554.0,534036.0
KR0011,DB손해보험,,손해보험,3,생명장기 원수손익,2026.2Q,825481.0,545509.0
KR0011,DB손해보험,,손해보험,4,원수 CSM상각,2026.2Q,636848.0,315169.0
KR0011,DB손해보험,,손해보험,5,원수 위험조정 변동,2026.2Q,91955.0,47648.0
KR0011,DB손해보험,,손해보험,6,원수 예실차,2026.2Q,-20914.0,-4207.0
KR0011,DB손해보험,,손해보험,7,기타 생명장기 원수손익,2026.2Q,117592.0,186899.0
KR0011,DB손해보험,,손해보험,8,생명장기 재보험손익,2026.2Q,-7927.0,-11473.0
KR0011,DB손해보험,,손해보험,9,재보험 CSM상각,2026.2Q,-986.0,-1735.0
KR0011,DB손해보험,,손해보험,10,재보험 위험조정 변동,2026.2Q,-2044.0,-1017.0
KR0011,DB손해보험,,손해보험,11,재보험 예실차,2026.2Q,-35273.0,-17630.0
KR0011,DB손해보험,,손해보험,12,기타 생명장기 재보험손익,2026.2Q,30376.0,8909.0
KR0011,DB손해보험,,손해보험,13,자동차손익,2026.2Q,27598.0,13458.0
KR0011,DB손해보험,,손해보험,14,일반손익,2026.2Q,5504.0,49789.0
KR0011,DB손해보험,,손해보험,15,기타영업수익,2026.2Q,0.0,0.0
KR0011,DB손해보험,,손해보험,16,기타사업비용,2026.2Q,62295.0,35481.0
KR0011,DB손해보험,,손해보험,17,투자손익,2026.2Q,638196.0,402055.0
KR0011,DB손해보험,,손해보험,18,투자이익,2026.2Q,1045495.0,606189.0
KR0011,DB손해보험,,손해보험,19,보험금융손익,2026.2Q,-407299.0,-204134.0
KR0011,DB손해보험,,손해보험,20,영업이익,2026.2Q,1426557.0,963857.0
KR0011,DB손해보험,,손해보험,21,영업외손익,2026.2Q,675.0,3825.0
KR0011,DB손해보험,,손해보험,22,세전이익,2026.2Q,1427232.0,967682.0
KR0011,DB손해보험,,손해보험,23,법인세,2026.2Q,447621.0,256575.0
KR0011,DB손해보험,,손해보험,24,당기순이익,2026.2Q,979611.0,711107.0
KR0029,AIG손해보험,,손해보험,1,보험손익,2023.4Q,93233.646695,
KR0029,AIG손해보험,,손해보험,2,생명장기 손익,2023.4Q,,
KR0029,AIG손해보험,,손해보험,3,생명장기 원수손익,2023.4Q,,
KR0029,AIG손해보험,,손해보험,4,원수 CSM상각,2023.4Q,22760.117,
KR0029,AIG손해보험,,손해보험,5,원수 위험조정 변동,2023.4Q,,
KR0029,AIG손해보험,,손해보험,6,원수 예실차,2023.4Q,,
KR0029,AIG손해보험,,손해보험,7,기타 생명장기 원수손익,2023.4Q,,
KR0029,AIG손해보험,,손해보험,8,생명장기 재보험손익,2023.4Q,,
KR0029,AIG손해보험,,손해보험,9,재보험 CSM상각,2023.4Q,-1784.857,
KR0029,AIG손해보험,,손해보험,10,재보험 위험조정 변동,2023.4Q,,
KR0029,AIG손해보험,,손해보험,11,재보험 예실차,2023.4Q,,
KR0029,AIG손해보험,,손해보험,12,기타 생명장기 재보험손익,2023.4Q,,
KR0029,AIG손해보험,,손해보험,13,자동차손익,2023.4Q,,
KR0029,AIG손해보험,,손해보험,14,일반손익,2023.4Q,,
KR0029,AIG손해보험,,손해보험,15,기타영업수익,2023.4Q,0.0,
KR0029,AIG손해보험,,손해보험,16,기타사업비용,2023.4Q,23278.474793,
KR0029,AIG손해보험,,손해보험,17,투자손익,2023.4Q,12457.215981,
KR0029,AIG손해보험,,손해보험,18,투자이익,2023.4Q,15066.30824,
KR0029,AIG손해보험,,손해보험,19,보험금융손익,2023.4Q,-2609.092259,
KR0029,AIG손해보험,,손해보험,20,영업이익,2023.4Q,105690.862676,
KR0029,AIG손해보험,,손해보험,21,영업외손익,2023.4Q,1615.838459,
KR0029,AIG손해보험,,손해보험,22,세전이익,2023.4Q,107306.701135,
KR0029,AIG손해보험,,손해보험,23,법인세,2023.4Q,29932.074249,
KR0029,AIG손해보험,,손해보험,24,당기순이익,2023.4Q,77374.626886,
KR0029,AIG손해보험,,손해보험,1,보험손익,2024.4Q,54251.566556,
KR0029,AIG손해보험,,손해보험,2,생명장기 손익,2024.4Q,,
KR0029,AIG손해보험,,손해보험,3,생명장기 원수손익,2024.4Q,,
KR0029,AIG손해보험,,손해보험,4,원수 CSM상각,2024.4Q,13944.082,
KR0029,AIG손해보험,,손해보험,5,원수 위험조정 변동,2024.4Q,,
KR0029,AIG손해보험,,손해보험,6,원수 예실차,2024.4Q,,
KR0029,AIG손해보험,,손해보험,7,기타 생명장기 원수손익,2024.4Q,,
KR0029,AIG손해보험,,손해보험,8,생명장기 재보험손익,2024.4Q,,
KR0029,AIG손해보험,,손해보험,9,재보험 CSM상각,2024.4Q,-2884.841,
KR0029,AIG손해보험,,손해보험,10,재보험 위험조정 변동,2024.4Q,,
KR0029,AIG손해보험,,손해보험,11,재보험 예실차,2024.4Q,,
KR0029,AIG손해보험,,손해보험,12,기타 생명장기 재보험손익,2024.4Q,,
KR0029,AIG손해보험,,손해보험,13,자동차손익,2024.4Q,,
KR0029,AIG손해보험,,손해보험,14,일반손익,2024.4Q,,
KR0029,AIG손해보험,,손해보험,15,기타영업수익,2024.4Q,0.0,
KR0029,AIG손해보험,,손해보험,16,기타사업비용,2024.4Q,18836.138297,
KR0029,AIG손해보험,,손해보험,17,투자손익,2024.4Q,21333.606466,
KR0029,AIG손해보험,,손해보험,18,투자이익,2024.4Q,26509.174312,
KR0029,AIG손해보험,,손해보험,19,보험금융손익,2024.4Q,-5175.567846,
KR0029,AIG손해보험,,손해보험,20,영업이익,2024.4Q,75585.173022,
KR0029,AIG손해보험,,손해보험,21,영업외손익,2024.4Q,-219.428783,
KR0029,AIG손해보험,,손해보험,22,세전이익,2024.4Q,75365.744239,
KR0029,AIG손해보험,,손해보험,23,법인세,2024.4Q,17613.093152,
KR0029,AIG손해보험,,손해보험,24,당기순이익,2024.4Q,57752.651087,
KR0029,AIG손해보험,,손해보험,1,보험손익,2025.4Q,39760.90519,
KR0029,AIG손해보험,,손해보험,2,생명장기 손익,2025.4Q,,
KR0029,AIG손해보험,,손해보험,3,생명장기 원수손익,2025.4Q,,
KR0029,AIG손해보험,,손해보험,4,원수 CSM상각,2025.4Q,12303.631,
KR0029,AIG손해보험,,손해보험,5,원수 위험조정 변동,2025.4Q,,
KR0029,AIG손해보험,,손해보험,6,원수 예실차,2025.4Q,,
KR0029,AIG손해보험,,손해보험,7,기타 생명장기 원수손익,2025.4Q,,
KR0029,AIG손해보험,,손해보험,8,생명장기 재보험손익,2025.4Q,,
KR0029,AIG손해보험,,손해보험,9,재보험 CSM상각,2025.4Q,-2013.871,
KR0029,AIG손해보험,,손해보험,10,재보험 위험조정 변동,2025.4Q,,
KR0029,AIG손해보험,,손해보험,11,재보험 예실차,2025.4Q,,
KR0029,AIG손해보험,,손해보험,12,기타 생명장기 재보험손익,2025.4Q,,
KR0029,AIG손해보험,,손해보험,13,자동차손익,2025.4Q,,
KR0029,AIG손해보험,,손해보험,14,일반손익,2025.4Q,,
KR0029,AIG손해보험,,손해보험,15,기타영업수익,2025.4Q,0.0,
KR0029,AIG손해보험,,손해보험,16,기타사업비용,2025.4Q,32987.424721,
KR0029,AIG손해보험,,손해보험,17,투자손익,2025.4Q,24735.134557,
KR0029,AIG손해보험,,손해보험,18,투자이익,2025.4Q,25314.845599,
KR0029,AIG손해보험,,손해보험,19,보험금융손익,2025.4Q,-579.711042,
KR0029,AIG손해보험,,손해보험,20,영업이익,2025.4Q,64496.039747,
KR0029,AIG손해보험,,손해보험,21,영업외손익,2025.4Q,174.343166,
KR0029,AIG손해보험,,손해보험,22,세전이익,2025.4Q,64670.382913,
KR0029,AIG손해보험,,손해보험,23,법인세,2025.4Q,14836.154834,
KR0029,AIG손해보험,,손해보험,24,당기순이익,2025.4Q,49834.228079,
KR0032,NH농협손해보험,,손해보험,1,보험손익,2023.2Q,,
KR0032,NH농협손해보험,,손해보험,2,생명장기 손익,2023.2Q,154049.0,
KR0032,NH농협손해보험,,손해보험,3,생명장기 원수손익,2023.2Q,-78056.0,
KR0032,NH농협손해보험,,손해보험,4,원수 CSM상각,2023.2Q,120225.0,
KR0032,NH농협손해보험,,손해보험,5,원수 위험조정 변동,2023.2Q,12290.0,
KR0032,NH농협손해보험,,손해보험,6,원수 예실차,2023.2Q,0.0,
KR0032,NH농협손해보험,,손해보험,7,기타 생명장기 원수손익,2023.2Q,-210571.0,
KR0032,NH농협손해보험,,손해보험,8,생명장기 재보험손익,2023.2Q,232105.0,
KR0032,NH농협손해보험,,손해보험,9,재보험 CSM상각,2023.2Q,-3654.0,
KR0032,NH농협손해보험,,손해보험,10,재보험 위험조정 변동,2023.2Q,-282.0,
KR0032,NH농협손해보험,,손해보험,11,재보험 예실차,2023.2Q,0.0,
KR0032,NH농협손해보험,,손해보험,12,기타 생명장기 재보험손익,2023.2Q,236041.0,
KR0032,NH농협손해보험,,손해보험,13,자동차손익,2023.2Q,,
KR0032,NH농협손해보험,,손해보험,14,일반손익,2023.2Q,,
KR0032,NH농협손해보험,,손해보험,15,기타영업수익,2023.2Q,,
KR0032,NH농협손해보험,,손해보험,16,기타사업비용,2023.2Q,,
KR0032,NH농협손해보험,,손해보험,17,투자손익,2023.2Q,,
KR0032,NH농협손해보험,,손해보험,18,투자이익,2023.2Q,,
KR0032,NH농협손해보험,,손해보험,19,보험금융손익,2023.2Q,,
KR0032,NH농협손해보험,,손해보험,20,영업이익,2023.2Q,,
KR0032,NH농협손해보험,,손해보험,21,영업외손익,2023.2Q,,
KR0032,NH농협손해보험,,손해보험,22,세전이익,2023.2Q,,
KR0032,NH농협손해보험,,손해보험,23,법인세,2023.2Q,,
KR0032,NH농협손해보험,,손해보험,24,당기순이익,2023.2Q,,
KR0032,NH농협손해보험,,손해보험,1,보험손익,2023.3Q,63966.11964,
KR0032,NH농협손해보험,,손해보험,2,생명장기 손익,2023.3Q,143706.0,-10343.0
KR0032,NH농협손해보험,,손해보험,3,생명장기 원수손익,2023.3Q,-96735.0,-18679.0
KR0032,NH농협손해보험,,손해보험,4,원수 CSM상각,2023.3Q,179878.0,59653.0
KR0032,NH농협손해보험,,손해보험,5,원수 위험조정 변동,2023.3Q,13205.0,915.0
KR0032,NH농협손해보험,,손해보험,6,원수 예실차,2023.3Q,0.0,0.0
KR0032,NH농협손해보험,,손해보험,7,기타 생명장기 원수손익,2023.3Q,-289818.0,-79247.0
KR0032,NH농협손해보험,,손해보험,8,생명장기 재보험손익,2023.3Q,240441.0,8336.0
KR0032,NH농협손해보험,,손해보험,9,재보험 CSM상각,2023.3Q,-6430.0,-2776.0
KR0032,NH농협손해보험,,손해보험,10,재보험 위험조정 변동,2023.3Q,-1494.0,-1212.0
KR0032,NH농협손해보험,,손해보험,11,재보험 예실차,2023.3Q,0.0,0.0
KR0032,NH농협손해보험,,손해보험,12,기타 생명장기 재보험손익,2023.3Q,248365.0,12324.0
KR0032,NH농협손해보험,,손해보험,13,자동차손익,2023.3Q,,
KR0032,NH농협손해보험,,손해보험,14,일반손익,2023.3Q,,
KR0032,NH농협손해보험,,손해보험,15,기타영업수익,2023.3Q,0.0,
KR0032,NH농협손해보험,,손해보험,16,기타사업비용,2023.3Q,79739.314294,
KR0032,NH농협손해보험,,손해보험,17,투자손익,2023.3Q,80685.467309,
KR0032,NH농협손해보험,,손해보험,18,투자이익,2023.3Q,257079.264315,
KR0032,NH농협손해보험,,손해보험,19,보험금융손익,2023.3Q,-176393.797006,
KR0032,NH농협손해보험,,손해보험,20,영업이익,2023.3Q,144651.586949,
KR0032,NH농협손해보험,,손해보험,21,영업외손익,2023.3Q,-18126.412726,
KR0032,NH농협손해보험,,손해보험,22,세전이익,2023.3Q,126525.174223,
KR0032,NH농협손해보험,,손해보험,23,법인세,2023.3Q,31486.717874,
KR0032,NH농협손해보험,,손해보험,24,당기순이익,2023.3Q,95038.456349,
KR0032,NH농협손해보험,,손해보험,1,보험손익,2023.4Q,117305.354631,53339.234991
KR0032,NH농협손해보험,,손해보험,2,생명장기 손익,2023.4Q,225680.0,81974.0
KR0032,NH농협손해보험,,손해보험,3,생명장기 원수손익,2023.4Q,153964.0,250699.0
KR0032,NH농협손해보험,,손해보험,4,원수 CSM상각,2023.4Q,239330.0,59452.0
KR0032,NH농협손해보험,,손해보험,5,원수 위험조정 변동,2023.4Q,15905.0,2700.0
KR0032,NH농협손해보험,,손해보험,6,원수 예실차,2023.4Q,0.0,0.0
KR0032,NH농협손해보험,,손해보험,7,기타 생명장기 원수손익,2023.4Q,-101271.0,188547.0
KR0032,NH농협손해보험,,손해보험,8,생명장기 재보험손익,2023.4Q,71716.0,-168725.0
KR0032,NH농협손해보험,,손해보험,9,재보험 CSM상각,2023.4Q,-7867.0,-1437.0
KR0032,NH농협손해보험,,손해보험,10,재보험 위험조정 변동,2023.4Q,-1554.0,-60.0
KR0032,NH농협손해보험,,손해보험,11,재보험 예실차,2023.4Q,0.0,0.0
KR0032,NH농협손해보험,,손해보험,12,기타 생명장기 재보험손익,2023.4Q,81137.0,-167228.0
KR0032,NH농협손해보험,,손해보험,13,자동차손익,2023.4Q,,
KR0032,NH농협손해보험,,손해보험,14,일반손익,2023.4Q,,
KR0032,NH농협손해보험,,손해보험,15,기타영업수익,2023.4Q,0.0,0.0
KR0032,NH농협손해보험,,손해보험,16,기타사업비용,2023.4Q,108374.546045,28635.231751
KR0032,NH농협손해보험,,손해보험,17,투자손익,2023.4Q,98273.181594,17587.714285
KR0032,NH농협손해보험,,손해보험,18,투자이익,2023.4Q,340241.925915,83162.6616
KR0032,NH농협손해보험,,손해보험,19,보험금융손익,2023.4Q,-241968.744321,-65574.947315
KR0032,NH농협손해보험,,손해보험,20,영업이익,2023.4Q,215578.536225,70926.949276
KR0032,NH농협손해보험,,손해보험,21,영업외손익,2023.4Q,-24289.709077,-6163.296351
KR0032,NH농협손해보험,,손해보험,22,세전이익,2023.4Q,191288.827148,64763.652925
KR0032,NH농협손해보험,,손해보험,23,법인세,2023.4Q,45944.089653,14457.371779
KR0032,NH농협손해보험,,손해보험,24,당기순이익,2023.4Q,145344.737495,50306.281146
KR0032,NH농협손해보험,,손해보험,1,보험손익,2024.1Q,61589.783908,61589.783908
KR0032,NH농협손해보험,,손해보험,2,생명장기 손익,2024.1Q,83054.0,83054.0
KR0032,NH농협손해보험,,손해보험,3,생명장기 원수손익,2024.1Q,127813.0,127813.0
KR0032,NH농협손해보험,,손해보험,4,원수 CSM상각,2024.1Q,65302.0,65302.0
KR0032,NH농협손해보험,,손해보험,5,원수 위험조정 변동,2024.1Q,2604.0,2604.0
KR0032,NH농협손해보험,,손해보험,6,원수 예실차,2024.1Q,0.0,0.0
KR0032,NH농협손해보험,,손해보험,7,기타 생명장기 원수손익,2024.1Q,59907.0,59907.0
KR0032,NH농협손해보험,,손해보험,8,생명장기 재보험손익,2024.1Q,-44759.0,-44759.0
KR0032,NH농협손해보험,,손해보험,9,재보험 CSM상각,2024.1Q,-441.0,-441.0
KR0032,NH농협손해보험,,손해보험,10,재보험 위험조정 변동,2024.1Q,-83.0,-83.0
KR0032,NH농협손해보험,,손해보험,11,재보험 예실차,2024.1Q,0.0,0.0
KR0032,NH농협손해보험,,손해보험,12,기타 생명장기 재보험손익,2024.1Q,-44235.0,-44235.0
KR0032,NH농협손해보험,,손해보험,13,자동차손익,2024.1Q,,
KR0032,NH농협손해보험,,손해보험,14,일반손익,2024.1Q,,
KR0032,NH농협손해보험,,손해보험,15,기타영업수익,2024.1Q,0.0,0.0
KR0032,NH농협손해보험,,손해보험,16,기타사업비용,2024.1Q,21464.973009,21464.973009
KR0032,NH농협손해보험,,손해보험,17,투자손익,2024.1Q,22440.106317,22440.106317
KR0032,NH농협손해보험,,손해보험,18,투자이익,2024.1Q,83100.53236,83100.53236
KR0032,NH농협손해보험,,손해보험,19,보험금융손익,2024.1Q,-60660.426043,-60660.426043
KR0032,NH농협손해보험,,손해보험,20,영업이익,2024.1Q,84029.890225,84029.890225
KR0032,NH농협손해보험,,손해보험,21,영업외손익,2024.1Q,-6343.821786,-6343.821786
KR0032,NH농협손해보험,,손해보험,22,세전이익,2024.1Q,77686.068439,77686.068439
KR0032,NH농협손해보험,,손해보험,23,법인세,2024.1Q,17897.066851,17897.066851
KR0032,NH농협손해보험,,손해보험,24,당기순이익,2024.1Q,59789.001588,59789.001588
KR0032,NH농협손해보험,,손해보험,1,보험손익,2024.2Q,122180.210192,60590.426284
KR0032,NH농협손해보험,,손해보험,2,생명장기 손익,2024.2Q,166440.0,83386.0
KR0032,NH농협손해보험,,손해보험,3,생명장기 원수손익,2024.2Q,145717.0,17904.0
KR0032,NH농협손해보험,,손해보험,4,원수 CSM상각,2024.2Q,128669.0,63367.0
KR0032,NH농협손해보험,,손해보험,5,원수 위험조정 변동,2024.2Q,4978.0,2374.0
KR0032,NH농협손해보험,,손해보험,6,원수 예실차,2024.2Q,0.0,0.0
KR0032,NH농협손해보험,,손해보험,7,기타 생명장기 원수손익,2024.2Q,12070.0,-47837.0
KR0032,NH농협손해보험,,손해보험,8,생명장기 재보험손익,2024.2Q,20723.0,65482.0
KR0032,NH농협손해보험,,손해보험,9,재보험 CSM상각,2024.2Q,-1509.0,-1068.0
KR0032,NH농협손해보험,,손해보험,10,재보험 위험조정 변동,2024.2Q,-154.0,-71.0
KR0032,NH농협손해보험,,손해보험,11,재보험 예실차,2024.2Q,0.0,0.0
KR0032,NH농협손해보험,,손해보험,12,기타 생명장기 재보험손익,2024.2Q,22386.0,66621.0
KR0032,NH농협손해보험,,손해보험,13,자동차손익,2024.2Q,,
KR0032,NH농협손해보험,,손해보험,14,일반손익,2024.2Q,,
KR0032,NH농협손해보험,,손해보험,15,기타영업수익,2024.2Q,0.0,0.0
KR0032,NH농협손해보험,,손해보험,16,기타사업비용,2024.2Q,44259.724849,22794.75184
KR0032,NH농협손해보험,,손해보험,17,투자손익,2024.2Q,52025.948782,29585.842465
KR0032,NH농협손해보험,,손해보험,18,투자이익,2024.2Q,176061.389359,92960.856999
KR0032,NH농협손해보험,,손해보험,19,보험금융손익,2024.2Q,-124035.440577,-63375.014534
KR0032,NH농협손해보험,,손해보험,20,영업이익,2024.2Q,174206.158974,90176.268749
KR0032,NH농협손해보험,,손해보험,21,영업외손익,2024.2Q,-13517.056777,-7173.234991
KR0032,NH농협손해보험,,손해보험,22,세전이익,2024.2Q,160689.102197,83003.033758
KR0032,NH농협손해보험,,손해보험,23,법인세,2024.2Q,40151.667769,22254.600918
KR0032,NH농협손해보험,,손해보험,24,당기순이익,2024.2Q,120537.434428,60748.43284
KR0032,NH농협손해보험,,손해보험,1,보험손익,2024.3Q,132019.124409,9838.914217
KR0032,NH농협손해보험,,손해보험,2,생명장기 손익,2024.3Q,200684.0,34244.0
KR0032,NH농협손해보험,,손해보험,3,생명장기 원수손익,2024.3Q,41905.0,-103812.0
KR0032,NH농협손해보험,,손해보험,4,원수 CSM상각,2024.3Q,192003.0,63334.0
KR0032,NH농협손해보험,,손해보험,5,원수 위험조정 변동,2024.3Q,7684.0,2706.0
KR0032,NH농협손해보험,,손해보험,6,원수 예실차,2024.3Q,0.0,0.0
KR0032,NH농협손해보험,,손해보험,7,기타 생명장기 원수손익,2024.3Q,-157782.0,-169852.0
KR0032,NH농협손해보험,,손해보험,8,생명장기 재보험손익,2024.3Q,158779.0,138056.0
KR0032,NH농협손해보험,,손해보험,9,재보험 CSM상각,2024.3Q,-2660.0,-1151.0
KR0032,NH농협손해보험,,손해보험,10,재보험 위험조정 변동,2024.3Q,-1060.0,-906.0
KR0032,NH농협손해보험,,손해보험,11,재보험 예실차,2024.3Q,0.0,0.0
KR0032,NH농협손해보험,,손해보험,12,기타 생명장기 재보험손익,2024.3Q,162499.0,140113.0
KR0032,NH농협손해보험,,손해보험,13,자동차손익,2024.3Q,,
KR0032,NH농협손해보험,,손해보험,14,일반손익,2024.3Q,,
KR0032,NH농협손해보험,,손해보험,15,기타영업수익,2024.3Q,0.0,0.0
KR0032,NH농협손해보험,,손해보험,16,기타사업비용,2024.3Q,68665.101744,24405.376895
KR0032,NH농협손해보험,,손해보험,17,투자손익,2024.3Q,90932.025639,38906.076857
KR0032,NH농협손해보험,,손해보험,18,투자이익,2024.3Q,276922.920897,100861.531538
KR0032,NH농협손해보험,,손해보험,19,보험금융손익,2024.3Q,-185990.895258,-61955.454681
KR0032,NH농협손해보험,,손해보험,20,영업이익,2024.3Q,222951.150048,48744.991074
KR0032,NH농협손해보험,,손해보험,21,영업외손익,2024.3Q,-20425.660739,-6908.603962
KR0032,NH농협손해보험,,손해보험,22,세전이익,2024.3Q,202525.489309,41836.387112
KR0032,NH농협손해보험,,손해보험,23,법인세,2024.3Q,50721.275074,10569.607305
KR0032,NH농협손해보험,,손해보험,24,당기순이익,2024.3Q,151804.214235,31266.779807
KR0032,NH농협손해보험,,손해보험,1,보험손익,2024.4Q,82923.568979,-49095.55543
KR0032,NH농협손해보험,,손해보험,2,생명장기 손익,2024.4Q,175332.0,-25352.0
KR0032,NH농협손해보험,,손해보험,3,생명장기 원수손익,2024.4Q,47350.0,5445.0
KR0032,NH농협손해보험,,손해보험,4,원수 CSM상각,2024.4Q,241906.0,49903.0
KR0032,NH농협손해보험,,손해보험,5,원수 위험조정 변동,2024.4Q,9287.0,1603.0
KR0032,NH농협손해보험,,손해보험,6,원수 예실차,2024.4Q,0.0,0.0
KR0032,NH농협손해보험,,손해보험,7,기타 생명장기 원수손익,2024.4Q,-203843.0,-46061.0
KR0032,NH농협손해보험,,손해보험,8,생명장기 재보험손익,2024.4Q,127982.0,-30797.0
KR0032,NH농협손해보험,,손해보험,9,재보험 CSM상각,2024.4Q,-1991.0,669.0
KR0032,NH농협손해보험,,손해보험,10,재보험 위험조정 변동,2024.4Q,-1622.0,-562.0
KR0032,NH농협손해보험,,손해보험,11,재보험 예실차,2024.4Q,0.0,0.0
KR0032,NH농협손해보험,,손해보험,12,기타 생명장기 재보험손익,2024.4Q,131595.0,-30904.0
KR0032,NH농협손해보험,,손해보험,13,자동차손익,2024.4Q,,
KR0032,NH농협손해보험,,손해보험,14,일반손익,2024.4Q,,
KR0032,NH농협손해보험,,손해보험,15,기타영업수익,2024.4Q,0.0,0.0
KR0032,NH농협손해보험,,손해보험,16,기타사업비용,2024.4Q,92407.557272,23742.455528
KR0032,NH농협손해보험,,손해보험,17,투자손익,2024.4Q,85487.301757,-5444.723882
KR0032,NH농협손해보험,,손해보험,18,투자이익,2024.4Q,358876.256615,81953.335718
KR0032,NH농협손해보험,,손해보험,19,보험금융손익,2024.4Q,-273388.954858,-87398.0596
KR0032,NH농협손해보험,,손해보험,20,영업이익,2024.4Q,168410.870736,-54540.279312
KR0032,NH농협손해보험,,손해보험,21,영업외손익,2024.4Q,-27512.694432,-7087.033693
KR0032,NH농협손해보험,,손해보험,22,세전이익,2024.4Q,140898.176304,-61627.313005
KR0032,NH농협손해보험,,손해보험,23,법인세,2024.4Q,37323.911675,-13397.363399
KR0032,NH농협손해보험,,손해보험,24,당기순이익,2024.4Q,103574.264629,-48229.949606
KR0032,NH농협손해보험,,손해보험,1,보험손익,2025.1Q,-1832.570219,-1832.570219
KR0032,NH농협손해보험,,손해보험,2,생명장기 손익,2025.1Q,18478.0,18478.0
KR0032,NH농협손해보험,,손해보험,3,생명장기 원수손익,2025.1Q,-60561.0,-60561.0
KR0032,NH농협손해보험,,손해보험,4,원수 CSM상각,2025.1Q,49093.0,49093.0
KR0032,NH농협손해보험,,손해보험,5,원수 위험조정 변동,2025.1Q,3022.0,3022.0
KR0032,NH농협손해보험,,손해보험,6,원수 예실차,2025.1Q,0.0,0.0
KR0032,NH농협손해보험,,손해보험,7,기타 생명장기 원수손익,2025.1Q,-112676.0,-112676.0
KR0032,NH농협손해보험,,손해보험,8,생명장기 재보험손익,2025.1Q,79039.0,79039.0
KR0032,NH농협손해보험,,손해보험,9,재보험 CSM상각,2025.1Q,-2970.0,-2970.0
KR0032,NH농협손해보험,,손해보험,10,재보험 위험조정 변동,2025.1Q,-571.0,-571.0
KR0032,NH농협손해보험,,손해보험,11,재보험 예실차,2025.1Q,0.0,0.0
KR0032,NH농협손해보험,,손해보험,12,기타 생명장기 재보험손익,2025.1Q,82580.0,82580.0
KR0032,NH농협손해보험,,손해보험,13,자동차손익,2025.1Q,,
KR0032,NH농협손해보험,,손해보험,14,일반손익,2025.1Q,,
KR0032,NH농협손해보험,,손해보험,15,기타영업수익,2025.1Q,0.0,0.0
KR0032,NH농협손해보험,,손해보험,16,기타사업비용,2025.1Q,20310.928526,20310.928526
KR0032,NH농협손해보험,,손해보험,17,투자손익,2025.1Q,33379.800541,33379.800541
KR0032,NH농협손해보험,,손해보험,18,투자이익,2025.1Q,92249.93327,92249.93327
KR0032,NH농협손해보험,,손해보험,19,보험금융손익,2025.1Q,-58870.132729,-58870.132729
KR0032,NH농협손해보험,,손해보험,20,영업이익,2025.1Q,31547.230322,31547.230322
KR0032,NH농협손해보험,,손해보험,21,영업외손익,2025.1Q,-7162.63084,-7162.63084
KR0032,NH농협손해보험,,손해보험,22,세전이익,2025.1Q,24384.599482,24384.599482
KR0032,NH농협손해보험,,손해보험,23,법인세,2025.1Q,3997.150119,3997.150119
KR0032,NH농협손해보험,,손해보험,24,당기순이익,2025.1Q,20387.449363,20387.449363
KR0032,NH농협손해보험,,손해보험,1,보험손익,2025.2Q,9456.581246,11289.151465
KR0032,NH농협손해보험,,손해보험,2,생명장기 손익,2025.2Q,53817.0,35339.0
KR0032,NH농협손해보험,,손해보험,3,생명장기 원수손익,2025.2Q,-569296.0,-508735.0
KR0032,NH농협손해보험,,손해보험,4,원수 CSM상각,2025.2Q,98846.0,49753.0
KR0032,NH농협손해보험,,손해보험,5,원수 위험조정 변동,2025.2Q,6163.0,3141.0
KR0032,NH농협손해보험,,손해보험,6,원수 예실차,2025.2Q,0.0,0.0
KR0032,NH농협손해보험,,손해보험,7,기타 생명장기 원수손익,2025.2Q,-674305.0,-561629.0
KR0032,NH농협손해보험,,손해보험,8,생명장기 재보험손익,2025.2Q,623113.0,544074.0
KR0032,NH농협손해보험,,손해보험,9,재보험 CSM상각,2025.2Q,-8471.0,-5501.0
KR0032,NH농협손해보험,,손해보험,10,재보험 위험조정 변동,2025.2Q,-1155.0,-584.0
KR0032,NH농협손해보험,,손해보험,11,재보험 예실차,2025.2Q,0.0,0.0
KR0032,NH농협손해보험,,손해보험,12,기타 생명장기 재보험손익,2025.2Q,632739.0,550159.0
KR0032,NH농협손해보험,,손해보험,13,자동차손익,2025.2Q,,
KR0032,NH농협손해보험,,손해보험,14,일반손익,2025.2Q,,
KR0032,NH농협손해보험,,손해보험,15,기타영업수익,2025.2Q,0.0,0.0
KR0032,NH농협손해보험,,손해보험,16,기타사업비용,2025.2Q,44360.231303,24049.302777
KR0032,NH농협손해보험,,손해보험,17,투자손익,2025.2Q,116394.332391,83014.53185
KR0032,NH농협손해보험,,손해보험,18,투자이익,2025.2Q,232885.521057,140635.587787
KR0032,NH농협손해보험,,손해보험,19,보험금융손익,2025.2Q,-116491.188666,-57621.055937
KR0032,NH농협손해보험,,손해보험,20,영업이익,2025.2Q,125850.913637,94303.683315
KR0032,NH농협손해보험,,손해보험,21,영업외손익,2025.2Q,-14969.206728,-7806.575888
KR0032,NH농협손해보험,,손해보험,22,세전이익,2025.2Q,110881.706909,86497.107427
KR0032,NH농협손해보험,,손해보험,23,법인세,2025.2Q,23382.727244,19385.577125
KR0032,NH농협손해보험,,손해보험,24,당기순이익,2025.2Q,87498.979665,67111.530302
KR0032,NH농협손해보험,,손해보험,1,보험손익,2025.3Q,32562.319751,23105.738505
KR0032,NH농협손해보험,,손해보험,2,생명장기 손익,2025.3Q,99664.0,45847.0
KR0032,NH농협손해보험,,손해보험,3,생명장기 원수손익,2025.3Q,-76120.0,493176.0
KR0032,NH농협손해보험,,손해보험,4,원수 CSM상각,2025.3Q,150362.0,51516.0
KR0032,NH농협손해보험,,손해보험,5,원수 위험조정 변동,2025.3Q,9580.0,3417.0
KR0032,NH농협손해보험,,손해보험,6,원수 예실차,2025.3Q,0.0,0.0
KR0032,NH농협손해보험,,손해보험,7,기타 생명장기 원수손익,2025.3Q,-236062.0,438243.0
KR0032,NH농협손해보험,,손해보험,8,생명장기 재보험손익,2025.3Q,175784.0,-447329.0
KR0032,NH농협손해보험,,손해보험,9,재보험 CSM상각,2025.3Q,-14210.0,-5739.0
KR0032,NH농협손해보험,,손해보험,10,재보험 위험조정 변동,2025.3Q,-1762.0,-607.0
KR0032,NH농협손해보험,,손해보험,11,재보험 예실차,2025.3Q,0.0,0.0
KR0032,NH농협손해보험,,손해보험,12,기타 생명장기 재보험손익,2025.3Q,191756.0,-440983.0
KR0032,NH농협손해보험,,손해보험,13,자동차손익,2025.3Q,,
KR0032,NH농협손해보험,,손해보험,14,일반손익,2025.3Q,,
KR0032,NH농협손해보험,,손해보험,15,기타영업수익,2025.3Q,0.0,0.0
KR0032,NH농협손해보험,,손해보험,16,기타사업비용,2025.3Q,67101.25239,22741.021087
KR0032,NH농협손해보험,,손해보험,17,투자손익,2025.3Q,143835.020361,27440.68797
KR0032,NH농협손해보험,,손해보험,18,투자이익,2025.3Q,323716.732183,90831.211126
KR0032,NH농협손해보험,,손해보험,19,보험금융손익,2025.3Q,-179881.711822,-63390.523156
KR0032,NH농협손해보험,,손해보험,20,영업이익,2025.3Q,176397.340112,50546.426475
KR0032,NH농협손해보험,,손해보험,21,영업외손익,2025.3Q,-22778.008947,-7808.802219
KR0032,NH농협손해보험,,손해보험,22,세전이익,2025.3Q,153619.331165,42737.624256
KR0032,NH농협손해보험,,손해보험,23,법인세,2025.3Q,31745.535191,8362.807947
KR0032,NH농협손해보험,,손해보험,24,당기순이익,2025.3Q,121873.795974,34374.816309
KR0032,NH농협손해보험,,손해보험,1,보험손익,2025.4Q,-2234.214343,-34796.534094
KR0032,NH농협손해보험,,손해보험,2,생명장기 손익,2025.4Q,87482.0,-12182.0
KR0032,NH농협손해보험,,손해보험,3,생명장기 원수손익,2025.4Q,-53672.0,22448.0
KR0032,NH농협손해보험,,손해보험,4,원수 CSM상각,2025.4Q,199550.0,49188.0
KR0032,NH농협손해보험,,손해보험,5,원수 위험조정 변동,2025.4Q,12955.0,3375.0
KR0032,NH농협손해보험,,손해보험,6,원수 예실차,2025.4Q,0.0,0.0
KR0032,NH농협손해보험,,손해보험,7,기타 생명장기 원수손익,2025.4Q,-266177.0,-30115.0
KR0032,NH농협손해보험,,손해보험,8,생명장기 재보험손익,2025.4Q,141154.0,-34630.0
KR0032,NH농협손해보험,,손해보험,9,재보험 CSM상각,2025.4Q,-20378.0,-6168.0
KR0032,NH농협손해보험,,손해보험,10,재보험 위험조정 변동,2025.4Q,-2333.0,-571.0
KR0032,NH농협손해보험,,손해보험,11,재보험 예실차,2025.4Q,0.0,0.0
KR0032,NH농협손해보험,,손해보험,12,기타 생명장기 재보험손익,2025.4Q,163865.0,-27891.0
KR0032,NH농협손해보험,,손해보험,13,자동차손익,2025.4Q,,
KR0032,NH농협손해보험,,손해보험,14,일반손익,2025.4Q,,
KR0032,NH농협손해보험,,손해보험,15,기타영업수익,2025.4Q,0.0,0.0
KR0032,NH농협손해보험,,손해보험,16,기타사업비용,2025.4Q,89715.212842,22613.960452
KR0032,NH농협손해보험,,손해보험,17,투자손익,2025.4Q,148803.131597,4968.111236
KR0032,NH농협손해보험,,손해보험,18,투자이익,2025.4Q,394487.394477,70770.662294
KR0032,NH농협손해보험,,손해보험,19,보험금융손익,2025.4Q,-245684.26288,-65802.551058
KR0032,NH농협손해보험,,손해보험,20,영업이익,2025.4Q,146568.917254,-29828.422858
KR0032,NH농협손해보험,,손해보험,21,영업외손익,2025.4Q,-30590.037464,-7812.028517
KR0032,NH농협손해보험,,손해보험,22,세전이익,2025.4Q,115978.87979,-37640.451375
KR0032,NH농협손해보험,,손해보험,23,법인세,2025.4Q,33584.106092,1838.570901
KR0032,NH농협손해보험,,손해보험,24,당기순이익,2025.4Q,82394.773698,-39479.022276
KR0032,NH농협손해보험,,손해보험,1,보험손익,2026.1Q,47051.701528,47051.701528
KR0032,NH농협손해보험,,손해보험,2,생명장기 손익,2026.1Q,66083.0,66083.0
KR0032,NH농협손해보험,,손해보험,3,생명장기 원수손익,2026.1Q,231929.0,231929.0
KR0032,NH농협손해보험,,손해보험,4,원수 CSM상각,2026.1Q,50752.0,50752.0
KR0032,NH농협손해보험,,손해보험,5,원수 위험조정 변동,2026.1Q,3351.0,3351.0
KR0032,NH농협손해보험,,손해보험,6,원수 예실차,2026.1Q,0.0,0.0
KR0032,NH농협손해보험,,손해보험,7,기타 생명장기 원수손익,2026.1Q,177826.0,177826.0
KR0032,NH농협손해보험,,손해보험,8,생명장기 재보험손익,2026.1Q,-165846.0,-165846.0
KR0032,NH농협손해보험,,손해보험,9,재보험 CSM상각,2026.1Q,-5804.0,-5804.0
KR0032,NH농협손해보험,,손해보험,10,재보험 위험조정 변동,2026.1Q,-445.0,-445.0
KR0032,NH농협손해보험,,손해보험,11,재보험 예실차,2026.1Q,0.0,0.0
KR0032,NH농협손해보험,,손해보험,12,기타 생명장기 재보험손익,2026.1Q,-159597.0,-159597.0
KR0032,NH농협손해보험,,손해보험,13,자동차손익,2026.1Q,,
KR0032,NH농협손해보험,,손해보험,14,일반손익,2026.1Q,,
KR0032,NH농협손해보험,,손해보험,15,기타영업수익,2026.1Q,0.0,0.0
KR0032,NH농협손해보험,,손해보험,16,기타사업비용,2026.1Q,19032.170905,19032.170905
KR0032,NH농협손해보험,,손해보험,17,투자손익,2026.1Q,10268.135184,10268.135184
KR0032,NH농협손해보험,,손해보험,18,투자이익,2026.1Q,82072.902022,82072.902022
KR0032,NH농협손해보험,,손해보험,19,보험금융손익,2026.1Q,-71804.766838,-71804.766838
KR0032,NH농협손해보험,,손해보험,20,영업이익,2026.1Q,57319.836712,57319.836712
KR0032,NH농협손해보험,,손해보험,21,영업외손익,2026.1Q,-6890.496061,-6890.496061
KR0032,NH농협손해보험,,손해보험,22,세전이익,2026.1Q,50429.340651,50429.340651
KR0032,NH농협손해보험,,손해보험,23,법인세,2026.1Q,10519.124338,10519.124338
KR0032,NH농협손해보험,,손해보험,24,당기순이익,2026.1Q,39910.216313,39910.216313
KR0032,NH농협손해보험,,손해보험,1,보험손익,2026.2Q,80512.26759,33460.566062
KR0032,NH농협손해보험,,손해보험,2,생명장기 손익,2026.2Q,133484.0,67401.0
KR0032,NH농협손해보험,,손해보험,3,생명장기 원수손익,2026.2Q,18370.0,-213559.0
KR0032,NH농협손해보험,,손해보험,4,원수 CSM상각,2026.2Q,101133.0,50381.0
KR0032,NH농협손해보험,,손해보험,5,원수 위험조정 변동,2026.2Q,7173.0,3822.0
KR0032,NH농협손해보험,,손해보험,6,원수 예실차,2026.2Q,0.0,0.0
KR0032,NH농협손해보험,,손해보험,7,기타 생명장기 원수손익,2026.2Q,-89936.0,-267762.0
KR0032,NH농협손해보험,,손해보험,8,생명장기 재보험손익,2026.2Q,115114.0,280960.0
KR0032,NH농협손해보험,,손해보험,9,재보험 CSM상각,2026.2Q,-11386.0,-5582.0
KR0032,NH농협손해보험,,손해보험,10,재보험 위험조정 변동,2026.2Q,-1077.0,-632.0
KR0032,NH농협손해보험,,손해보험,11,재보험 예실차,2026.2Q,0.0,0.0
KR0032,NH농협손해보험,,손해보험,12,기타 생명장기 재보험손익,2026.2Q,127577.0,287174.0
KR0032,NH농협손해보험,,손해보험,13,자동차손익,2026.2Q,,
KR0032,NH농협손해보험,,손해보험,14,일반손익,2026.2Q,,
KR0032,NH농협손해보험,,손해보험,15,기타영업수익,2026.2Q,0.0,0.0
KR0032,NH농협손해보험,,손해보험,16,기타사업비용,2026.2Q,52972.453765,33940.28286
KR0032,NH농협손해보험,,손해보험,17,투자손익,2026.2Q,25541.880264,15273.74508
KR0032,NH농협손해보험,,손해보험,18,투자이익,2026.2Q,172310.102306,90237.200284
KR0032,NH농협손해보험,,손해보험,19,보험금융손익,2026.2Q,-146768.222042,-74963.455204
KR0032,NH농협손해보험,,손해보험,20,영업이익,2026.2Q,106054.147854,48734.311142
KR0032,NH농협손해보험,,손해보험,21,영업외손익,2026.2Q,-14497.606999,-7607.110938
KR0032,NH농협손해보험,,손해보험,22,세전이익,2026.2Q,91556.540855,41127.200204
KR0032,NH농협손해보험,,손해보험,23,법인세,2026.2Q,19890.458612,9371.334274
KR0032,NH농협손해보험,,손해보험,24,당기순이익,2026.2Q,71666.082243,31755.86593
KR0049,악사손해보험,,손해보험,1,보험손익,2023.4Q,5842.899358,
KR0049,악사손해보험,,손해보험,2,생명장기 손익,2023.4Q,-3108.397,
KR0049,악사손해보험,,손해보험,3,생명장기 원수손익,2023.4Q,29.072,
KR0049,악사손해보험,,손해보험,4,원수 CSM상각,2023.4Q,22272.512,
KR0049,악사손해보험,,손해보험,5,원수 위험조정 변동,2023.4Q,5811.234,
KR0049,악사손해보험,,손해보험,6,원수 예실차,2023.4Q,-14846.912,
KR0049,악사손해보험,,손해보험,7,기타 생명장기 원수손익,2023.4Q,-13207.762,
KR0049,악사손해보험,,손해보험,8,생명장기 재보험손익,2023.4Q,-3137.469,
KR0049,악사손해보험,,손해보험,9,재보험 CSM상각,2023.4Q,-4942.652,
KR0049,악사손해보험,,손해보험,10,재보험 위험조정 변동,2023.4Q,-123.165,
KR0049,악사손해보험,,손해보험,11,재보험 예실차,2023.4Q,2246.259,
KR0049,악사손해보험,,손해보험,12,기타 생명장기 재보험손익,2023.4Q,-317.911,
KR0049,악사손해보험,,손해보험,13,자동차손익,2023.4Q,8254.396,
KR0049,악사손해보험,,손해보험,14,일반손익,2023.4Q,6811.787,
KR0049,악사손해보험,,손해보험,15,기타영업수익,2023.4Q,0.0,
KR0049,악사손해보험,,손해보험,16,기타사업비용,2023.4Q,6114.887984,
KR0049,악사손해보험,,손해보험,17,투자손익,2023.4Q,17658.841123,
KR0049,악사손해보험,,손해보험,18,투자이익,2023.4Q,16569.407801,
KR0049,악사손해보험,,손해보험,19,보험금융손익,2023.4Q,1089.433322,
KR0049,악사손해보험,,손해보험,20,영업이익,2023.4Q,23501.740481,
KR0049,악사손해보험,,손해보험,21,영업외손익,2023.4Q,-76.108359,
KR0049,악사손해보험,,손해보험,22,세전이익,2023.4Q,23425.632122,
KR0049,악사손해보험,,손해보험,23,법인세,2023.4Q,6017.545563,
KR0049,악사손해보험,,손해보험,24,당기순이익,2023.4Q,17408.086559,
KR0049,악사손해보험,,손해보험,1,보험손익,2024.4Q,-17640.378917,
KR0049,악사손해보험,,손해보험,2,생명장기 손익,2024.4Q,-7177.528,
KR0049,악사손해보험,,손해보험,3,생명장기 원수손익,2024.4Q,-1018.81,
KR0049,악사손해보험,,손해보험,4,원수 CSM상각,2024.4Q,26340.86,
KR0049,악사손해보험,,손해보험,5,원수 위험조정 변동,2024.4Q,7132.604,
KR0049,악사손해보험,,손해보험,6,원수 예실차,2024.4Q,-14026.657,
KR0049,악사손해보험,,손해보험,7,기타 생명장기 원수손익,2024.4Q,-20465.617,
KR0049,악사손해보험,,손해보험,8,생명장기 재보험손익,2024.4Q,-6158.718,
KR0049,악사손해보험,,손해보험,9,재보험 CSM상각,2024.4Q,-2815.561,
KR0049,악사손해보험,,손해보험,10,재보험 위험조정 변동,2024.4Q,-36.052,
KR0049,악사손해보험,,손해보험,11,재보험 예실차,2024.4Q,-1006.631,
KR0049,악사손해보험,,손해보험,12,기타 생명장기 재보험손익,2024.4Q,-2300.474,
KR0049,악사손해보험,,손해보험,13,자동차손익,2024.4Q,-3501.412,
KR0049,악사손해보험,,손해보험,14,일반손익,2024.4Q,3600.483,
KR0049,악사손해보험,,손해보험,15,기타영업수익,2024.4Q,0.0,
KR0049,악사손해보험,,손해보험,16,기타사업비용,2024.4Q,10561.921776,
KR0049,악사손해보험,,손해보험,17,투자손익,2024.4Q,18478.578833,
KR0049,악사손해보험,,손해보험,18,투자이익,2024.4Q,16538.874244,
KR0049,악사손해보험,,손해보험,19,보험금융손익,2024.4Q,1939.704589,
KR0049,악사손해보험,,손해보험,20,영업이익,2024.4Q,838.199916,
KR0049,악사손해보험,,손해보험,21,영업외손익,2024.4Q,4.629526,
KR0049,악사손해보험,,손해보험,22,세전이익,2024.4Q,842.829442,
KR0049,악사손해보험,,손해보험,23,법인세,2024.4Q,-1101.878464,
KR0049,악사손해보험,,손해보험,24,당기순이익,2024.4Q,1944.707906,
KR0049,악사손해보험,,손해보험,1,보험손익,2025.4Q,-58315.186466,
KR0049,악사손해보험,,손해보험,2,생명장기 손익,2025.4Q,-11817.218,
KR0049,악사손해보험,,손해보험,3,생명장기 원수손익,2025.4Q,-8524.131,
KR0049,악사손해보험,,손해보험,4,원수 CSM상각,2025.4Q,21907.841,
KR0049,악사손해보험,,손해보험,5,원수 위험조정 변동,2025.4Q,9993.686,
KR0049,악사손해보험,,손해보험,6,원수 예실차,2025.4Q,-6970.198,
KR0049,악사손해보험,,손해보험,7,기타 생명장기 원수손익,2025.4Q,-33455.46,
KR0049,악사손해보험,,손해보험,8,생명장기 재보험손익,2025.4Q,-3293.087,
KR0049,악사손해보험,,손해보험,9,재보험 CSM상각,2025.4Q,-3180.533,
KR0049,악사손해보험,,손해보험,10,재보험 위험조정 변동,2025.4Q,-122.812,
KR0049,악사손해보험,,손해보험,11,재보험 예실차,2025.4Q,1308.862,
KR0049,악사손해보험,,손해보험,12,기타 생명장기 재보험손익,2025.4Q,-1298.604,
KR0049,악사손해보험,,손해보험,13,자동차손익,2025.4Q,-41419.913,
KR0049,악사손해보험,,손해보험,14,일반손익,2025.4Q,-3692.78,
KR0049,악사손해보험,,손해보험,15,기타영업수익,2025.4Q,0.0,
KR0049,악사손해보험,,손해보험,16,기타사업비용,2025.4Q,1385.274817,
KR0049,악사손해보험,,손해보험,17,투자손익,2025.4Q,18328.228796,
KR0049,악사손해보험,,손해보험,18,투자이익,2025.4Q,15933.332388,
KR0049,악사손해보험,,손해보험,19,보험금융손익,2025.4Q,2394.896408,
KR0049,악사손해보험,,손해보험,20,영업이익,2025.4Q,-39986.95767,
KR0049,악사손해보험,,손해보험,21,영업외손익,2025.4Q,-1279.796961,
KR0049,악사손해보험,,손해보험,22,세전이익,2025.4Q,-41266.754631,
KR0049,악사손해보험,,손해보험,23,법인세,2025.4Q,-7482.9283,
KR0049,악사손해보험,,손해보험,24,당기순이익,2025.4Q,-33783.826331,
KR0051,신한이지손해보험,,손해보험,1,보험손익,2023.4Q,-12630.351404,
KR0051,신한이지손해보험,,손해보험,2,생명장기 손익,2023.4Q,,
KR0051,신한이지손해보험,,손해보험,3,생명장기 원수손익,2023.4Q,,
KR0051,신한이지손해보험,,손해보험,4,원수 CSM상각,2023.4Q,,
KR0051,신한이지손해보험,,손해보험,5,원수 위험조정 변동,2023.4Q,,
KR0051,신한이지손해보험,,손해보험,6,원수 예실차,2023.4Q,,
KR0051,신한이지손해보험,,손해보험,7,기타 생명장기 원수손익,2023.4Q,,
KR0051,신한이지손해보험,,손해보험,8,생명장기 재보험손익,2023.4Q,,
KR0051,신한이지손해보험,,손해보험,9,재보험 CSM상각,2023.4Q,,
KR0051,신한이지손해보험,,손해보험,10,재보험 위험조정 변동,2023.4Q,,
KR0051,신한이지손해보험,,손해보험,11,재보험 예실차,2023.4Q,,
KR0051,신한이지손해보험,,손해보험,12,기타 생명장기 재보험손익,2023.4Q,,
KR0051,신한이지손해보험,,손해보험,13,자동차손익,2023.4Q,,
KR0051,신한이지손해보험,,손해보험,14,일반손익,2023.4Q,,
KR0051,신한이지손해보험,,손해보험,15,기타영업수익,2023.4Q,0.0,
KR0051,신한이지손해보험,,손해보험,16,기타사업비용,2023.4Q,1322.617884,
KR0051,신한이지손해보험,,손해보험,17,투자손익,2023.4Q,5121.628516,
KR0051,신한이지손해보험,,손해보험,18,투자이익,2023.4Q,6638.396004,
KR0051,신한이지손해보험,,손해보험,19,보험금융손익,2023.4Q,-1516.767488,
KR0051,신한이지손해보험,,손해보험,20,영업이익,2023.4Q,-7508.722888,
KR0051,신한이지손해보험,,손해보험,21,영업외손익,2023.4Q,-9.966444,
KR0051,신한이지손해보험,,손해보험,22,세전이익,2023.4Q,-7518.689332,
KR0051,신한이지손해보험,,손해보험,23,법인세,2023.4Q,259.458411,
KR0051,신한이지손해보험,,손해보험,24,당기순이익,2023.4Q,-7778.147743,
KR0051,신한이지손해보험,,손해보험,1,보험손익,2024.4Q,-15133.931784,
KR0051,신한이지손해보험,,손해보험,2,생명장기 손익,2024.4Q,,
KR0051,신한이지손해보험,,손해보험,3,생명장기 원수손익,2024.4Q,,
KR0051,신한이지손해보험,,손해보험,4,원수 CSM상각,2024.4Q,,
KR0051,신한이지손해보험,,손해보험,5,원수 위험조정 변동,2024.4Q,,
KR0051,신한이지손해보험,,손해보험,6,원수 예실차,2024.4Q,,
KR0051,신한이지손해보험,,손해보험,7,기타 생명장기 원수손익,2024.4Q,,
KR0051,신한이지손해보험,,손해보험,8,생명장기 재보험손익,2024.4Q,,
KR0051,신한이지손해보험,,손해보험,9,재보험 CSM상각,2024.4Q,,
KR0051,신한이지손해보험,,손해보험,10,재보험 위험조정 변동,2024.4Q,,
KR0051,신한이지손해보험,,손해보험,11,재보험 예실차,2024.4Q,,
KR0051,신한이지손해보험,,손해보험,12,기타 생명장기 재보험손익,2024.4Q,,
KR0051,신한이지손해보험,,손해보험,13,자동차손익,2024.4Q,,
KR0051,신한이지손해보험,,손해보험,14,일반손익,2024.4Q,,
KR0051,신한이지손해보험,,손해보험,15,기타영업수익,2024.4Q,0.0,
KR0051,신한이지손해보험,,손해보험,16,기타사업비용,2024.4Q,1654.120238,
KR0051,신한이지손해보험,,손해보험,17,투자손익,2024.4Q,-2236.208324,
KR0051,신한이지손해보험,,손해보험,18,투자이익,2024.4Q,92.54012,
KR0051,신한이지손해보험,,손해보험,19,보험금융손익,2024.4Q,-2328.748444,
KR0051,신한이지손해보험,,손해보험,20,영업이익,2024.4Q,-17370.140108,
KR0051,신한이지손해보험,,손해보험,21,영업외손익,2024.4Q,-33.188315,
KR0051,신한이지손해보험,,손해보험,22,세전이익,2024.4Q,-17403.328423,
KR0051,신한이지손해보험,,손해보험,23,법인세,2024.4Q,0.0,
KR0051,신한이지손해보험,,손해보험,24,당기순이익,2024.4Q,-17403.328423,
KR0051,신한이지손해보험,,손해보험,1,보험손익,2025.4Q,-28334.721488,
KR0051,신한이지손해보험,,손해보험,2,생명장기 손익,2025.4Q,-3392.223000000001,
KR0051,신한이지손해보험,,손해보험,3,생명장기 원수손익,2025.4Q,-3849.5700000000006,
KR0051,신한이지손해보험,,손해보험,4,원수 CSM상각,2025.4Q,64.451,
KR0051,신한이지손해보험,,손해보험,5,원수 위험조정 변동,2025.4Q,131.196,
KR0051,신한이지손해보험,,손해보험,6,원수 예실차,2025.4Q,-2523.906,
KR0051,신한이지손해보험,,손해보험,7,기타 생명장기 원수손익,2025.4Q,-1521.3110000000006,
KR0051,신한이지손해보험,,손해보험,8,생명장기 재보험손익,2025.4Q,457.347,
KR0051,신한이지손해보험,,손해보험,9,재보험 CSM상각,2025.4Q,-58.458,
KR0051,신한이지손해보험,,손해보험,10,재보험 위험조정 변동,2025.4Q,-17.198,
KR0051,신한이지손해보험,,손해보험,11,재보험 예실차,2025.4Q,167.88500000000002,
KR0051,신한이지손해보험,,손해보험,12,기타 생명장기 재보험손익,2025.4Q,365.11799999999994,
KR0051,신한이지손해보험,,손해보험,13,자동차손익,2025.4Q,,
KR0051,신한이지손해보험,,손해보험,14,일반손익,2025.4Q,-23606.809,
KR0051,신한이지손해보험,,손해보험,15,기타영업수익,2025.4Q,0.0,
KR0051,신한이지손해보험,,손해보험,16,기타사업비용,2025.4Q,1335.690405,
KR0051,신한이지손해보험,,손해보험,17,투자손익,2025.4Q,-3890.709458,
KR0051,신한이지손해보험,,손해보험,18,투자이익,2025.4Q,-1603.902737,
KR0051,신한이지손해보험,,손해보험,19,보험금융손익,2025.4Q,-2286.806721,
KR0051,신한이지손해보험,,손해보험,20,영업이익,2025.4Q,-32225.430946,
KR0051,신한이지손해보험,,손해보험,21,영업외손익,2025.4Q,-83.990182,
KR0051,신한이지손해보험,,손해보험,22,세전이익,2025.4Q,-32309.421128,
KR0051,신한이지손해보험,,손해보험,23,법인세,2025.4Q,-0.0,
KR0051,신한이지손해보험,,손해보험,24,당기순이익,2025.4Q,-32309.421128,
KR0068,한화생명,,생명보험,1,보험손익,2023.1Q,152373.037962,152373.037962
KR0068,한화생명,,생명보험,2,생명장기 손익,2023.1Q,,
KR0068,한화생명,,생명보험,3,생명장기 원수손익,2023.1Q,,
KR0068,한화생명,,생명보험,4,원수 CSM상각,2023.1Q,214221.0,214221.0
KR0068,한화생명,,생명보험,5,원수 위험조정 변동,2023.1Q,33614.0,33614.0
KR0068,한화생명,,생명보험,6,원수 예실차,2023.1Q,-60739.0,-60739.0
KR0068,한화생명,,생명보험,7,기타 생명장기 원수손익,2023.1Q,,
KR0068,한화생명,,생명보험,8,생명장기 재보험손익,2023.1Q,4542.534697,4542.534697
KR0068,한화생명,,생명보험,9,재보험 CSM상각,2023.1Q,-2497.0,-2497.0
KR0068,한화생명,,생명보험,10,재보험 위험조정 변동,2023.1Q,-165.0,-165.0
KR0068,한화생명,,생명보험,11,재보험 예실차,2023.1Q,14347.0,14347.0
KR0068,한화생명,,생명보험,12,기타 생명장기 재보험손익,2023.1Q,-7142.465303,-7142.465303
KR0068,한화생명,,생명보험,13,자동차손익,2023.1Q,0.0,0.0
KR0068,한화생명,,생명보험,14,일반손익,2023.1Q,0.0,0.0
KR0068,한화생명,,생명보험,15,기타영업수익,2023.1Q,0.0,0.0
KR0068,한화생명,,생명보험,16,기타사업비용,2023.1Q,42346.213273,42346.213273
KR0068,한화생명,,생명보험,17,투자손익,2023.1Q,,
KR0068,한화생명,,생명보험,18,투자이익,2023.1Q,,
KR0068,한화생명,,생명보험,19,보험금융손익,2023.1Q,,
KR0068,한화생명,,생명보험,20,영업이익,2023.1Q,375708.317423,375708.317423
KR0068,한화생명,,생명보험,21,영업외손익,2023.1Q,90612.957212,90612.957212
KR0068,한화생명,,생명보험,22,세전이익,2023.1Q,466321.274635,466321.274635
KR0068,한화생명,,생명보험,23,법인세,2023.1Q,109395.521718,109395.521718
KR0068,한화생명,,생명보험,24,당기순이익,2023.1Q,356925.752917,356925.752917
KR0068,한화생명,,생명보험,1,보험손익,2023.2Q,396755.963459,244382.925497
KR0068,한화생명,,생명보험,2,생명장기 손익,2023.2Q,,
KR0068,한화생명,,생명보험,3,생명장기 원수손익,2023.2Q,,
KR0068,한화생명,,생명보험,4,원수 CSM상각,2023.2Q,463541.0,249320.0
KR0068,한화생명,,생명보험,5,원수 위험조정 변동,2023.2Q,63986.0,30372.0
KR0068,한화생명,,생명보험,6,원수 예실차,2023.2Q,-28753.0,31986.0
KR0068,한화생명,,생명보험,7,기타 생명장기 원수손익,2023.2Q,,
KR0068,한화생명,,생명보험,8,생명장기 재보험손익,2023.2Q,-1752.30905,-6294.843747
KR0068,한화생명,,생명보험,9,재보험 CSM상각,2023.2Q,-6239.0,-3742.0
KR0068,한화생명,,생명보험,10,재보험 위험조정 변동,2023.2Q,-343.0,-178.0
KR0068,한화생명,,생명보험,11,재보험 예실차,2023.2Q,23426.0,9079.0
KR0068,한화생명,,생명보험,12,기타 생명장기 재보험손익,2023.2Q,-18596.30905,-11453.843747
KR0068,한화생명,,생명보험,13,자동차손익,2023.2Q,0.0,0.0
KR0068,한화생명,,생명보험,14,일반손익,2023.2Q,0.0,0.0
KR0068,한화생명,,생명보험,15,기타영업수익,2023.2Q,0.0,0.0
KR0068,한화생명,,생명보험,16,기타사업비용,2023.2Q,89863.68684,47517.473567
KR0068,한화생명,,생명보험,17,투자손익,2023.2Q,,
KR0068,한화생명,,생명보험,18,투자이익,2023.2Q,,
KR0068,한화생명,,생명보험,19,보험금융손익,2023.2Q,,
KR0068,한화생명,,생명보험,20,영업이익,2023.2Q,435963.494406,60255.176983
KR0068,한화생명,,생명보험,21,영업외손익,2023.2Q,98854.352757,8241.395545
KR0068,한화생명,,생명보험,22,세전이익,2023.2Q,625430.804375,159109.52974
KR0068,한화생명,,생명보험,23,법인세,2023.2Q,112101.332865,2705.811147
KR0068,한화생명,,생명보험,24,당기순이익,2023.2Q,513329.47151,156403.718593
KR0068,한화생명,,생명보험,1,보험손익,2023.3Q,564538.758432,167782.794973
KR0068,한화생명,,생명보험,2,생명장기 손익,2023.3Q,675462.306591,
KR0068,한화생명,,생명보험,3,생명장기 원수손익,2023.3Q,680302.127921,
KR0068,한화생명,,생명보험,4,원수 CSM상각,2023.3Q,668342.0,204801.0
KR0068,한화생명,,생명보험,5,원수 위험조정 변동,2023.3Q,92337.0,28351.0
KR0068,한화생명,,생명보험,6,원수 예실차,2023.3Q,-20395.0,8358.0
KR0068,한화생명,,생명보험,7,기타 생명장기 원수손익,2023.3Q,-59981.872079,
KR0068,한화생명,,생명보험,8,생명장기 재보험손익,2023.3Q,-4839.82133,-3087.51228
KR0068,한화생명,,생명보험,9,재보험 CSM상각,2023.3Q,-15116.0,-8877.0
KR0068,한화생명,,생명보험,10,재보험 위험조정 변동,2023.3Q,-616.0,-273.0
KR0068,한화생명,,생명보험,11,재보험 예실차,2023.3Q,29734.0,6308.0
KR0068,한화생명,,생명보험,12,기타 생명장기 재보험손익,2023.3Q,-18841.82133,-245.51228
KR0068,한화생명,,생명보험,13,자동차손익,2023.3Q,0.0,0.0
KR0068,한화생명,,생명보험,14,일반손익,2023.3Q,0.0,0.0
KR0068,한화생명,,생명보험,15,기타영업수익,2023.3Q,0.0,0.0
KR0068,한화생명,,생명보험,16,기타사업비용,2023.3Q,110923.548159,21059.861319
KR0068,한화생명,,생명보험,17,투자손익,2023.3Q,96692.340461,
KR0068,한화생명,,생명보험,18,투자이익,2023.3Q,2615182.862761,
KR0068,한화생명,,생명보험,19,보험금융손익,2023.3Q,-2518490.5223,
KR0068,한화생명,,생명보험,20,영업이익,2023.3Q,661231.098893,225267.604487
KR0068,한화생명,,생명보험,21,영업외손익,2023.3Q,9667.178861,-89187.173896
KR0068,한화생명,,생명보험,22,세전이익,2023.3Q,670898.277754,45467.473379
KR0068,한화생명,,생명보험,23,법인세,2023.3Q,93005.688345,-19095.64452
KR0068,한화생명,,생명보험,24,당기순이익,2023.3Q,577892.589409,64563.117899
KR0068,한화생명,,생명보험,1,보험손익,2023.4Q,650941.140139,86402.381707
KR0068,한화생명,,생명보험,2,생명장기 손익,2023.4Q,796649.948637,121187.642046
KR0068,한화생명,,생명보험,3,생명장기 원수손익,2023.4Q,794412.573095,114110.445174
KR0068,한화생명,,생명보험,4,원수 CSM상각,2023.4Q,887710.0,219368.0
KR0068,한화생명,,생명보험,5,원수 위험조정 변동,2023.4Q,117663.0,25326.0
KR0068,한화생명,,생명보험,6,원수 예실차,2023.4Q,-39299.0,-18904.0
KR0068,한화생명,,생명보험,7,기타 생명장기 원수손익,2023.4Q,-171661.426905,-111679.554826
KR0068,한화생명,,생명보험,8,생명장기 재보험손익,2023.4Q,2237.375542,7077.196872
KR0068,한화생명,,생명보험,9,재보험 CSM상각,2023.4Q,-4755.0,10361.0
KR0068,한화생명,,생명보험,10,재보험 위험조정 변동,2023.4Q,-785.0,-169.0
KR0068,한화생명,,생명보험,11,재보험 예실차,2023.4Q,34761.0,5027.0
KR0068,한화생명,,생명보험,12,기타 생명장기 재보험손익,2023.4Q,-26983.624458,-8141.803128
KR0068,한화생명,,생명보험,13,자동차손익,2023.4Q,0.0,0.0
KR0068,한화생명,,생명보험,14,일반손익,2023.4Q,0.0,0.0
KR0068,한화생명,,생명보험,15,기타영업수익,2023.4Q,0.0,0.0
KR0068,한화생명,,생명보험,16,기타사업비용,2023.4Q,145708.808498,34785.260339
KR0068,한화생명,,생명보험,17,투자손익,2023.4Q,15143.933153,-81548.407308
KR0068,한화생명,,생명보험,18,투자이익,2023.4Q,4341227.194052,1726044.331291
KR0068,한화생명,,생명보험,19,보험금융손익,2023.4Q,-4326083.260899,-1807592.738599
KR0068,한화생명,,생명보험,20,영업이익,2023.4Q,666085.073292,4853.974399
KR0068,한화생명,,생명보험,21,영업외손익,2023.4Q,87352.291101,77685.11224
KR0068,한화생명,,생명보험,22,세전이익,2023.4Q,753437.364393,82539.086639
KR0068,한화생명,,생명보험,23,법인세,2023.4Q,137175.796419,44170.108074
KR0068,한화생명,,생명보험,24,당기순이익,2023.4Q,616261.567974,38368.978565
KR0068,한화생명,,생명보험,1,보험손익,2024.1Q,90827.829814,90827.829814
KR0068,한화생명,,생명보험,2,생명장기 손익,2024.1Q,137728.066019,137728.066019
KR0068,한화생명,,생명보험,3,생명장기 원수손익,2024.1Q,132630.966827,132630.966827
KR0068,한화생명,,생명보험,4,원수 CSM상각,2024.1Q,220304.0,220304.0
KR0068,한화생명,,생명보험,5,원수 위험조정 변동,2024.1Q,27971.0,27971.0
KR0068,한화생명,,생명보험,6,원수 예실차,2024.1Q,-17431.0,-17431.0
KR0068,한화생명,,생명보험,7,기타 생명장기 원수손익,2024.1Q,-98213.033173,-98213.033173
KR0068,한화생명,,생명보험,8,생명장기 재보험손익,2024.1Q,5097.099192,5097.099192
KR0068,한화생명,,생명보험,9,재보험 CSM상각,2024.1Q,-5274.0,-5274.0
KR0068,한화생명,,생명보험,10,재보험 위험조정 변동,2024.1Q,-227.0,-227.0
KR0068,한화생명,,생명보험,11,재보험 예실차,2024.1Q,16009.0,16009.0
KR0068,한화생명,,생명보험,12,기타 생명장기 재보험손익,2024.1Q,-5410.900808,-5410.900808
KR0068,한화생명,,생명보험,13,자동차손익,2024.1Q,0.0,0.0
KR0068,한화생명,,생명보험,14,일반손익,2024.1Q,0.0,0.0
KR0068,한화생명,,생명보험,15,기타영업수익,2024.1Q,0.0,0.0
KR0068,한화생명,,생명보험,16,기타사업비용,2024.1Q,46900.236205,46900.236205
KR0068,한화생명,,생명보험,17,투자손익,2024.1Q,70231.21026,70231.21026
KR0068,한화생명,,생명보험,18,투자이익,2024.1Q,832469.594625,832469.594625
KR0068,한화생명,,생명보험,19,보험금융손익,2024.1Q,-762238.384365,-762238.384365
KR0068,한화생명,,생명보험,20,영업이익,2024.1Q,161059.040074,161059.040074
KR0068,한화생명,,생명보험,21,영업외손익,2024.1Q,58571.651031,58571.651031
KR0068,한화생명,,생명보험,22,세전이익,2024.1Q,219630.691105,219630.691105
KR0068,한화생명,,생명보험,23,법인세,2024.1Q,44099.193483,44099.193483
KR0068,한화생명,,생명보험,24,당기순이익,2024.1Q,175531.497622,175531.497622
KR0068,한화생명,,생명보험,1,보험손익,2024.2Q,274551.838424,183724.00861
KR0068,한화생명,,생명보험,2,생명장기 손익,2024.2Q,353772.026347,216043.960328
KR0068,한화생명,,생명보험,3,생명장기 원수손익,2024.2Q,356868.588766,224237.621939
KR0068,한화생명,,생명보험,4,원수 CSM상각,2024.2Q,435755.0,215451.0
KR0068,한화생명,,생명보험,5,원수 위험조정 변동,2024.2Q,63751.0,35780.0
KR0068,한화생명,,생명보험,6,원수 예실차,2024.2Q,6040.0,23471.0
KR0068,한화생명,,생명보험,7,기타 생명장기 원수손익,2024.2Q,-148677.411234,-50464.378061
KR0068,한화생명,,생명보험,8,생명장기 재보험손익,2024.2Q,-3096.562419,-8193.661611
KR0068,한화생명,,생명보험,9,재보험 CSM상각,2024.2Q,-10449.0,-5175.0
KR0068,한화생명,,생명보험,10,재보험 위험조정 변동,2024.2Q,-450.0,-223.0
KR0068,한화생명,,생명보험,11,재보험 예실차,2024.2Q,17529.0,1520.0
KR0068,한화생명,,생명보험,12,기타 생명장기 재보험손익,2024.2Q,-9726.562419,-4315.661611
KR0068,한화생명,,생명보험,13,자동차손익,2024.2Q,0.0,0.0
KR0068,한화생명,,생명보험,14,일반손익,2024.2Q,0.0,0.0
KR0068,한화생명,,생명보험,15,기타영업수익,2024.2Q,0.0,0.0
KR0068,한화생명,,생명보험,16,기타사업비용,2024.2Q,79220.187923,32319.951718
KR0068,한화생명,,생명보험,17,투자손익,2024.2Q,99088.383368,28857.173108
KR0068,한화생명,,생명보험,18,투자이익,2024.2Q,1891775.946616,1059306.351991
KR0068,한화생명,,생명보험,19,보험금융손익,2024.2Q,-1792687.563248,-1030449.178883
KR0068,한화생명,,생명보험,20,영업이익,2024.2Q,373640.221792,212581.181718
KR0068,한화생명,,생명보험,21,영업외손익,2024.2Q,57509.611262,-1062.039769
KR0068,한화생명,,생명보험,22,세전이익,2024.2Q,431149.833054,211519.141949
KR0068,한화생명,,생명보험,23,법인세,2024.2Q,83331.940864,39232.747381
KR0068,한화생명,,생명보험,24,당기순이익,2024.2Q,347817.89219,172286.394568
KR0068,한화생명,,생명보험,1,보험손익,2024.3Q,381379.54071,106827.702286
KR0068,한화생명,,생명보험,2,생명장기 손익,2024.3Q,508377.820841,154605.794494
KR0068,한화생명,,생명보험,3,생명장기 원수손익,2024.3Q,514553.850297,157685.261531
KR0068,한화생명,,생명보험,4,원수 CSM상각,2024.3Q,647227.0,211472.0
KR0068,한화생명,,생명보험,5,원수 위험조정 변동,2024.3Q,100957.0,37206.0
KR0068,한화생명,,생명보험,6,원수 예실차,2024.3Q,3595.0,-2445.0
KR0068,한화생명,,생명보험,7,기타 생명장기 원수손익,2024.3Q,-237225.149703,-88547.738469
KR0068,한화생명,,생명보험,8,생명장기 재보험손익,2024.3Q,-6176.029456,-3079.467037
KR0068,한화생명,,생명보험,9,재보험 CSM상각,2024.3Q,-15915.0,-5466.0
KR0068,한화생명,,생명보험,10,재보험 위험조정 변동,2024.3Q,-699.0,-249.0
KR0068,한화생명,,생명보험,11,재보험 예실차,2024.3Q,22504.0,4975.0
KR0068,한화생명,,생명보험,12,기타 생명장기 재보험손익,2024.3Q,-12066.029456,-2339.467037
KR0068,한화생명,,생명보험,13,자동차손익,2024.3Q,0.0,0.0
KR0068,한화생명,,생명보험,14,일반손익,2024.3Q,0.0,0.0
KR0068,한화생명,,생명보험,15,기타영업수익,2024.3Q,0.0,0.0
KR0068,한화생명,,생명보험,16,기타사업비용,2024.3Q,126998.280131,47778.092208
KR0068,한화생명,,생명보험,17,투자손익,2024.3Q,-13005.111053,-112093.494421
KR0068,한화생명,,생명보험,18,투자이익,2024.3Q,2445111.313518,553335.366902
KR0068,한화생명,,생명보험,19,보험금융손익,2024.3Q,-2458116.424571,-665428.861323
KR0068,한화생명,,생명보험,20,영업이익,2024.3Q,368374.429657,-5265.792135
KR0068,한화생명,,생명보험,21,영업외손익,2024.3Q,353457.820801,295948.209539
KR0068,한화생명,,생명보험,22,세전이익,2024.3Q,721832.250458,290682.417404
KR0068,한화생명,,생명보험,23,법인세,2024.3Q,137227.615195,53895.674331
KR0068,한화생명,,생명보험,24,당기순이익,2024.3Q,584604.635263,236786.743073
KR0068,한화생명,,생명보험,1,보험손익,2024.4Q,506304.846307,124925.305597
KR0068,한화생명,,생명보험,2,생명장기 손익,2024.4Q,652322.992573,143945.171732
KR0068,한화생명,,생명보험,3,생명장기 원수손익,2024.4Q,661482.732928,146928.882631
KR0068,한화생명,,생명보험,4,원수 CSM상각,2024.4Q,851918.0,204691.0
KR0068,한화생명,,생명보험,5,원수 위험조정 변동,2024.4Q,138133.0,37176.0
KR0068,한화생명,,생명보험,6,원수 예실차,2024.4Q,-51261.0,-54856.0
KR0068,한화생명,,생명보험,7,기타 생명장기 원수손익,2024.4Q,-277307.267072,-40082.117369
KR0068,한화생명,,생명보험,8,생명장기 재보험손익,2024.4Q,-9159.740355,-2983.710899
KR0068,한화생명,,생명보험,9,재보험 CSM상각,2024.4Q,-22462.0,-6547.0
KR0068,한화생명,,생명보험,10,재보험 위험조정 변동,2024.4Q,-961.0,-262.0
KR0068,한화생명,,생명보험,11,재보험 예실차,2024.4Q,28224.0,5720.0
KR0068,한화생명,,생명보험,12,기타 생명장기 재보험손익,2024.4Q,-13960.740355,-1894.710899
KR0068,한화생명,,생명보험,13,자동차손익,2024.4Q,0.0,0.0
KR0068,한화생명,,생명보험,14,일반손익,2024.4Q,0.0,0.0
KR0068,한화생명,,생명보험,15,기타영업수익,2024.4Q,0.0,0.0
KR0068,한화생명,,생명보험,16,기타사업비용,2024.4Q,146018.146266,19019.866135
KR0068,한화생명,,생명보험,17,투자손익,2024.4Q,76154.032935,89159.143988
KR0068,한화생명,,생명보험,18,투자이익,2024.4Q,3116613.456727,671502.143209
KR0068,한화생명,,생명보험,19,보험금융손익,2024.4Q,-3040459.423792,-582342.999221
KR0068,한화생명,,생명보험,20,영업이익,2024.4Q,582458.879242,214084.449585
KR0068,한화생명,,생명보험,21,영업외손익,2024.4Q,322462.496064,-30995.324737
KR0068,한화생명,,생명보험,22,세전이익,2024.4Q,904921.375306,183089.124848
KR0068,한화생명,,생명보험,23,법인세,2024.4Q,184351.646137,47124.030942
KR0068,한화생명,,생명보험,24,당기순이익,2024.4Q,720569.729169,135965.093906
KR0068,한화생명,,생명보험,1,보험손익,2025.1Q,104208.0,104208.0
KR0068,한화생명,,생명보험,2,생명장기 손익,2025.1Q,131918.0,131918.0
KR0068,한화생명,,생명보험,3,생명장기 원수손익,2025.1Q,136746.0,136746.0
KR0068,한화생명,,생명보험,4,원수 CSM상각,2025.1Q,198639.0,198639.0
KR0068,한화생명,,생명보험,5,원수 위험조정 변동,2025.1Q,38878.0,38878.0
KR0068,한화생명,,생명보험,6,원수 예실차,2025.1Q,-70022.0,-70022.0
KR0068,한화생명,,생명보험,7,기타 생명장기 원수손익,2025.1Q,-30749.0,-30749.0
KR0068,한화생명,,생명보험,8,생명장기 재보험손익,2025.1Q,-4828.0,-4828.0
KR0068,한화생명,,생명보험,9,재보험 CSM상각,2025.1Q,-7087.0,-7087.0
KR0068,한화생명,,생명보험,10,재보험 위험조정 변동,2025.1Q,-272.0,-272.0
KR0068,한화생명,,생명보험,11,재보험 예실차,2025.1Q,9889.0,9889.0
KR0068,한화생명,,생명보험,12,기타 생명장기 재보험손익,2025.1Q,-7358.0,-7358.0
KR0068,한화생명,,생명보험,13,자동차손익,2025.1Q,0.0,0.0
KR0068,한화생명,,생명보험,14,일반손익,2025.1Q,0.0,0.0
KR0068,한화생명,,생명보험,15,기타영업수익,2025.1Q,0.0,0.0
KR0068,한화생명,,생명보험,16,기타사업비용,2025.1Q,27710.0,27710.0
KR0068,한화생명,,생명보험,17,투자손익,2025.1Q,20871.0,20871.0
KR0068,한화생명,,생명보험,18,투자이익,2025.1Q,1081307.0,1081307.0
KR0068,한화생명,,생명보험,19,보험금융손익,2025.1Q,-1060436.0,-1060436.0
KR0068,한화생명,,생명보험,20,영업이익,2025.1Q,125079.0,125079.0
KR0068,한화생명,,생명보험,21,영업외손익,2025.1Q,27052.0,27052.0
KR0068,한화생명,,생명보험,22,세전이익,2025.1Q,152131.0,152131.0
KR0068,한화생명,,생명보험,23,법인세,2025.1Q,30140.0,30140.0
KR0068,한화생명,,생명보험,24,당기순이익,2025.1Q,121991.0,121991.0
KR0068,한화생명,,생명보험,1,보험손익,2025.2Q,175999.0,71791.0
KR0068,한화생명,,생명보험,2,생명장기 손익,2025.2Q,235859.0,103941.0
KR0068,한화생명,,생명보험,3,생명장기 원수손익,2025.2Q,242874.0,106128.0
KR0068,한화생명,,생명보험,4,원수 CSM상각,2025.2Q,394479.0,195840.0
KR0068,한화생명,,생명보험,5,원수 위험조정 변동,2025.2Q,76066.0,37188.0
KR0068,한화생명,,생명보험,6,원수 예실차,2025.2Q,-123351.0,-53329.0
KR0068,한화생명,,생명보험,7,기타 생명장기 원수손익,2025.2Q,-104320.0,-73571.0
KR0068,한화생명,,생명보험,8,생명장기 재보험손익,2025.2Q,-7015.0,-2187.0
KR0068,한화생명,,생명보험,9,재보험 CSM상각,2025.2Q,-14304.0,-7217.0
KR0068,한화생명,,생명보험,10,재보험 위험조정 변동,2025.2Q,-559.0,-287.0
KR0068,한화생명,,생명보험,11,재보험 예실차,2025.2Q,15031.0,5142.0
KR0068,한화생명,,생명보험,12,기타 생명장기 재보험손익,2025.2Q,-7183.0,175.0
KR0068,한화생명,,생명보험,13,자동차손익,2025.2Q,0.0,0.0
KR0068,한화생명,,생명보험,14,일반손익,2025.2Q,0.0,0.0
KR0068,한화생명,,생명보험,15,기타영업수익,2025.2Q,0.0,0.0
KR0068,한화생명,,생명보험,16,기타사업비용,2025.2Q,59860.0,32150.0
KR0068,한화생명,,생명보험,17,투자손익,2025.2Q,14893.0,-5978.0
KR0068,한화생명,,생명보험,18,투자이익,2025.2Q,2309751.0,1228444.0
KR0068,한화생명,,생명보험,19,보험금융손익,2025.2Q,-2294858.0,-1234422.0
KR0068,한화생명,,생명보험,20,영업이익,2025.2Q,190892.0,65813.0
KR0068,한화생명,,생명보험,21,영업외손익,2025.2Q,32549.0,5497.0
KR0068,한화생명,,생명보험,22,세전이익,2025.2Q,223441.0,71310.0
KR0068,한화생명,,생명보험,23,법인세,2025.2Q,43740.0,13600.0
KR0068,한화생명,,생명보험,24,당기순이익,2025.2Q,179701.0,57710.0
KR0068,한화생명,,생명보험,1,보험손익,2025.3Q,139423.0,-36576.0
KR0068,한화생명,,생명보험,2,생명장기 손익,2025.3Q,259222.0,23363.0
KR0068,한화생명,,생명보험,3,생명장기 원수손익,2025.3Q,261623.0,18749.0
KR0068,한화생명,,생명보험,4,원수 CSM상각,2025.3Q,590479.0,196000.0
KR0068,한화생명,,생명보험,5,원수 위험조정 변동,2025.3Q,115567.0,39501.0
KR0068,한화생명,,생명보험,6,원수 예실차,2025.3Q,-266420.0,-143069.0
KR0068,한화생명,,생명보험,7,기타 생명장기 원수손익,2025.3Q,-178003.0,-73683.0
KR0068,한화생명,,생명보험,8,생명장기 재보험손익,2025.3Q,-2401.0,4614.0
KR0068,한화생명,,생명보험,9,재보험 CSM상각,2025.3Q,-21939.0,-7635.0
KR0068,한화생명,,생명보험,10,재보험 위험조정 변동,2025.3Q,-843.0,-284.0
KR0068,한화생명,,생명보험,11,재보험 예실차,2025.3Q,24172.0,9141.0
KR0068,한화생명,,생명보험,12,기타 생명장기 재보험손익,2025.3Q,-3791.0,3392.0
KR0068,한화생명,,생명보험,13,자동차손익,2025.3Q,0.0,0.0
KR0068,한화생명,,생명보험,14,일반손익,2025.3Q,0.0,0.0
KR0068,한화생명,,생명보험,15,기타영업수익,2025.3Q,0.0,0.0
KR0068,한화생명,,생명보험,16,기타사업비용,2025.3Q,119799.0,59939.0
KR0068,한화생명,,생명보험,17,투자손익,2025.3Q,221778.0,206885.0
KR0068,한화생명,,생명보험,18,투자이익,2025.3Q,3576960.0,1267209.0
KR0068,한화생명,,생명보험,19,보험금융손익,2025.3Q,-3355182.0,-1060324.0
KR0068,한화생명,,생명보험,20,영업이익,2025.3Q,361201.0,170309.0
KR0068,한화생명,,생명보험,21,영업외손익,2025.3Q,32565.0,16.0
KR0068,한화생명,,생명보험,22,세전이익,2025.3Q,393766.0,170325.0
KR0068,한화생명,,생명보험,23,법인세,2025.3Q,77950.0,34210.0
KR0068,한화생명,,생명보험,24,당기순이익,2025.3Q,315816.0,136115.0
KR0068,한화생명,,생명보험,1,보험손익,2025.4Q,344419.0,204996.0
KR0068,한화생명,,생명보험,2,생명장기 손익,2025.4Q,491336.0,232114.0
KR0068,한화생명,,생명보험,3,생명장기 원수손익,2025.4Q,495776.0,234153.0
KR0068,한화생명,,생명보험,4,원수 CSM상각,2025.4Q,787290.0,196811.0
KR0068,한화생명,,생명보험,5,원수 위험조정 변동,2025.4Q,155559.0,39992.0
KR0068,한화생명,,생명보험,6,원수 예실차,2025.4Q,-406421.0,-140001.0
KR0068,한화생명,,생명보험,7,기타 생명장기 원수손익,2025.4Q,-40652.0,137351.0
KR0068,한화생명,,생명보험,8,생명장기 재보험손익,2025.4Q,-4440.0,-2039.0
KR0068,한화생명,,생명보험,9,재보험 CSM상각,2025.4Q,-31505.0,-9566.0
KR0068,한화생명,,생명보험,10,재보험 위험조정 변동,2025.4Q,-1125.0,-282.0
KR0068,한화생명,,생명보험,11,재보험 예실차,2025.4Q,33157.0,8985.0
KR0068,한화생명,,생명보험,12,기타 생명장기 재보험손익,2025.4Q,-4967.0,-1176.0
KR0068,한화생명,,생명보험,13,자동차손익,2025.4Q,0.0,0.0
KR0068,한화생명,,생명보험,14,일반손익,2025.4Q,0.0,0.0
KR0068,한화생명,,생명보험,15,기타영업수익,2025.4Q,0.0,0.0
KR0068,한화생명,,생명보험,16,기타사업비용,2025.4Q,146917.0,27118.0
KR0068,한화생명,,생명보험,17,투자손익,2025.4Q,57018.0,-164760.0
KR0068,한화생명,,생명보험,18,투자이익,2025.4Q,4407122.0,830162.0
KR0068,한화생명,,생명보험,19,보험금융손익,2025.4Q,-4350104.0,-994922.0
KR0068,한화생명,,생명보험,20,영업이익,2025.4Q,401437.0,40236.0
KR0068,한화생명,,생명보험,21,영업외손익,2025.4Q,11213.0,-21352.0
KR0068,한화생명,,생명보험,22,세전이익,2025.4Q,412650.0,18884.0
KR0068,한화생명,,생명보험,23,법인세,2025.4Q,99330.0,21380.0
KR0068,한화생명,,생명보험,24,당기순이익,2025.4Q,313320.0,-2496.0
KR0068,한화생명,,생명보험,1,보험손익,2026.1Q,62394.0,62394.0
KR0068,한화생명,,생명보험,2,생명장기 손익,2026.1Q,94440.0,94440.0
KR0068,한화생명,,생명보험,3,생명장기 원수손익,2026.1Q,103085.0,103085.0
KR0068,한화생명,,생명보험,4,원수 CSM상각,2026.1Q,191441.0,191441.0
KR0068,한화생명,,생명보험,5,원수 위험조정 변동,2026.1Q,44340.0,44340.0
KR0068,한화생명,,생명보험,6,원수 예실차,2026.1Q,-137937.0,-137937.0
KR0068,한화생명,,생명보험,7,기타 생명장기 원수손익,2026.1Q,5241.0,5241.0
KR0068,한화생명,,생명보험,8,생명장기 재보험손익,2026.1Q,-8645.0,-8645.0
KR0068,한화생명,,생명보험,9,재보험 CSM상각,2026.1Q,-9275.0,-9275.0
KR0068,한화생명,,생명보험,10,재보험 위험조정 변동,2026.1Q,-306.0,-306.0
KR0068,한화생명,,생명보험,11,재보험 예실차,2026.1Q,2931.0,2931.0
KR0068,한화생명,,생명보험,12,기타 생명장기 재보험손익,2026.1Q,-1995.0,-1995.0
KR0068,한화생명,,생명보험,13,자동차손익,2026.1Q,0.0,0.0
KR0068,한화생명,,생명보험,14,일반손익,2026.1Q,0.0,0.0
KR0068,한화생명,,생명보험,15,기타영업수익,2026.1Q,0.0,0.0
KR0068,한화생명,,생명보험,16,기타사업비용,2026.1Q,32046.0,32046.0
KR0068,한화생명,,생명보험,17,투자손익,2026.1Q,217580.0,217580.0
KR0068,한화생명,,생명보험,18,투자이익,2026.1Q,1055180.0,1055180.0
KR0068,한화생명,,생명보험,19,보험금융손익,2026.1Q,-837600.0,-837600.0
KR0068,한화생명,,생명보험,20,영업이익,2026.1Q,279974.0,279974.0
KR0068,한화생명,,생명보험,21,영업외손익,2026.1Q,28362.0,28362.0
KR0068,한화생명,,생명보험,22,세전이익,2026.1Q,308336.0,308336.0
KR0068,한화생명,,생명보험,23,법인세,2026.1Q,60492.0,60492.0
KR0068,한화생명,,생명보험,24,당기순이익,2026.1Q,247844.0,247844.0
KR0068,한화생명,,생명보험,1,보험손익,2026.2Q,285293.0,222899.0
KR0068,한화생명,,생명보험,2,생명장기 손익,2026.2Q,353963.0,259523.0
KR0068,한화생명,,생명보험,3,생명장기 원수손익,2026.2Q,367854.0,264769.0
KR0068,한화생명,,생명보험,4,원수 CSM상각,2026.2Q,373026.0,181585.0
KR0068,한화생명,,생명보험,5,원수 위험조정 변동,2026.2Q,92069.0,47729.0
KR0068,한화생명,,생명보험,6,원수 예실차,2026.2Q,-239333.0,-101396.0
KR0068,한화생명,,생명보험,7,기타 생명장기 원수손익,2026.2Q,142092.0,136851.0
KR0068,한화생명,,생명보험,8,생명장기 재보험손익,2026.2Q,-13891.0,-5246.0
KR0068,한화생명,,생명보험,9,재보험 CSM상각,2026.2Q,-18245.0,-8970.0
KR0068,한화생명,,생명보험,10,재보험 위험조정 변동,2026.2Q,-581.0,-275.0
KR0068,한화생명,,생명보험,11,재보험 예실차,2026.2Q,9210.0,6279.0
KR0068,한화생명,,생명보험,12,기타 생명장기 재보험손익,2026.2Q,-4275.0,-2280.0
KR0068,한화생명,,생명보험,13,자동차손익,2026.2Q,0.0,0.0
KR0068,한화생명,,생명보험,14,일반손익,2026.2Q,0.0,0.0
KR0068,한화생명,,생명보험,15,기타영업수익,2026.2Q,0.0,0.0
KR0068,한화생명,,생명보험,16,기타사업비용,2026.2Q,68670.0,36624.0
KR0068,한화생명,,생명보험,17,투자손익,2026.2Q,328378.0,110798.0
KR0068,한화생명,,생명보험,18,투자이익,2026.2Q,4040214.0,2985034.0
KR0068,한화생명,,생명보험,19,보험금융손익,2026.2Q,-3711836.0,-2874236.0
KR0068,한화생명,,생명보험,20,영업이익,2026.2Q,613671.0,333697.0
KR0068,한화생명,,생명보험,21,영업외손익,2026.2Q,14938.0,-13424.0
KR0068,한화생명,,생명보험,22,세전이익,2026.2Q,628609.0,320273.0
KR0068,한화생명,,생명보험,23,법인세,2026.2Q,118397.0,57905.0
KR0068,한화생명,,생명보험,24,당기순이익,2026.2Q,510212.0,262368.0
KR0069,삼성생명보험,,생명보험,1,보험손익,2023.1Q,,
KR0069,삼성생명보험,,생명보험,2,생명장기 손익,2023.1Q,,
KR0069,삼성생명보험,,생명보험,3,생명장기 원수손익,2023.1Q,,
KR0069,삼성생명보험,,생명보험,4,원수 CSM상각,2023.1Q,333688.0,333688.0
KR0069,삼성생명보험,,생명보험,5,원수 위험조정 변동,2023.1Q,154857.0,154857.0
KR0069,삼성생명보험,,생명보험,6,원수 예실차,2023.1Q,-82264.0,-82264.0
KR0069,삼성생명보험,,생명보험,7,기타 생명장기 원수손익,2023.1Q,,
KR0069,삼성생명보험,,생명보험,8,생명장기 재보험손익,2023.1Q,,
KR0069,삼성생명보험,,생명보험,9,재보험 CSM상각,2023.1Q,-9413.0,-9413.0
KR0069,삼성생명보험,,생명보험,10,재보험 위험조정 변동,2023.1Q,-2120.0,-2120.0
KR0069,삼성생명보험,,생명보험,11,재보험 예실차,2023.1Q,3489.0,3489.0
KR0069,삼성생명보험,,생명보험,12,기타 생명장기 재보험손익,2023.1Q,,
KR0069,삼성생명보험,,생명보험,13,자동차손익,2023.1Q,0.0,0.0
KR0069,삼성생명보험,,생명보험,14,일반손익,2023.1Q,0.0,0.0
KR0069,삼성생명보험,,생명보험,15,기타영업수익,2023.1Q,,
KR0069,삼성생명보험,,생명보험,16,기타사업비용,2023.1Q,,
KR0069,삼성생명보험,,생명보험,17,투자손익,2023.1Q,,
KR0069,삼성생명보험,,생명보험,18,투자이익,2023.1Q,,
KR0069,삼성생명보험,,생명보험,19,보험금융손익,2023.1Q,,
KR0069,삼성생명보험,,생명보험,20,영업이익,2023.1Q,,
KR0069,삼성생명보험,,생명보험,21,영업외손익,2023.1Q,,
KR0069,삼성생명보험,,생명보험,22,세전이익,2023.1Q,,
KR0069,삼성생명보험,,생명보험,23,법인세,2023.1Q,,
KR0069,삼성생명보험,,생명보험,24,당기순이익,2023.1Q,,
KR0069,삼성생명보험,,생명보험,1,보험손익,2023.2Q,,
KR0069,삼성생명보험,,생명보험,2,생명장기 손익,2023.2Q,,
KR0069,삼성생명보험,,생명보험,3,생명장기 원수손익,2023.2Q,,
KR0069,삼성생명보험,,생명보험,4,원수 CSM상각,2023.2Q,659668.0,325980.0
KR0069,삼성생명보험,,생명보험,5,원수 위험조정 변동,2023.2Q,303011.0,148154.0
KR0069,삼성생명보험,,생명보험,6,원수 예실차,2023.2Q,-82757.0,-493.0
KR0069,삼성생명보험,,생명보험,7,기타 생명장기 원수손익,2023.2Q,,
KR0069,삼성생명보험,,생명보험,8,생명장기 재보험손익,2023.2Q,,
KR0069,삼성생명보험,,생명보험,9,재보험 CSM상각,2023.2Q,-20721.0,-11308.0
KR0069,삼성생명보험,,생명보험,10,재보험 위험조정 변동,2023.2Q,-4015.0,-1895.0
KR0069,삼성생명보험,,생명보험,11,재보험 예실차,2023.2Q,4195.0,706.0
KR0069,삼성생명보험,,생명보험,12,기타 생명장기 재보험손익,2023.2Q,,
KR0069,삼성생명보험,,생명보험,13,자동차손익,2023.2Q,0.0,0.0
KR0069,삼성생명보험,,생명보험,14,일반손익,2023.2Q,0.0,0.0
KR0069,삼성생명보험,,생명보험,15,기타영업수익,2023.2Q,,
KR0069,삼성생명보험,,생명보험,16,기타사업비용,2023.2Q,,
KR0069,삼성생명보험,,생명보험,17,투자손익,2023.2Q,,
KR0069,삼성생명보험,,생명보험,18,투자이익,2023.2Q,,
KR0069,삼성생명보험,,생명보험,19,보험금융손익,2023.2Q,,
KR0069,삼성생명보험,,생명보험,20,영업이익,2023.2Q,,
KR0069,삼성생명보험,,생명보험,21,영업외손익,2023.2Q,,
KR0069,삼성생명보험,,생명보험,22,세전이익,2023.2Q,,
KR0069,삼성생명보험,,생명보험,23,법인세,2023.2Q,,
KR0069,삼성생명보험,,생명보험,24,당기순이익,2023.2Q,,
KR0069,삼성생명보험,,생명보험,1,보험손익,2023.3Q,1206065.0,
KR0069,삼성생명보험,,생명보험,2,생명장기 손익,2023.3Q,1243751.0,
KR0069,삼성생명보험,,생명보험,3,생명장기 원수손익,2023.3Q,1263505.0,
KR0069,삼성생명보험,,생명보험,4,원수 CSM상각,2023.3Q,987090.0,327422.0
KR0069,삼성생명보험,,생명보험,5,원수 위험조정 변동,2023.3Q,387159.0,84148.0
KR0069,삼성생명보험,,생명보험,6,원수 예실차,2023.3Q,-56045.0,26712.0
KR0069,삼성생명보험,,생명보험,7,기타 생명장기 원수손익,2023.3Q,-54699.0,
KR0069,삼성생명보험,,생명보험,8,생명장기 재보험손익,2023.3Q,-19754.0,
KR0069,삼성생명보험,,생명보험,9,재보험 CSM상각,2023.3Q,-30322.0,-9601.0
KR0069,삼성생명보험,,생명보험,10,재보험 위험조정 변동,2023.3Q,-6332.0,-2317.0
KR0069,삼성생명보험,,생명보험,11,재보험 예실차,2023.3Q,5790.0,1595.0
KR0069,삼성생명보험,,생명보험,12,기타 생명장기 재보험손익,2023.3Q,11110.0,
KR0069,삼성생명보험,,생명보험,13,자동차손익,2023.3Q,0.0,0.0
KR0069,삼성생명보험,,생명보험,14,일반손익,2023.3Q,0.0,0.0
KR0069,삼성생명보험,,생명보험,15,기타영업수익,2023.3Q,0.0,
KR0069,삼성생명보험,,생명보험,16,기타사업비용,2023.3Q,37686.0,
KR0069,삼성생명보험,,생명보험,17,투자손익,2023.3Q,-121128.0,
KR0069,삼성생명보험,,생명보험,18,투자이익,2023.3Q,-8131033.0,
KR0069,삼성생명보험,,생명보험,19,보험금융손익,2023.3Q,8009905.0,
KR0069,삼성생명보험,,생명보험,20,영업이익,2023.3Q,1084937.0,
KR0069,삼성생명보험,,생명보험,21,영업외손익,2023.3Q,261687.0,
KR0069,삼성생명보험,,생명보험,22,세전이익,2023.3Q,1346624.0,
KR0069,삼성생명보험,,생명보험,23,법인세,2023.3Q,220561.0,
KR0069,삼성생명보험,,생명보험,24,당기순이익,2023.3Q,1126063.0,
KR0069,삼성생명보험,,생명보험,1,보험손익,2023.4Q,1448544.0,242479.0
KR0069,삼성생명보험,,생명보험,2,생명장기 손익,2023.4Q,1504331.0,260580.0
KR0069,삼성생명보험,,생명보험,3,생명장기 원수손익,2023.4Q,1530472.0,266967.0
KR0069,삼성생명보험,,생명보험,4,원수 CSM상각,2023.4Q,1367673.0,380583.0
KR0069,삼성생명보험,,생명보험,5,원수 위험조정 변동,2023.4Q,467547.0,80388.0
KR0069,삼성생명보험,,생명보험,6,원수 예실차,2023.4Q,-153848.0,-97803.0
KR0069,삼성생명보험,,생명보험,7,기타 생명장기 원수손익,2023.4Q,-150900.0,-96201.0
KR0069,삼성생명보험,,생명보험,8,생명장기 재보험손익,2023.4Q,-26141.0,-6387.0
KR0069,삼성생명보험,,생명보험,9,재보험 CSM상각,2023.4Q,-41603.0,-11281.0
KR0069,삼성생명보험,,생명보험,10,재보험 위험조정 변동,2023.4Q,-8902.0,-2570.0
KR0069,삼성생명보험,,생명보험,11,재보험 예실차,2023.4Q,2775.0,-3015.0
KR0069,삼성생명보험,,생명보험,12,기타 생명장기 재보험손익,2023.4Q,21589.0,10479.0
KR0069,삼성생명보험,,생명보험,13,자동차손익,2023.4Q,0.0,0.0
KR0069,삼성생명보험,,생명보험,14,일반손익,2023.4Q,0.0,0.0
KR0069,삼성생명보험,,생명보험,15,기타영업수익,2023.4Q,0.0,0.0
KR0069,삼성생명보험,,생명보험,16,기타사업비용,2023.4Q,55787.0,18101.0
KR0069,삼성생명보험,,생명보험,17,투자손익,2023.4Q,-23709.0,97419.0
KR0069,삼성생명보험,,생명보험,18,투자이익,2023.4Q,9157909.0,17288942.0
KR0069,삼성생명보험,,생명보험,19,보험금융손익,2023.4Q,-9181618.0,-17191523.0
KR0069,삼성생명보험,,생명보험,20,영업이익,2023.4Q,1424835.0,339898.0
KR0069,삼성생명보험,,생명보험,21,영업외손익,2023.4Q,256348.0,-5339.0
KR0069,삼성생명보험,,생명보험,22,세전이익,2023.4Q,1681183.0,334559.0
KR0069,삼성생명보험,,생명보험,23,법인세,2023.4Q,298281.0,77720.0
KR0069,삼성생명보험,,생명보험,24,당기순이익,2023.4Q,1382902.0,256839.0
KR0069,삼성생명보험,,생명보험,1,보험손익,2024.1Q,268249.0,268249.0
KR0069,삼성생명보험,,생명보험,2,생명장기 손익,2024.1Q,280044.0,280044.0
KR0069,삼성생명보험,,생명보험,3,생명장기 원수손익,2024.1Q,268752.0,268752.0
KR0069,삼성생명보험,,생명보험,4,원수 CSM상각,2024.1Q,350879.0,350879.0
KR0069,삼성생명보험,,생명보험,5,원수 위험조정 변동,2024.1Q,80350.0,80350.0
KR0069,삼성생명보험,,생명보험,6,원수 예실차,2024.1Q,-11723.0,-11723.0
KR0069,삼성생명보험,,생명보험,7,기타 생명장기 원수손익,2024.1Q,-150754.0,-150754.0
KR0069,삼성생명보험,,생명보험,8,생명장기 재보험손익,2024.1Q,11292.0,11292.0
KR0069,삼성생명보험,,생명보험,9,재보험 CSM상각,2024.1Q,-11469.0,-11469.0
KR0069,삼성생명보험,,생명보험,10,재보험 위험조정 변동,2024.1Q,-2910.0,-2910.0
KR0069,삼성생명보험,,생명보험,11,재보험 예실차,2024.1Q,907.0,907.0
KR0069,삼성생명보험,,생명보험,12,기타 생명장기 재보험손익,2024.1Q,24764.0,24764.0
KR0069,삼성생명보험,,생명보험,13,자동차손익,2024.1Q,0.0,0.0
KR0069,삼성생명보험,,생명보험,14,일반손익,2024.1Q,0.0,0.0
KR0069,삼성생명보험,,생명보험,15,기타영업수익,2024.1Q,0.0,0.0
KR0069,삼성생명보험,,생명보험,16,기타사업비용,2024.1Q,11795.0,11795.0
KR0069,삼성생명보험,,생명보험,17,투자손익,2024.1Q,221278.0,221278.0
KR0069,삼성생명보험,,생명보험,18,투자이익,2024.1Q,2134813.0,2134813.0
KR0069,삼성생명보험,,생명보험,19,보험금융손익,2024.1Q,-1913535.0,-1913535.0
KR0069,삼성생명보험,,생명보험,20,영업이익,2024.1Q,489527.0,489527.0
KR0069,삼성생명보험,,생명보험,21,영업외손익,2024.1Q,271740.0,271740.0
KR0069,삼성생명보험,,생명보험,22,세전이익,2024.1Q,761267.0,761267.0
KR0069,삼성생명보험,,생명보험,23,법인세,2024.1Q,109939.0,109939.0
KR0069,삼성생명보험,,생명보험,24,당기순이익,2024.1Q,651328.0,651328.0
KR0069,삼성생명보험,,생명보험,1,보험손익,2024.2Q,711847.0,443598.0
KR0069,삼성생명보험,,생명보험,2,생명장기 손익,2024.2Q,737053.0,457009.0
KR0069,삼성생명보험,,생명보험,3,생명장기 원수손익,2024.2Q,738676.0,469924.0
KR0069,삼성생명보험,,생명보험,4,원수 CSM상각,2024.2Q,708154.0,357275.0
KR0069,삼성생명보험,,생명보험,5,원수 위험조정 변동,2024.2Q,160086.0,79736.0
KR0069,삼성생명보험,,생명보험,6,원수 예실차,2024.2Q,50164.0,61887.0
KR0069,삼성생명보험,,생명보험,7,기타 생명장기 원수손익,2024.2Q,-179728.0,-28974.0
KR0069,삼성생명보험,,생명보험,8,생명장기 재보험손익,2024.2Q,-1623.0,-12915.0
KR0069,삼성생명보험,,생명보험,9,재보험 CSM상각,2024.2Q,-22962.0,-11493.0
KR0069,삼성생명보험,,생명보험,10,재보험 위험조정 변동,2024.2Q,-5156.0,-2246.0
KR0069,삼성생명보험,,생명보험,11,재보험 예실차,2024.2Q,-1507.0,-2414.0
KR0069,삼성생명보험,,생명보험,12,기타 생명장기 재보험손익,2024.2Q,28002.0,3238.0
KR0069,삼성생명보험,,생명보험,13,자동차손익,2024.2Q,0.0,0.0
KR0069,삼성생명보험,,생명보험,14,일반손익,2024.2Q,0.0,0.0
KR0069,삼성생명보험,,생명보험,15,기타영업수익,2024.2Q,0.0,0.0
KR0069,삼성생명보험,,생명보험,16,기타사업비용,2024.2Q,25206.0,13411.0
KR0069,삼성생명보험,,생명보험,17,투자손익,2024.2Q,331365.0,110087.0
KR0069,삼성생명보험,,생명보험,18,투자이익,2024.2Q,4215039.0,2080226.0
KR0069,삼성생명보험,,생명보험,19,보험금융손익,2024.2Q,-3883674.0,-1970139.0
KR0069,삼성생명보험,,생명보험,20,영업이익,2024.2Q,1043212.0,553685.0
KR0069,삼성생명보험,,생명보험,21,영업외손익,2024.2Q,287677.0,15937.0
KR0069,삼성생명보험,,생명보험,22,세전이익,2024.2Q,1330889.0,569622.0
KR0069,삼성생명보험,,생명보험,23,법인세,2024.2Q,240923.0,130984.0
KR0069,삼성생명보험,,생명보험,24,당기순이익,2024.2Q,1089966.0,438638.0
KR0069,삼성생명보험,,생명보험,1,보험손익,2024.3Q,1187061.0,475214.0
KR0069,삼성생명보험,,생명보험,2,생명장기 손익,2024.3Q,1227845.0,490792.0
KR0069,삼성생명보험,,생명보험,3,생명장기 원수손익,2024.3Q,1237205.0,498529.0
KR0069,삼성생명보험,,생명보험,4,원수 CSM상각,2024.3Q,1068763.0,360609.0
KR0069,삼성생명보험,,생명보험,5,원수 위험조정 변동,2024.3Q,242167.0,82081.0
KR0069,삼성생명보험,,생명보험,6,원수 예실차,2024.3Q,88398.0,38234.0
KR0069,삼성생명보험,,생명보험,7,기타 생명장기 원수손익,2024.3Q,-162123.0,17605.0
KR0069,삼성생명보험,,생명보험,8,생명장기 재보험손익,2024.3Q,-9360.0,-7737.0
KR0069,삼성생명보험,,생명보험,9,재보험 CSM상각,2024.3Q,-36294.0,-13332.0
KR0069,삼성생명보험,,생명보험,10,재보험 위험조정 변동,2024.3Q,-7313.0,-2157.0
KR0069,삼성생명보험,,생명보험,11,재보험 예실차,2024.3Q,986.0,2493.0
KR0069,삼성생명보험,,생명보험,12,기타 생명장기 재보험손익,2024.3Q,33261.0,5259.0
KR0069,삼성생명보험,,생명보험,13,자동차손익,2024.3Q,0.0,0.0
KR0069,삼성생명보험,,생명보험,14,일반손익,2024.3Q,0.0,0.0
KR0069,삼성생명보험,,생명보험,15,기타영업수익,2024.3Q,0.0,0.0
KR0069,삼성생명보험,,생명보험,16,기타사업비용,2024.3Q,40784.0,15578.0
KR0069,삼성생명보험,,생명보험,17,투자손익,2024.3Q,431357.0,99992.0
KR0069,삼성생명보험,,생명보험,18,투자이익,2024.3Q,5743160.0,1528121.0
KR0069,삼성생명보험,,생명보험,19,보험금융손익,2024.3Q,-5311803.0,-1428129.0
KR0069,삼성생명보험,,생명보험,20,영업이익,2024.3Q,1618418.0,575206.0
KR0069,삼성생명보험,,생명보험,21,영업외손익,2024.3Q,290982.0,3305.0
KR0069,삼성생명보험,,생명보험,22,세전이익,2024.3Q,1909400.0,578511.0
KR0069,삼성생명보험,,생명보험,23,법인세,2024.3Q,358592.0,117669.0
KR0069,삼성생명보험,,생명보험,24,당기순이익,2024.3Q,1550808.0,460842.0
KR0069,삼성생명보험,,생명보험,1,보험손익,2024.4Q,541990.0,-645071.0
KR0069,삼성생명보험,,생명보험,2,생명장기 손익,2024.4Q,602488.0,-625357.0
KR0069,삼성생명보험,,생명보험,3,생명장기 원수손익,2024.4Q,623509.0,-613696.0
KR0069,삼성생명보험,,생명보험,4,원수 CSM상각,2024.4Q,1369541.0,300778.0
KR0069,삼성생명보험,,생명보험,5,원수 위험조정 변동,2024.4Q,321837.0,79670.0
KR0069,삼성생명보험,,생명보험,6,원수 예실차,2024.4Q,-197272.0,-285670.0
KR0069,삼성생명보험,,생명보험,7,기타 생명장기 원수손익,2024.4Q,-870597.0,-708474.0
KR0069,삼성생명보험,,생명보험,8,생명장기 재보험손익,2024.4Q,-21021.0,-11661.0
KR0069,삼성생명보험,,생명보험,9,재보험 CSM상각,2024.4Q,-52532.0,-16238.0
KR0069,삼성생명보험,,생명보험,10,재보험 위험조정 변동,2024.4Q,-9754.0,-2441.0
KR0069,삼성생명보험,,생명보험,11,재보험 예실차,2024.4Q,-1922.0,-2908.0
KR0069,삼성생명보험,,생명보험,12,기타 생명장기 재보험손익,2024.4Q,43187.0,9926.0
KR0069,삼성생명보험,,생명보험,13,자동차손익,2024.4Q,0.0,0.0
KR0069,삼성생명보험,,생명보험,14,일반손익,2024.4Q,0.0,0.0
KR0069,삼성생명보험,,생명보험,15,기타영업수익,2024.4Q,0.0,0.0
KR0069,삼성생명보험,,생명보험,16,기타사업비용,2024.4Q,60498.0,19714.0
KR0069,삼성생명보험,,생명보험,17,투자손익,2024.4Q,1000936.0,569579.0
KR0069,삼성생명보험,,생명보험,18,투자이익,2024.4Q,7158221.0,1415061.0
KR0069,삼성생명보험,,생명보험,19,보험금융손익,2024.4Q,-6157285.0,-845482.0
KR0069,삼성생명보험,,생명보험,20,영업이익,2024.4Q,1542926.0,-75492.0
KR0069,삼성생명보험,,생명보험,21,영업외손익,2024.4Q,278364.0,-12618.0
KR0069,삼성생명보험,,생명보험,22,세전이익,2024.4Q,1821290.0,-88110.0
KR0069,삼성생명보험,,생명보험,23,법인세,2024.4Q,334354.0,-24238.0
KR0069,삼성생명보험,,생명보험,24,당기순이익,2024.4Q,1486936.0,-63872.0
KR0069,삼성생명보험,,생명보험,1,보험손익,2025.1Q,277882.0,277882.0
KR0069,삼성생명보험,,생명보험,2,생명장기 손익,2025.1Q,299665.0,299665.0
KR0069,삼성생명보험,,생명보험,3,생명장기 원수손익,2025.1Q,320588.0,320588.0
KR0069,삼성생명보험,,생명보험,4,원수 CSM상각,2025.1Q,361079.0,361079.0
KR0069,삼성생명보험,,생명보험,5,원수 위험조정 변동,2025.1Q,85207.0,85207.0
KR0069,삼성생명보험,,생명보험,6,원수 예실차,2025.1Q,-408.0,-408.0
KR0069,삼성생명보험,,생명보험,7,기타 생명장기 원수손익,2025.1Q,-125290.0,-125290.0
KR0069,삼성생명보험,,생명보험,8,생명장기 재보험손익,2025.1Q,-20923.0,-20923.0
KR0069,삼성생명보험,,생명보험,9,재보험 CSM상각,2025.1Q,-17210.0,-17210.0
KR0069,삼성생명보험,,생명보험,10,재보험 위험조정 변동,2025.1Q,-3026.0,-3026.0
KR0069,삼성생명보험,,생명보험,11,재보험 예실차,2025.1Q,-1956.0,-1956.0
KR0069,삼성생명보험,,생명보험,12,기타 생명장기 재보험손익,2025.1Q,1269.0,1269.0
KR0069,삼성생명보험,,생명보험,13,자동차손익,2025.1Q,0.0,0.0
KR0069,삼성생명보험,,생명보험,14,일반손익,2025.1Q,0.0,0.0
KR0069,삼성생명보험,,생명보험,15,기타영업수익,2025.1Q,0.0,0.0
KR0069,삼성생명보험,,생명보험,16,기타사업비용,2025.1Q,21783.0,21783.0
KR0069,삼성생명보험,,생명보험,17,투자손익,2025.1Q,199067.0,199067.0
KR0069,삼성생명보험,,생명보험,18,투자이익,2025.1Q,2096568.0,2096568.0
KR0069,삼성생명보험,,생명보험,19,보험금융손익,2025.1Q,-1897501.0,-1897501.0
KR0069,삼성생명보험,,생명보험,20,영업이익,2025.1Q,476949.0,476949.0
KR0069,삼성생명보험,,생명보험,21,영업외손익,2025.1Q,331502.0,331502.0
KR0069,삼성생명보험,,생명보험,22,세전이익,2025.1Q,808451.0,808451.0
KR0069,삼성생명보험,,생명보험,23,법인세,2025.1Q,104732.0,104732.0
KR0069,삼성생명보험,,생명보험,24,당기순이익,2025.1Q,703719.0,703719.0
KR0069,삼성생명보험,,생명보험,1,보험손익,2025.2Q,831345.0,553463.0
KR0069,삼성생명보험,,생명보험,2,생명장기 손익,2025.2Q,882310.0,582645.0
KR0069,삼성생명보험,,생명보험,3,생명장기 원수손익,2025.2Q,915455.0,594867.0
KR0069,삼성생명보험,,생명보험,4,원수 CSM상각,2025.2Q,743661.0,382582.0
KR0069,삼성생명보험,,생명보험,5,원수 위험조정 변동,2025.2Q,169050.0,83843.0
KR0069,삼성생명보험,,생명보험,6,원수 예실차,2025.2Q,51489.0,51897.0
KR0069,삼성생명보험,,생명보험,7,기타 생명장기 원수손익,2025.2Q,-48745.0,76545.0
KR0069,삼성생명보험,,생명보험,8,생명장기 재보험손익,2025.2Q,-33145.0,-12222.0
KR0069,삼성생명보험,,생명보험,9,재보험 CSM상각,2025.2Q,-32746.0,-15536.0
KR0069,삼성생명보험,,생명보험,10,재보험 위험조정 변동,2025.2Q,-5551.0,-2525.0
KR0069,삼성생명보험,,생명보험,11,재보험 예실차,2025.2Q,831.0,2787.0
KR0069,삼성생명보험,,생명보험,12,기타 생명장기 재보험손익,2025.2Q,4321.0,3052.0
KR0069,삼성생명보험,,생명보험,13,자동차손익,2025.2Q,0.0,0.0
KR0069,삼성생명보험,,생명보험,14,일반손익,2025.2Q,0.0,0.0
KR0069,삼성생명보험,,생명보험,15,기타영업수익,2025.2Q,0.0,0.0
KR0069,삼성생명보험,,생명보험,16,기타사업비용,2025.2Q,50965.0,29182.0
KR0069,삼성생명보험,,생명보험,17,투자손익,2025.2Q,289056.0,89989.0
KR0069,삼성생명보험,,생명보험,18,투자이익,2025.2Q,5132055.0,3035487.0
KR0069,삼성생명보험,,생명보험,19,보험금융손익,2025.2Q,-4842999.0,-2945498.0
KR0069,삼성생명보험,,생명보험,20,영업이익,2025.2Q,1120401.0,643452.0
KR0069,삼성생명보험,,생명보험,21,영업외손익,2025.2Q,342072.0,10570.0
KR0069,삼성생명보험,,생명보험,22,세전이익,2025.2Q,1462473.0,654022.0
KR0069,삼성생명보험,,생명보험,23,법인세,2025.2Q,261999.0,157267.0
KR0069,삼성생명보험,,생명보험,24,당기순이익,2025.2Q,1200474.0,496755.0
KR0069,삼성생명보험,,생명보험,1,보험손익,2025.3Q,1092943.0,261598.0
KR0069,삼성생명보험,,생명보험,2,생명장기 손익,2025.3Q,1177992.0,295682.0
KR0069,삼성생명보험,,생명보험,3,생명장기 원수손익,2025.3Q,1217601.0,302146.0
KR0069,삼성생명보험,,생명보험,4,원수 CSM상각,2025.3Q,1122024.0,378363.0
KR0069,삼성생명보험,,생명보험,5,원수 위험조정 변동,2025.3Q,258329.0,89279.0
KR0069,삼성생명보험,,생명보험,6,원수 예실차,2025.3Q,3471.0,-48018.0
KR0069,삼성생명보험,,생명보험,7,기타 생명장기 원수손익,2025.3Q,-166223.0,-117478.0
KR0069,삼성생명보험,,생명보험,8,생명장기 재보험손익,2025.3Q,-39609.0,-6464.0
KR0069,삼성생명보험,,생명보험,9,재보험 CSM상각,2025.3Q,-48475.0,-15729.0
KR0069,삼성생명보험,,생명보험,10,재보험 위험조정 변동,2025.3Q,-7405.0,-1854.0
KR0069,삼성생명보험,,생명보험,11,재보험 예실차,2025.3Q,8317.0,7486.0
KR0069,삼성생명보험,,생명보험,12,기타 생명장기 재보험손익,2025.3Q,7954.0,3633.0
KR0069,삼성생명보험,,생명보험,13,자동차손익,2025.3Q,0.0,0.0
KR0069,삼성생명보험,,생명보험,14,일반손익,2025.3Q,0.0,0.0
KR0069,삼성생명보험,,생명보험,15,기타영업수익,2025.3Q,0.0,0.0
KR0069,삼성생명보험,,생명보험,16,기타사업비용,2025.3Q,85049.0,34084.0
KR0069,삼성생명보험,,생명보험,17,투자손익,2025.3Q,544697.0,255641.0
KR0069,삼성생명보험,,생명보험,18,투자이익,2025.3Q,7993925.0,2861870.0
KR0069,삼성생명보험,,생명보험,19,보험금융손익,2025.3Q,-7449228.0,-2606229.0
KR0069,삼성생명보험,,생명보험,20,영업이익,2025.3Q,1637640.0,517239.0
KR0069,삼성생명보험,,생명보험,21,영업외손익,2025.3Q,347934.0,5862.0
KR0069,삼성생명보험,,생명보험,22,세전이익,2025.3Q,1985574.0,523101.0
KR0069,삼성생명보험,,생명보험,23,법인세,2025.3Q,375680.0,113681.0
KR0069,삼성생명보험,,생명보험,24,당기순이익,2025.3Q,1609894.0,409420.0
KR0069,삼성생명보험,,생명보험,1,보험손익,2025.4Q,974716.0,-118227.0
KR0069,삼성생명보험,,생명보험,2,생명장기 손익,2025.4Q,1112338.0,-65654.0
KR0069,삼성생명보험,,생명보험,3,생명장기 원수손익,2025.4Q,1170323.0,-47278.0
KR0069,삼성생명보험,,생명보험,4,원수 CSM상각,2025.4Q,1479600.0,357576.0
KR0069,삼성생명보험,,생명보험,5,원수 위험조정 변동,2025.4Q,345560.0,87231.0
KR0069,삼성생명보험,,생명보험,6,원수 예실차,2025.4Q,-135463.0,-138934.0
KR0069,삼성생명보험,,생명보험,7,기타 생명장기 원수손익,2025.4Q,-519374.0,-353151.0
KR0069,삼성생명보험,,생명보험,8,생명장기 재보험손익,2025.4Q,-57985.0,-18376.0
KR0069,삼성생명보험,,생명보험,9,재보험 CSM상각,2025.4Q,-63730.0,-15255.0
KR0069,삼성생명보험,,생명보험,10,재보험 위험조정 변동,2025.4Q,-9404.0,-1999.0
KR0069,삼성생명보험,,생명보험,11,재보험 예실차,2025.4Q,6944.0,-1373.0
KR0069,삼성생명보험,,생명보험,12,기타 생명장기 재보험손익,2025.4Q,8205.0,251.0
KR0069,삼성생명보험,,생명보험,13,자동차손익,2025.4Q,0.0,0.0
KR0069,삼성생명보험,,생명보험,14,일반손익,2025.4Q,0.0,0.0
KR0069,삼성생명보험,,생명보험,15,기타영업수익,2025.4Q,0.0,0.0
KR0069,삼성생명보험,,생명보험,16,기타사업비용,2025.4Q,137622.0,52573.0
KR0069,삼성생명보험,,생명보험,17,투자손익,2025.4Q,691745.0,147048.0
KR0069,삼성생명보험,,생명보험,18,투자이익,2025.4Q,11166553.0,3172628.0
KR0069,삼성생명보험,,생명보험,19,보험금융손익,2025.4Q,-10474808.0,-3025580.0
KR0069,삼성생명보험,,생명보험,20,영업이익,2025.4Q,1666461.0,28821.0
KR0069,삼성생명보험,,생명보험,21,영업외손익,2025.4Q,340545.0,-7389.0
KR0069,삼성생명보험,,생명보험,22,세전이익,2025.4Q,2007006.0,21432.0
KR0069,삼성생명보험,,생명보험,23,법인세,2025.4Q,307244.0,-68436.0
KR0069,삼성생명보험,,생명보험,24,당기순이익,2025.4Q,1699762.0,89868.0
KR0069,삼성생명보험,,생명보험,1,보험손익,2026.1Q,256477.0,256477.0
KR0069,삼성생명보험,,생명보험,2,생명장기 손익,2026.1Q,275935.0,275935.0
KR0069,삼성생명보험,,생명보험,3,생명장기 원수손익,2026.1Q,293783.0,293783.0
KR0069,삼성생명보험,,생명보험,4,원수 CSM상각,2026.1Q,367401.0,367401.0
KR0069,삼성생명보험,,생명보험,5,원수 위험조정 변동,2026.1Q,87202.0,87202.0
KR0069,삼성생명보험,,생명보험,6,원수 예실차,2026.1Q,-72069.0,-72069.0
KR0069,삼성생명보험,,생명보험,7,기타 생명장기 원수손익,2026.1Q,-88751.0,-88751.0
KR0069,삼성생명보험,,생명보험,8,생명장기 재보험손익,2026.1Q,-17848.0,-17848.0
KR0069,삼성생명보험,,생명보험,9,재보험 CSM상각,2026.1Q,-16303.0,-16303.0
KR0069,삼성생명보험,,생명보험,10,재보험 위험조정 변동,2026.1Q,-2510.0,-2510.0
KR0069,삼성생명보험,,생명보험,11,재보험 예실차,2026.1Q,4809.0,4809.0
KR0069,삼성생명보험,,생명보험,12,기타 생명장기 재보험손익,2026.1Q,-3844.0,-3844.0
KR0069,삼성생명보험,,생명보험,13,자동차손익,2026.1Q,0.0,0.0
KR0069,삼성생명보험,,생명보험,14,일반손익,2026.1Q,0.0,0.0
KR0069,삼성생명보험,,생명보험,15,기타영업수익,2026.1Q,0.0,0.0
KR0069,삼성생명보험,,생명보험,16,기타사업비용,2026.1Q,19458.0,19458.0
KR0069,삼성생명보험,,생명보험,17,투자손익,2026.1Q,774054.0,774054.0
KR0069,삼성생명보험,,생명보험,18,투자이익,2026.1Q,3660210.0,3660210.0
KR0069,삼성생명보험,,생명보험,19,보험금융손익,2026.1Q,-2886156.0,-2886156.0
KR0069,삼성생명보험,,생명보험,20,영업이익,2026.1Q,1030531.0,1030531.0
KR0069,삼성생명보험,,생명보험,21,영업외손익,2026.1Q,366829.0,366829.0
KR0069,삼성생명보험,,생명보험,22,세전이익,2026.1Q,1397360.0,1397360.0
KR0069,삼성생명보험,,생명보험,23,법인세,2026.1Q,255250.0,255250.0
KR0069,삼성생명보험,,생명보험,24,당기순이익,2026.1Q,1142110.0,1142110.0
KR0069,삼성생명보험,,생명보험,1,보험손익,2026.2Q,533081.0,276604.0
KR0069,삼성생명보험,,생명보험,2,생명장기 손익,2026.2Q,584386.0,308451.0
KR0069,삼성생명보험,,생명보험,3,생명장기 원수손익,2026.2Q,607608.0,313825.0
KR0069,삼성생명보험,,생명보험,4,원수 CSM상각,2026.2Q,733660.0,366259.0
KR0069,삼성생명보험,,생명보험,5,원수 위험조정 변동,2026.2Q,175234.0,88032.0
KR0069,삼성생명보험,,생명보험,6,원수 예실차,2026.2Q,-94305.0,-22236.0
KR0069,삼성생명보험,,생명보험,7,기타 생명장기 원수손익,2026.2Q,-206981.0,-118230.0
KR0069,삼성생명보험,,생명보험,8,생명장기 재보험손익,2026.2Q,-23222.0,-5374.0
KR0069,삼성생명보험,,생명보험,9,재보험 CSM상각,2026.2Q,-26903.0,-10600.0
KR0069,삼성생명보험,,생명보험,10,재보험 위험조정 변동,2026.2Q,-3361.0,-851.0
KR0069,삼성생명보험,,생명보험,11,재보험 예실차,2026.2Q,9416.0,4607.0
KR0069,삼성생명보험,,생명보험,12,기타 생명장기 재보험손익,2026.2Q,-2374.0,1470.0
KR0069,삼성생명보험,,생명보험,13,자동차손익,2026.2Q,0.0,0.0
KR0069,삼성생명보험,,생명보험,14,일반손익,2026.2Q,0.0,0.0
KR0069,삼성생명보험,,생명보험,15,기타영업수익,2026.2Q,0.0,0.0
KR0069,삼성생명보험,,생명보험,16,기타사업비용,2026.2Q,51305.0,31847.0
KR0069,삼성생명보험,,생명보험,17,투자손익,2026.2Q,675108.0,-98946.0
KR0069,삼성생명보험,,생명보험,18,투자이익,2026.2Q,13340015.0,9679805.0
KR0069,삼성생명보험,,생명보험,19,보험금융손익,2026.2Q,-12664907.0,-9778751.0
KR0069,삼성생명보험,,생명보험,20,영업이익,2026.2Q,1208189.0,177658.0
KR0069,삼성생명보험,,생명보험,21,영업외손익,2026.2Q,398910.0,32081.0
KR0069,삼성생명보험,,생명보험,22,세전이익,2026.2Q,1607099.0,209739.0
KR0069,삼성생명보험,,생명보험,23,법인세,2026.2Q,288923.0,33673.0
KR0069,삼성생명보험,,생명보험,24,당기순이익,2026.2Q,1318176.0,176066.0
KR0070,에이비엘생명보험,,생명보험,1,보험손익,2023.1Q,17007.0,17007.0
KR0070,에이비엘생명보험,,생명보험,2,생명장기 손익,2023.1Q,17007.0,17007.0
KR0070,에이비엘생명보험,,생명보험,3,생명장기 원수손익,2023.1Q,21169.0,21169.0
KR0070,에이비엘생명보험,,생명보험,4,원수 CSM상각,2023.1Q,22664.0,22664.0
KR0070,에이비엘생명보험,,생명보험,5,원수 위험조정 변동,2023.1Q,272.0,272.0
KR0070,에이비엘생명보험,,생명보험,6,원수 예실차,2023.1Q,0.0,0.0
KR0070,에이비엘생명보험,,생명보험,7,기타 생명장기 원수손익,2023.1Q,-1767.0,-1767.0
KR0070,에이비엘생명보험,,생명보험,8,생명장기 재보험손익,2023.1Q,-4162.0,-4162.0
KR0070,에이비엘생명보험,,생명보험,9,재보험 CSM상각,2023.1Q,,
KR0070,에이비엘생명보험,,생명보험,10,재보험 위험조정 변동,2023.1Q,,
KR0070,에이비엘생명보험,,생명보험,11,재보험 예실차,2023.1Q,,
KR0070,에이비엘생명보험,,생명보험,12,기타 생명장기 재보험손익,2023.1Q,,
KR0070,에이비엘생명보험,,생명보험,13,자동차손익,2023.1Q,0.0,0.0
KR0070,에이비엘생명보험,,생명보험,14,일반손익,2023.1Q,0.0,0.0
KR0070,에이비엘생명보험,,생명보험,15,기타영업수익,2023.1Q,0.0,0.0
KR0070,에이비엘생명보험,,생명보험,16,기타사업비용,2023.1Q,,
KR0070,에이비엘생명보험,,생명보험,17,투자손익,2023.1Q,,
KR0070,에이비엘생명보험,,생명보험,18,투자이익,2023.1Q,,
KR0070,에이비엘생명보험,,생명보험,19,보험금융손익,2023.1Q,,
KR0070,에이비엘생명보험,,생명보험,20,영업이익,2023.1Q,20299.0,20299.0
KR0070,에이비엘생명보험,,생명보험,21,영업외손익,2023.1Q,-8849.0,-8849.0
KR0070,에이비엘생명보험,,생명보험,22,세전이익,2023.1Q,11450.0,11450.0
KR0070,에이비엘생명보험,,생명보험,23,법인세,2023.1Q,3721.0,3721.0
KR0070,에이비엘생명보험,,생명보험,24,당기순이익,2023.1Q,7729.0,7729.0
KR0070,에이비엘생명보험,,생명보험,1,보험손익,2023.2Q,37860.0,20853.0
KR0070,에이비엘생명보험,,생명보험,2,생명장기 손익,2023.2Q,37860.0,20853.0
KR0070,에이비엘생명보험,,생명보험,3,생명장기 원수손익,2023.2Q,44795.0,23626.0
KR0070,에이비엘생명보험,,생명보험,4,원수 CSM상각,2023.2Q,48623.0,25959.0
KR0070,에이비엘생명보험,,생명보험,5,원수 위험조정 변동,2023.2Q,6649.0,6377.0
KR0070,에이비엘생명보험,,생명보험,6,원수 예실차,2023.2Q,0.0,0.0
KR0070,에이비엘생명보험,,생명보험,7,기타 생명장기 원수손익,2023.2Q,-10477.0,-8710.0
KR0070,에이비엘생명보험,,생명보험,8,생명장기 재보험손익,2023.2Q,-6935.0,-2773.0
KR0070,에이비엘생명보험,,생명보험,9,재보험 CSM상각,2023.2Q,,
KR0070,에이비엘생명보험,,생명보험,10,재보험 위험조정 변동,2023.2Q,,
KR0070,에이비엘생명보험,,생명보험,11,재보험 예실차,2023.2Q,,
KR0070,에이비엘생명보험,,생명보험,12,기타 생명장기 재보험손익,2023.2Q,,
KR0070,에이비엘생명보험,,생명보험,13,자동차손익,2023.2Q,0.0,0.0
KR0070,에이비엘생명보험,,생명보험,14,일반손익,2023.2Q,0.0,0.0
KR0070,에이비엘생명보험,,생명보험,15,기타영업수익,2023.2Q,0.0,0.0
KR0070,에이비엘생명보험,,생명보험,16,기타사업비용,2023.2Q,,
KR0070,에이비엘생명보험,,생명보험,17,투자손익,2023.2Q,,
KR0070,에이비엘생명보험,,생명보험,18,투자이익,2023.2Q,,
KR0070,에이비엘생명보험,,생명보험,19,보험금융손익,2023.2Q,,
KR0070,에이비엘생명보험,,생명보험,20,영업이익,2023.2Q,73535.0,53236.0
KR0070,에이비엘생명보험,,생명보험,21,영업외손익,2023.2Q,-16539.0,-7690.0
KR0070,에이비엘생명보험,,생명보험,22,세전이익,2023.2Q,56996.0,45546.0
KR0070,에이비엘생명보험,,생명보험,23,법인세,2023.2Q,14222.0,10501.0
KR0070,에이비엘생명보험,,생명보험,24,당기순이익,2023.2Q,42774.0,35045.0
KR0070,에이비엘생명보험,,생명보험,1,보험손익,2023.3Q,52509.0,14649.0
KR0070,에이비엘생명보험,,생명보험,2,생명장기 손익,2023.3Q,52509.0,14649.0
KR0070,에이비엘생명보험,,생명보험,3,생명장기 원수손익,2023.3Q,61965.0,17170.0
KR0070,에이비엘생명보험,,생명보험,4,원수 CSM상각,2023.3Q,75180.0,26557.0
KR0070,에이비엘생명보험,,생명보험,5,원수 위험조정 변동,2023.3Q,11071.0,4422.0
KR0070,에이비엘생명보험,,생명보험,6,원수 예실차,2023.3Q,0.0,0.0
KR0070,에이비엘생명보험,,생명보험,7,기타 생명장기 원수손익,2023.3Q,-24286.0,-13809.0
KR0070,에이비엘생명보험,,생명보험,8,생명장기 재보험손익,2023.3Q,-9456.0,-2521.0
KR0070,에이비엘생명보험,,생명보험,9,재보험 CSM상각,2023.3Q,-9586.0,
KR0070,에이비엘생명보험,,생명보험,10,재보험 위험조정 변동,2023.3Q,-474.0,
KR0070,에이비엘생명보험,,생명보험,11,재보험 예실차,2023.3Q,0.0,
KR0070,에이비엘생명보험,,생명보험,12,기타 생명장기 재보험손익,2023.3Q,604.0,
KR0070,에이비엘생명보험,,생명보험,13,자동차손익,2023.3Q,0.0,0.0
KR0070,에이비엘생명보험,,생명보험,14,일반손익,2023.3Q,0.0,0.0
KR0070,에이비엘생명보험,,생명보험,15,기타영업수익,2023.3Q,0.0,0.0
KR0070,에이비엘생명보험,,생명보험,16,기타사업비용,2023.3Q,,
KR0070,에이비엘생명보험,,생명보험,17,투자손익,2023.3Q,21584.0,
KR0070,에이비엘생명보험,,생명보험,18,투자이익,2023.3Q,520792.0,
KR0070,에이비엘생명보험,,생명보험,19,보험금융손익,2023.3Q,-499208.0,
KR0070,에이비엘생명보험,,생명보험,20,영업이익,2023.3Q,74093.0,558.0
KR0070,에이비엘생명보험,,생명보험,21,영업외손익,2023.3Q,-23910.0,-7371.0
KR0070,에이비엘생명보험,,생명보험,22,세전이익,2023.3Q,50183.0,-6813.0
KR0070,에이비엘생명보험,,생명보험,23,법인세,2023.3Q,12649.0,-1573.0
KR0070,에이비엘생명보험,,생명보험,24,당기순이익,2023.3Q,37534.0,-5240.0
KR0070,에이비엘생명보험,,생명보험,1,보험손익,2023.4Q,38812.795396,-13696.204604
KR0070,에이비엘생명보험,,생명보험,2,생명장기 손익,2023.4Q,38812.795396,-13696.204604
KR0070,에이비엘생명보험,,생명보험,3,생명장기 원수손익,2023.4Q,47005.542249,-14959.457751
KR0070,에이비엘생명보험,,생명보험,4,원수 CSM상각,2023.4Q,92971.0,17791.0
KR0070,에이비엘생명보험,,생명보험,5,원수 위험조정 변동,2023.4Q,16395.0,5324.0
KR0070,에이비엘생명보험,,생명보험,6,원수 예실차,2023.4Q,0.0,0.0
KR0070,에이비엘생명보험,,생명보험,7,기타 생명장기 원수손익,2023.4Q,-62360.457751,-38074.457751
KR0070,에이비엘생명보험,,생명보험,8,생명장기 재보험손익,2023.4Q,-8192.746853,1263.253147
KR0070,에이비엘생명보험,,생명보험,9,재보험 CSM상각,2023.4Q,-9589.0,-3.0
KR0070,에이비엘생명보험,,생명보험,10,재보험 위험조정 변동,2023.4Q,-728.0,-254.0
KR0070,에이비엘생명보험,,생명보험,11,재보험 예실차,2023.4Q,0.0,0.0
KR0070,에이비엘생명보험,,생명보험,12,기타 생명장기 재보험손익,2023.4Q,2124.253147,1520.253147
KR0070,에이비엘생명보험,,생명보험,13,자동차손익,2023.4Q,0.0,0.0
KR0070,에이비엘생명보험,,생명보험,14,일반손익,2023.4Q,0.0,0.0
KR0070,에이비엘생명보험,,생명보험,15,기타영업수익,2023.4Q,0.0,0.0
KR0070,에이비엘생명보험,,생명보험,16,기타사업비용,2023.4Q,,
KR0070,에이비엘생명보험,,생명보험,17,투자손익,2023.4Q,93667.388555,72083.388555
KR0070,에이비엘생명보험,,생명보험,18,투자이익,2023.4Q,825999.793276,305207.793276
KR0070,에이비엘생명보험,,생명보험,19,보험금융손익,2023.4Q,-732332.404721,-233124.404721
KR0070,에이비엘생명보험,,생명보험,20,영업이익,2023.4Q,132480.183951,58387.183951
KR0070,에이비엘생명보험,,생명보험,21,영업외손익,2023.4Q,-28900.930897,-4990.930897
KR0070,에이비엘생명보험,,생명보험,22,세전이익,2023.4Q,103579.253054,53396.253054
KR0070,에이비엘생명보험,,생명보험,23,법인세,2023.4Q,23144.232133,10495.232133
KR0070,에이비엘생명보험,,생명보험,24,당기순이익,2023.4Q,80435.020921,42901.020921
KR0070,에이비엘생명보험,,생명보험,1,보험손익,2024.1Q,15591.954456,15591.954456
KR0070,에이비엘생명보험,,생명보험,2,생명장기 손익,2024.1Q,19357.21857,19357.21857
KR0070,에이비엘생명보험,,생명보험,3,생명장기 원수손익,2024.1Q,19541.242188,19541.242188
KR0070,에이비엘생명보험,,생명보험,4,원수 CSM상각,2024.1Q,22447.0,22447.0
KR0070,에이비엘생명보험,,생명보험,5,원수 위험조정 변동,2024.1Q,196.0,196.0
KR0070,에이비엘생명보험,,생명보험,6,원수 예실차,2024.1Q,0.0,0.0
KR0070,에이비엘생명보험,,생명보험,7,기타 생명장기 원수손익,2024.1Q,-3101.757812,-3101.757812
KR0070,에이비엘생명보험,,생명보험,8,생명장기 재보험손익,2024.1Q,-184.023618,-184.023618
KR0070,에이비엘생명보험,,생명보험,9,재보험 CSM상각,2024.1Q,,
KR0070,에이비엘생명보험,,생명보험,10,재보험 위험조정 변동,2024.1Q,,
KR0070,에이비엘생명보험,,생명보험,11,재보험 예실차,2024.1Q,,
KR0070,에이비엘생명보험,,생명보험,12,기타 생명장기 재보험손익,2024.1Q,,
KR0070,에이비엘생명보험,,생명보험,13,자동차손익,2024.1Q,0.0,0.0
KR0070,에이비엘생명보험,,생명보험,14,일반손익,2024.1Q,0.0,0.0
KR0070,에이비엘생명보험,,생명보험,15,기타영업수익,2024.1Q,0.0,0.0
KR0070,에이비엘생명보험,,생명보험,16,기타사업비용,2024.1Q,3765.264114,3765.264114
KR0070,에이비엘생명보험,,생명보험,17,투자손익,2024.1Q,-5720.079812,-5720.079812
KR0070,에이비엘생명보험,,생명보험,18,투자이익,2024.1Q,200726.688867,200726.688867
KR0070,에이비엘생명보험,,생명보험,19,보험금융손익,2024.1Q,-206446.768679,-206446.768679
KR0070,에이비엘생명보험,,생명보험,20,영업이익,2024.1Q,9871.874644,9871.874644
KR0070,에이비엘생명보험,,생명보험,21,영업외손익,2024.1Q,373.657212,373.657212
KR0070,에이비엘생명보험,,생명보험,22,세전이익,2024.1Q,10245.531856,10245.531856
KR0070,에이비엘생명보험,,생명보험,23,법인세,2024.1Q,2476.559489,2476.559489
KR0070,에이비엘생명보험,,생명보험,24,당기순이익,2024.1Q,7768.972367,7768.972367
KR0070,에이비엘생명보험,,생명보험,1,보험손익,2024.2Q,26729.95357,11137.999114
KR0070,에이비엘생명보험,,생명보험,2,생명장기 손익,2024.2Q,39671.917143,20314.698573
KR0070,에이비엘생명보험,,생명보험,3,생명장기 원수손익,2024.2Q,43033.860123,23492.617935
KR0070,에이비엘생명보험,,생명보험,4,원수 CSM상각,2024.2Q,44994.0,22547.0
KR0070,에이비엘생명보험,,생명보험,5,원수 위험조정 변동,2024.2Q,369.0,173.0
KR0070,에이비엘생명보험,,생명보험,6,원수 예실차,2024.2Q,0.0,0.0
KR0070,에이비엘생명보험,,생명보험,7,기타 생명장기 원수손익,2024.2Q,-2329.139877,772.617935
KR0070,에이비엘생명보험,,생명보험,8,생명장기 재보험손익,2024.2Q,-3361.94298,-3177.919362
KR0070,에이비엘생명보험,,생명보험,9,재보험 CSM상각,2024.2Q,,
KR0070,에이비엘생명보험,,생명보험,10,재보험 위험조정 변동,2024.2Q,,
KR0070,에이비엘생명보험,,생명보험,11,재보험 예실차,2024.2Q,,
KR0070,에이비엘생명보험,,생명보험,12,기타 생명장기 재보험손익,2024.2Q,,
KR0070,에이비엘생명보험,,생명보험,13,자동차손익,2024.2Q,0.0,0.0
KR0070,에이비엘생명보험,,생명보험,14,일반손익,2024.2Q,0.0,0.0
KR0070,에이비엘생명보험,,생명보험,15,기타영업수익,2024.2Q,0.0,0.0
KR0070,에이비엘생명보험,,생명보험,16,기타사업비용,2024.2Q,12941.963573,9176.699459
KR0070,에이비엘생명보험,,생명보험,17,투자손익,2024.2Q,32655.613464,38375.693276
KR0070,에이비엘생명보험,,생명보험,18,투자이익,2024.2Q,422338.36441,221611.675543
KR0070,에이비엘생명보험,,생명보험,19,보험금융손익,2024.2Q,-389682.750946,-183235.982267
KR0070,에이비엘생명보험,,생명보험,20,영업이익,2024.2Q,59385.567034,49513.69239
KR0070,에이비엘생명보험,,생명보험,21,영업외손익,2024.2Q,-3992.745848,-4366.40306
KR0070,에이비엘생명보험,,생명보험,22,세전이익,2024.2Q,55392.821186,45147.28933
KR0070,에이비엘생명보험,,생명보험,23,법인세,2024.2Q,12917.2658,10440.706311
KR0070,에이비엘생명보험,,생명보험,24,당기순이익,2024.2Q,42475.555386,34706.583019
KR0070,에이비엘생명보험,,생명보험,1,보험손익,2024.3Q,27317.039189,587.085619
KR0070,에이비엘생명보험,,생명보험,2,생명장기 손익,2024.3Q,44199.91201,4527.994867
KR0070,에이비엘생명보험,,생명보험,3,생명장기 원수손익,2024.3Q,49349.989864,6316.129741
KR0070,에이비엘생명보험,,생명보험,4,원수 CSM상각,2024.3Q,66762.0,21768.0
KR0070,에이비엘생명보험,,생명보험,5,원수 위험조정 변동,2024.3Q,578.0,209.0
KR0070,에이비엘생명보험,,생명보험,6,원수 예실차,2024.3Q,0.0,0.0
KR0070,에이비엘생명보험,,생명보험,7,기타 생명장기 원수손익,2024.3Q,-17990.010136,-15660.870259
KR0070,에이비엘생명보험,,생명보험,8,생명장기 재보험손익,2024.3Q,-5150.077854,-1788.134874
KR0070,에이비엘생명보험,,생명보험,9,재보험 CSM상각,2024.3Q,,
KR0070,에이비엘생명보험,,생명보험,10,재보험 위험조정 변동,2024.3Q,,
KR0070,에이비엘생명보험,,생명보험,11,재보험 예실차,2024.3Q,,
KR0070,에이비엘생명보험,,생명보험,12,기타 생명장기 재보험손익,2024.3Q,,
KR0070,에이비엘생명보험,,생명보험,13,자동차손익,2024.3Q,0.0,0.0
KR0070,에이비엘생명보험,,생명보험,14,일반손익,2024.3Q,0.0,0.0
KR0070,에이비엘생명보험,,생명보험,15,기타영업수익,2024.3Q,0.0,0.0
KR0070,에이비엘생명보험,,생명보험,16,기타사업비용,2024.3Q,16882.872821,3940.909248
KR0070,에이비엘생명보험,,생명보험,17,투자손익,2024.3Q,69166.349415,36510.735951
KR0070,에이비엘생명보험,,생명보험,18,투자이익,2024.3Q,559444.899185,137106.534775
KR0070,에이비엘생명보험,,생명보험,19,보험금융손익,2024.3Q,-490278.54977,-100595.798824
KR0070,에이비엘생명보험,,생명보험,20,영업이익,2024.3Q,96483.388604,37097.82157
KR0070,에이비엘생명보험,,생명보험,21,영업외손익,2024.3Q,-8313.522361,-4320.776513
KR0070,에이비엘생명보험,,생명보험,22,세전이익,2024.3Q,88169.866243,32777.045057
KR0070,에이비엘생명보험,,생명보험,23,법인세,2024.3Q,20489.078458,7571.812658
KR0070,에이비엘생명보험,,생명보험,24,당기순이익,2024.3Q,67680.787785,25205.232399
KR0070,에이비엘생명보험,,생명보험,1,보험손익,2024.4Q,9976.532632,-17340.506557
KR0070,에이비엘생명보험,,생명보험,2,생명장기 손익,2024.4Q,38841.459694,-5358.452316
KR0070,에이비엘생명보험,,생명보험,3,생명장기 원수손익,2024.4Q,44502.085246,-4847.904618
KR0070,에이비엘생명보험,,생명보험,4,원수 CSM상각,2024.4Q,88926.0,22164.0
KR0070,에이비엘생명보험,,생명보험,5,원수 위험조정 변동,2024.4Q,12282.0,11704.0
KR0070,에이비엘생명보험,,생명보험,6,원수 예실차,2024.4Q,0.0,0.0
KR0070,에이비엘생명보험,,생명보험,7,기타 생명장기 원수손익,2024.4Q,-56705.914754,-38715.904618
KR0070,에이비엘생명보험,,생명보험,8,생명장기 재보험손익,2024.4Q,-5660.625552,-510.547698
KR0070,에이비엘생명보험,,생명보험,9,재보험 CSM상각,2024.4Q,-9215.0,
KR0070,에이비엘생명보험,,생명보험,10,재보험 위험조정 변동,2024.4Q,-785.0,
KR0070,에이비엘생명보험,,생명보험,11,재보험 예실차,2024.4Q,0.0,
KR0070,에이비엘생명보험,,생명보험,12,기타 생명장기 재보험손익,2024.4Q,4339.374448,
KR0070,에이비엘생명보험,,생명보험,13,자동차손익,2024.4Q,0.0,0.0
KR0070,에이비엘생명보험,,생명보험,14,일반손익,2024.4Q,0.0,0.0
KR0070,에이비엘생명보험,,생명보험,15,기타영업수익,2024.4Q,0.0,0.0
KR0070,에이비엘생명보험,,생명보험,16,기타사업비용,2024.4Q,28864.927062,11982.054241
KR0070,에이비엘생명보험,,생명보험,17,투자손익,2024.4Q,123468.811183,54302.461768
KR0070,에이비엘생명보험,,생명보험,18,투자이익,2024.4Q,746895.358699,187450.459514
KR0070,에이비엘생명보험,,생명보험,19,보험금융손익,2024.4Q,-623426.547516,-133147.997746
KR0070,에이비엘생명보험,,생명보험,20,영업이익,2024.4Q,133445.343815,36961.955211
KR0070,에이비엘생명보험,,생명보험,21,영업외손익,2024.4Q,-12714.456358,-4400.933997
KR0070,에이비엘생명보험,,생명보험,22,세전이익,2024.4Q,120730.887457,32561.021214
KR0070,에이비엘생명보험,,생명보험,23,법인세,2024.4Q,15949.222974,-4539.855484
KR0070,에이비엘생명보험,,생명보험,24,당기순이익,2024.4Q,104781.664483,37100.876698
KR0070,에이비엘생명보험,,생명보험,1,보험손익,2025.1Q,10210.594583,10210.594583
KR0070,에이비엘생명보험,,생명보험,2,생명장기 손익,2025.1Q,13260.149443,13260.149443
KR0070,에이비엘생명보험,,생명보험,3,생명장기 원수손익,2025.1Q,17198.631771,17198.631771
KR0070,에이비엘생명보험,,생명보험,4,원수 CSM상각,2025.1Q,20087.0,20087.0
KR0070,에이비엘생명보험,,생명보험,5,원수 위험조정 변동,2025.1Q,3059.0,3059.0
KR0070,에이비엘생명보험,,생명보험,6,원수 예실차,2025.1Q,0.0,0.0
KR0070,에이비엘생명보험,,생명보험,7,기타 생명장기 원수손익,2025.1Q,-5947.368229,-5947.368229
KR0070,에이비엘생명보험,,생명보험,8,생명장기 재보험손익,2025.1Q,-3938.482328,-3938.482328
KR0070,에이비엘생명보험,,생명보험,9,재보험 CSM상각,2025.1Q,-3283.0,-3283.0
KR0070,에이비엘생명보험,,생명보험,10,재보험 위험조정 변동,2025.1Q,-203.0,-203.0
KR0070,에이비엘생명보험,,생명보험,11,재보험 예실차,2025.1Q,0.0,0.0
KR0070,에이비엘생명보험,,생명보험,12,기타 생명장기 재보험손익,2025.1Q,-452.482328,-452.482328
KR0070,에이비엘생명보험,,생명보험,13,자동차손익,2025.1Q,0.0,0.0
KR0070,에이비엘생명보험,,생명보험,14,일반손익,2025.1Q,0.0,0.0
KR0070,에이비엘생명보험,,생명보험,15,기타영업수익,2025.1Q,0.0,0.0
KR0070,에이비엘생명보험,,생명보험,16,기타사업비용,2025.1Q,3049.55486,3049.55486
KR0070,에이비엘생명보험,,생명보험,17,투자손익,2025.1Q,25586.952216,25586.952216
KR0070,에이비엘생명보험,,생명보험,18,투자이익,2025.1Q,195177.764624,195177.764624
KR0070,에이비엘생명보험,,생명보험,19,보험금융손익,2025.1Q,-169590.812408,-169590.812408
KR0070,에이비엘생명보험,,생명보험,20,영업이익,2025.1Q,35797.546799,35797.546799
KR0070,에이비엘생명보험,,생명보험,21,영업외손익,2025.1Q,-5183.698506,-5183.698506
KR0070,에이비엘생명보험,,생명보험,22,세전이익,2025.1Q,30613.848293,30613.848293
KR0070,에이비엘생명보험,,생명보험,23,법인세,2025.1Q,13015.703657,13015.703657
KR0070,에이비엘생명보험,,생명보험,24,당기순이익,2025.1Q,17598.144636,17598.144636
KR0070,에이비엘생명보험,,생명보험,1,보험손익,2025.2Q,12968.295811,2757.701228
KR0070,에이비엘생명보험,,생명보험,2,생명장기 손익,2025.2Q,23596.533477,10336.384034
KR0070,에이비엘생명보험,,생명보험,3,생명장기 원수손익,2025.2Q,30430.53048,13231.898709
KR0070,에이비엘생명보험,,생명보험,4,원수 CSM상각,2025.2Q,40080.0,19993.0
KR0070,에이비엘생명보험,,생명보험,5,원수 위험조정 변동,2025.2Q,6034.0,2975.0
KR0070,에이비엘생명보험,,생명보험,6,원수 예실차,2025.2Q,0.0,0.0
KR0070,에이비엘생명보험,,생명보험,7,기타 생명장기 원수손익,2025.2Q,-15683.46952,-9736.101291
KR0070,에이비엘생명보험,,생명보험,8,생명장기 재보험손익,2025.2Q,-6833.997003,-2895.514675
KR0070,에이비엘생명보험,,생명보험,9,재보험 CSM상각,2025.2Q,-6541.0,-3258.0
KR0070,에이비엘생명보험,,생명보험,10,재보험 위험조정 변동,2025.2Q,-1223.0,-1020.0
KR0070,에이비엘생명보험,,생명보험,11,재보험 예실차,2025.2Q,0.0,0.0
KR0070,에이비엘생명보험,,생명보험,12,기타 생명장기 재보험손익,2025.2Q,930.002997,1382.485325
KR0070,에이비엘생명보험,,생명보험,13,자동차손익,2025.2Q,0.0,0.0
KR0070,에이비엘생명보험,,생명보험,14,일반손익,2025.2Q,0.0,0.0
KR0070,에이비엘생명보험,,생명보험,15,기타영업수익,2025.2Q,0.0,0.0
KR0070,에이비엘생명보험,,생명보험,16,기타사업비용,2025.2Q,10628.237666,7578.682806
KR0070,에이비엘생명보험,,생명보험,17,투자손익,2025.2Q,50183.715697,24596.763481
KR0070,에이비엘생명보험,,생명보험,18,투자이익,2025.2Q,477300.215233,282122.450609
KR0070,에이비엘생명보험,,생명보험,19,보험금융손익,2025.2Q,-427116.499536,-257525.687128
KR0070,에이비엘생명보험,,생명보험,20,영업이익,2025.2Q,63152.011508,27354.464709
KR0070,에이비엘생명보험,,생명보험,21,영업외손익,2025.2Q,-11515.726074,-6332.027568
KR0070,에이비엘생명보험,,생명보험,22,세전이익,2025.2Q,51636.285434,21022.437141
KR0070,에이비엘생명보험,,생명보험,23,법인세,2025.2Q,19562.771939,6547.068282
KR0070,에이비엘생명보험,,생명보험,24,당기순이익,2025.2Q,32073.513495,14475.368859
KR0070,에이비엘생명보험,,생명보험,1,보험손익,2025.3Q,21903.640953,8935.345142
KR0070,에이비엘생명보험,,생명보험,2,생명장기 손익,2025.3Q,36497.286986,12900.753509
KR0070,에이비엘생명보험,,생명보험,3,생명장기 원수손익,2025.3Q,45848.507626,15417.977146
KR0070,에이비엘생명보험,,생명보험,4,원수 CSM상각,2025.3Q,61207.0,21127.0
KR0070,에이비엘생명보험,,생명보험,5,원수 위험조정 변동,2025.3Q,8826.0,2792.0
KR0070,에이비엘생명보험,,생명보험,6,원수 예실차,2025.3Q,0.0,0.0
KR0070,에이비엘생명보험,,생명보험,7,기타 생명장기 원수손익,2025.3Q,-24184.492374,-8501.022854
KR0070,에이비엘생명보험,,생명보험,8,생명장기 재보험손익,2025.3Q,-9351.22064,-2517.223637
KR0070,에이비엘생명보험,,생명보험,9,재보험 CSM상각,2025.3Q,-9836.0,-3295.0
KR0070,에이비엘생명보험,,생명보험,10,재보험 위험조정 변동,2025.3Q,-1462.0,-239.0
KR0070,에이비엘생명보험,,생명보험,11,재보험 예실차,2025.3Q,0.0,0.0
KR0070,에이비엘생명보험,,생명보험,12,기타 생명장기 재보험손익,2025.3Q,1946.77936,1016.776363
KR0070,에이비엘생명보험,,생명보험,13,자동차손익,2025.3Q,0.0,0.0
KR0070,에이비엘생명보험,,생명보험,14,일반손익,2025.3Q,0.0,0.0
KR0070,에이비엘생명보험,,생명보험,15,기타영업수익,2025.3Q,0.0,0.0
KR0070,에이비엘생명보험,,생명보험,16,기타사업비용,2025.3Q,14593.646033,3965.408367
KR0070,에이비엘생명보험,,생명보험,17,투자손익,2025.3Q,83359.210475,33175.494778
KR0070,에이비엘생명보험,,생명보험,18,투자이익,2025.3Q,772676.622783,295376.40755
KR0070,에이비엘생명보험,,생명보험,19,보험금융손익,2025.3Q,-689317.412308,-262200.912772
KR0070,에이비엘생명보험,,생명보험,20,영업이익,2025.3Q,105262.851428,42110.83992
KR0070,에이비엘생명보험,,생명보험,21,영업외손익,2025.3Q,-15136.178929,-3620.452855
KR0070,에이비엘생명보험,,생명보험,22,세전이익,2025.3Q,90126.672499,38490.387065
KR0070,에이비엘생명보험,,생명보험,23,법인세,2025.3Q,9874.82303,-9687.948909
KR0070,에이비엘생명보험,,생명보험,24,당기순이익,2025.3Q,80251.849469,48178.335974
KR0070,에이비엘생명보험,,생명보험,1,보험손익,2025.4Q,-90729.588521,-112633.229474
KR0070,에이비엘생명보험,,생명보험,2,생명장기 손익,2025.4Q,-63001.227066,-99498.514052
KR0070,에이비엘생명보험,,생명보험,3,생명장기 원수손익,2025.4Q,-173824.709914,-219673.21754
KR0070,에이비엘생명보험,,생명보험,4,원수 CSM상각,2025.4Q,82804.0,21597.0
KR0070,에이비엘생명보험,,생명보험,5,원수 위험조정 변동,2025.4Q,8346.0,-480.0
KR0070,에이비엘생명보험,,생명보험,6,원수 예실차,2025.4Q,0.0,0.0
KR0070,에이비엘생명보험,,생명보험,7,기타 생명장기 원수손익,2025.4Q,-264974.709914,-240790.21754
KR0070,에이비엘생명보험,,생명보험,8,생명장기 재보험손익,2025.4Q,110823.482848,120174.703488
KR0070,에이비엘생명보험,,생명보험,9,재보험 CSM상각,2025.4Q,-12874.0,-3038.0
KR0070,에이비엘생명보험,,생명보험,10,재보험 위험조정 변동,2025.4Q,-1685.0,-223.0
KR0070,에이비엘생명보험,,생명보험,11,재보험 예실차,2025.4Q,0.0,0.0
KR0070,에이비엘생명보험,,생명보험,12,기타 생명장기 재보험손익,2025.4Q,125382.482848,123435.703488
KR0070,에이비엘생명보험,,생명보험,13,자동차손익,2025.4Q,0.0,0.0
KR0070,에이비엘생명보험,,생명보험,14,일반손익,2025.4Q,0.0,0.0
KR0070,에이비엘생명보험,,생명보험,15,기타영업수익,2025.4Q,0.0,0.0
KR0070,에이비엘생명보험,,생명보험,16,기타사업비용,2025.4Q,27728.361455,13134.715422
KR0070,에이비엘생명보험,,생명보험,17,투자손익,2025.4Q,117892.110361,34532.899886
KR0070,에이비엘생명보험,,생명보험,18,투자이익,2025.4Q,1082866.326749,310189.703966
KR0070,에이비엘생명보험,,생명보험,19,보험금융손익,2025.4Q,-964974.216388,-275656.80408
KR0070,에이비엘생명보험,,생명보험,20,영업이익,2025.4Q,27162.52184,-78100.329588
KR0070,에이비엘생명보험,,생명보험,21,영업외손익,2025.4Q,-16258.263308,-1122.084379
KR0070,에이비엘생명보험,,생명보험,22,세전이익,2025.4Q,10904.258532,-79222.413967
KR0070,에이비엘생명보험,,생명보험,23,법인세,2025.4Q,-19073.88855,-28948.71158
KR0070,에이비엘생명보험,,생명보험,24,당기순이익,2025.4Q,29978.147082,-50273.702387
KR0070,에이비엘생명보험,,생명보험,1,보험손익,2026.1Q,15795.742168,15795.742168
KR0070,에이비엘생명보험,,생명보험,2,생명장기 손익,2026.1Q,22641.752366,22641.752366
KR0070,에이비엘생명보험,,생명보험,3,생명장기 원수손익,2026.1Q,26366.262338,26366.262338
KR0070,에이비엘생명보험,,생명보험,4,원수 CSM상각,2026.1Q,23674.0,23674.0
KR0070,에이비엘생명보험,,생명보험,5,원수 위험조정 변동,2026.1Q,1953.0,1953.0
KR0070,에이비엘생명보험,,생명보험,6,원수 예실차,2026.1Q,0.0,0.0
KR0070,에이비엘생명보험,,생명보험,7,기타 생명장기 원수손익,2026.1Q,739.262338,739.262338
KR0070,에이비엘생명보험,,생명보험,8,생명장기 재보험손익,2026.1Q,-3724.509972,-3724.509972
KR0070,에이비엘생명보험,,생명보험,9,재보험 CSM상각,2026.1Q,-3072.0,-3072.0
KR0070,에이비엘생명보험,,생명보험,10,재보험 위험조정 변동,2026.1Q,-287.0,-287.0
KR0070,에이비엘생명보험,,생명보험,11,재보험 예실차,2026.1Q,0.0,0.0
KR0070,에이비엘생명보험,,생명보험,12,기타 생명장기 재보험손익,2026.1Q,-365.509972,-365.509972
KR0070,에이비엘생명보험,,생명보험,13,자동차손익,2026.1Q,0.0,0.0
KR0070,에이비엘생명보험,,생명보험,14,일반손익,2026.1Q,0.0,0.0
KR0070,에이비엘생명보험,,생명보험,15,기타영업수익,2026.1Q,0.0,0.0
KR0070,에이비엘생명보험,,생명보험,16,기타사업비용,2026.1Q,6846.010198,6846.010198
KR0070,에이비엘생명보험,,생명보험,17,투자손익,2026.1Q,10219.802112,10219.802112
KR0070,에이비엘생명보험,,생명보험,18,투자이익,2026.1Q,277410.254792,277410.254792
KR0070,에이비엘생명보험,,생명보험,19,보험금융손익,2026.1Q,-267190.45268,-267190.45268
KR0070,에이비엘생명보험,,생명보험,20,영업이익,2026.1Q,26015.54428,26015.54428
KR0070,에이비엘생명보험,,생명보험,21,영업외손익,2026.1Q,16948.862686,16948.862686
KR0070,에이비엘생명보험,,생명보험,22,세전이익,2026.1Q,42964.406966,42964.406966
KR0070,에이비엘생명보험,,생명보험,23,법인세,2026.1Q,13208.597615,13208.597615
KR0070,에이비엘생명보험,,생명보험,24,당기순이익,2026.1Q,29755.809351,29755.809351
KR0070,에이비엘생명보험,,생명보험,1,보험손익,2026.2Q,-39500.039103,-55295.781271
KR0070,에이비엘생명보험,,생명보험,2,생명장기 손익,2026.2Q,-21759.951125,-44401.703491
KR0070,에이비엘생명보험,,생명보험,3,생명장기 원수손익,2026.2Q,-42938.569943,-69304.832281
KR0070,에이비엘생명보험,,생명보험,4,원수 CSM상각,2026.2Q,47138.0,23464.0
KR0070,에이비엘생명보험,,생명보험,5,원수 위험조정 변동,2026.2Q,3770.0,1817.0
KR0070,에이비엘생명보험,,생명보험,6,원수 예실차,2026.2Q,0.0,0.0
KR0070,에이비엘생명보험,,생명보험,7,기타 생명장기 원수손익,2026.2Q,-93846.569943,-94585.832281
KR0070,에이비엘생명보험,,생명보험,8,생명장기 재보험손익,2026.2Q,21178.618818,24903.12879
KR0070,에이비엘생명보험,,생명보험,9,재보험 CSM상각,2026.2Q,-6876.0,-3804.0
KR0070,에이비엘생명보험,,생명보험,10,재보험 위험조정 변동,2026.2Q,-185.0,102.0
KR0070,에이비엘생명보험,,생명보험,11,재보험 예실차,2026.2Q,0.0,0.0
KR0070,에이비엘생명보험,,생명보험,12,기타 생명장기 재보험손익,2026.2Q,28239.618818,28605.12879
KR0070,에이비엘생명보험,,생명보험,13,자동차손익,2026.2Q,0.0,0.0
KR0070,에이비엘생명보험,,생명보험,14,일반손익,2026.2Q,0.0,0.0
KR0070,에이비엘생명보험,,생명보험,15,기타영업수익,2026.2Q,0.0,0.0
KR0070,에이비엘생명보험,,생명보험,16,기타사업비용,2026.2Q,17740.087978,10894.07778
KR0070,에이비엘생명보험,,생명보험,17,투자손익,2026.2Q,84138.037403,73918.235291
KR0070,에이비엘생명보험,,생명보험,18,투자이익,2026.2Q,1016872.085856,739461.831064
KR0070,에이비엘생명보험,,생명보험,19,보험금융손익,2026.2Q,-932734.048453,-665543.595773
KR0070,에이비엘생명보험,,생명보험,20,영업이익,2026.2Q,44637.9983,18622.45402
KR0070,에이비엘생명보험,,생명보험,21,영업외손익,2026.2Q,16908.461015,-40.401671
KR0070,에이비엘생명보험,,생명보험,22,세전이익,2026.2Q,61546.459315,18582.052349
KR0070,에이비엘생명보험,,생명보험,23,법인세,2026.2Q,23997.286093,10788.688478
KR0070,에이비엘생명보험,,생명보험,24,당기순이익,2026.2Q,37549.173222,7793.363871
KR0071,흥국생명보험,,생명보험,1,보험손익,2023.1Q,128318.0,128318.0
KR0071,흥국생명보험,,생명보험,2,생명장기 손익,2023.1Q,,
KR0071,흥국생명보험,,생명보험,3,생명장기 원수손익,2023.1Q,128318.0,128318.0
KR0071,흥국생명보험,,생명보험,4,원수 CSM상각,2023.1Q,47666.0,47666.0
KR0071,흥국생명보험,,생명보험,5,원수 위험조정 변동,2023.1Q,16056.0,16056.0
KR0071,흥국생명보험,,생명보험,6,원수 예실차,2023.1Q,-4869.0,-4869.0
KR0071,흥국생명보험,,생명보험,7,기타 생명장기 원수손익,2023.1Q,69465.0,69465.0
KR0071,흥국생명보험,,생명보험,8,생명장기 재보험손익,2023.1Q,,
KR0071,흥국생명보험,,생명보험,9,재보험 CSM상각,2023.1Q,,
KR0071,흥국생명보험,,생명보험,10,재보험 위험조정 변동,2023.1Q,,
KR0071,흥국생명보험,,생명보험,11,재보험 예실차,2023.1Q,963.0,963.0
KR0071,흥국생명보험,,생명보험,12,기타 생명장기 재보험손익,2023.1Q,,
KR0071,흥국생명보험,,생명보험,13,자동차손익,2023.1Q,0.0,0.0
KR0071,흥국생명보험,,생명보험,14,일반손익,2023.1Q,0.0,0.0
KR0071,흥국생명보험,,생명보험,15,기타영업수익,2023.1Q,0.0,0.0
KR0071,흥국생명보험,,생명보험,16,기타사업비용,2023.1Q,,
KR0071,흥국생명보험,,생명보험,17,투자손익,2023.1Q,4605.0,4605.0
KR0071,흥국생명보험,,생명보험,18,투자이익,2023.1Q,85986.0,85986.0
KR0071,흥국생명보험,,생명보험,19,보험금융손익,2023.1Q,-81381.0,-81381.0
KR0071,흥국생명보험,,생명보험,20,영업이익,2023.1Q,132923.0,132923.0
KR0071,흥국생명보험,,생명보험,21,영업외손익,2023.1Q,1601.0,1601.0
KR0071,흥국생명보험,,생명보험,22,세전이익,2023.1Q,134524.0,134524.0
KR0071,흥국생명보험,,생명보험,23,법인세,2023.1Q,28475.0,28475.0
KR0071,흥국생명보험,,생명보험,24,당기순이익,2023.1Q,106049.0,106049.0
KR0071,흥국생명보험,,생명보험,1,보험손익,2023.2Q,,
KR0071,흥국생명보험,,생명보험,2,생명장기 손익,2023.2Q,,
KR0071,흥국생명보험,,생명보험,3,생명장기 원수손익,2023.2Q,,
KR0071,흥국생명보험,,생명보험,4,원수 CSM상각,2023.2Q,101881.0,54215.0
KR0071,흥국생명보험,,생명보험,5,원수 위험조정 변동,2023.2Q,30875.0,14819.0
KR0071,흥국생명보험,,생명보험,6,원수 예실차,2023.2Q,-8404.0,-3535.0
KR0071,흥국생명보험,,생명보험,7,기타 생명장기 원수손익,2023.2Q,,
KR0071,흥국생명보험,,생명보험,8,생명장기 재보험손익,2023.2Q,,
KR0071,흥국생명보험,,생명보험,9,재보험 CSM상각,2023.2Q,-1888.0,
KR0071,흥국생명보험,,생명보험,10,재보험 위험조정 변동,2023.2Q,-222.0,
KR0071,흥국생명보험,,생명보험,11,재보험 예실차,2023.2Q,755.0,-208.0
KR0071,흥국생명보험,,생명보험,12,기타 생명장기 재보험손익,2023.2Q,,
KR0071,흥국생명보험,,생명보험,13,자동차손익,2023.2Q,0.0,0.0
KR0071,흥국생명보험,,생명보험,14,일반손익,2023.2Q,0.0,0.0
KR0071,흥국생명보험,,생명보험,15,기타영업수익,2023.2Q,,
KR0071,흥국생명보험,,생명보험,16,기타사업비용,2023.2Q,,
KR0071,흥국생명보험,,생명보험,17,투자손익,2023.2Q,,
KR0071,흥국생명보험,,생명보험,18,투자이익,2023.2Q,,
KR0071,흥국생명보험,,생명보험,19,보험금융손익,2023.2Q,,
KR0071,흥국생명보험,,생명보험,20,영업이익,2023.2Q,,
KR0071,흥국생명보험,,생명보험,21,영업외손익,2023.2Q,,
KR0071,흥국생명보험,,생명보험,22,세전이익,2023.2Q,,
KR0071,흥국생명보험,,생명보험,23,법인세,2023.2Q,,
KR0071,흥국생명보험,,생명보험,24,당기순이익,2023.2Q,,
KR0071,흥국생명보험,,생명보험,1,보험손익,2023.3Q,99352.834164,
KR0071,흥국생명보험,,생명보험,2,생명장기 손익,2023.3Q,114575.558247,
KR0071,흥국생명보험,,생명보험,3,생명장기 원수손익,2023.3Q,111842.065966,
KR0071,흥국생명보험,,생명보험,4,원수 CSM상각,2023.3Q,153051.0,51170.0
KR0071,흥국생명보험,,생명보험,5,원수 위험조정 변동,2023.3Q,36589.0,5714.0
KR0071,흥국생명보험,,생명보험,6,원수 예실차,2023.3Q,-25026.0,-16622.0
KR0071,흥국생명보험,,생명보험,7,기타 생명장기 원수손익,2023.3Q,-52771.934034,
KR0071,흥국생명보험,,생명보험,8,생명장기 재보험손익,2023.3Q,2733.492281,
KR0071,흥국생명보험,,생명보험,9,재보험 CSM상각,2023.3Q,-4823.0,-2935.0
KR0071,흥국생명보험,,생명보험,10,재보험 위험조정 변동,2023.3Q,-9895.0,-9673.0
KR0071,흥국생명보험,,생명보험,11,재보험 예실차,2023.3Q,1684.0,929.0
KR0071,흥국생명보험,,생명보험,12,기타 생명장기 재보험손익,2023.3Q,15767.492281,
KR0071,흥국생명보험,,생명보험,13,자동차손익,2023.3Q,0.0,0.0
KR0071,흥국생명보험,,생명보험,14,일반손익,2023.3Q,0.0,0.0
KR0071,흥국생명보험,,생명보험,15,기타영업수익,2023.3Q,0.0,
KR0071,흥국생명보험,,생명보험,16,기타사업비용,2023.3Q,15222.724083,
KR0071,흥국생명보험,,생명보험,17,투자손익,2023.3Q,29333.017704,
KR0071,흥국생명보험,,생명보험,18,투자이익,2023.3Q,621608.2029,
KR0071,흥국생명보험,,생명보험,19,보험금융손익,2023.3Q,-592275.185196,
KR0071,흥국생명보험,,생명보험,20,영업이익,2023.3Q,128685.851868,
KR0071,흥국생명보험,,생명보험,21,영업외손익,2023.3Q,-14483.252685,
KR0071,흥국생명보험,,생명보험,22,세전이익,2023.3Q,114202.599183,
KR0071,흥국생명보험,,생명보험,23,법인세,2023.3Q,26924.12925,
KR0071,흥국생명보험,,생명보험,24,당기순이익,2023.3Q,87278.469933,
KR0071,흥국생명보험,,생명보험,1,보험손익,2023.4Q,104979.667014,5626.83285
KR0071,흥국생명보험,,생명보험,2,생명장기 손익,2023.4Q,126420.173651,11844.615404
KR0071,흥국생명보험,,생명보험,3,생명장기 원수손익,2023.4Q,125561.248762,13719.182796
KR0071,흥국생명보험,,생명보험,4,원수 CSM상각,2023.4Q,204824.0,51773.0
KR0071,흥국생명보험,,생명보험,5,원수 위험조정 변동,2023.4Q,42797.0,6208.0
KR0071,흥국생명보험,,생명보험,6,원수 예실차,2023.4Q,-37309.0,-12283.0
KR0071,흥국생명보험,,생명보험,7,기타 생명장기 원수손익,2023.4Q,-84750.751238,-31978.817204
KR0071,흥국생명보험,,생명보험,8,생명장기 재보험손익,2023.4Q,858.924889,-1874.567392
KR0071,흥국생명보험,,생명보험,9,재보험 CSM상각,2023.4Q,-8678.0,-3855.0
KR0071,흥국생명보험,,생명보험,10,재보험 위험조정 변동,2023.4Q,-9641.0,254.0
KR0071,흥국생명보험,,생명보험,11,재보험 예실차,2023.4Q,-20209.0,-21893.0
KR0071,흥국생명보험,,생명보험,12,기타 생명장기 재보험손익,2023.4Q,39386.924889,23619.432608
KR0071,흥국생명보험,,생명보험,13,자동차손익,2023.4Q,0.0,0.0
KR0071,흥국생명보험,,생명보험,14,일반손익,2023.4Q,0.0,0.0
KR0071,흥국생명보험,,생명보험,15,기타영업수익,2023.4Q,0.0,0.0
KR0071,흥국생명보험,,생명보험,16,기타사업비용,2023.4Q,21440.506637,6217.782554
KR0071,흥국생명보험,,생명보험,17,투자손익,2023.4Q,72910.824169,43577.806465
KR0071,흥국생명보험,,생명보험,18,투자이익,2023.4Q,910747.10666,289138.90376
KR0071,흥국생명보험,,생명보험,19,보험금융손익,2023.4Q,-837836.282491,-245561.097295
KR0071,흥국생명보험,,생명보험,20,영업이익,2023.4Q,177890.491183,49204.639315
KR0071,흥국생명보험,,생명보험,21,영업외손익,2023.4Q,-7911.339142,6571.913543
KR0071,흥국생명보험,,생명보험,22,세전이익,2023.4Q,169979.152041,55776.552858
KR0071,흥국생명보험,,생명보험,23,법인세,2023.4Q,38155.92918,11231.79993
KR0071,흥국생명보험,,생명보험,24,당기순이익,2023.4Q,131823.222861,44544.752928
KR0071,흥국생명보험,,생명보험,1,보험손익,2024.1Q,30736.924085,30736.924085
KR0071,흥국생명보험,,생명보험,2,생명장기 손익,2024.1Q,33497.428469,33497.428469
KR0071,흥국생명보험,,생명보험,3,생명장기 원수손익,2024.1Q,33964.080494,33964.080494
KR0071,흥국생명보험,,생명보험,4,원수 CSM상각,2024.1Q,56113.0,56113.0
KR0071,흥국생명보험,,생명보험,5,원수 위험조정 변동,2024.1Q,5103.0,5103.0
KR0071,흥국생명보험,,생명보험,6,원수 예실차,2024.1Q,-9190.0,-9190.0
KR0071,흥국생명보험,,생명보험,7,기타 생명장기 원수손익,2024.1Q,-18061.919506,-18061.919506
KR0071,흥국생명보험,,생명보험,8,생명장기 재보험손익,2024.1Q,-466.652025,-466.652025
KR0071,흥국생명보험,,생명보험,9,재보험 CSM상각,2024.1Q,-3833.0,-3833.0
KR0071,흥국생명보험,,생명보험,10,재보험 위험조정 변동,2024.1Q,-150.0,-150.0
KR0071,흥국생명보험,,생명보험,11,재보험 예실차,2024.1Q,772.0,772.0
KR0071,흥국생명보험,,생명보험,12,기타 생명장기 재보험손익,2024.1Q,2744.347975,2744.347975
KR0071,흥국생명보험,,생명보험,13,자동차손익,2024.1Q,0.0,0.0
KR0071,흥국생명보험,,생명보험,14,일반손익,2024.1Q,0.0,0.0
KR0071,흥국생명보험,,생명보험,15,기타영업수익,2024.1Q,0.0,0.0
KR0071,흥국생명보험,,생명보험,16,기타사업비용,2024.1Q,2760.504384,2760.504384
KR0071,흥국생명보험,,생명보험,17,투자손익,2024.1Q,10201.886724,10201.886724
KR0071,흥국생명보험,,생명보험,18,투자이익,2024.1Q,215856.315854,215856.315854
KR0071,흥국생명보험,,생명보험,19,보험금융손익,2024.1Q,-205654.42913,-205654.42913
KR0071,흥국생명보험,,생명보험,20,영업이익,2024.1Q,40938.810809,40938.810809
KR0071,흥국생명보험,,생명보험,21,영업외손익,2024.1Q,-729.32221,-729.32221
KR0071,흥국생명보험,,생명보험,22,세전이익,2024.1Q,40209.488599,40209.488599
KR0071,흥국생명보험,,생명보험,23,법인세,2024.1Q,11398.06458,11398.06458
KR0071,흥국생명보험,,생명보험,24,당기순이익,2024.1Q,28811.424019,28811.424019
KR0071,흥국생명보험,,생명보험,1,보험손익,2024.2Q,65531.315133,34794.391048
KR0071,흥국생명보험,,생명보험,2,생명장기 손익,2024.2Q,72279.212845,38781.784376
KR0071,흥국생명보험,,생명보험,3,생명장기 원수손익,2024.2Q,74669.586486,40705.505992
KR0071,흥국생명보험,,생명보험,4,원수 CSM상각,2024.2Q,108201.0,52088.0
KR0071,흥국생명보험,,생명보험,5,원수 위험조정 변동,2024.2Q,10535.0,5432.0
KR0071,흥국생명보험,,생명보험,6,원수 예실차,2024.2Q,-14846.0,-5656.0
KR0071,흥국생명보험,,생명보험,7,기타 생명장기 원수손익,2024.2Q,-29220.413514,-11158.494008
KR0071,흥국생명보험,,생명보험,8,생명장기 재보험손익,2024.2Q,-2390.373641,-1923.721616
KR0071,흥국생명보험,,생명보험,9,재보험 CSM상각,2024.2Q,-7207.0,-3374.0
KR0071,흥국생명보험,,생명보험,10,재보험 위험조정 변동,2024.2Q,-309.0,-159.0
KR0071,흥국생명보험,,생명보험,11,재보험 예실차,2024.2Q,3802.0,3030.0
KR0071,흥국생명보험,,생명보험,12,기타 생명장기 재보험손익,2024.2Q,1323.626359,-1420.721616
KR0071,흥국생명보험,,생명보험,13,자동차손익,2024.2Q,0.0,0.0
KR0071,흥국생명보험,,생명보험,14,일반손익,2024.2Q,0.0,0.0
KR0071,흥국생명보험,,생명보험,15,기타영업수익,2024.2Q,0.0,0.0
KR0071,흥국생명보험,,생명보험,16,기타사업비용,2024.2Q,6747.897712,3987.393328
KR0071,흥국생명보험,,생명보험,17,투자손익,2024.2Q,32828.237307,22626.350583
KR0071,흥국생명보험,,생명보험,18,투자이익,2024.2Q,440516.416344,224660.10049
KR0071,흥국생명보험,,생명보험,19,보험금융손익,2024.2Q,-407688.179037,-202033.749907
KR0071,흥국생명보험,,생명보험,20,영업이익,2024.2Q,98359.55244,57420.741631
KR0071,흥국생명보험,,생명보험,21,영업외손익,2024.2Q,-296.151611,433.170599
KR0071,흥국생명보험,,생명보험,22,세전이익,2024.2Q,98063.400829,57853.91223
KR0071,흥국생명보험,,생명보험,23,법인세,2024.2Q,24100.205154,12702.140574
KR0071,흥국생명보험,,생명보험,24,당기순이익,2024.2Q,73963.195675,45151.771656
KR0071,흥국생명보험,,생명보험,1,보험손익,2024.3Q,103642.646202,38111.331069
KR0071,흥국생명보험,,생명보험,2,생명장기 손익,2024.3Q,114826.865084,42547.652239
KR0071,흥국생명보험,,생명보험,3,생명장기 원수손익,2024.3Q,129593.109967,54923.523481
KR0071,흥국생명보험,,생명보험,4,원수 CSM상각,2024.3Q,159765.0,51564.0
KR0071,흥국생명보험,,생명보험,5,원수 위험조정 변동,2024.3Q,15430.0,4895.0
KR0071,흥국생명보험,,생명보험,6,원수 예실차,2024.3Q,-24337.0,-9491.0
KR0071,흥국생명보험,,생명보험,7,기타 생명장기 원수손익,2024.3Q,-21264.890033,7955.523481
KR0071,흥국생명보험,,생명보험,8,생명장기 재보험손익,2024.3Q,-14766.244883,-12375.871242
KR0071,흥국생명보험,,생명보험,9,재보험 CSM상각,2024.3Q,-9704.0,-2497.0
KR0071,흥국생명보험,,생명보험,10,재보험 위험조정 변동,2024.3Q,-582.0,-273.0
KR0071,흥국생명보험,,생명보험,11,재보험 예실차,2024.3Q,3951.0,149.0
KR0071,흥국생명보험,,생명보험,12,기타 생명장기 재보험손익,2024.3Q,-8431.244883,-9754.871242
KR0071,흥국생명보험,,생명보험,13,자동차손익,2024.3Q,0.0,0.0
KR0071,흥국생명보험,,생명보험,14,일반손익,2024.3Q,0.0,0.0
KR0071,흥국생명보험,,생명보험,15,기타영업수익,2024.3Q,0.0,0.0
KR0071,흥국생명보험,,생명보험,16,기타사업비용,2024.3Q,11184.218882,4436.32117
KR0071,흥국생명보험,,생명보험,17,투자손익,2024.3Q,63620.831918,30792.594611
KR0071,흥국생명보험,,생명보험,18,투자이익,2024.3Q,628885.663067,188369.246723
KR0071,흥국생명보험,,생명보험,19,보험금융손익,2024.3Q,-565264.831149,-157576.652112
KR0071,흥국생명보험,,생명보험,20,영업이익,2024.3Q,167263.47812,68903.92568
KR0071,흥국생명보험,,생명보험,21,영업외손익,2024.3Q,-1147.448462,-851.296851
KR0071,흥국생명보험,,생명보험,22,세전이익,2024.3Q,166116.029658,68052.628829
KR0071,흥국생명보험,,생명보험,23,법인세,2024.3Q,38656.191278,14555.986124
KR0071,흥국생명보험,,생명보험,24,당기순이익,2024.3Q,127459.83838,53496.642705
KR0071,흥국생명보험,,생명보험,1,보험손익,2024.4Q,109326.291696,5683.645494
KR0071,흥국생명보험,,생명보험,2,생명장기 손익,2024.4Q,125211.120716,10384.255632
KR0071,흥국생명보험,,생명보험,3,생명장기 원수손익,2024.4Q,143397.345787,13804.23582
KR0071,흥국생명보험,,생명보험,4,원수 CSM상각,2024.4Q,213456.0,53691.0
KR0071,흥국생명보험,,생명보험,5,원수 위험조정 변동,2024.4Q,19825.0,4395.0
KR0071,흥국생명보험,,생명보험,6,원수 예실차,2024.4Q,-48277.0,-23940.0
KR0071,흥국생명보험,,생명보험,7,기타 생명장기 원수손익,2024.4Q,-41606.654213,-20341.76418
KR0071,흥국생명보험,,생명보험,8,생명장기 재보험손익,2024.4Q,-18186.225071,-3419.980188
KR0071,흥국생명보험,,생명보험,9,재보험 CSM상각,2024.4Q,-12564.0,-2860.0
KR0071,흥국생명보험,,생명보험,10,재보험 위험조정 변동,2024.4Q,-715.0,-133.0
KR0071,흥국생명보험,,생명보험,11,재보험 예실차,2024.4Q,5261.0,1310.0
KR0071,흥국생명보험,,생명보험,12,기타 생명장기 재보험손익,2024.4Q,-10168.225071,-1736.980188
KR0071,흥국생명보험,,생명보험,13,자동차손익,2024.4Q,0.0,0.0
KR0071,흥국생명보험,,생명보험,14,일반손익,2024.4Q,0.0,0.0
KR0071,흥국생명보험,,생명보험,15,기타영업수익,2024.4Q,0.0,0.0
KR0071,흥국생명보험,,생명보험,16,기타사업비용,2024.4Q,15884.82902,4700.610138
KR0071,흥국생명보험,,생명보험,17,투자손익,2024.4Q,75509.487396,11888.655478
KR0071,흥국생명보험,,생명보험,18,투자이익,2024.4Q,808499.281076,179613.618009
KR0071,흥국생명보험,,생명보험,19,보험금융손익,2024.4Q,-732989.79368,-167724.962531
KR0071,흥국생명보험,,생명보험,20,영업이익,2024.4Q,184835.779092,17572.300972
KR0071,흥국생명보험,,생명보험,21,영업외손익,2024.4Q,-805.445897,342.002565
KR0071,흥국생명보험,,생명보험,22,세전이익,2024.4Q,184030.333195,17914.303537
KR0071,흥국생명보험,,생명보험,23,법인세,2024.4Q,43385.370413,4729.179135
KR0071,흥국생명보험,,생명보험,24,당기순이익,2024.4Q,140644.962782,13185.124402
KR0071,흥국생명보험,,생명보험,1,보험손익,2025.1Q,18439.820298,18439.820298
KR0071,흥국생명보험,,생명보험,2,생명장기 손익,2025.1Q,22151.59316,22151.59316
KR0071,흥국생명보험,,생명보험,3,생명장기 원수손익,2025.1Q,28211.823994,28211.823994
KR0071,흥국생명보험,,생명보험,4,원수 CSM상각,2025.1Q,56892.0,56892.0
KR0071,흥국생명보험,,생명보험,5,원수 위험조정 변동,2025.1Q,4406.0,4406.0
KR0071,흥국생명보험,,생명보험,6,원수 예실차,2025.1Q,-17436.0,-17436.0
KR0071,흥국생명보험,,생명보험,7,기타 생명장기 원수손익,2025.1Q,-15650.176006,-15650.176006
KR0071,흥국생명보험,,생명보험,8,생명장기 재보험손익,2025.1Q,-6060.230834,-6060.230834
KR0071,흥국생명보험,,생명보험,9,재보험 CSM상각,2025.1Q,-3872.0,-3872.0
KR0071,흥국생명보험,,생명보험,10,재보험 위험조정 변동,2025.1Q,-36.0,-36.0
KR0071,흥국생명보험,,생명보험,11,재보험 예실차,2025.1Q,657.0,657.0
KR0071,흥국생명보험,,생명보험,12,기타 생명장기 재보험손익,2025.1Q,-2809.230834,-2809.230834
KR0071,흥국생명보험,,생명보험,13,자동차손익,2025.1Q,0.0,0.0
KR0071,흥국생명보험,,생명보험,14,일반손익,2025.1Q,0.0,0.0
KR0071,흥국생명보험,,생명보험,15,기타영업수익,2025.1Q,0.0,0.0
KR0071,흥국생명보험,,생명보험,16,기타사업비용,2025.1Q,3711.772862,3711.772862
KR0071,흥국생명보험,,생명보험,17,투자손익,2025.1Q,21512.887128,21512.887128
KR0071,흥국생명보험,,생명보험,18,투자이익,2025.1Q,194036.229916,194036.229916
KR0071,흥국생명보험,,생명보험,19,보험금융손익,2025.1Q,-172523.342788,-172523.342788
KR0071,흥국생명보험,,생명보험,20,영업이익,2025.1Q,39952.707426,39952.707426
KR0071,흥국생명보험,,생명보험,21,영업외손익,2025.1Q,-164.225284,-164.225284
KR0071,흥국생명보험,,생명보험,22,세전이익,2025.1Q,39788.482142,39788.482142
KR0071,흥국생명보험,,생명보험,23,법인세,2025.1Q,8463.159322,8463.159322
KR0071,흥국생명보험,,생명보험,24,당기순이익,2025.1Q,31325.32282,31325.32282
KR0071,흥국생명보험,,생명보험,1,보험손익,2025.2Q,58859.037392,40419.217094
KR0071,흥국생명보험,,생명보험,2,생명장기 손익,2025.2Q,67597.230199,45445.637039
KR0071,흥국생명보험,,생명보험,3,생명장기 원수손익,2025.2Q,62687.755257,34475.931263
KR0071,흥국생명보험,,생명보험,4,원수 CSM상각,2025.2Q,112745.0,55853.0
KR0071,흥국생명보험,,생명보험,5,원수 위험조정 변동,2025.2Q,8778.0,4372.0
KR0071,흥국생명보험,,생명보험,6,원수 예실차,2025.2Q,-39054.0,-21618.0
KR0071,흥국생명보험,,생명보험,7,기타 생명장기 원수손익,2025.2Q,-19781.244743,-4131.068737
KR0071,흥국생명보험,,생명보험,8,생명장기 재보험손익,2025.2Q,4909.474942,10969.705776
KR0071,흥국생명보험,,생명보험,9,재보험 CSM상각,2025.2Q,-4031.0,-159.0
KR0071,흥국생명보험,,생명보험,10,재보험 위험조정 변동,2025.2Q,-176.0,-140.0
KR0071,흥국생명보험,,생명보험,11,재보험 예실차,2025.2Q,4199.0,3542.0
KR0071,흥국생명보험,,생명보험,12,기타 생명장기 재보험손익,2025.2Q,4917.474942,7726.705776
KR0071,흥국생명보험,,생명보험,13,자동차손익,2025.2Q,0.0,0.0
KR0071,흥국생명보험,,생명보험,14,일반손익,2025.2Q,0.0,0.0
KR0071,흥국생명보험,,생명보험,15,기타영업수익,2025.2Q,0.0,0.0
KR0071,흥국생명보험,,생명보험,16,기타사업비용,2025.2Q,8738.192807,5026.419945
KR0071,흥국생명보험,,생명보험,17,투자손익,2025.2Q,48919.531112,27406.643984
KR0071,흥국생명보험,,생명보험,18,투자이익,2025.2Q,444501.56526,250465.335344
KR0071,흥국생명보험,,생명보험,19,보험금융손익,2025.2Q,-395582.034148,-223058.69136
KR0071,흥국생명보험,,생명보험,20,영업이익,2025.2Q,107778.568504,67825.861078
KR0071,흥국생명보험,,생명보험,21,영업외손익,2025.2Q,-3170.495149,-3006.269865
KR0071,흥국생명보험,,생명보험,22,세전이익,2025.2Q,104608.073355,64819.591213
KR0071,흥국생명보험,,생명보험,23,법인세,2025.2Q,21674.569836,13211.410514
KR0071,흥국생명보험,,생명보험,24,당기순이익,2025.2Q,82933.503519,51608.180699
KR0071,흥국생명보험,,생명보험,1,보험손익,2025.3Q,88116.5979,29257.560508
KR0071,흥국생명보험,,생명보험,2,생명장기 손익,2025.3Q,100971.10912,33373.878921
KR0071,흥국생명보험,,생명보험,3,생명장기 원수손익,2025.3Q,92035.167053,29347.411796
KR0071,흥국생명보험,,생명보험,4,원수 CSM상각,2025.3Q,166411.0,53666.0
KR0071,흥국생명보험,,생명보험,5,원수 위험조정 변동,2025.3Q,13519.0,4741.0
KR0071,흥국생명보험,,생명보험,6,원수 예실차,2025.3Q,-68988.0,-29934.0
KR0071,흥국생명보험,,생명보험,7,기타 생명장기 원수손익,2025.3Q,-18906.832947,874.411796
KR0071,흥국생명보험,,생명보험,8,생명장기 재보험손익,2025.3Q,8935.942067,4026.467125
KR0071,흥국생명보험,,생명보험,9,재보험 CSM상각,2025.3Q,-3393.0,638.0
KR0071,흥국생명보험,,생명보험,10,재보험 위험조정 변동,2025.3Q,-300.0,-124.0
KR0071,흥국생명보험,,생명보험,11,재보험 예실차,2025.3Q,6311.0,2112.0
KR0071,흥국생명보험,,생명보험,12,기타 생명장기 재보험손익,2025.3Q,6317.942067,1400.467125
KR0071,흥국생명보험,,생명보험,13,자동차손익,2025.3Q,0.0,0.0
KR0071,흥국생명보험,,생명보험,14,일반손익,2025.3Q,0.0,0.0
KR0071,흥국생명보험,,생명보험,15,기타영업수익,2025.3Q,0.0,0.0
KR0071,흥국생명보험,,생명보험,16,기타사업비용,2025.3Q,12854.51122,4116.318413
KR0071,흥국생명보험,,생명보험,17,투자손익,2025.3Q,78341.831398,29422.300286
KR0071,흥국생명보험,,생명보험,18,투자이익,2025.3Q,675039.559991,230537.994731
KR0071,흥국생명보험,,생명보험,19,보험금융손익,2025.3Q,-596697.728593,-201115.694445
KR0071,흥국생명보험,,생명보험,20,영업이익,2025.3Q,166458.429298,58679.860794
KR0071,흥국생명보험,,생명보험,21,영업외손익,2025.3Q,-3896.728291,-726.233142
KR0071,흥국생명보험,,생명보험,22,세전이익,2025.3Q,162561.701007,57953.627652
KR0071,흥국생명보험,,생명보험,23,법인세,2025.3Q,34544.511643,12869.941807
KR0071,흥국생명보험,,생명보험,24,당기순이익,2025.3Q,128017.189364,45083.685845
KR0071,흥국생명보험,,생명보험,1,보험손익,2025.4Q,127756.685451,39640.087551
KR0071,흥국생명보험,,생명보험,2,생명장기 손익,2025.4Q,144052.350665,43081.241545
KR0071,흥국생명보험,,생명보험,3,생명장기 원수손익,2025.4Q,140812.730071,48777.563018
KR0071,흥국생명보험,,생명보험,4,원수 CSM상각,2025.4Q,221517.0,55106.0
KR0071,흥국생명보험,,생명보험,5,원수 위험조정 변동,2025.4Q,18561.0,5042.0
KR0071,흥국생명보험,,생명보험,6,원수 예실차,2025.4Q,-113496.0,-44508.0
KR0071,흥국생명보험,,생명보험,7,기타 생명장기 원수손익,2025.4Q,14230.730071,33137.563018
KR0071,흥국생명보험,,생명보험,8,생명장기 재보험손익,2025.4Q,3239.620594,-5696.321473
KR0071,흥국생명보험,,생명보험,9,재보험 CSM상각,2025.4Q,-2160.0,1233.0
KR0071,흥국생명보험,,생명보험,10,재보험 위험조정 변동,2025.4Q,-330.0,-30.0
KR0071,흥국생명보험,,생명보험,11,재보험 예실차,2025.4Q,36147.0,29836.0
KR0071,흥국생명보험,,생명보험,12,기타 생명장기 재보험손익,2025.4Q,-30417.379406,-36735.321473
KR0071,흥국생명보험,,생명보험,13,자동차손익,2025.4Q,0.0,0.0
KR0071,흥국생명보험,,생명보험,14,일반손익,2025.4Q,0.0,0.0
KR0071,흥국생명보험,,생명보험,15,기타영업수익,2025.4Q,0.0,0.0
KR0071,흥국생명보험,,생명보험,16,기타사업비용,2025.4Q,16295.665214,3441.153994
KR0071,흥국생명보험,,생명보험,17,투자손익,2025.4Q,243736.027934,165394.196536
KR0071,흥국생명보험,,생명보험,18,투자이익,2025.4Q,1069849.944396,394810.384405
KR0071,흥국생명보험,,생명보험,19,보험금융손익,2025.4Q,-826113.916462,-229416.187869
KR0071,흥국생명보험,,생명보험,20,영업이익,2025.4Q,371492.713385,205034.284087
KR0071,흥국생명보험,,생명보험,21,영업외손익,2025.4Q,66077.765915,69974.494206
KR0071,흥국생명보험,,생명보험,22,세전이익,2025.4Q,437570.4793,275008.778293
KR0071,흥국생명보험,,생명보험,23,법인세,2025.4Q,98226.533357,63682.021714
KR0071,흥국생명보험,,생명보험,24,당기순이익,2025.4Q,339343.945943,211326.756579
KR0071,흥국생명보험,,생명보험,1,보험손익,2026.1Q,33996.845375,33996.845375
KR0071,흥국생명보험,,생명보험,2,생명장기 손익,2026.1Q,38134.330396,38134.330396
KR0071,흥국생명보험,,생명보험,3,생명장기 원수손익,2026.1Q,43373.11408,43373.11408
KR0071,흥국생명보험,,생명보험,4,원수 CSM상각,2026.1Q,55472.0,55472.0
KR0071,흥국생명보험,,생명보험,5,원수 위험조정 변동,2026.1Q,5666.0,5666.0
KR0071,흥국생명보험,,생명보험,6,원수 예실차,2026.1Q,-24534.0,-24534.0
KR0071,흥국생명보험,,생명보험,7,기타 생명장기 원수손익,2026.1Q,6769.11408,6769.11408
KR0071,흥국생명보험,,생명보험,8,생명장기 재보험손익,2026.1Q,-5238.783684,-5238.783684
KR0071,흥국생명보험,,생명보험,9,재보험 CSM상각,2026.1Q,-150.0,-150.0
KR0071,흥국생명보험,,생명보험,10,재보험 위험조정 변동,2026.1Q,-325.0,-325.0
KR0071,흥국생명보험,,생명보험,11,재보험 예실차,2026.1Q,0.0,0.0
KR0071,흥국생명보험,,생명보험,12,기타 생명장기 재보험손익,2026.1Q,-4763.783684,-4763.783684
KR0071,흥국생명보험,,생명보험,13,자동차손익,2026.1Q,0.0,0.0
KR0071,흥국생명보험,,생명보험,14,일반손익,2026.1Q,0.0,0.0
KR0071,흥국생명보험,,생명보험,15,기타영업수익,2026.1Q,0.0,0.0
KR0071,흥국생명보험,,생명보험,16,기타사업비용,2026.1Q,4137.485021,4137.485021
KR0071,흥국생명보험,,생명보험,17,투자손익,2026.1Q,39681.789816,39681.789816
KR0071,흥국생명보험,,생명보험,18,투자이익,2026.1Q,249106.868704,249106.868704
KR0071,흥국생명보험,,생명보험,19,보험금융손익,2026.1Q,-209425.078888,-209425.078888
KR0071,흥국생명보험,,생명보험,20,영업이익,2026.1Q,73678.635191,73678.635191
KR0071,흥국생명보험,,생명보험,21,영업외손익,2026.1Q,-7062.909465,-7062.909465
KR0071,흥국생명보험,,생명보험,22,세전이익,2026.1Q,66615.725726,66615.725726
KR0071,흥국생명보험,,생명보험,23,법인세,2026.1Q,15714.168668,15714.168668
KR0071,흥국생명보험,,생명보험,24,당기순이익,2026.1Q,50901.557058,50901.557058
KR0071,흥국생명보험,,생명보험,1,보험손익,2026.2Q,90365.608735,56368.76336
KR0071,흥국생명보험,,생명보험,2,생명장기 손익,2026.2Q,99454.127147,61319.796751
KR0071,흥국생명보험,,생명보험,3,생명장기 원수손익,2026.2Q,108263.840605,64890.726525
KR0071,흥국생명보험,,생명보험,4,원수 CSM상각,2026.2Q,109578.0,54106.0
KR0071,흥국생명보험,,생명보험,5,원수 위험조정 변동,2026.2Q,12653.0,6987.0
KR0071,흥국생명보험,,생명보험,6,원수 예실차,2026.2Q,-53862.0,-29328.0
KR0071,흥국생명보험,,생명보험,7,기타 생명장기 원수손익,2026.2Q,39894.840605,33125.726525
KR0071,흥국생명보험,,생명보험,8,생명장기 재보험손익,2026.2Q,-8809.713458,-3570.929774
KR0071,흥국생명보험,,생명보험,9,재보험 CSM상각,2026.2Q,-780.0,-630.0
KR0071,흥국생명보험,,생명보험,10,재보험 위험조정 변동,2026.2Q,-565.0,-240.0
KR0071,흥국생명보험,,생명보험,11,재보험 예실차,2026.2Q,-8735.0,-8735.0
KR0071,흥국생명보험,,생명보험,12,기타 생명장기 재보험손익,2026.2Q,1270.286542,6034.070226
KR0071,흥국생명보험,,생명보험,13,자동차손익,2026.2Q,0.0,0.0
KR0071,흥국생명보험,,생명보험,14,일반손익,2026.2Q,0.0,0.0
KR0071,흥국생명보험,,생명보험,15,기타영업수익,2026.2Q,0.0,0.0
KR0071,흥국생명보험,,생명보험,16,기타사업비용,2026.2Q,9088.518412,4951.033391
KR0071,흥국생명보험,,생명보험,17,투자손익,2026.2Q,89686.408039,50004.618223
KR0071,흥국생명보험,,생명보험,18,투자이익,2026.2Q,756072.232372,506965.363668
KR0071,흥국생명보험,,생명보험,19,보험금융손익,2026.2Q,-666385.824333,-456960.745445
KR0071,흥국생명보험,,생명보험,20,영업이익,2026.2Q,180052.016774,106373.381583
KR0071,흥국생명보험,,생명보험,21,영업외손익,2026.2Q,-10918.439973,-3855.530508
KR0071,흥국생명보험,,생명보험,22,세전이익,2026.2Q,169133.576801,102517.851075
KR0071,흥국생명보험,,생명보험,23,법인세,2026.2Q,40542.134472,24827.965804
KR0071,흥국생명보험,,생명보험,24,당기순이익,2026.2Q,128591.442329,77689.885271
KR0072,케이디비생명보험,,생명보험,1,보험손익,2023.2Q,22665.0,
KR0072,케이디비생명보험,,생명보험,2,생명장기 손익,2023.2Q,22665.0,
KR0072,케이디비생명보험,,생명보험,3,생명장기 원수손익,2023.2Q,13292.0,
KR0072,케이디비생명보험,,생명보험,4,원수 CSM상각,2023.2Q,23415.0,
KR0072,케이디비생명보험,,생명보험,5,원수 위험조정 변동,2023.2Q,4738.0,
KR0072,케이디비생명보험,,생명보험,6,원수 예실차,2023.2Q,4129.0,
KR0072,케이디비생명보험,,생명보험,7,기타 생명장기 원수손익,2023.2Q,-18990.0,
KR0072,케이디비생명보험,,생명보험,8,생명장기 재보험손익,2023.2Q,9373.0,
KR0072,케이디비생명보험,,생명보험,9,재보험 CSM상각,2023.2Q,-1098.0,
KR0072,케이디비생명보험,,생명보험,10,재보험 위험조정 변동,2023.2Q,-1410.0,
KR0072,케이디비생명보험,,생명보험,11,재보험 예실차,2023.2Q,7897.0,
KR0072,케이디비생명보험,,생명보험,12,기타 생명장기 재보험손익,2023.2Q,3984.0,
KR0072,케이디비생명보험,,생명보험,13,자동차손익,2023.2Q,0.0,
KR0072,케이디비생명보험,,생명보험,14,일반손익,2023.2Q,0.0,
KR0072,케이디비생명보험,,생명보험,15,기타영업수익,2023.2Q,,
KR0072,케이디비생명보험,,생명보험,16,기타사업비용,2023.2Q,,
KR0072,케이디비생명보험,,생명보험,17,투자손익,2023.2Q,,
KR0072,케이디비생명보험,,생명보험,18,투자이익,2023.2Q,,
KR0072,케이디비생명보험,,생명보험,19,보험금융손익,2023.2Q,-303458.0,
KR0072,케이디비생명보험,,생명보험,20,영업이익,2023.2Q,68658.0,
KR0072,케이디비생명보험,,생명보험,21,영업외손익,2023.2Q,-10908.0,
KR0072,케이디비생명보험,,생명보험,22,세전이익,2023.2Q,57750.0,
KR0072,케이디비생명보험,,생명보험,23,법인세,2023.2Q,-0.2,
KR0072,케이디비생명보험,,생명보험,24,당기순이익,2023.2Q,57750.0,
KR0072,케이디비생명보험,,생명보험,1,보험손익,2023.3Q,4636.975319,-18028.024681
KR0072,케이디비생명보험,,생명보험,2,생명장기 손익,2023.3Q,13878.532355,-8786.467645
KR0072,케이디비생명보험,,생명보험,3,생명장기 원수손익,2023.3Q,-4480.275872,-17772.275872
KR0072,케이디비생명보험,,생명보험,4,원수 CSM상각,2023.3Q,35250.0,11835.0
KR0072,케이디비생명보험,,생명보험,5,원수 위험조정 변동,2023.3Q,3870.0,-868.0
KR0072,케이디비생명보험,,생명보험,6,원수 예실차,2023.3Q,1335.0,-2794.0
KR0072,케이디비생명보험,,생명보험,7,기타 생명장기 원수손익,2023.3Q,-44935.275872,-25945.275872
KR0072,케이디비생명보험,,생명보험,8,생명장기 재보험손익,2023.3Q,18358.808227,8985.808227
KR0072,케이디비생명보험,,생명보험,9,재보험 CSM상각,2023.3Q,-2038.0,-940.0
KR0072,케이디비생명보험,,생명보험,10,재보험 위험조정 변동,2023.3Q,-158.0,1252.0
KR0072,케이디비생명보험,,생명보험,11,재보험 예실차,2023.3Q,-12.0,-7909.0
KR0072,케이디비생명보험,,생명보험,12,기타 생명장기 재보험손익,2023.3Q,20566.808227,16582.808227
KR0072,케이디비생명보험,,생명보험,13,자동차손익,2023.3Q,0.0,0.0
KR0072,케이디비생명보험,,생명보험,14,일반손익,2023.3Q,0.0,0.0
KR0072,케이디비생명보험,,생명보험,15,기타영업수익,2023.3Q,0.0,
KR0072,케이디비생명보험,,생명보험,16,기타사업비용,2023.3Q,9241.557036,
KR0072,케이디비생명보험,,생명보험,17,투자손익,2023.3Q,-6025.166046,
KR0072,케이디비생명보험,,생명보험,18,투자이익,2023.3Q,416495.75665,
KR0072,케이디비생명보험,,생명보험,19,보험금융손익,2023.3Q,-422520.922696,-119062.922696
KR0072,케이디비생명보험,,생명보험,20,영업이익,2023.3Q,-1388.190727,-70046.190727
KR0072,케이디비생명보험,,생명보험,21,영업외손익,2023.3Q,-16519.944013,-5611.944013
KR0072,케이디비생명보험,,생명보험,22,세전이익,2023.3Q,-17908.13474,-75658.13474
KR0072,케이디비생명보험,,생명보험,23,법인세,2023.3Q,-0.209323,-0.009323
KR0072,케이디비생명보험,,생명보험,24,당기순이익,2023.3Q,-17907.925417,-75657.925417
KR0072,케이디비생명보험,,생명보험,1,보험손익,2023.4Q,65248.530979,60611.55566
KR0072,케이디비생명보험,,생명보험,2,생명장기 손익,2023.4Q,78011.749804,64133.217449
KR0072,케이디비생명보험,,생명보험,3,생명장기 원수손익,2023.4Q,67805.264694,72285.540566
KR0072,케이디비생명보험,,생명보험,4,원수 CSM상각,2023.4Q,51198.0,15948.0
KR0072,케이디비생명보험,,생명보험,5,원수 위험조정 변동,2023.4Q,17162.0,13292.0
KR0072,케이디비생명보험,,생명보험,6,원수 예실차,2023.4Q,2794.0,1459.0
KR0072,케이디비생명보험,,생명보험,7,기타 생명장기 원수손익,2023.4Q,-3348.735306,41586.540566
KR0072,케이디비생명보험,,생명보험,8,생명장기 재보험손익,2023.4Q,10206.48511,-8152.323117
KR0072,케이디비생명보험,,생명보험,9,재보험 CSM상각,2023.4Q,-5152.0,-3114.0
KR0072,케이디비생명보험,,생명보험,10,재보험 위험조정 변동,2023.4Q,-1819.0,-1661.0
KR0072,케이디비생명보험,,생명보험,11,재보험 예실차,2023.4Q,7343.0,7355.0
KR0072,케이디비생명보험,,생명보험,12,기타 생명장기 재보험손익,2023.4Q,9834.48511,-10732.323117
KR0072,케이디비생명보험,,생명보험,13,자동차손익,2023.4Q,0.0,0.0
KR0072,케이디비생명보험,,생명보험,14,일반손익,2023.4Q,0.0,0.0
KR0072,케이디비생명보험,,생명보험,15,기타영업수익,2023.4Q,0.0,0.0
KR0072,케이디비생명보험,,생명보험,16,기타사업비용,2023.4Q,12763.218825,3521.661789
KR0072,케이디비생명보험,,생명보험,17,투자손익,2023.4Q,-18358.723814,-12333.557768
KR0072,케이디비생명보험,,생명보험,18,투자이익,2023.4Q,582631.008174,166135.251524
KR0072,케이디비생명보험,,생명보험,19,보험금융손익,2023.4Q,-600989.731988,-178468.809292
KR0072,케이디비생명보험,,생명보험,20,영업이익,2023.4Q,46889.807165,48277.997892
KR0072,케이디비생명보험,,생명보험,21,영업외손익,2023.4Q,-22870.88299,-6350.938977
KR0072,케이디비생명보험,,생명보험,22,세전이익,2023.4Q,24018.924175,41927.058915
KR0072,케이디비생명보험,,생명보험,23,법인세,2023.4Q,-0.209323,0.0
KR0072,케이디비생명보험,,생명보험,24,당기순이익,2023.4Q,24019.133498,41927.058915
KR0072,케이디비생명보험,,생명보험,1,보험손익,2024.1Q,4891.371317,4891.371317
KR0072,케이디비생명보험,,생명보험,2,생명장기 손익,2024.1Q,7490.431503,7490.431503
KR0072,케이디비생명보험,,생명보험,3,생명장기 원수손익,2024.1Q,995.625563,995.625563
KR0072,케이디비생명보험,,생명보험,4,원수 CSM상각,2024.1Q,13531.0,13531.0
KR0072,케이디비생명보험,,생명보험,5,원수 위험조정 변동,2024.1Q,3604.0,3604.0
KR0072,케이디비생명보험,,생명보험,6,원수 예실차,2024.1Q,1573.0,1573.0
KR0072,케이디비생명보험,,생명보험,7,기타 생명장기 원수손익,2024.1Q,-17712.374437,-17712.374437
KR0072,케이디비생명보험,,생명보험,8,생명장기 재보험손익,2024.1Q,6494.80594,6494.80594
KR0072,케이디비생명보험,,생명보험,9,재보험 CSM상각,2024.1Q,-2356.0,-2356.0
KR0072,케이디비생명보험,,생명보험,10,재보험 위험조정 변동,2024.1Q,-162.0,-162.0
KR0072,케이디비생명보험,,생명보험,11,재보험 예실차,2024.1Q,-50.0,-50.0
KR0072,케이디비생명보험,,생명보험,12,기타 생명장기 재보험손익,2024.1Q,9062.80594,9062.80594
KR0072,케이디비생명보험,,생명보험,13,자동차손익,2024.1Q,0.0,0.0
KR0072,케이디비생명보험,,생명보험,14,일반손익,2024.1Q,0.0,0.0
KR0072,케이디비생명보험,,생명보험,15,기타영업수익,2024.1Q,0.0,0.0
KR0072,케이디비생명보험,,생명보험,16,기타사업비용,2024.1Q,2599.060186,2599.060186
KR0072,케이디비생명보험,,생명보험,17,투자손익,2024.1Q,9513.600698,9513.600698
KR0072,케이디비생명보험,,생명보험,18,투자이익,2024.1Q,154518.005756,154518.005756
KR0072,케이디비생명보험,,생명보험,19,보험금융손익,2024.1Q,-145004.405058,-145004.405058
KR0072,케이디비생명보험,,생명보험,20,영업이익,2024.1Q,14404.972015,14404.972015
KR0072,케이디비생명보험,,생명보험,21,영업외손익,2024.1Q,-7289.340598,-7289.340598
KR0072,케이디비생명보험,,생명보험,22,세전이익,2024.1Q,7115.631417,7115.631417
KR0072,케이디비생명보험,,생명보험,23,법인세,2024.1Q,0.0,0.0
KR0072,케이디비생명보험,,생명보험,24,당기순이익,2024.1Q,7115.631417,7115.631417
KR0072,케이디비생명보험,,생명보험,1,보험손익,2024.2Q,26063.570917,21172.1996
KR0072,케이디비생명보험,,생명보험,2,생명장기 손익,2024.2Q,31059.340878,23568.909375
KR0072,케이디비생명보험,,생명보험,3,생명장기 원수손익,2024.2Q,36862.731122,35867.105559
KR0072,케이디비생명보험,,생명보험,4,원수 CSM상각,2024.2Q,33833.0,20302.0
KR0072,케이디비생명보험,,생명보험,5,원수 위험조정 변동,2024.2Q,6209.0,2605.0
KR0072,케이디비생명보험,,생명보험,6,원수 예실차,2024.2Q,99631.0,98058.0
KR0072,케이디비생명보험,,생명보험,7,기타 생명장기 원수손익,2024.2Q,-102810.268878,-85097.894441
KR0072,케이디비생명보험,,생명보험,8,생명장기 재보험손익,2024.2Q,-5803.390244,-12298.196184
KR0072,케이디비생명보험,,생명보험,9,재보험 CSM상각,2024.2Q,-1153.0,1203.0
KR0072,케이디비생명보험,,생명보험,10,재보험 위험조정 변동,2024.2Q,-162.0,0.0
KR0072,케이디비생명보험,,생명보험,11,재보험 예실차,2024.2Q,10567.0,10617.0
KR0072,케이디비생명보험,,생명보험,12,기타 생명장기 재보험손익,2024.2Q,-15055.390244,-24118.196184
KR0072,케이디비생명보험,,생명보험,13,자동차손익,2024.2Q,0.0,0.0
KR0072,케이디비생명보험,,생명보험,14,일반손익,2024.2Q,0.0,0.0
KR0072,케이디비생명보험,,생명보험,15,기타영업수익,2024.2Q,0.0,0.0
KR0072,케이디비생명보험,,생명보험,16,기타사업비용,2024.2Q,4995.769961,2396.709775
KR0072,케이디비생명보험,,생명보험,17,투자손익,2024.2Q,-8337.018387,-17850.619085
KR0072,케이디비생명보험,,생명보험,18,투자이익,2024.2Q,282353.347194,127835.341438
KR0072,케이디비생명보험,,생명보험,19,보험금융손익,2024.2Q,-290690.365581,-145685.960523
KR0072,케이디비생명보험,,생명보험,20,영업이익,2024.2Q,17726.55253,3321.580515
KR0072,케이디비생명보험,,생명보험,21,영업외손익,2024.2Q,-10712.475888,-3423.13529
KR0072,케이디비생명보험,,생명보험,22,세전이익,2024.2Q,7014.076642,-101.554775
KR0072,케이디비생명보험,,생명보험,23,법인세,2024.2Q,-0.500827,-0.500827
KR0072,케이디비생명보험,,생명보험,24,당기순이익,2024.2Q,7014.577469,-101.053948
KR0072,케이디비생명보험,,생명보험,1,보험손익,2024.3Q,53441.922119,27378.351202
KR0072,케이디비생명보험,,생명보험,2,생명장기 손익,2024.3Q,63847.921613,32788.580735
KR0072,케이디비생명보험,,생명보험,3,생명장기 원수손익,2024.3Q,65993.9302,29131.199078
KR0072,케이디비생명보험,,생명보험,4,원수 CSM상각,2024.3Q,53684.0,19851.0
KR0072,케이디비생명보험,,생명보험,5,원수 위험조정 변동,2024.3Q,9752.0,3543.0
KR0072,케이디비생명보험,,생명보험,6,원수 예실차,2024.3Q,192422.0,92791.0
KR0072,케이디비생명보험,,생명보험,7,기타 생명장기 원수손익,2024.3Q,-189864.0698,-87053.800922
KR0072,케이디비생명보험,,생명보험,8,생명장기 재보험손익,2024.3Q,-2146.008587,3657.381657
KR0072,케이디비생명보험,,생명보험,9,재보험 CSM상각,2024.3Q,-1103.0,50.0
KR0072,케이디비생명보험,,생명보험,10,재보험 위험조정 변동,2024.3Q,-264.0,-102.0
KR0072,케이디비생명보험,,생명보험,11,재보험 예실차,2024.3Q,25764.0,15197.0
KR0072,케이디비생명보험,,생명보험,12,기타 생명장기 재보험손익,2024.3Q,-26543.008587,-11487.618343
KR0072,케이디비생명보험,,생명보험,13,자동차손익,2024.3Q,0.0,0.0
KR0072,케이디비생명보험,,생명보험,14,일반손익,2024.3Q,0.0,0.0
KR0072,케이디비생명보험,,생명보험,15,기타영업수익,2024.3Q,0.0,0.0
KR0072,케이디비생명보험,,생명보험,16,기타사업비용,2024.3Q,10405.999494,5410.229533
KR0072,케이디비생명보험,,생명보험,17,투자손익,2024.3Q,-26279.241226,-17942.222839
KR0072,케이디비생명보험,,생명보험,18,투자이익,2024.3Q,376667.278898,94313.931704
KR0072,케이디비생명보험,,생명보험,19,보험금융손익,2024.3Q,-402946.520124,-112256.154543
KR0072,케이디비생명보험,,생명보험,20,영업이익,2024.3Q,27162.680893,9436.128363
KR0072,케이디비생명보험,,생명보험,21,영업외손익,2024.3Q,-14197.565954,-3485.090066
KR0072,케이디비생명보험,,생명보험,22,세전이익,2024.3Q,12965.114939,5951.038297
KR0072,케이디비생명보험,,생명보험,23,법인세,2024.3Q,-0.500827,0.0
KR0072,케이디비생명보험,,생명보험,24,당기순이익,2024.3Q,12965.615766,5951.038297
KR0072,케이디비생명보험,,생명보험,1,보험손익,2024.4Q,99413.141954,45971.219835
KR0072,케이디비생명보험,,생명보험,2,생명장기 손익,2024.4Q,113630.897779,49782.976166
KR0072,케이디비생명보험,,생명보험,3,생명장기 원수손익,2024.4Q,107111.17606,41117.24586
KR0072,케이디비생명보험,,생명보험,4,원수 CSM상각,2024.4Q,71048.0,17364.0
KR0072,케이디비생명보험,,생명보험,5,원수 위험조정 변동,2024.4Q,12749.0,2997.0
KR0072,케이디비생명보험,,생명보험,6,원수 예실차,2024.4Q,18566.0,-173856.0
KR0072,케이디비생명보험,,생명보험,7,기타 생명장기 원수손익,2024.4Q,4748.17606,194612.24586
KR0072,케이디비생명보험,,생명보험,8,생명장기 재보험손익,2024.4Q,6519.721719,8665.730306
KR0072,케이디비생명보험,,생명보험,9,재보험 CSM상각,2024.4Q,-290.0,813.0
KR0072,케이디비생명보험,,생명보험,10,재보험 위험조정 변동,2024.4Q,-1186.0,-922.0
KR0072,케이디비생명보험,,생명보험,11,재보험 예실차,2024.4Q,-4218.0,-29982.0
KR0072,케이디비생명보험,,생명보험,12,기타 생명장기 재보험손익,2024.4Q,12213.721719,38756.730306
KR0072,케이디비생명보험,,생명보험,13,자동차손익,2024.4Q,0.0,0.0
KR0072,케이디비생명보험,,생명보험,14,일반손익,2024.4Q,0.0,0.0
KR0072,케이디비생명보험,,생명보험,15,기타영업수익,2024.4Q,0.0,0.0
KR0072,케이디비생명보험,,생명보험,16,기타사업비용,2024.4Q,14217.755825,3811.756331
KR0072,케이디비생명보험,,생명보험,17,투자손익,2024.4Q,-60251.942875,-33972.701649
KR0072,케이디비생명보험,,생명보험,18,투자이익,2024.4Q,455743.489541,79076.210643
KR0072,케이디비생명보험,,생명보험,19,보험금융손익,2024.4Q,-515995.432416,-113048.912292
KR0072,케이디비생명보험,,생명보험,20,영업이익,2024.4Q,39161.199079,11998.518186
KR0072,케이디비생명보험,,생명보험,21,영업외손익,2024.4Q,-18743.510688,-4545.944734
KR0072,케이디비생명보험,,생명보험,22,세전이익,2024.4Q,20417.688391,7452.573452
KR0072,케이디비생명보험,,생명보험,23,법인세,2024.4Q,-0.500827,0.0
KR0072,케이디비생명보험,,생명보험,24,당기순이익,2024.4Q,20418.189218,7452.573452
KR0072,케이디비생명보험,,생명보험,1,보험손익,2025.1Q,-1404.140519,-1404.140519
KR0072,케이디비생명보험,,생명보험,2,생명장기 손익,2025.1Q,1692.933775,1692.933775
KR0072,케이디비생명보험,,생명보험,3,생명장기 원수손익,2025.1Q,2369.882784,2369.882784
KR0072,케이디비생명보험,,생명보험,4,원수 CSM상각,2025.1Q,18102.0,18102.0
KR0072,케이디비생명보험,,생명보험,5,원수 위험조정 변동,2025.1Q,2932.0,2932.0
KR0072,케이디비생명보험,,생명보험,6,원수 예실차,2025.1Q,-10862.0,-10862.0
KR0072,케이디비생명보험,,생명보험,7,기타 생명장기 원수손익,2025.1Q,-7802.117216,-7802.117216
KR0072,케이디비생명보험,,생명보험,8,생명장기 재보험손익,2025.1Q,-676.949009,-676.949009
KR0072,케이디비생명보험,,생명보험,9,재보험 CSM상각,2025.1Q,-144.0,-144.0
KR0072,케이디비생명보험,,생명보험,10,재보험 위험조정 변동,2025.1Q,-505.0,-505.0
KR0072,케이디비생명보험,,생명보험,11,재보험 예실차,2025.1Q,6238.0,6238.0
KR0072,케이디비생명보험,,생명보험,12,기타 생명장기 재보험손익,2025.1Q,-6265.949009,-6265.949009
KR0072,케이디비생명보험,,생명보험,13,자동차손익,2025.1Q,0.0,0.0
KR0072,케이디비생명보험,,생명보험,14,일반손익,2025.1Q,0.0,0.0
KR0072,케이디비생명보험,,생명보험,15,기타영업수익,2025.1Q,0.0,0.0
KR0072,케이디비생명보험,,생명보험,16,기타사업비용,2025.1Q,3097.074294,3097.074294
KR0072,케이디비생명보험,,생명보험,17,투자손익,2025.1Q,7243.096089,7243.096089
KR0072,케이디비생명보험,,생명보험,18,투자이익,2025.1Q,151539.765628,151539.765628
KR0072,케이디비생명보험,,생명보험,19,보험금융손익,2025.1Q,-144296.669539,-144296.669539
KR0072,케이디비생명보험,,생명보험,20,영업이익,2025.1Q,5838.95557,5838.95557
KR0072,케이디비생명보험,,생명보험,21,영업외손익,2025.1Q,-3129.482623,-3129.482623
KR0072,케이디비생명보험,,생명보험,22,세전이익,2025.1Q,2709.472947,2709.472947
KR0072,케이디비생명보험,,생명보험,23,법인세,2025.1Q,0.0,0.0
KR0072,케이디비생명보험,,생명보험,24,당기순이익,2025.1Q,2709.472947,2709.472947
KR0072,케이디비생명보험,,생명보험,1,보험손익,2025.2Q,13049.581549,14453.722068
KR0072,케이디비생명보험,,생명보험,2,생명장기 손익,2025.2Q,20324.298113,18631.364338
KR0072,케이디비생명보험,,생명보험,3,생명장기 원수손익,2025.2Q,27601.989457,25232.106673
KR0072,케이디비생명보험,,생명보험,4,원수 CSM상각,2025.2Q,36078.0,17976.0
KR0072,케이디비생명보험,,생명보험,5,원수 위험조정 변동,2025.2Q,5544.0,2612.0
KR0072,케이디비생명보험,,생명보험,6,원수 예실차,2025.2Q,88021.0,98883.0
KR0072,케이디비생명보험,,생명보험,7,기타 생명장기 원수손익,2025.2Q,-102041.010543,-94238.893327
KR0072,케이디비생명보험,,생명보험,8,생명장기 재보험손익,2025.2Q,-7277.691344,-6600.742335
KR0072,케이디비생명보험,,생명보험,9,재보험 CSM상각,2025.2Q,-579.0,-435.0
KR0072,케이디비생명보험,,생명보험,10,재보험 위험조정 변동,2025.2Q,-561.0,-56.0
KR0072,케이디비생명보험,,생명보험,11,재보험 예실차,2025.2Q,5305.0,-933.0
KR0072,케이디비생명보험,,생명보험,12,기타 생명장기 재보험손익,2025.2Q,-11443.0,-5177.050991
KR0072,케이디비생명보험,,생명보험,13,자동차손익,2025.2Q,0.0,0.0
KR0072,케이디비생명보험,,생명보험,14,일반손익,2025.2Q,0.0,0.0
KR0072,케이디비생명보험,,생명보험,15,기타영업수익,2025.2Q,0.0,0.0
KR0072,케이디비생명보험,,생명보험,16,기타사업비용,2025.2Q,7274.716564,4177.64227
KR0072,케이디비생명보험,,생명보험,17,투자손익,2025.2Q,-16793.612888,-24036.708977
KR0072,케이디비생명보험,,생명보험,18,투자이익,2025.2Q,308311.01068,156771.245052
KR0072,케이디비생명보험,,생명보험,19,보험금융손익,2025.2Q,-325104.623568,-180807.954029
KR0072,케이디비생명보험,,생명보험,20,영업이익,2025.2Q,-3990.511716,-9829.467286
KR0072,케이디비생명보험,,생명보험,21,영업외손익,2025.2Q,-6291.142894,-3161.660271
KR0072,케이디비생명보험,,생명보험,22,세전이익,2025.2Q,-10281.65461,-12991.127557
KR0072,케이디비생명보험,,생명보험,23,법인세,2025.2Q,-0.560471,-0.560471
KR0072,케이디비생명보험,,생명보험,24,당기순이익,2025.2Q,-10281.094139,-12990.567086
KR0072,케이디비생명보험,,생명보험,1,보험손익,2025.3Q,5677.414839,-7372.16671
KR0072,케이디비생명보험,,생명보험,2,생명장기 손익,2025.3Q,17271.743561,-3052.554552
KR0072,케이디비생명보험,,생명보험,3,생명장기 원수손익,2025.3Q,43401.966543,15799.977086
KR0072,케이디비생명보험,,생명보험,4,원수 CSM상각,2025.3Q,54375.0,18297.0
KR0072,케이디비생명보험,,생명보험,5,원수 위험조정 변동,2025.3Q,8856.0,3312.0
KR0072,케이디비생명보험,,생명보험,6,원수 예실차,2025.3Q,171859.0,83838.0
KR0072,케이디비생명보험,,생명보험,7,기타 생명장기 원수손익,2025.3Q,-191688.033457,-89647.022914
KR0072,케이디비생명보험,,생명보험,8,생명장기 재보험손익,2025.3Q,-26130.222982,-18852.531638
KR0072,케이디비생명보험,,생명보험,9,재보험 CSM상각,2025.3Q,-498.0,81.0
KR0072,케이디비생명보험,,생명보험,10,재보험 위험조정 변동,2025.3Q,-615.0,-54.0
KR0072,케이디비생명보험,,생명보험,11,재보험 예실차,2025.3Q,5925.0,620.0
KR0072,케이디비생명보험,,생명보험,12,기타 생명장기 재보험손익,2025.3Q,-30942.0,-19499.0
KR0072,케이디비생명보험,,생명보험,13,자동차손익,2025.3Q,0.0,0.0
KR0072,케이디비생명보험,,생명보험,14,일반손익,2025.3Q,0.0,0.0
KR0072,케이디비생명보험,,생명보험,15,기타영업수익,2025.3Q,0.0,0.0
KR0072,케이디비생명보험,,생명보험,16,기타사업비용,2025.3Q,11594.328722,4319.612158
KR0072,케이디비생명보험,,생명보험,17,투자손익,2025.3Q,-23459.261355,-6665.648467
KR0072,케이디비생명보험,,생명보험,18,투자이익,2025.3Q,461921.387417,153610.376737
KR0072,케이디비생명보험,,생명보험,19,보험금융손익,2025.3Q,-485380.648772,-160276.025204
KR0072,케이디비생명보험,,생명보험,20,영업이익,2025.3Q,-18257.350388,-14266.838672
KR0072,케이디비생명보험,,생명보험,21,영업외손익,2025.3Q,-10608.040508,-4316.897614
KR0072,케이디비생명보험,,생명보험,22,세전이익,2025.3Q,-28865.390896,-18583.736286
KR0072,케이디비생명보험,,생명보험,23,법인세,2025.3Q,-0.560471,0.0
KR0072,케이디비생명보험,,생명보험,24,당기순이익,2025.3Q,-28864.830425,-18583.736286
KR0072,케이디비생명보험,,생명보험,1,보험손익,2025.4Q,-12715.584004,-18392.998843
KR0072,케이디비생명보험,,생명보험,2,생명장기 손익,2025.4Q,5369.391263,-11902.352298
KR0072,케이디비생명보험,,생명보험,3,생명장기 원수손익,2025.4Q,21265.993836,-22135.972707
KR0072,케이디비생명보험,,생명보험,4,원수 CSM상각,2025.4Q,68757.0,14382.0
KR0072,케이디비생명보험,,생명보험,5,원수 위험조정 변동,2025.4Q,12184.0,3328.0
KR0072,케이디비생명보험,,생명보험,6,원수 예실차,2025.4Q,-22166.0,-194025.0
KR0072,케이디비생명보험,,생명보험,7,기타 생명장기 원수손익,2025.4Q,-37509.006164,154179.027293
KR0072,케이디비생명보험,,생명보험,8,생명장기 재보험손익,2025.4Q,-15896.602573,10233.620409
KR0072,케이디비생명보험,,생명보험,9,재보험 CSM상각,2025.4Q,-19.0,479.0
KR0072,케이디비생명보험,,생명보험,10,재보험 위험조정 변동,2025.4Q,-531.0,84.0
KR0072,케이디비생명보험,,생명보험,11,재보험 예실차,2025.4Q,7212.0,1287.0
KR0072,케이디비생명보험,,생명보험,12,기타 생명장기 재보험손익,2025.4Q,-22559.0,8383.0
KR0072,케이디비생명보험,,생명보험,13,자동차손익,2025.4Q,0.0,0.0
KR0072,케이디비생명보험,,생명보험,14,일반손익,2025.4Q,0.0,0.0
KR0072,케이디비생명보험,,생명보험,15,기타영업수익,2025.4Q,0.0,0.0
KR0072,케이디비생명보험,,생명보험,16,기타사업비용,2025.4Q,18084.975267,6490.646545
KR0072,케이디비생명보험,,생명보험,17,투자손익,2025.4Q,-81730.714196,-58271.452841
KR0072,케이디비생명보험,,생명보험,18,투자이익,2025.4Q,585452.304234,123530.916817
KR0072,케이디비생명보험,,생명보험,19,보험금융손익,2025.4Q,-667183.01843,-181802.369658
KR0072,케이디비생명보험,,생명보험,20,영업이익,2025.4Q,-95025.060629,-76767.710241
KR0072,케이디비생명보험,,생명보험,21,영업외손익,2025.4Q,-16912.265117,-6304.224609
KR0072,케이디비생명보험,,생명보험,22,세전이익,2025.4Q,-111937.325746,-83071.93485
KR0072,케이디비생명보험,,생명보험,23,법인세,2025.4Q,-0.560471,0.0
KR0072,케이디비생명보험,,생명보험,24,당기순이익,2025.4Q,-111936.765275,-83071.93485
KR0072,케이디비생명보험,,생명보험,1,보험손익,2026.1Q,9539.35532,9539.35532
KR0072,케이디비생명보험,,생명보험,2,생명장기 손익,2026.1Q,12554.724951,12554.724951
KR0072,케이디비생명보험,,생명보험,3,생명장기 원수손익,2026.1Q,14640.212829,14640.212829
KR0072,케이디비생명보험,,생명보험,4,원수 CSM상각,2026.1Q,15474.0,15474.0
KR0072,케이디비생명보험,,생명보험,5,원수 위험조정 변동,2026.1Q,4463.0,4463.0
KR0072,케이디비생명보험,,생명보험,6,원수 예실차,2026.1Q,-11066.0,-11066.0
KR0072,케이디비생명보험,,생명보험,7,기타 생명장기 원수손익,2026.1Q,5769.212829,5769.212829
KR0072,케이디비생명보험,,생명보험,8,생명장기 재보험손익,2026.1Q,-2085.487878,-2085.487878
KR0072,케이디비생명보험,,생명보험,9,재보험 CSM상각,2026.1Q,-477.0,-477.0
KR0072,케이디비생명보험,,생명보험,10,재보험 위험조정 변동,2026.1Q,-131.0,-131.0
KR0072,케이디비생명보험,,생명보험,11,재보험 예실차,2026.1Q,-132.0,-132.0
KR0072,케이디비생명보험,,생명보험,12,기타 생명장기 재보험손익,2026.1Q,-1345.0,-1345.0
KR0072,케이디비생명보험,,생명보험,13,자동차손익,2026.1Q,0.0,0.0
KR0072,케이디비생명보험,,생명보험,14,일반손익,2026.1Q,0.0,0.0
KR0072,케이디비생명보험,,생명보험,15,기타영업수익,2026.1Q,0.0,0.0
KR0072,케이디비생명보험,,생명보험,16,기타사업비용,2026.1Q,3015.369631,3015.369631
KR0072,케이디비생명보험,,생명보험,17,투자손익,2026.1Q,-7079.41705,-7079.41705
KR0072,케이디비생명보험,,생명보험,18,투자이익,2026.1Q,166994.88731,166994.88731
KR0072,케이디비생명보험,,생명보험,19,보험금융손익,2026.1Q,-174074.30436,-174074.30436
KR0072,케이디비생명보험,,생명보험,20,영업이익,2026.1Q,2139.076628,2139.076628
KR0072,케이디비생명보험,,생명보험,21,영업외손익,2026.1Q,25694.966951,25694.966951
KR0072,케이디비생명보험,,생명보험,22,세전이익,2026.1Q,27834.043579,27834.043579
KR0072,케이디비생명보험,,생명보험,23,법인세,2026.1Q,0.0,0.0
KR0072,케이디비생명보험,,생명보험,24,당기순이익,2026.1Q,27834.043579,27834.043579
KR0072,케이디비생명보험,,생명보험,1,보험손익,2026.2Q,28722.870689,19183.515369
KR0072,케이디비생명보험,,생명보험,2,생명장기 손익,2026.2Q,35213.784353,22659.059402
KR0072,케이디비생명보험,,생명보험,3,생명장기 원수손익,2026.2Q,47146.926372,32506.713543
KR0072,케이디비생명보험,,생명보험,4,원수 CSM상각,2026.2Q,32065.0,16591.0
KR0072,케이디비생명보험,,생명보험,5,원수 위험조정 변동,2026.2Q,7519.0,3056.0
KR0072,케이디비생명보험,,생명보험,6,원수 예실차,2026.2Q,79385.0,90451.0
KR0072,케이디비생명보험,,생명보험,7,기타 생명장기 원수손익,2026.2Q,-71822.073628,-77591.286457
KR0072,케이디비생명보험,,생명보험,8,생명장기 재보험손익,2026.2Q,-11933.142019,-9847.654141
KR0072,케이디비생명보험,,생명보험,9,재보험 CSM상각,2026.2Q,,
KR0072,케이디비생명보험,,생명보험,10,재보험 위험조정 변동,2026.2Q,,
KR0072,케이디비생명보험,,생명보험,11,재보험 예실차,2026.2Q,15633.0,15765.0
KR0072,케이디비생명보험,,생명보험,12,기타 생명장기 재보험손익,2026.2Q,,
KR0072,케이디비생명보험,,생명보험,13,자동차손익,2026.2Q,0.0,0.0
KR0072,케이디비생명보험,,생명보험,14,일반손익,2026.2Q,0.0,0.0
KR0072,케이디비생명보험,,생명보험,15,기타영업수익,2026.2Q,0.0,0.0
KR0072,케이디비생명보험,,생명보험,16,기타사업비용,2026.2Q,6490.913664,3475.544033
KR0072,케이디비생명보험,,생명보험,17,투자손익,2026.2Q,-34332.221717,-27252.804667
KR0072,케이디비생명보험,,생명보험,18,투자이익,2026.2Q,507731.334735,340736.447425
KR0072,케이디비생명보험,,생명보험,19,보험금융손익,2026.2Q,-542063.556452,-367989.252092
KR0072,케이디비생명보험,,생명보험,20,영업이익,2026.2Q,-6054.195431,-8193.272059
KR0072,케이디비생명보험,,생명보험,21,영업외손익,2026.2Q,18993.765091,-6701.20186
KR0072,케이디비생명보험,,생명보험,22,세전이익,2026.2Q,12939.56966,-14894.473919
KR0072,케이디비생명보험,,생명보험,23,법인세,2026.2Q,-0.285705,-0.285705
KR0072,케이디비생명보험,,생명보험,24,당기순이익,2026.2Q,12939.855365,-14894.188214
KR0073,교보생명보험,,생명보험,1,보험손익,2023.1Q,,
KR0073,교보생명보험,,생명보험,2,생명장기 손익,2023.1Q,,
KR0073,교보생명보험,,생명보험,3,생명장기 원수손익,2023.1Q,,
KR0073,교보생명보험,,생명보험,4,원수 CSM상각,2023.1Q,104567.0,104567.0
KR0073,교보생명보험,,생명보험,5,원수 위험조정 변동,2023.1Q,33762.0,33762.0
KR0073,교보생명보험,,생명보험,6,원수 예실차,2023.1Q,,
KR0073,교보생명보험,,생명보험,7,기타 생명장기 원수손익,2023.1Q,,
KR0073,교보생명보험,,생명보험,8,생명장기 재보험손익,2023.1Q,,
KR0073,교보생명보험,,생명보험,9,재보험 CSM상각,2023.1Q,,
KR0073,교보생명보험,,생명보험,10,재보험 위험조정 변동,2023.1Q,,
KR0073,교보생명보험,,생명보험,11,재보험 예실차,2023.1Q,,
KR0073,교보생명보험,,생명보험,12,기타 생명장기 재보험손익,2023.1Q,,
KR0073,교보생명보험,,생명보험,13,자동차손익,2023.1Q,0.0,0.0
KR0073,교보생명보험,,생명보험,14,일반손익,2023.1Q,0.0,0.0
KR0073,교보생명보험,,생명보험,15,기타영업수익,2023.1Q,,
KR0073,교보생명보험,,생명보험,16,기타사업비용,2023.1Q,,
KR0073,교보생명보험,,생명보험,17,투자손익,2023.1Q,,
KR0073,교보생명보험,,생명보험,18,투자이익,2023.1Q,,
KR0073,교보생명보험,,생명보험,19,보험금융손익,2023.1Q,,
KR0073,교보생명보험,,생명보험,20,영업이익,2023.1Q,,
KR0073,교보생명보험,,생명보험,21,영업외손익,2023.1Q,,
KR0073,교보생명보험,,생명보험,22,세전이익,2023.1Q,,
KR0073,교보생명보험,,생명보험,23,법인세,2023.1Q,,
KR0073,교보생명보험,,생명보험,24,당기순이익,2023.1Q,,
KR0073,교보생명보험,,생명보험,1,보험손익,2023.2Q,,
KR0073,교보생명보험,,생명보험,2,생명장기 손익,2023.2Q,,
KR0073,교보생명보험,,생명보험,3,생명장기 원수손익,2023.2Q,,
KR0073,교보생명보험,,생명보험,4,원수 CSM상각,2023.2Q,211958.0,107391.0
KR0073,교보생명보험,,생명보험,5,원수 위험조정 변동,2023.2Q,68469.0,34707.0
KR0073,교보생명보험,,생명보험,6,원수 예실차,2023.2Q,,
KR0073,교보생명보험,,생명보험,7,기타 생명장기 원수손익,2023.2Q,,
KR0073,교보생명보험,,생명보험,8,생명장기 재보험손익,2023.2Q,,
KR0073,교보생명보험,,생명보험,9,재보험 CSM상각,2023.2Q,,
KR0073,교보생명보험,,생명보험,10,재보험 위험조정 변동,2023.2Q,,
KR0073,교보생명보험,,생명보험,11,재보험 예실차,2023.2Q,,
KR0073,교보생명보험,,생명보험,12,기타 생명장기 재보험손익,2023.2Q,,
KR0073,교보생명보험,,생명보험,13,자동차손익,2023.2Q,0.0,0.0
KR0073,교보생명보험,,생명보험,14,일반손익,2023.2Q,0.0,0.0
KR0073,교보생명보험,,생명보험,15,기타영업수익,2023.2Q,,
KR0073,교보생명보험,,생명보험,16,기타사업비용,2023.2Q,,
KR0073,교보생명보험,,생명보험,17,투자손익,2023.2Q,,
KR0073,교보생명보험,,생명보험,18,투자이익,2023.2Q,,
KR0073,교보생명보험,,생명보험,19,보험금융손익,2023.2Q,,
KR0073,교보생명보험,,생명보험,20,영업이익,2023.2Q,,
KR0073,교보생명보험,,생명보험,21,영업외손익,2023.2Q,,
KR0073,교보생명보험,,생명보험,22,세전이익,2023.2Q,,
KR0073,교보생명보험,,생명보험,23,법인세,2023.2Q,,
KR0073,교보생명보험,,생명보험,24,당기순이익,2023.2Q,,
KR0073,교보생명보험,,생명보험,1,보험손익,2023.3Q,187914.095192,
KR0073,교보생명보험,,생명보험,2,생명장기 손익,2023.3Q,214625.173196,
KR0073,교보생명보험,,생명보험,3,생명장기 원수손익,2023.3Q,212186.608708,
KR0073,교보생명보험,,생명보험,4,원수 CSM상각,2023.3Q,321786.0,109828.0
KR0073,교보생명보험,,생명보험,5,원수 위험조정 변동,2023.3Q,103180.0,34711.0
KR0073,교보생명보험,,생명보험,6,원수 예실차,2023.3Q,0.0,
KR0073,교보생명보험,,생명보험,7,기타 생명장기 원수손익,2023.3Q,-212779.391292,
KR0073,교보생명보험,,생명보험,8,생명장기 재보험손익,2023.3Q,2438.564488,
KR0073,교보생명보험,,생명보험,9,재보험 CSM상각,2023.3Q,,
KR0073,교보생명보험,,생명보험,10,재보험 위험조정 변동,2023.3Q,,
KR0073,교보생명보험,,생명보험,11,재보험 예실차,2023.3Q,,
KR0073,교보생명보험,,생명보험,12,기타 생명장기 재보험손익,2023.3Q,,
KR0073,교보생명보험,,생명보험,13,자동차손익,2023.3Q,0.0,0.0
KR0073,교보생명보험,,생명보험,14,일반손익,2023.3Q,0.0,0.0
KR0073,교보생명보험,,생명보험,15,기타영업수익,2023.3Q,0.0,
KR0073,교보생명보험,,생명보험,16,기타사업비용,2023.3Q,26711.078004,
KR0073,교보생명보험,,생명보험,17,투자손익,2023.3Q,608378.82698,
KR0073,교보생명보험,,생명보험,18,투자이익,2023.3Q,3131346.331311,
KR0073,교보생명보험,,생명보험,19,보험금융손익,2023.3Q,-2522967.504331,
KR0073,교보생명보험,,생명보험,20,영업이익,2023.3Q,796292.922172,
KR0073,교보생명보험,,생명보험,21,영업외손익,2023.3Q,12287.801726,
KR0073,교보생명보험,,생명보험,22,세전이익,2023.3Q,808580.723898,
KR0073,교보생명보험,,생명보험,23,법인세,2023.3Q,205721.857346,
KR0073,교보생명보험,,생명보험,24,당기순이익,2023.3Q,602858.866552,
KR0073,교보생명보험,,생명보험,1,보험손익,2023.4Q,42073.679167,-145840.416025
KR0073,교보생명보험,,생명보험,2,생명장기 손익,2023.4Q,78483.645581,-136141.527615
KR0073,교보생명보험,,생명보험,3,생명장기 원수손익,2023.4Q,75032.433435,-137154.175273
KR0073,교보생명보험,,생명보험,4,원수 CSM상각,2023.4Q,437009.0,115223.0
KR0073,교보생명보험,,생명보험,5,원수 위험조정 변동,2023.4Q,138314.0,35134.0
KR0073,교보생명보험,,생명보험,6,원수 예실차,2023.4Q,19583.0,19583.0
KR0073,교보생명보험,,생명보험,7,기타 생명장기 원수손익,2023.4Q,-519873.566565,-307094.175273
KR0073,교보생명보험,,생명보험,8,생명장기 재보험손익,2023.4Q,3451.212146,1012.647658
KR0073,교보생명보험,,생명보험,9,재보험 CSM상각,2023.4Q,-6738.0,
KR0073,교보생명보험,,생명보험,10,재보험 위험조정 변동,2023.4Q,-1552.0,
KR0073,교보생명보험,,생명보험,11,재보험 예실차,2023.4Q,5944.0,
KR0073,교보생명보험,,생명보험,12,기타 생명장기 재보험손익,2023.4Q,5797.212146,
KR0073,교보생명보험,,생명보험,13,자동차손익,2023.4Q,0.0,0.0
KR0073,교보생명보험,,생명보험,14,일반손익,2023.4Q,0.0,0.0
KR0073,교보생명보험,,생명보험,15,기타영업수익,2023.4Q,0.0,0.0
KR0073,교보생명보험,,생명보험,16,기타사업비용,2023.4Q,36409.966414,9698.88841
KR0073,교보생명보험,,생명보험,17,투자손익,2023.4Q,600006.228335,-8372.598645
KR0073,교보생명보험,,생명보험,18,투자이익,2023.4Q,4891702.520757,1760356.189446
KR0073,교보생명보험,,생명보험,19,보험금융손익,2023.4Q,-4291696.292422,-1768728.788091
KR0073,교보생명보험,,생명보험,20,영업이익,2023.4Q,642079.907502,-154213.01467
KR0073,교보생명보험,,생명보험,21,영업외손익,2023.4Q,3018.609483,-9269.192243
KR0073,교보생명보험,,생명보험,22,세전이익,2023.4Q,645098.516985,-163482.206913
KR0073,교보생명보험,,생명보험,23,법인세,2023.4Q,156016.93919,-49704.918156
KR0073,교보생명보험,,생명보험,24,당기순이익,2023.4Q,489081.577795,-113777.288757
KR0073,교보생명보험,,생명보험,1,보험손익,2024.1Q,104234.172912,104234.172912
KR0073,교보생명보험,,생명보험,2,생명장기 손익,2024.1Q,113941.259605,113941.259605
KR0073,교보생명보험,,생명보험,3,생명장기 원수손익,2024.1Q,115496.950321,115496.950321
KR0073,교보생명보험,,생명보험,4,원수 CSM상각,2024.1Q,120428.0,120428.0
KR0073,교보생명보험,,생명보험,5,원수 위험조정 변동,2024.1Q,36794.0,36794.0
KR0073,교보생명보험,,생명보험,6,원수 예실차,2024.1Q,-25905.0,-25905.0
KR0073,교보생명보험,,생명보험,7,기타 생명장기 원수손익,2024.1Q,-15820.049679,-15820.049679
KR0073,교보생명보험,,생명보험,8,생명장기 재보험손익,2024.1Q,-1555.690716,-1555.690716
KR0073,교보생명보험,,생명보험,9,재보험 CSM상각,2024.1Q,-3114.0,-3114.0
KR0073,교보생명보험,,생명보험,10,재보험 위험조정 변동,2024.1Q,-385.0,-385.0
KR0073,교보생명보험,,생명보험,11,재보험 예실차,2024.1Q,2877.0,2877.0
KR0073,교보생명보험,,생명보험,12,기타 생명장기 재보험손익,2024.1Q,-933.690716,-933.690716
KR0073,교보생명보험,,생명보험,13,자동차손익,2024.1Q,0.0,0.0
KR0073,교보생명보험,,생명보험,14,일반손익,2024.1Q,0.0,0.0
KR0073,교보생명보험,,생명보험,15,기타영업수익,2024.1Q,0.0,0.0
KR0073,교보생명보험,,생명보험,16,기타사업비용,2024.1Q,9707.086693,9707.086693
KR0073,교보생명보험,,생명보험,17,투자손익,2024.1Q,296034.376393,296034.376393
KR0073,교보생명보험,,생명보험,18,투자이익,2024.1Q,1105309.041713,1105309.041713
KR0073,교보생명보험,,생명보험,19,보험금융손익,2024.1Q,-809274.66532,-809274.66532
KR0073,교보생명보험,,생명보험,20,영업이익,2024.1Q,400268.549305,400268.549305
KR0073,교보생명보험,,생명보험,21,영업외손익,2024.1Q,5006.729489,5006.729489
KR0073,교보생명보험,,생명보험,22,세전이익,2024.1Q,405275.278794,405275.278794
KR0073,교보생명보험,,생명보험,23,법인세,2024.1Q,94233.5342,94233.5342
KR0073,교보생명보험,,생명보험,24,당기순이익,2024.1Q,311041.744594,311041.744594
KR0073,교보생명보험,,생명보험,1,보험손익,2024.2Q,305954.931591,201720.758679
KR0073,교보생명보험,,생명보험,2,생명장기 손익,2024.2Q,326131.649218,212190.389613
KR0073,교보생명보험,,생명보험,3,생명장기 원수손익,2024.2Q,329878.722165,214381.771844
KR0073,교보생명보험,,생명보험,4,원수 CSM상각,2024.2Q,234307.0,113879.0
KR0073,교보생명보험,,생명보험,5,원수 위험조정 변동,2024.2Q,73208.0,36414.0
KR0073,교보생명보험,,생명보험,6,원수 예실차,2024.2Q,23434.0,49339.0
KR0073,교보생명보험,,생명보험,7,기타 생명장기 원수손익,2024.2Q,-1070.277835,14749.771844
KR0073,교보생명보험,,생명보험,8,생명장기 재보험손익,2024.2Q,-3747.072947,-2191.382231
KR0073,교보생명보험,,생명보험,9,재보험 CSM상각,2024.2Q,-5049.0,-1935.0
KR0073,교보생명보험,,생명보험,10,재보험 위험조정 변동,2024.2Q,-794.0,-409.0
KR0073,교보생명보험,,생명보험,11,재보험 예실차,2024.2Q,3014.0,137.0
KR0073,교보생명보험,,생명보험,12,기타 생명장기 재보험손익,2024.2Q,-918.072947,15.617769
KR0073,교보생명보험,,생명보험,13,자동차손익,2024.2Q,0.0,0.0
KR0073,교보생명보험,,생명보험,14,일반손익,2024.2Q,0.0,0.0
KR0073,교보생명보험,,생명보험,15,기타영업수익,2024.2Q,0.0,0.0
KR0073,교보생명보험,,생명보험,16,기타사업비용,2024.2Q,20176.717627,10469.630934
KR0073,교보생명보험,,생명보험,17,투자손익,2024.2Q,469507.722659,173473.346266
KR0073,교보생명보험,,생명보험,18,투자이익,2024.2Q,2306797.122328,1201488.080615
KR0073,교보생명보험,,생명보험,19,보험금융손익,2024.2Q,-1837289.399669,-1028014.734349
KR0073,교보생명보험,,생명보험,20,영업이익,2024.2Q,775462.65425,375194.104945
KR0073,교보생명보험,,생명보험,21,영업외손익,2024.2Q,20424.339954,15417.610465
KR0073,교보생명보험,,생명보험,22,세전이익,2024.2Q,795886.994204,390611.71541
KR0073,교보생명보험,,생명보험,23,법인세,2024.2Q,188375.223382,94141.689182
KR0073,교보생명보험,,생명보험,24,당기순이익,2024.2Q,607511.770822,296470.026228
KR0073,교보생명보험,,생명보험,1,보험손익,2024.3Q,557157.230859,251202.299268
KR0073,교보생명보험,,생명보험,2,생명장기 손익,2024.3Q,587775.087732,261643.438514
KR0073,교보생명보험,,생명보험,3,생명장기 원수손익,2024.3Q,590722.065881,260843.343716
KR0073,교보생명보험,,생명보험,4,원수 CSM상각,2024.3Q,449849.0,215542.0
KR0073,교보생명보험,,생명보험,5,원수 위험조정 변동,2024.3Q,110426.0,37218.0
KR0073,교보생명보험,,생명보험,6,원수 예실차,2024.3Q,64052.0,40618.0
KR0073,교보생명보험,,생명보험,7,기타 생명장기 원수손익,2024.3Q,-33604.934119,-32534.656284
KR0073,교보생명보험,,생명보험,8,생명장기 재보험손익,2024.3Q,-2946.978149,800.094798
KR0073,교보생명보험,,생명보험,9,재보험 CSM상각,2024.3Q,-4410.0,639.0
KR0073,교보생명보험,,생명보험,10,재보험 위험조정 변동,2024.3Q,-906.0,-112.0
KR0073,교보생명보험,,생명보험,11,재보험 예실차,2024.3Q,6062.0,3048.0
KR0073,교보생명보험,,생명보험,12,기타 생명장기 재보험손익,2024.3Q,-3692.978149,-2774.905202
KR0073,교보생명보험,,생명보험,13,자동차손익,2024.3Q,0.0,0.0
KR0073,교보생명보험,,생명보험,14,일반손익,2024.3Q,0.0,0.0
KR0073,교보생명보험,,생명보험,15,기타영업수익,2024.3Q,0.0,0.0
KR0073,교보생명보험,,생명보험,16,기타사업비용,2024.3Q,30617.856873,10441.139246
KR0073,교보생명보험,,생명보험,17,투자손익,2024.3Q,643912.553966,174404.831307
KR0073,교보생명보험,,생명보험,18,투자이익,2024.3Q,3112030.400672,805233.278344
KR0073,교보생명보험,,생명보험,19,보험금융손익,2024.3Q,-2468117.846706,-630828.447037
KR0073,교보생명보험,,생명보험,20,영업이익,2024.3Q,1201069.784825,425607.130575
KR0073,교보생명보험,,생명보험,21,영업외손익,2024.3Q,19113.524921,-1310.815033
KR0073,교보생명보험,,생명보험,22,세전이익,2024.3Q,1220183.309746,424296.315542
KR0073,교보생명보험,,생명보험,23,법인세,2024.3Q,280256.846299,91881.622917
KR0073,교보생명보험,,생명보험,24,당기순이익,2024.3Q,939926.463447,332414.692625
KR0073,교보생명보험,,생명보험,1,보험손익,2024.4Q,473623.864404,-83533.366455
KR0073,교보생명보험,,생명보험,2,생명장기 손익,2024.4Q,514574.15334,-73200.934392
KR0073,교보생명보험,,생명보험,3,생명장기 원수손익,2024.4Q,516557.065408,-74165.000473
KR0073,교보생명보험,,생명보험,4,원수 CSM상각,2024.4Q,600984.0,151135.0
KR0073,교보생명보험,,생명보험,5,원수 위험조정 변동,2024.4Q,148199.0,37773.0
KR0073,교보생명보험,,생명보험,6,원수 예실차,2024.4Q,128048.0,63996.0
KR0073,교보생명보험,,생명보험,7,기타 생명장기 원수손익,2024.4Q,-360673.934592,-327069.000473
KR0073,교보생명보험,,생명보험,8,생명장기 재보험손익,2024.4Q,-1982.912068,964.066081
KR0073,교보생명보험,,생명보험,9,재보험 CSM상각,2024.4Q,-4333.0,77.0
KR0073,교보생명보험,,생명보험,10,재보험 위험조정 변동,2024.4Q,-1028.0,-122.0
KR0073,교보생명보험,,생명보험,11,재보험 예실차,2024.4Q,8502.0,2440.0
KR0073,교보생명보험,,생명보험,12,기타 생명장기 재보험손익,2024.4Q,-5123.912068,-1430.933919
KR0073,교보생명보험,,생명보험,13,자동차손익,2024.4Q,0.0,0.0
KR0073,교보생명보험,,생명보험,14,일반손익,2024.4Q,0.0,0.0
KR0073,교보생명보험,,생명보험,15,기타영업수익,2024.4Q,0.0,0.0
KR0073,교보생명보험,,생명보험,16,기타사업비용,2024.4Q,40950.288936,10332.432063
KR0073,교보생명보험,,생명보험,17,투자손익,2024.4Q,671399.62773,27487.073764
KR0073,교보생명보험,,생명보험,18,투자이익,2024.4Q,3598682.200003,486651.799331
KR0073,교보생명보험,,생명보험,19,보험금융손익,2024.4Q,-2927282.572273,-459164.725567
KR0073,교보생명보험,,생명보험,20,영업이익,2024.4Q,1145023.492134,-56046.292691
KR0073,교보생명보험,,생명보험,21,영업외손익,2024.4Q,-264233.609378,-283347.134299
KR0073,교보생명보험,,생명보험,22,세전이익,2024.4Q,880789.882756,-339393.42699
KR0073,교보생명보험,,생명보험,23,법인세,2024.4Q,182053.793416,-98203.052883
KR0073,교보생명보험,,생명보험,24,당기순이익,2024.4Q,698736.08934,-241190.374107
KR0073,교보생명보험,,생명보험,1,보험손익,2025.1Q,163110.340125,163110.340125
KR0073,교보생명보험,,생명보험,2,생명장기 손익,2025.1Q,175868.23709,175868.23709
KR0073,교보생명보험,,생명보험,3,생명장기 원수손익,2025.1Q,176571.480118,176571.480118
KR0073,교보생명보험,,생명보험,4,원수 CSM상각,2025.1Q,147074.0,147074.0
KR0073,교보생명보험,,생명보험,5,원수 위험조정 변동,2025.1Q,32225.0,32225.0
KR0073,교보생명보험,,생명보험,6,원수 예실차,2025.1Q,50690.0,50690.0
KR0073,교보생명보험,,생명보험,7,기타 생명장기 원수손익,2025.1Q,-53417.51988199999,-53417.51988199999
KR0073,교보생명보험,,생명보험,8,생명장기 재보험손익,2025.1Q,-703.243028,-703.243028
KR0073,교보생명보험,,생명보험,9,재보험 CSM상각,2025.1Q,-1963.0,-1963.0
KR0073,교보생명보험,,생명보험,10,재보험 위험조정 변동,2025.1Q,-90.0,-90.0
KR0073,교보생명보험,,생명보험,11,재보험 예실차,2025.1Q,1372.0,1372.0
KR0073,교보생명보험,,생명보험,12,기타 생명장기 재보험손익,2025.1Q,-22.243028,-22.243028
KR0073,교보생명보험,,생명보험,13,자동차손익,2025.1Q,0.0,0.0
KR0073,교보생명보험,,생명보험,14,일반손익,2025.1Q,0.0,0.0
KR0073,교보생명보험,,생명보험,15,기타영업수익,2025.1Q,0.0,0.0
KR0073,교보생명보험,,생명보험,16,기타사업비용,2025.1Q,12757.896965,12757.896965
KR0073,교보생명보험,,생명보험,17,투자손익,2025.1Q,242344.822745,242344.822745
KR0073,교보생명보험,,생명보험,18,투자이익,2025.1Q,1371884.821929,1371884.821929
KR0073,교보생명보험,,생명보험,19,보험금융손익,2025.1Q,-1129539.999184,-1129539.999184
KR0073,교보생명보험,,생명보험,20,영업이익,2025.1Q,405455.16287,405455.16287
KR0073,교보생명보험,,생명보험,21,영업외손익,2025.1Q,4911.592125,4911.592125
KR0073,교보생명보험,,생명보험,22,세전이익,2025.1Q,410366.754995,410366.754995
KR0073,교보생명보험,,생명보험,23,법인세,2025.1Q,95084.268156,95084.268156
KR0073,교보생명보험,,생명보험,24,당기순이익,2025.1Q,315282.486839,315282.486839
KR0073,교보생명보험,,생명보험,1,보험손익,2025.2Q,253601.557184,90491.217059
KR0073,교보생명보험,,생명보험,2,생명장기 손익,2025.2Q,283994.639005,108126.401915
KR0073,교보생명보험,,생명보험,3,생명장기 원수손익,2025.2Q,279877.125563,103305.645445
KR0073,교보생명보험,,생명보험,4,원수 CSM상각,2025.2Q,291874.0,144800.0
KR0073,교보생명보험,,생명보험,5,원수 위험조정 변동,2025.2Q,71086.0,38861.0
KR0073,교보생명보험,,생명보험,6,원수 예실차,2025.2Q,-22088.0,-72778.0
KR0073,교보생명보험,,생명보험,7,기타 생명장기 원수손익,2025.2Q,-60994.874437,-7577.354555
KR0073,교보생명보험,,생명보험,8,생명장기 재보험손익,2025.2Q,4117.513442,4820.75647
KR0073,교보생명보험,,생명보험,9,재보험 CSM상각,2025.2Q,-4414.0,-2451.0
KR0073,교보생명보험,,생명보험,10,재보험 위험조정 변동,2025.2Q,-36.0,54.0
KR0073,교보생명보험,,생명보험,11,재보험 예실차,2025.2Q,5054.0,3682.0
KR0073,교보생명보험,,생명보험,12,기타 생명장기 재보험손익,2025.2Q,3513.513442,3535.75647
KR0073,교보생명보험,,생명보험,13,자동차손익,2025.2Q,0.0,0.0
KR0073,교보생명보험,,생명보험,14,일반손익,2025.2Q,0.0,0.0
KR0073,교보생명보험,,생명보험,15,기타영업수익,2025.2Q,0.0,0.0
KR0073,교보생명보험,,생명보험,16,기타사업비용,2025.2Q,30393.081821,17635.184856
KR0073,교보생명보험,,생명보험,17,투자손익,2025.2Q,496917.777961,254572.955216
KR0073,교보생명보험,,생명보험,18,투자이익,2025.2Q,3086814.680058,1714929.858129
KR0073,교보생명보험,,생명보험,19,보험금융손익,2025.2Q,-2589896.902097,-1460356.902913
KR0073,교보생명보험,,생명보험,20,영업이익,2025.2Q,750519.335145,345064.172275
KR0073,교보생명보험,,생명보험,21,영업외손익,2025.2Q,15386.836193,10475.244068
KR0073,교보생명보험,,생명보험,22,세전이익,2025.2Q,765906.171338,355539.416343
KR0073,교보생명보험,,생명보험,23,법인세,2025.2Q,180598.684864,85514.416708
KR0073,교보생명보험,,생명보험,24,당기순이익,2025.2Q,585307.486474,270024.999635
KR0073,교보생명보험,,생명보험,1,보험손익,2025.3Q,421527.868588,167926.311404
KR0073,교보생명보험,,생명보험,2,생명장기 손익,2025.3Q,469329.240886,185334.601881
KR0073,교보생명보험,,생명보험,3,생명장기 원수손익,2025.3Q,457815.435277,177938.309714
KR0073,교보생명보험,,생명보험,4,원수 CSM상각,2025.3Q,438353.0,146479.0
KR0073,교보생명보험,,생명보험,5,원수 위험조정 변동,2025.3Q,110039.0,38953.0
KR0073,교보생명보험,,생명보험,6,원수 예실차,2025.3Q,-15033.0,7055.0
KR0073,교보생명보험,,생명보험,7,기타 생명장기 원수손익,2025.3Q,-75543.564723,-14548.690286
KR0073,교보생명보험,,생명보험,8,생명장기 재보험손익,2025.3Q,11513.805609,7396.292167
KR0073,교보생명보험,,생명보험,9,재보험 CSM상각,2025.3Q,-6720.0,-2306.0
KR0073,교보생명보험,,생명보험,10,재보험 위험조정 변동,2025.3Q,-184.0,-148.0
KR0073,교보생명보험,,생명보험,11,재보험 예실차,2025.3Q,8280.0,3226.0
KR0073,교보생명보험,,생명보험,12,기타 생명장기 재보험손익,2025.3Q,10137.805609,6624.292167
KR0073,교보생명보험,,생명보험,13,자동차손익,2025.3Q,0.0,0.0
KR0073,교보생명보험,,생명보험,14,일반손익,2025.3Q,0.0,0.0
KR0073,교보생명보험,,생명보험,15,기타영업수익,2025.3Q,0.0,0.0
KR0073,교보생명보험,,생명보험,16,기타사업비용,2025.3Q,47801.372298,17408.290477
KR0073,교보생명보험,,생명보험,17,투자손익,2025.3Q,670619.982273,173702.204312
KR0073,교보생명보험,,생명보험,18,투자이익,2025.3Q,4479205.046112,1392390.366054
KR0073,교보생명보험,,생명보험,19,보험금융손익,2025.3Q,-3808585.063839,-1218688.161742
KR0073,교보생명보험,,생명보험,20,영업이익,2025.3Q,1092147.850861,341628.515716
KR0073,교보생명보험,,생명보험,21,영업외손익,2025.3Q,17799.643272,2412.807079
KR0073,교보생명보험,,생명보험,22,세전이익,2025.3Q,1109947.494133,344041.322795
KR0073,교보생명보험,,생명보험,23,법인세,2025.3Q,262975.596307,82376.911443
KR0073,교보생명보험,,생명보험,24,당기순이익,2025.3Q,846971.897826,261664.411352
KR0073,교보생명보험,,생명보험,1,보험손익,2025.4Q,391590.329838,-29937.53875
KR0073,교보생명보험,,생명보험,2,생명장기 손익,2025.4Q,455509.294833,-13819.946053
KR0073,교보생명보험,,생명보험,3,생명장기 원수손익,2025.4Q,446262.129019,-11553.306258
KR0073,교보생명보험,,생명보험,4,원수 CSM상각,2025.4Q,587995.0,149642.0
KR0073,교보생명보험,,생명보험,5,원수 위험조정 변동,2025.4Q,149625.0,39586.0
KR0073,교보생명보험,,생명보험,6,원수 예실차,2025.4Q,193163.0,208196.0
KR0073,교보생명보험,,생명보험,7,기타 생명장기 원수손익,2025.4Q,-484520.870981,-408977.306258
KR0073,교보생명보험,,생명보험,8,생명장기 재보험손익,2025.4Q,9247.165814,-2266.639795
KR0073,교보생명보험,,생명보험,9,재보험 CSM상각,2025.4Q,-11088.0,-4368.0
KR0073,교보생명보험,,생명보험,10,재보험 위험조정 변동,2025.4Q,-755.0,-571.0
KR0073,교보생명보험,,생명보험,11,재보험 예실차,2025.4Q,9286.0,1006.0
KR0073,교보생명보험,,생명보험,12,기타 생명장기 재보험손익,2025.4Q,11804.165814,1666.360205
KR0073,교보생명보험,,생명보험,13,자동차손익,2025.4Q,0.0,0.0
KR0073,교보생명보험,,생명보험,14,일반손익,2025.4Q,0.0,0.0
KR0073,교보생명보험,,생명보험,15,기타영업수익,2025.4Q,0.0,0.0
KR0073,교보생명보험,,생명보험,16,기타사업비용,2025.4Q,63918.964995,16117.592697
KR0073,교보생명보험,,생명보험,17,투자손익,2025.4Q,670035.101553,-584.88072
KR0073,교보생명보험,,생명보험,18,투자이익,2025.4Q,5940265.286037,1461060.239925
KR0073,교보생명보험,,생명보험,19,보험금융손익,2025.4Q,-5270230.184484,-1461645.120645
KR0073,교보생명보험,,생명보험,20,영업이익,2025.4Q,1061625.431391,-30522.41947
KR0073,교보생명보험,,생명보험,21,영업외손익,2025.4Q,-99527.295976,-117326.939248
KR0073,교보생명보험,,생명보험,22,세전이익,2025.4Q,962098.135415,-147849.358718
KR0073,교보생명보험,,생명보험,23,법인세,2025.4Q,198887.657816,-64087.938491
KR0073,교보생명보험,,생명보험,24,당기순이익,2025.4Q,763210.477599,-83761.420227
KR0073,교보생명보험,,생명보험,1,보험손익,2026.1Q,184786.615531,184786.615531
KR0073,교보생명보험,,생명보험,2,생명장기 손익,2026.1Q,202842.216159,202842.216159
KR0073,교보생명보험,,생명보험,3,생명장기 원수손익,2026.1Q,205280.606122,205280.606122
KR0073,교보생명보험,,생명보험,4,원수 CSM상각,2026.1Q,153734.0,153734.0
KR0073,교보생명보험,,생명보험,5,원수 위험조정 변동,2026.1Q,39306.0,39306.0
KR0073,교보생명보험,,생명보험,6,원수 예실차,2026.1Q,18254.0,18254.0
KR0073,교보생명보험,,생명보험,7,기타 생명장기 원수손익,2026.1Q,-6013.393878000003,-6013.393878000003
KR0073,교보생명보험,,생명보험,8,생명장기 재보험손익,2026.1Q,-2438.389963,-2438.389963
KR0073,교보생명보험,,생명보험,9,재보험 CSM상각,2026.1Q,-2369.0,-2369.0
KR0073,교보생명보험,,생명보험,10,재보험 위험조정 변동,2026.1Q,-617.0,-617.0
KR0073,교보생명보험,,생명보험,11,재보험 예실차,2026.1Q,1349.0,1349.0
KR0073,교보생명보험,,생명보험,12,기타 생명장기 재보험손익,2026.1Q,-801.389963,-801.389963
KR0073,교보생명보험,,생명보험,13,자동차손익,2026.1Q,0.0,0.0
KR0073,교보생명보험,,생명보험,14,일반손익,2026.1Q,0.0,0.0
KR0073,교보생명보험,,생명보험,15,기타영업수익,2026.1Q,0.0,0.0
KR0073,교보생명보험,,생명보험,16,기타사업비용,2026.1Q,18055.600628,18055.600628
KR0073,교보생명보험,,생명보험,17,투자손익,2026.1Q,259420.202089,259420.202089
KR0073,교보생명보험,,생명보험,18,투자이익,2026.1Q,1806349.769783,1806349.769783
KR0073,교보생명보험,,생명보험,19,보험금융손익,2026.1Q,-1546929.567694,-1546929.567694
KR0073,교보생명보험,,생명보험,20,영업이익,2026.1Q,444206.81762,444206.81762
KR0073,교보생명보험,,생명보험,21,영업외손익,2026.1Q,323.717553,323.717553
KR0073,교보생명보험,,생명보험,22,세전이익,2026.1Q,444530.535173,444530.535173
KR0073,교보생명보험,,생명보험,23,법인세,2026.1Q,114390.125273,114390.125273
KR0073,교보생명보험,,생명보험,24,당기순이익,2026.1Q,330140.4099,330140.4099
KR0073,교보생명보험,,생명보험,1,보험손익,2026.2Q,227492.036824,42705.421293
KR0073,교보생명보험,,생명보험,2,생명장기 손익,2026.2Q,263109.010157,60266.793998
KR0073,교보생명보험,,생명보험,3,생명장기 원수손익,2026.2Q,260781.630051,55501.023929
KR0073,교보생명보험,,생명보험,4,원수 CSM상각,2026.2Q,318554.0,164820.0
KR0073,교보생명보험,,생명보험,5,원수 위험조정 변동,2026.2Q,78460.0,39154.0
KR0073,교보생명보험,,생명보험,6,원수 예실차,2026.2Q,-48399.0,-66653.0
KR0073,교보생명보험,,생명보험,7,기타 생명장기 원수손익,2026.2Q,-87833.369949,-81819.976071
KR0073,교보생명보험,,생명보험,8,생명장기 재보험손익,2026.2Q,2327.380106,4765.770069
KR0073,교보생명보험,,생명보험,9,재보험 CSM상각,2026.2Q,-4423.0,-2054.0
KR0073,교보생명보험,,생명보험,10,재보험 위험조정 변동,2026.2Q,-1185.0,-568.0
KR0073,교보생명보험,,생명보험,11,재보험 예실차,2026.2Q,2485.0,1136.0
KR0073,교보생명보험,,생명보험,12,기타 생명장기 재보험손익,2026.2Q,5450.380106,6251.770069
KR0073,교보생명보험,,생명보험,13,자동차손익,2026.2Q,0.0,0.0
KR0073,교보생명보험,,생명보험,14,일반손익,2026.2Q,0.0,0.0
KR0073,교보생명보험,,생명보험,15,기타영업수익,2026.2Q,0.0,0.0
KR0073,교보생명보험,,생명보험,16,기타사업비용,2026.2Q,35616.973333,17561.372705
KR0073,교보생명보험,,생명보험,17,투자손익,2026.2Q,403771.814425,144351.612336
KR0073,교보생명보험,,생명보험,18,투자이익,2026.2Q,6700188.598986,4893838.829203
KR0073,교보생명보험,,생명보험,19,보험금융손익,2026.2Q,-6296416.784561,-4749487.216867
KR0073,교보생명보험,,생명보험,20,영업이익,2026.2Q,631263.851249,187057.033629
KR0073,교보생명보험,,생명보험,21,영업외손익,2026.2Q,2849.546284,2525.828731
KR0073,교보생명보험,,생명보험,22,세전이익,2026.2Q,634113.397533,189582.86236
KR0073,교보생명보험,,생명보험,23,법인세,2026.2Q,155486.380349,41096.255076
KR0073,교보생명보험,,생명보험,24,당기순이익,2026.2Q,478627.017184,148486.607284
KR0074,라이나생명보험,,생명보험,1,보험손익,2023.4Q,,
KR0074,라이나생명보험,,생명보험,2,생명장기 손익,2023.4Q,,
KR0074,라이나생명보험,,생명보험,3,생명장기 원수손익,2023.4Q,,
KR0074,라이나생명보험,,생명보험,4,원수 CSM상각,2023.4Q,443127.76,
KR0074,라이나생명보험,,생명보험,5,원수 위험조정 변동,2023.4Q,,
KR0074,라이나생명보험,,생명보험,6,원수 예실차,2023.4Q,,
KR0074,라이나생명보험,,생명보험,7,기타 생명장기 원수손익,2023.4Q,,
KR0074,라이나생명보험,,생명보험,8,생명장기 재보험손익,2023.4Q,,
KR0074,라이나생명보험,,생명보험,9,재보험 CSM상각,2023.4Q,-7365.047,
KR0074,라이나생명보험,,생명보험,10,재보험 위험조정 변동,2023.4Q,,
KR0074,라이나생명보험,,생명보험,11,재보험 예실차,2023.4Q,,
KR0074,라이나생명보험,,생명보험,12,기타 생명장기 재보험손익,2023.4Q,,
KR0074,라이나생명보험,,생명보험,13,자동차손익,2023.4Q,0.0,
KR0074,라이나생명보험,,생명보험,14,일반손익,2023.4Q,0.0,
KR0074,라이나생명보험,,생명보험,15,기타영업수익,2023.4Q,,
KR0074,라이나생명보험,,생명보험,16,기타사업비용,2023.4Q,,
KR0074,라이나생명보험,,생명보험,17,투자손익,2023.4Q,,
KR0074,라이나생명보험,,생명보험,18,투자이익,2023.4Q,,
KR0074,라이나생명보험,,생명보험,19,보험금융손익,2023.4Q,,
KR0074,라이나생명보험,,생명보험,20,영업이익,2023.4Q,,
KR0074,라이나생명보험,,생명보험,21,영업외손익,2023.4Q,,
KR0074,라이나생명보험,,생명보험,22,세전이익,2023.4Q,,
KR0074,라이나생명보험,,생명보험,23,법인세,2023.4Q,,
KR0074,라이나생명보험,,생명보험,24,당기순이익,2023.4Q,,
KR0074,라이나생명보험,,생명보험,1,보험손익,2024.4Q,310451.0,
KR0074,라이나생명보험,,생명보험,2,생명장기 손익,2024.4Q,328886.0,
KR0074,라이나생명보험,,생명보험,3,생명장기 원수손익,2024.4Q,259410.0,
KR0074,라이나생명보험,,생명보험,4,원수 CSM상각,2024.4Q,397347.0,
KR0074,라이나생명보험,,생명보험,5,원수 위험조정 변동,2024.4Q,67191.0,
KR0074,라이나생명보험,,생명보험,6,원수 예실차,2024.4Q,4785.0,
KR0074,라이나생명보험,,생명보험,7,기타 생명장기 원수손익,2024.4Q,-209913.0,
KR0074,라이나생명보험,,생명보험,8,생명장기 재보험손익,2024.4Q,69476.0,
KR0074,라이나생명보험,,생명보험,9,재보험 CSM상각,2024.4Q,-11684.0,
KR0074,라이나생명보험,,생명보험,10,재보험 위험조정 변동,2024.4Q,-6524.0,
KR0074,라이나생명보험,,생명보험,11,재보험 예실차,2024.4Q,18162.0,
KR0074,라이나생명보험,,생명보험,12,기타 생명장기 재보험손익,2024.4Q,69522.0,
KR0074,라이나생명보험,,생명보험,13,자동차손익,2024.4Q,0.0,
KR0074,라이나생명보험,,생명보험,14,일반손익,2024.4Q,0.0,
KR0074,라이나생명보험,,생명보험,15,기타영업수익,2024.4Q,0.0,
KR0074,라이나생명보험,,생명보험,16,기타사업비용,2024.4Q,18435.0,
KR0074,라이나생명보험,,생명보험,17,투자손익,2024.4Q,296868.0,
KR0074,라이나생명보험,,생명보험,18,투자이익,2024.4Q,243138.0,
KR0074,라이나생명보험,,생명보험,19,보험금융손익,2024.4Q,53730.0,
KR0074,라이나생명보험,,생명보험,20,영업이익,2024.4Q,607319.0,
KR0074,라이나생명보험,,생명보험,21,영업외손익,2024.4Q,-10687.0,
KR0074,라이나생명보험,,생명보험,22,세전이익,2024.4Q,596632.0,
KR0074,라이나생명보험,,생명보험,23,법인세,2024.4Q,132348.0,
KR0074,라이나생명보험,,생명보험,24,당기순이익,2024.4Q,464284.0,
KR0074,라이나생명보험,,생명보험,1,보험손익,2025.4Q,179565.0,
KR0074,라이나생명보험,,생명보험,2,생명장기 손익,2025.4Q,198093.0,
KR0074,라이나생명보험,,생명보험,3,생명장기 원수손익,2025.4Q,166731.0,
KR0074,라이나생명보험,,생명보험,4,원수 CSM상각,2025.4Q,331435.0,
KR0074,라이나생명보험,,생명보험,5,원수 위험조정 변동,2025.4Q,53666.0,
KR0074,라이나생명보험,,생명보험,6,원수 예실차,2025.4Q,-31834.0,
KR0074,라이나생명보험,,생명보험,7,기타 생명장기 원수손익,2025.4Q,-186536.0,
KR0074,라이나생명보험,,생명보험,8,생명장기 재보험손익,2025.4Q,31363.0,
KR0074,라이나생명보험,,생명보험,9,재보험 CSM상각,2025.4Q,-29268.0,
KR0074,라이나생명보험,,생명보험,10,재보험 위험조정 변동,2025.4Q,-656.0,
KR0074,라이나생명보험,,생명보험,11,재보험 예실차,2025.4Q,29053.0,
KR0074,라이나생명보험,,생명보험,12,기타 생명장기 재보험손익,2025.4Q,32234.0,
KR0074,라이나생명보험,,생명보험,13,자동차손익,2025.4Q,0.0,
KR0074,라이나생명보험,,생명보험,14,일반손익,2025.4Q,0.0,
KR0074,라이나생명보험,,생명보험,15,기타영업수익,2025.4Q,0.0,
KR0074,라이나생명보험,,생명보험,16,기타사업비용,2025.4Q,18529.0,
KR0074,라이나생명보험,,생명보험,17,투자손익,2025.4Q,270640.0,
KR0074,라이나생명보험,,생명보험,18,투자이익,2025.4Q,208578.0,
KR0074,라이나생명보험,,생명보험,19,보험금융손익,2025.4Q,62062.0,
KR0074,라이나생명보험,,생명보험,20,영업이익,2025.4Q,450205.0,
KR0074,라이나생명보험,,생명보험,21,영업외손익,2025.4Q,-52.0,
KR0074,라이나생명보험,,생명보험,22,세전이익,2025.4Q,450153.0,
KR0074,라이나생명보험,,생명보험,23,법인세,2025.4Q,93711.0,
KR0074,라이나생명보험,,생명보험,24,당기순이익,2025.4Q,356442.0,
KR0075,비엔피파리바카디프생명보험,,생명보험,1,보험손익,2024.4Q,-13639.253189000003,
KR0075,비엔피파리바카디프생명보험,,생명보험,2,생명장기 손익,2024.4Q,-13639.253189000003,
KR0075,비엔피파리바카디프생명보험,,생명보험,3,생명장기 원수손익,2024.4Q,-1833.578628000003,
KR0075,비엔피파리바카디프생명보험,,생명보험,4,원수 CSM상각,2024.4Q,6286.095,
KR0075,비엔피파리바카디프생명보험,,생명보험,5,원수 위험조정 변동,2024.4Q,1768.401,
KR0075,비엔피파리바카디프생명보험,,생명보험,6,원수 예실차,2024.4Q,1760.5660000000025,
KR0075,비엔피파리바카디프생명보험,,생명보험,7,기타 생명장기 원수손익,2024.4Q,-11648.640628000006,
KR0075,비엔피파리바카디프생명보험,,생명보험,8,생명장기 재보험손익,2024.4Q,-1636.546378,
KR0075,비엔피파리바카디프생명보험,,생명보험,9,재보험 CSM상각,2024.4Q,3574.609,
KR0075,비엔피파리바카디프생명보험,,생명보험,10,재보험 위험조정 변동,2024.4Q,-13.814,
KR0075,비엔피파리바카디프생명보험,,생명보험,11,재보험 예실차,2024.4Q,95.16300000000001,
KR0075,비엔피파리바카디프생명보험,,생명보험,12,기타 생명장기 재보험손익,2024.4Q,-5292.504378,
KR0075,비엔피파리바카디프생명보험,,생명보험,13,자동차손익,2024.4Q,0.0,
KR0075,비엔피파리바카디프생명보험,,생명보험,14,일반손익,2024.4Q,0.0,
KR0075,비엔피파리바카디프생명보험,,생명보험,15,기타영업수익,2024.4Q,,
KR0075,비엔피파리바카디프생명보험,,생명보험,16,기타사업비용,2024.4Q,10169.128183,
KR0075,비엔피파리바카디프생명보험,,생명보험,17,투자손익,2024.4Q,-779.0990140000067,
KR0075,비엔피파리바카디프생명보험,,생명보험,18,투자이익,2024.4Q,174590.222096,
KR0075,비엔피파리바카디프생명보험,,생명보험,19,보험금융손익,2024.4Q,-175369.32111000002,
KR0075,비엔피파리바카디프생명보험,,생명보험,20,영업이익,2024.4Q,-14418.352203,
KR0075,비엔피파리바카디프생명보험,,생명보험,21,영업외손익,2024.4Q,-176.19334800000001,
KR0075,비엔피파리바카디프생명보험,,생명보험,22,세전이익,2024.4Q,-14594.545551,
KR0075,비엔피파리바카디프생명보험,,생명보험,23,법인세,2024.4Q,-2090.350242,
KR0075,비엔피파리바카디프생명보험,,생명보험,24,당기순이익,2024.4Q,-12504.195308999999,
KR0075,비엔피파리바카디프생명보험,,생명보험,1,보험손익,2025.4Q,-24222.942939,
KR0075,비엔피파리바카디프생명보험,,생명보험,2,생명장기 손익,2025.4Q,-24222.942939,
KR0075,비엔피파리바카디프생명보험,,생명보험,3,생명장기 원수손익,2025.4Q,-12261.467528000001,
KR0075,비엔피파리바카디프생명보험,,생명보험,4,원수 CSM상각,2025.4Q,6379.544,
KR0075,비엔피파리바카디프생명보험,,생명보험,5,원수 위험조정 변동,2025.4Q,1110.537,
KR0075,비엔피파리바카디프생명보험,,생명보험,6,원수 예실차,2025.4Q,-3826.768,
KR0075,비엔피파리바카디프생명보험,,생명보험,7,기타 생명장기 원수손익,2025.4Q,-15924.780528000003,
KR0075,비엔피파리바카디프생명보험,,생명보험,8,생명장기 재보험손익,2025.4Q,-1813.896,
KR0075,비엔피파리바카디프생명보험,,생명보험,9,재보험 CSM상각,2025.4Q,-2667.968,
KR0075,비엔피파리바카디프생명보험,,생명보험,10,재보험 위험조정 변동,2025.4Q,-22.399,
KR0075,비엔피파리바카디프생명보험,,생명보험,11,재보험 예실차,2025.4Q,152.58799999999997,
KR0075,비엔피파리바카디프생명보험,,생명보험,12,기타 생명장기 재보험손익,2025.4Q,723.8829999999999,
KR0075,비엔피파리바카디프생명보험,,생명보험,13,자동차손익,2025.4Q,0.0,
KR0075,비엔피파리바카디프생명보험,,생명보험,14,일반손익,2025.4Q,0.0,
KR0075,비엔피파리바카디프생명보험,,생명보험,15,기타영업수익,2025.4Q,,
KR0075,비엔피파리바카디프생명보험,,생명보험,16,기타사업비용,2025.4Q,10147.580446,
KR0075,비엔피파리바카디프생명보험,,생명보험,17,투자손익,2025.4Q,3030.5334799999837,
KR0075,비엔피파리바카디프생명보험,,생명보험,18,투자이익,2025.4Q,245234.095105,
KR0075,비엔피파리바카디프생명보험,,생명보험,19,보험금융손익,2025.4Q,-242203.561625,
KR0075,비엔피파리바카디프생명보험,,생명보험,20,영업이익,2025.4Q,-21192.409459,
KR0075,비엔피파리바카디프생명보험,,생명보험,21,영업외손익,2025.4Q,-85.389436,
KR0075,비엔피파리바카디프생명보험,,생명보험,22,세전이익,2025.4Q,-21227.798895,
KR0075,비엔피파리바카디프생명보험,,생명보험,23,법인세,2025.4Q,3544.202309,
KR0075,비엔피파리바카디프생명보험,,생명보험,24,당기순이익,2025.4Q,-24772.001204,
KR0079,미래에셋생명보험,,생명보험,1,보험손익,2023.1Q,43699.0,43699.0
KR0079,미래에셋생명보험,,생명보험,2,생명장기 손익,2023.1Q,61472.0,61472.0
KR0079,미래에셋생명보험,,생명보험,3,생명장기 원수손익,2023.1Q,60942.0,60942.0
KR0079,미래에셋생명보험,,생명보험,4,원수 CSM상각,2023.1Q,52014.0,52014.0
KR0079,미래에셋생명보험,,생명보험,5,원수 위험조정 변동,2023.1Q,12029.0,12029.0
KR0079,미래에셋생명보험,,생명보험,6,원수 예실차,2023.1Q,0.0,0.0
KR0079,미래에셋생명보험,,생명보험,7,기타 생명장기 원수손익,2023.1Q,-3101.0,-3101.0
KR0079,미래에셋생명보험,,생명보험,8,생명장기 재보험손익,2023.1Q,531.0,531.0
KR0079,미래에셋생명보험,,생명보험,9,재보험 CSM상각,2023.1Q,-249.0,-249.0
KR0079,미래에셋생명보험,,생명보험,10,재보험 위험조정 변동,2023.1Q,-55.0,-55.0
KR0079,미래에셋생명보험,,생명보험,11,재보험 예실차,2023.1Q,0.0,0.0
KR0079,미래에셋생명보험,,생명보험,12,기타 생명장기 재보험손익,2023.1Q,835.0,835.0
KR0079,미래에셋생명보험,,생명보험,13,자동차손익,2023.1Q,0.0,0.0
KR0079,미래에셋생명보험,,생명보험,14,일반손익,2023.1Q,0.0,0.0
KR0079,미래에셋생명보험,,생명보험,15,기타영업수익,2023.1Q,0.0,0.0
KR0079,미래에셋생명보험,,생명보험,16,기타사업비용,2023.1Q,17774.0,17774.0
KR0079,미래에셋생명보험,,생명보험,17,투자손익,2023.1Q,93769.0,93769.0
KR0079,미래에셋생명보험,,생명보험,18,투자이익,2023.1Q,911261.0,911261.0
KR0079,미래에셋생명보험,,생명보험,19,보험금융손익,2023.1Q,-817492.0,-817492.0
KR0079,미래에셋생명보험,,생명보험,20,영업이익,2023.1Q,137468.0,137468.0
KR0079,미래에셋생명보험,,생명보험,21,영업외손익,2023.1Q,-1673.0,-1673.0
KR0079,미래에셋생명보험,,생명보험,22,세전이익,2023.1Q,135794.0,135794.0
KR0079,미래에셋생명보험,,생명보험,23,법인세,2023.1Q,35059.0,35059.0
KR0079,미래에셋생명보험,,생명보험,24,당기순이익,2023.1Q,100735.0,100735.0
KR0079,미래에셋생명보험,,생명보험,1,보험손익,2023.2Q,84266.0,40567.0
KR0079,미래에셋생명보험,,생명보험,2,생명장기 손익,2023.2Q,117084.0,55612.0
KR0079,미래에셋생명보험,,생명보험,3,생명장기 원수손익,2023.2Q,119649.0,58707.0
KR0079,미래에셋생명보험,,생명보험,4,원수 CSM상각,2023.2Q,102398.0,50384.0
KR0079,미래에셋생명보험,,생명보험,5,원수 위험조정 변동,2023.2Q,23608.0,11579.0
KR0079,미래에셋생명보험,,생명보험,6,원수 예실차,2023.2Q,0.0,0.0
KR0079,미래에셋생명보험,,생명보험,7,기타 생명장기 원수손익,2023.2Q,-6357.0,-3256.0
KR0079,미래에셋생명보험,,생명보험,8,생명장기 재보험손익,2023.2Q,-2565.0,-3096.0
KR0079,미래에셋생명보험,,생명보험,9,재보험 CSM상각,2023.2Q,-547.0,-298.0
KR0079,미래에셋생명보험,,생명보험,10,재보험 위험조정 변동,2023.2Q,-645.0,-590.0
KR0079,미래에셋생명보험,,생명보험,11,재보험 예실차,2023.2Q,0.0,0.0
KR0079,미래에셋생명보험,,생명보험,12,기타 생명장기 재보험손익,2023.2Q,-1373.0,-2208.0
KR0079,미래에셋생명보험,,생명보험,13,자동차손익,2023.2Q,0.0,0.0
KR0079,미래에셋생명보험,,생명보험,14,일반손익,2023.2Q,0.0,0.0
KR0079,미래에셋생명보험,,생명보험,15,기타영업수익,2023.2Q,0.0,0.0
KR0079,미래에셋생명보험,,생명보험,16,기타사업비용,2023.2Q,32818.0,15044.0
KR0079,미래에셋생명보험,,생명보험,17,투자손익,2023.2Q,97519.0,3750.0
KR0079,미래에셋생명보험,,생명보험,18,투자이익,2023.2Q,1566094.0,654833.0
KR0079,미래에셋생명보험,,생명보험,19,보험금융손익,2023.2Q,-1468575.0,-651083.0
KR0079,미래에셋생명보험,,생명보험,20,영업이익,2023.2Q,181785.0,44317.0
KR0079,미래에셋생명보험,,생명보험,21,영업외손익,2023.2Q,-2682.0,-1009.0
KR0079,미래에셋생명보험,,생명보험,22,세전이익,2023.2Q,179103.0,43309.0
KR0079,미래에셋생명보험,,생명보험,23,법인세,2023.2Q,44339.0,9280.0
KR0079,미래에셋생명보험,,생명보험,24,당기순이익,2023.2Q,134764.0,34029.0
KR0079,미래에셋생명보험,,생명보험,1,보험손익,2023.3Q,111606.10744,27340.10744
KR0079,미래에셋생명보험,,생명보험,2,생명장기 손익,2023.3Q,159917.75301,42833.75301
KR0079,미래에셋생명보험,,생명보험,3,생명장기 원수손익,2023.3Q,161467.991418,41818.991418
KR0079,미래에셋생명보험,,생명보험,4,원수 CSM상각,2023.3Q,148365.0,45967.0
KR0079,미래에셋생명보험,,생명보험,5,원수 위험조정 변동,2023.3Q,35157.0,11549.0
KR0079,미래에셋생명보험,,생명보험,6,원수 예실차,2023.3Q,0.0,0.0
KR0079,미래에셋생명보험,,생명보험,7,기타 생명장기 원수손익,2023.3Q,-22054.008582,-15697.008582
KR0079,미래에셋생명보험,,생명보험,8,생명장기 재보험손익,2023.3Q,-1550.238408,1014.761592
KR0079,미래에셋생명보험,,생명보험,9,재보험 CSM상각,2023.3Q,-1417.0,-870.0
KR0079,미래에셋생명보험,,생명보험,10,재보험 위험조정 변동,2023.3Q,-644.0,1.0
KR0079,미래에셋생명보험,,생명보험,11,재보험 예실차,2023.3Q,0.0,0.0
KR0079,미래에셋생명보험,,생명보험,12,기타 생명장기 재보험손익,2023.3Q,510.761592,1883.761592
KR0079,미래에셋생명보험,,생명보험,13,자동차손익,2023.3Q,0.0,0.0
KR0079,미래에셋생명보험,,생명보험,14,일반손익,2023.3Q,0.0,0.0
KR0079,미래에셋생명보험,,생명보험,15,기타영업수익,2023.3Q,0.0,0.0
KR0079,미래에셋생명보험,,생명보험,16,기타사업비용,2023.3Q,48311.64557,15493.64557
KR0079,미래에셋생명보험,,생명보험,17,투자손익,2023.3Q,96774.42107,-744.57893
KR0079,미래에셋생명보험,,생명보험,18,투자이익,2023.3Q,1548602.602699,-17491.397301
KR0079,미래에셋생명보험,,생명보험,19,보험금융손익,2023.3Q,-1451828.181629,16746.818371
KR0079,미래에셋생명보험,,생명보험,20,영업이익,2023.3Q,208380.52851,26595.52851
KR0079,미래에셋생명보험,,생명보험,21,영업외손익,2023.3Q,-3485.659441,-803.659441
KR0079,미래에셋생명보험,,생명보험,22,세전이익,2023.3Q,204894.869069,25791.869069
KR0079,미래에셋생명보험,,생명보험,23,법인세,2023.3Q,45663.529609,1324.529609
KR0079,미래에셋생명보험,,생명보험,24,당기순이익,2023.3Q,159231.33946,24467.33946
KR0079,미래에셋생명보험,,생명보험,1,보험손익,2023.4Q,169000.766608,57394.659168
KR0079,미래에셋생명보험,,생명보험,2,생명장기 손익,2023.4Q,236258.8358,76341.08279
KR0079,미래에셋생명보험,,생명보험,3,생명장기 원수손익,2023.4Q,242299.914041,80831.922623
KR0079,미래에셋생명보험,,생명보험,4,원수 CSM상각,2023.4Q,197764.0,49399.0
KR0079,미래에셋생명보험,,생명보험,5,원수 위험조정 변동,2023.4Q,46004.0,10847.0
KR0079,미래에셋생명보험,,생명보험,6,원수 예실차,2023.4Q,0.0,0.0
KR0079,미래에셋생명보험,,생명보험,7,기타 생명장기 원수손익,2023.4Q,-1468.085959,20585.922623
KR0079,미래에셋생명보험,,생명보험,8,생명장기 재보험손익,2023.4Q,-6041.078241,-4490.839833
KR0079,미래에셋생명보험,,생명보험,9,재보험 CSM상각,2023.4Q,-2202.0,-785.0
KR0079,미래에셋생명보험,,생명보험,10,재보험 위험조정 변동,2023.4Q,-817.0,-173.0
KR0079,미래에셋생명보험,,생명보험,11,재보험 예실차,2023.4Q,0.0,0.0
KR0079,미래에셋생명보험,,생명보험,12,기타 생명장기 재보험손익,2023.4Q,-3022.078241,-3532.839833
KR0079,미래에셋생명보험,,생명보험,13,자동차손익,2023.4Q,0.0,0.0
KR0079,미래에셋생명보험,,생명보험,14,일반손익,2023.4Q,0.0,0.0
KR0079,미래에셋생명보험,,생명보험,15,기타영업수익,2023.4Q,0.0,0.0
KR0079,미래에셋생명보험,,생명보험,16,기타사업비용,2023.4Q,67258.069192,18946.423622
KR0079,미래에셋생명보험,,생명보험,17,투자손익,2023.4Q,-2228.957191,-99003.378261
KR0079,미래에셋생명보험,,생명보험,18,투자이익,2023.4Q,2318990.368924,770387.766225
KR0079,미래에셋생명보험,,생명보험,19,보험금융손익,2023.4Q,-2321219.326115,-869391.144486
KR0079,미래에셋생명보험,,생명보험,20,영업이익,2023.4Q,166771.809417,-41608.719093
KR0079,미래에셋생명보험,,생명보험,21,영업외손익,2023.4Q,-4017.126837,-531.467396
KR0079,미래에셋생명보험,,생명보험,22,세전이익,2023.4Q,162754.68258,-42140.186489
KR0079,미래에셋생명보험,,생명보험,23,법인세,2023.4Q,37754.460046,-7909.069563
KR0079,미래에셋생명보험,,생명보험,24,당기순이익,2023.4Q,125000.222534,-34231.116926
KR0079,미래에셋생명보험,,생명보험,1,보험손익,2024.1Q,21491.797709,21491.797709
KR0079,미래에셋생명보험,,생명보험,2,생명장기 손익,2024.1Q,36986.580556,36986.580556
KR0079,미래에셋생명보험,,생명보험,3,생명장기 원수손익,2024.1Q,34162.887358,34162.887358
KR0079,미래에셋생명보험,,생명보험,4,원수 CSM상각,2024.1Q,50731.0,50731.0
KR0079,미래에셋생명보험,,생명보험,5,원수 위험조정 변동,2024.1Q,11243.0,11243.0
KR0079,미래에셋생명보험,,생명보험,6,원수 예실차,2024.1Q,0.0,0.0
KR0079,미래에셋생명보험,,생명보험,7,기타 생명장기 원수손익,2024.1Q,-27811.112642,-27811.112642
KR0079,미래에셋생명보험,,생명보험,8,생명장기 재보험손익,2024.1Q,2823.693198,2823.693198
KR0079,미래에셋생명보험,,생명보험,9,재보험 CSM상각,2024.1Q,-755.0,-755.0
KR0079,미래에셋생명보험,,생명보험,10,재보험 위험조정 변동,2024.1Q,-206.0,-206.0
KR0079,미래에셋생명보험,,생명보험,11,재보험 예실차,2024.1Q,0.0,0.0
KR0079,미래에셋생명보험,,생명보험,12,기타 생명장기 재보험손익,2024.1Q,3784.693198,3784.693198
KR0079,미래에셋생명보험,,생명보험,13,자동차손익,2024.1Q,0.0,0.0
KR0079,미래에셋생명보험,,생명보험,14,일반손익,2024.1Q,0.0,0.0
KR0079,미래에셋생명보험,,생명보험,15,기타영업수익,2024.1Q,0.0,0.0
KR0079,미래에셋생명보험,,생명보험,16,기타사업비용,2024.1Q,15494.782847,15494.782847
KR0079,미래에셋생명보험,,생명보험,17,투자손익,2024.1Q,28573.74898,28573.74898
KR0079,미래에셋생명보험,,생명보험,18,투자이익,2024.1Q,910292.821477,910292.821477
KR0079,미래에셋생명보험,,생명보험,19,보험금융손익,2024.1Q,-881719.072497,-881719.072497
KR0079,미래에셋생명보험,,생명보험,20,영업이익,2024.1Q,50065.546689,50065.546689
KR0079,미래에셋생명보험,,생명보험,21,영업외손익,2024.1Q,-1380.79058,-1380.79058
KR0079,미래에셋생명보험,,생명보험,22,세전이익,2024.1Q,48684.756109,48684.756109
KR0079,미래에셋생명보험,,생명보험,23,법인세,2024.1Q,9250.105067,9250.105067
KR0079,미래에셋생명보험,,생명보험,24,당기순이익,2024.1Q,39434.651042,39434.651042
KR0079,미래에셋생명보험,,생명보험,1,보험손익,2024.2Q,67198.838072,45707.040363
KR0079,미래에셋생명보험,,생명보험,2,생명장기 손익,2024.2Q,97838.515098,60851.934542
KR0079,미래에셋생명보험,,생명보험,3,생명장기 원수손익,2024.2Q,95239.856466,61076.969108
KR0079,미래에셋생명보험,,생명보험,4,원수 CSM상각,2024.2Q,100642.0,49911.0
KR0079,미래에셋생명보험,,생명보험,5,원수 위험조정 변동,2024.2Q,21971.0,10728.0
KR0079,미래에셋생명보험,,생명보험,6,원수 예실차,2024.2Q,0.0,0.0
KR0079,미래에셋생명보험,,생명보험,7,기타 생명장기 원수손익,2024.2Q,-27373.143534,437.969108
KR0079,미래에셋생명보험,,생명보험,8,생명장기 재보험손익,2024.2Q,2598.658632,-225.034566
KR0079,미래에셋생명보험,,생명보험,9,재보험 CSM상각,2024.2Q,-1486.0,-731.0
KR0079,미래에셋생명보험,,생명보험,10,재보험 위험조정 변동,2024.2Q,-47.0,159.0
KR0079,미래에셋생명보험,,생명보험,11,재보험 예실차,2024.2Q,0.0,0.0
KR0079,미래에셋생명보험,,생명보험,12,기타 생명장기 재보험손익,2024.2Q,4131.658632,346.965434
KR0079,미래에셋생명보험,,생명보험,13,자동차손익,2024.2Q,0.0,0.0
KR0079,미래에셋생명보험,,생명보험,14,일반손익,2024.2Q,0.0,0.0
KR0079,미래에셋생명보험,,생명보험,15,기타영업수익,2024.2Q,0.0,0.0
KR0079,미래에셋생명보험,,생명보험,16,기타사업비용,2024.2Q,30639.677026,15144.894179
KR0079,미래에셋생명보험,,생명보험,17,투자손익,2024.2Q,2274.784134,-26298.964846
KR0079,미래에셋생명보험,,생명보험,18,투자이익,2024.2Q,1383049.73801,472756.916533
KR0079,미래에셋생명보험,,생명보험,19,보험금융손익,2024.2Q,-1380774.953876,-499055.881379
KR0079,미래에셋생명보험,,생명보험,20,영업이익,2024.2Q,69473.622206,19408.075517
KR0079,미래에셋생명보험,,생명보험,21,영업외손익,2024.2Q,1961.164478,3341.955058
KR0079,미래에셋생명보험,,생명보험,22,세전이익,2024.2Q,71434.786684,22750.030575
KR0079,미래에셋생명보험,,생명보험,23,법인세,2024.2Q,12784.66911,3534.564043
KR0079,미래에셋생명보험,,생명보험,24,당기순이익,2024.2Q,58650.117574,19215.466532
KR0079,미래에셋생명보험,,생명보험,1,보험손익,2024.3Q,98344.442716,31145.604644
KR0079,미래에셋생명보험,,생명보험,2,생명장기 손익,2024.3Q,145293.215889,47454.700791
KR0079,미래에셋생명보험,,생명보험,3,생명장기 원수손익,2024.3Q,142186.60823,46946.751764
KR0079,미래에셋생명보험,,생명보험,4,원수 CSM상각,2024.3Q,148630.0,47988.0
KR0079,미래에셋생명보험,,생명보험,5,원수 위험조정 변동,2024.3Q,32632.0,10661.0
KR0079,미래에셋생명보험,,생명보험,6,원수 예실차,2024.3Q,0.0,0.0
KR0079,미래에셋생명보험,,생명보험,7,기타 생명장기 원수손익,2024.3Q,-39075.39177,-11702.248236
KR0079,미래에셋생명보험,,생명보험,8,생명장기 재보험손익,2024.3Q,3106.607659,507.949027
KR0079,미래에셋생명보험,,생명보험,9,재보험 CSM상각,2024.3Q,-2321.0,-835.0
KR0079,미래에셋생명보험,,생명보험,10,재보험 위험조정 변동,2024.3Q,-292.0,-245.0
KR0079,미래에셋생명보험,,생명보험,11,재보험 예실차,2024.3Q,0.0,0.0
KR0079,미래에셋생명보험,,생명보험,12,기타 생명장기 재보험손익,2024.3Q,5719.607659,1587.949027
KR0079,미래에셋생명보험,,생명보험,13,자동차손익,2024.3Q,0.0,0.0
KR0079,미래에셋생명보험,,생명보험,14,일반손익,2024.3Q,0.0,0.0
KR0079,미래에셋생명보험,,생명보험,15,기타영업수익,2024.3Q,0.0,0.0
KR0079,미래에셋생명보험,,생명보험,16,기타사업비용,2024.3Q,46948.773173,16309.096147
KR0079,미래에셋생명보험,,생명보험,17,투자손익,2024.3Q,-22944.439639,-25219.223773
KR0079,미래에셋생명보험,,생명보험,18,투자이익,2024.3Q,1411219.443477,28169.705467
KR0079,미래에셋생명보험,,생명보험,19,보험금융손익,2024.3Q,-1434163.883116,-53388.92924
KR0079,미래에셋생명보험,,생명보험,20,영업이익,2024.3Q,75400.003077,5926.380871
KR0079,미래에셋생명보험,,생명보험,21,영업외손익,2024.3Q,-111.989328,-2073.153806
KR0079,미래에셋생명보험,,생명보험,22,세전이익,2024.3Q,75288.013749,3853.227065
KR0079,미래에셋생명보험,,생명보험,23,법인세,2024.3Q,13116.766682,332.097572
KR0079,미래에셋생명보험,,생명보험,24,당기순이익,2024.3Q,62171.247067,3521.129493
KR0079,미래에셋생명보험,,생명보험,1,보험손익,2024.4Q,119275.544347,20931.101631
KR0079,미래에셋생명보험,,생명보험,2,생명장기 손익,2024.4Q,186934.837775,41641.621886
KR0079,미래에셋생명보험,,생명보험,3,생명장기 원수손익,2024.4Q,184607.516868,42420.908638
KR0079,미래에셋생명보험,,생명보험,4,원수 CSM상각,2024.4Q,197691.0,49061.0
KR0079,미래에셋생명보험,,생명보험,5,원수 위험조정 변동,2024.4Q,43275.0,10643.0
KR0079,미래에셋생명보험,,생명보험,6,원수 예실차,2024.4Q,0.0,0.0
KR0079,미래에셋생명보험,,생명보험,7,기타 생명장기 원수손익,2024.4Q,-56358.483132,-17283.091362
KR0079,미래에셋생명보험,,생명보험,8,생명장기 재보험손익,2024.4Q,2327.320907,-779.286752
KR0079,미래에셋생명보험,,생명보험,9,재보험 CSM상각,2024.4Q,-4674.0,-2353.0
KR0079,미래에셋생명보험,,생명보험,10,재보험 위험조정 변동,2024.4Q,-442.0,-150.0
KR0079,미래에셋생명보험,,생명보험,11,재보험 예실차,2024.4Q,0.0,0.0
KR0079,미래에셋생명보험,,생명보험,12,기타 생명장기 재보험손익,2024.4Q,7443.320907,1723.713248
KR0079,미래에셋생명보험,,생명보험,13,자동차손익,2024.4Q,0.0,0.0
KR0079,미래에셋생명보험,,생명보험,14,일반손익,2024.4Q,0.0,0.0
KR0079,미래에셋생명보험,,생명보험,15,기타영업수익,2024.4Q,0.0,0.0
KR0079,미래에셋생명보험,,생명보험,16,기타사업비용,2024.4Q,67659.293428,20710.520255
KR0079,미래에셋생명보험,,생명보험,17,투자손익,2024.4Q,-4336.640029,18607.79961
KR0079,미래에셋생명보험,,생명보험,18,투자이익,2024.4Q,2068762.62572,657543.182243
KR0079,미래에셋생명보험,,생명보험,19,보험금융손익,2024.4Q,-2073099.265749,-638935.382633
KR0079,미래에셋생명보험,,생명보험,20,영업이익,2024.4Q,114938.904318,39538.901241
KR0079,미래에셋생명보험,,생명보험,21,영업외손익,2024.4Q,883.982452,995.97178
KR0079,미래에셋생명보험,,생명보험,22,세전이익,2024.4Q,115822.88677,40534.873021
KR0079,미래에셋생명보험,,생명보험,23,법인세,2024.4Q,-9216.06607,-22332.832752
KR0079,미래에셋생명보험,,생명보험,24,당기순이익,2024.4Q,125038.95284,62867.705773
KR0079,미래에셋생명보험,,생명보험,1,보험손익,2025.1Q,38885.306583,38885.306583
KR0079,미래에셋생명보험,,생명보험,2,생명장기 손익,2025.1Q,54411.060564,54411.060564
KR0079,미래에셋생명보험,,생명보험,3,생명장기 원수손익,2025.1Q,58020.723114,58020.723114
KR0079,미래에셋생명보험,,생명보험,4,원수 CSM상각,2025.1Q,48373.0,48373.0
KR0079,미래에셋생명보험,,생명보험,5,원수 위험조정 변동,2025.1Q,10961.0,10961.0
KR0079,미래에셋생명보험,,생명보험,6,원수 예실차,2025.1Q,0.0,0.0
KR0079,미래에셋생명보험,,생명보험,7,기타 생명장기 원수손익,2025.1Q,-1313.276886,-1313.276886
KR0079,미래에셋생명보험,,생명보험,8,생명장기 재보험손익,2025.1Q,-3609.66255,-3609.66255
KR0079,미래에셋생명보험,,생명보험,9,재보험 CSM상각,2025.1Q,-1846.0,-1846.0
KR0079,미래에셋생명보험,,생명보험,10,재보험 위험조정 변동,2025.1Q,-491.0,-491.0
KR0079,미래에셋생명보험,,생명보험,11,재보험 예실차,2025.1Q,0.0,0.0
KR0079,미래에셋생명보험,,생명보험,12,기타 생명장기 재보험손익,2025.1Q,-1272.66255,-1272.66255
KR0079,미래에셋생명보험,,생명보험,13,자동차손익,2025.1Q,0.0,0.0
KR0079,미래에셋생명보험,,생명보험,14,일반손익,2025.1Q,0.0,0.0
KR0079,미래에셋생명보험,,생명보험,15,기타영업수익,2025.1Q,0.0,0.0
KR0079,미래에셋생명보험,,생명보험,16,기타사업비용,2025.1Q,15525.753981,15525.753981
KR0079,미래에셋생명보험,,생명보험,17,투자손익,2025.1Q,352.608881,352.608881
KR0079,미래에셋생명보험,,생명보험,18,투자이익,2025.1Q,16246.007429,16246.007429
KR0079,미래에셋생명보험,,생명보험,19,보험금융손익,2025.1Q,-15893.398548,-15893.398548
KR0079,미래에셋생명보험,,생명보험,20,영업이익,2025.1Q,39237.915464,39237.915464
KR0079,미래에셋생명보험,,생명보험,21,영업외손익,2025.1Q,-973.4016,-973.4016
KR0079,미래에셋생명보험,,생명보험,22,세전이익,2025.1Q,38264.513864,38264.513864
KR0079,미래에셋생명보험,,생명보험,23,법인세,2025.1Q,13944.745689,13944.745689
KR0079,미래에셋생명보험,,생명보험,24,당기순이익,2025.1Q,24319.768175,24319.768175
KR0079,미래에셋생명보험,,생명보험,1,보험손익,2025.2Q,83561.575139,44676.268556
KR0079,미래에셋생명보험,,생명보험,2,생명장기 손익,2025.2Q,114233.635424,59822.57486
KR0079,미래에셋생명보험,,생명보험,3,생명장기 원수손익,2025.2Q,118789.619794,60768.89668
KR0079,미래에셋생명보험,,생명보험,4,원수 CSM상각,2025.2Q,99207.397518,50834.397518
KR0079,미래에셋생명보험,,생명보험,5,원수 위험조정 변동,2025.2Q,18416.51587,7455.51587
KR0079,미래에셋생명보험,,생명보험,6,원수 예실차,2025.2Q,0.0,0.0
KR0079,미래에셋생명보험,,생명보험,7,기타 생명장기 원수손익,2025.2Q,1165.706406,2478.983292
KR0079,미래에셋생명보험,,생명보험,8,생명장기 재보험손익,2025.2Q,-4555.98437,-946.32182
KR0079,미래에셋생명보험,,생명보험,9,재보험 CSM상각,2025.2Q,-3842.019626,-1996.019626
KR0079,미래에셋생명보험,,생명보험,10,재보험 위험조정 변동,2025.2Q,-740.366241,-249.366241
KR0079,미래에셋생명보험,,생명보험,11,재보험 예실차,2025.2Q,0.0,0.0
KR0079,미래에셋생명보험,,생명보험,12,기타 생명장기 재보험손익,2025.2Q,26.401497,1299.064047
KR0079,미래에셋생명보험,,생명보험,13,자동차손익,2025.2Q,0.0,0.0
KR0079,미래에셋생명보험,,생명보험,14,일반손익,2025.2Q,0.0,0.0
KR0079,미래에셋생명보험,,생명보험,15,기타영업수익,2025.2Q,0.0,0.0
KR0079,미래에셋생명보험,,생명보험,16,기타사업비용,2025.2Q,30672.060285,15146.306304
KR0079,미래에셋생명보험,,생명보험,17,투자손익,2025.2Q,20415.610316,20063.001435
KR0079,미래에셋생명보험,,생명보험,18,투자이익,2025.2Q,614672.417436,598426.410007
KR0079,미래에셋생명보험,,생명보험,19,보험금융손익,2025.2Q,-594256.80712,-578363.408572
KR0079,미래에셋생명보험,,생명보험,20,영업이익,2025.2Q,103977.185455,64739.269991
KR0079,미래에셋생명보험,,생명보험,21,영업외손익,2025.2Q,-2377.131308,-1403.729708
KR0079,미래에셋생명보험,,생명보험,22,세전이익,2025.2Q,101600.054147,63335.540283
KR0079,미래에셋생명보험,,생명보험,23,법인세,2025.2Q,26926.65501,12981.909321
KR0079,미래에셋생명보험,,생명보험,24,당기순이익,2025.2Q,74673.399137,50353.630962
KR0079,미래에셋생명보험,,생명보험,1,보험손익,2025.3Q,117870.78557,34309.210431
KR0079,미래에셋생명보험,,생명보험,2,생명장기 손익,2025.3Q,164411.591179,50177.955755
KR0079,미래에셋생명보험,,생명보험,3,생명장기 원수손익,2025.3Q,168600.558995,49810.939201
KR0079,미래에셋생명보험,,생명보험,4,원수 CSM상각,2025.3Q,153120.516457,53913.118939
KR0079,미래에셋생명보험,,생명보험,5,원수 위험조정 변동,2025.3Q,27703.562474,9287.046604
KR0079,미래에셋생명보험,,생명보험,6,원수 예실차,2025.3Q,0.0,0.0
KR0079,미래에셋생명보험,,생명보험,7,기타 생명장기 원수손익,2025.3Q,-12223.519936,-13389.226342
KR0079,미래에셋생명보험,,생명보험,8,생명장기 재보험손익,2025.3Q,-4188.967816,367.016554
KR0079,미래에셋생명보험,,생명보험,9,재보험 CSM상각,2025.3Q,-5933.374183,-2091.354557
KR0079,미래에셋생명보험,,생명보험,10,재보험 위험조정 변동,2025.3Q,-1054.741468,-314.375227
KR0079,미래에셋생명보험,,생명보험,11,재보험 예실차,2025.3Q,0.0,0.0
KR0079,미래에셋생명보험,,생명보험,12,기타 생명장기 재보험손익,2025.3Q,2799.147835,2772.746338
KR0079,미래에셋생명보험,,생명보험,13,자동차손익,2025.3Q,0.0,0.0
KR0079,미래에셋생명보험,,생명보험,14,일반손익,2025.3Q,0.0,0.0
KR0079,미래에셋생명보험,,생명보험,15,기타영업수익,2025.3Q,0.0,0.0
KR0079,미래에셋생명보험,,생명보험,16,기타사업비용,2025.3Q,46540.805609,15868.745324
KR0079,미래에셋생명보험,,생명보험,17,투자손익,2025.3Q,44958.711119,24543.100803
KR0079,미래에셋생명보험,,생명보험,18,투자이익,2025.3Q,1676744.695844,1062072.278408
KR0079,미래에셋생명보험,,생명보험,19,보험금융손익,2025.3Q,-1631785.984725,-1037529.177605
KR0079,미래에셋생명보험,,생명보험,20,영업이익,2025.3Q,162829.496689,58852.311234
KR0079,미래에셋생명보험,,생명보험,21,영업외손익,2025.3Q,-2693.664055,-316.532747
KR0079,미래에셋생명보험,,생명보험,22,세전이익,2025.3Q,160135.832634,58535.778487
KR0079,미래에셋생명보험,,생명보험,23,법인세,2025.3Q,38938.609502,12011.954492
KR0079,미래에셋생명보험,,생명보험,24,당기순이익,2025.3Q,121197.223132,46523.823995
KR0079,미래에셋생명보험,,생명보험,1,보험손익,2025.4Q,111990.109584,-5880.675986
KR0079,미래에셋생명보험,,생명보험,2,생명장기 손익,2025.4Q,176828.380324,12416.789145
KR0079,미래에셋생명보험,,생명보험,3,생명장기 원수손익,2025.4Q,182625.363319,14024.804324
KR0079,미래에셋생명보험,,생명보험,4,원수 CSM상각,2025.4Q,205831.0,52710.483543
KR0079,미래에셋생명보험,,생명보험,5,원수 위험조정 변동,2025.4Q,43953.0,16249.437526
KR0079,미래에셋생명보험,,생명보험,6,원수 예실차,2025.4Q,0.0,0.0
KR0079,미래에셋생명보험,,생명보험,7,기타 생명장기 원수손익,2025.4Q,-67158.636681,-54935.116745
KR0079,미래에셋생명보험,,생명보험,8,생명장기 재보험손익,2025.4Q,-5796.982995,-1608.015179
KR0079,미래에셋생명보험,,생명보험,9,재보험 CSM상각,2025.4Q,-7648.0,-1714.625817
KR0079,미래에셋생명보험,,생명보험,10,재보험 위험조정 변동,2025.4Q,-57.0,997.741468
KR0079,미래에셋생명보험,,생명보험,11,재보험 예실차,2025.4Q,0.0,0.0
KR0079,미래에셋생명보험,,생명보험,12,기타 생명장기 재보험손익,2025.4Q,1908.017005,-891.13083
KR0079,미래에셋생명보험,,생명보험,13,자동차손익,2025.4Q,0.0,0.0
KR0079,미래에셋생명보험,,생명보험,14,일반손익,2025.4Q,0.0,0.0
KR0079,미래에셋생명보험,,생명보험,15,기타영업수익,2025.4Q,0.0,0.0
KR0079,미래에셋생명보험,,생명보험,16,기타사업비용,2025.4Q,64838.27074,18297.465131
KR0079,미래에셋생명보험,,생명보험,17,투자손익,2025.4Q,73866.156524,28907.445405
KR0079,미래에셋생명보험,,생명보험,18,투자이익,2025.4Q,2345621.2962,668876.600356
KR0079,미래에셋생명보험,,생명보험,19,보험금융손익,2025.4Q,-2271755.139676,-639969.154951
KR0079,미래에셋생명보험,,생명보험,20,영업이익,2025.4Q,185856.266108,23026.769419
KR0079,미래에셋생명보험,,생명보험,21,영업외손익,2025.4Q,3400.510773,6094.174828
KR0079,미래에셋생명보험,,생명보험,22,세전이익,2025.4Q,189256.776881,29120.944247
KR0079,미래에셋생명보험,,생명보험,23,법인세,2025.4Q,64356.38766,25417.778158
KR0079,미래에셋생명보험,,생명보험,24,당기순이익,2025.4Q,124900.389221,3703.166089
KR0079,미래에셋생명보험,,생명보험,1,보험손익,2026.1Q,7700.435989,7700.435989
KR0079,미래에셋생명보험,,생명보험,2,생명장기 손익,2026.1Q,23354.090748,23354.090748
KR0079,미래에셋생명보험,,생명보험,3,생명장기 원수손익,2026.1Q,22730.146531,22730.146531
KR0079,미래에셋생명보험,,생명보험,4,원수 CSM상각,2026.1Q,53711.370895,53711.370895
KR0079,미래에셋생명보험,,생명보험,5,원수 위험조정 변동,2026.1Q,9529.650567,9529.650567
KR0079,미래에셋생명보험,,생명보험,6,원수 예실차,2026.1Q,0.0,0.0
KR0079,미래에셋생명보험,,생명보험,7,기타 생명장기 원수손익,2026.1Q,-40510.874931,-40510.874931
KR0079,미래에셋생명보험,,생명보험,8,생명장기 재보험손익,2026.1Q,623.944217,623.944217
KR0079,미래에셋생명보험,,생명보험,9,재보험 CSM상각,2026.1Q,-1868.375767,-1868.375767
KR0079,미래에셋생명보험,,생명보험,10,재보험 위험조정 변동,2026.1Q,-26.883145,-26.883145
KR0079,미래에셋생명보험,,생명보험,11,재보험 예실차,2026.1Q,0.0,0.0
KR0079,미래에셋생명보험,,생명보험,12,기타 생명장기 재보험손익,2026.1Q,2519.203129,2519.203129
KR0079,미래에셋생명보험,,생명보험,13,자동차손익,2026.1Q,0.0,0.0
KR0079,미래에셋생명보험,,생명보험,14,일반손익,2026.1Q,0.0,0.0
KR0079,미래에셋생명보험,,생명보험,15,기타영업수익,2026.1Q,0.0,0.0
KR0079,미래에셋생명보험,,생명보험,16,기타사업비용,2026.1Q,15653.654759,15653.654759
KR0079,미래에셋생명보험,,생명보험,17,투자손익,2026.1Q,56071.215448,56071.215448
KR0079,미래에셋생명보험,,생명보험,18,투자이익,2026.1Q,568187.25946,568187.25946
KR0079,미래에셋생명보험,,생명보험,19,보험금융손익,2026.1Q,-512116.044012,-512116.044012
KR0079,미래에셋생명보험,,생명보험,20,영업이익,2026.1Q,63771.651437,63771.651437
KR0079,미래에셋생명보험,,생명보험,21,영업외손익,2026.1Q,-2404.861443,-2404.861443
KR0079,미래에셋생명보험,,생명보험,22,세전이익,2026.1Q,61366.789994,61366.789994
KR0079,미래에셋생명보험,,생명보험,23,법인세,2026.1Q,12888.685604,12888.685604
KR0079,미래에셋생명보험,,생명보험,24,당기순이익,2026.1Q,48478.10439,48478.10439
KR0079,미래에셋생명보험,,생명보험,1,보험손익,2026.2Q,3640.691222,-4059.744767
KR0079,미래에셋생명보험,,생명보험,2,생명장기 손익,2026.2Q,37927.966468,14573.87572
KR0079,미래에셋생명보험,,생명보험,3,생명장기 원수손익,2026.2Q,35980.954998,13250.808467
KR0079,미래에셋생명보험,,생명보험,4,원수 CSM상각,2026.2Q,112829.555147,59118.184252
KR0079,미래에셋생명보험,,생명보험,5,원수 위험조정 변동,2026.2Q,18752.479685,9222.829118
KR0079,미래에셋생명보험,,생명보험,6,원수 예실차,2026.2Q,0.0,0.0
KR0079,미래에셋생명보험,,생명보험,7,기타 생명장기 원수손익,2026.2Q,-95601.079834,-55090.204903
KR0079,미래에셋생명보험,,생명보험,8,생명장기 재보험손익,2026.2Q,1947.01147,1323.067253
KR0079,미래에셋생명보험,,생명보험,9,재보험 CSM상각,2026.2Q,-5889.390654,-4021.014887
KR0079,미래에셋생명보험,,생명보험,10,재보험 위험조정 변동,2026.2Q,-125.323323,-98.440178
KR0079,미래에셋생명보험,,생명보험,11,재보험 예실차,2026.2Q,0.0,0.0
KR0079,미래에셋생명보험,,생명보험,12,기타 생명장기 재보험손익,2026.2Q,7961.725447,5442.522318
KR0079,미래에셋생명보험,,생명보험,13,자동차손익,2026.2Q,0.0,0.0
KR0079,미래에셋생명보험,,생명보험,14,일반손익,2026.2Q,0.0,0.0
KR0079,미래에셋생명보험,,생명보험,15,기타영업수익,2026.2Q,0.0,0.0
KR0079,미래에셋생명보험,,생명보험,16,기타사업비용,2026.2Q,34287.275246,18633.620487
KR0079,미래에셋생명보험,,생명보험,17,투자손익,2026.2Q,80769.605053,24698.389605
KR0079,미래에셋생명보험,,생명보험,18,투자이익,2026.2Q,3932617.183778,3364429.924318
KR0079,미래에셋생명보험,,생명보험,19,보험금융손익,2026.2Q,-3851847.578725,-3339731.534713
KR0079,미래에셋생명보험,,생명보험,20,영업이익,2026.2Q,84410.296275,20638.644838
KR0079,미래에셋생명보험,,생명보험,21,영업외손익,2026.2Q,-3360.015527,-955.154084
KR0079,미래에셋생명보험,,생명보험,22,세전이익,2026.2Q,81050.280748,19683.490754
KR0079,미래에셋생명보험,,생명보험,23,법인세,2026.2Q,17710.106544,4821.42094
KR0079,미래에셋생명보험,,생명보험,24,당기순이익,2026.2Q,63340.174204,14862.069814
KR0080,에이아이에이생명보험,,생명보험,1,보험손익,2025.4Q,39200.0,
KR0080,에이아이에이생명보험,,생명보험,2,생명장기 손익,2025.4Q,99300.0,
KR0080,에이아이에이생명보험,,생명보험,3,생명장기 원수손익,2025.4Q,177900.0,
KR0080,에이아이에이생명보험,,생명보험,4,원수 CSM상각,2025.4Q,153100.0,
KR0080,에이아이에이생명보험,,생명보험,5,원수 위험조정 변동,2025.4Q,30500.0,
KR0080,에이아이에이생명보험,,생명보험,6,원수 예실차,2025.4Q,-25000.0,
KR0080,에이아이에이생명보험,,생명보험,7,기타 생명장기 원수손익,2025.4Q,19300.0,
KR0080,에이아이에이생명보험,,생명보험,8,생명장기 재보험손익,2025.4Q,-78600.0,
KR0080,에이아이에이생명보험,,생명보험,9,재보험 CSM상각,2025.4Q,,
KR0080,에이아이에이생명보험,,생명보험,10,재보험 위험조정 변동,2025.4Q,,
KR0080,에이아이에이생명보험,,생명보험,11,재보험 예실차,2025.4Q,,
KR0080,에이아이에이생명보험,,생명보험,12,기타 생명장기 재보험손익,2025.4Q,,
KR0080,에이아이에이생명보험,,생명보험,13,자동차손익,2025.4Q,0.0,
KR0080,에이아이에이생명보험,,생명보험,14,일반손익,2025.4Q,0.0,
KR0080,에이아이에이생명보험,,생명보험,15,기타영업수익,2025.4Q,0.0,
KR0080,에이아이에이생명보험,,생명보험,16,기타사업비용,2025.4Q,59100.0,
KR0080,에이아이에이생명보험,,생명보험,17,투자손익,2025.4Q,185600.0,
KR0080,에이아이에이생명보험,,생명보험,18,투자이익,2025.4Q,,
KR0080,에이아이에이생명보험,,생명보험,19,보험금융손익,2025.4Q,,
KR0080,에이아이에이생명보험,,생명보험,20,영업이익,2025.4Q,224800.0,
KR0080,에이아이에이생명보험,,생명보험,21,영업외손익,2025.4Q,300.0,
KR0080,에이아이에이생명보험,,생명보험,22,세전이익,2025.4Q,225100.0,
KR0080,에이아이에이생명보험,,생명보험,23,법인세,2025.4Q,64800.0,
KR0080,에이아이에이생명보험,,생명보험,24,당기순이익,2025.4Q,160300.0,
KR0082,DB생명보험,,생명보험,1,보험손익,2023.1Q,24548.24847,24548.24847
KR0082,DB생명보험,,생명보험,2,생명장기 손익,2023.1Q,27125.302172,27125.302172
KR0082,DB생명보험,,생명보험,3,생명장기 원수손익,2023.1Q,25523.410296,25523.410296
KR0082,DB생명보험,,생명보험,4,원수 CSM상각,2023.1Q,32310.0,32310.0
KR0082,DB생명보험,,생명보험,5,원수 위험조정 변동,2023.1Q,3452.0,3452.0
KR0082,DB생명보험,,생명보험,6,원수 예실차,2023.1Q,-19999.0,-19999.0
KR0082,DB생명보험,,생명보험,7,기타 생명장기 원수손익,2023.1Q,9760.410296,9760.410296
KR0082,DB생명보험,,생명보험,8,생명장기 재보험손익,2023.1Q,1601.891876,1601.891876
KR0082,DB생명보험,,생명보험,9,재보험 CSM상각,2023.1Q,-1205.0,-1205.0
KR0082,DB생명보험,,생명보험,10,재보험 위험조정 변동,2023.1Q,-39.0,-39.0
KR0082,DB생명보험,,생명보험,11,재보험 예실차,2023.1Q,3400.0,3400.0
KR0082,DB생명보험,,생명보험,12,기타 생명장기 재보험손익,2023.1Q,-554.108124,-554.108124
KR0082,DB생명보험,,생명보험,13,자동차손익,2023.1Q,0.0,0.0
KR0082,DB생명보험,,생명보험,14,일반손익,2023.1Q,0.0,0.0
KR0082,DB생명보험,,생명보험,15,기타영업수익,2023.1Q,0.0,0.0
KR0082,DB생명보험,,생명보험,16,기타사업비용,2023.1Q,2577.053702,2577.053702
KR0082,DB생명보험,,생명보험,17,투자손익,2023.1Q,58165.850794,58165.850794
KR0082,DB생명보험,,생명보험,18,투자이익,2023.1Q,156135.294813,156135.294813
KR0082,DB생명보험,,생명보험,19,보험금융손익,2023.1Q,-97969.444019,-97969.444019
KR0082,DB생명보험,,생명보험,20,영업이익,2023.1Q,82714.099264,82714.099264
KR0082,DB생명보험,,생명보험,21,영업외손익,2023.1Q,-1465.656007,-1465.656007
KR0082,DB생명보험,,생명보험,22,세전이익,2023.1Q,81248.443257,81248.443257
KR0082,DB생명보험,,생명보험,23,법인세,2023.1Q,17623.190647,17623.190647
KR0082,DB생명보험,,생명보험,24,당기순이익,2023.1Q,63625.25261,63625.25261
KR0082,DB생명보험,,생명보험,1,보험손익,2023.2Q,59719.308746,35171.060276
KR0082,DB생명보험,,생명보험,2,생명장기 손익,2023.2Q,65569.759732,38444.45756
KR0082,DB생명보험,,생명보험,3,생명장기 원수손익,2023.2Q,66024.75541,40501.345114
KR0082,DB생명보험,,생명보험,4,원수 CSM상각,2023.2Q,67836.0,35526.0
KR0082,DB생명보험,,생명보험,5,원수 위험조정 변동,2023.2Q,5454.0,2002.0
KR0082,DB생명보험,,생명보험,6,원수 예실차,2023.2Q,-32074.0,-12075.0
KR0082,DB생명보험,,생명보험,7,기타 생명장기 원수손익,2023.2Q,24808.75541,15048.345114
KR0082,DB생명보험,,생명보험,8,생명장기 재보험손익,2023.2Q,-454.995678,-2056.887554
KR0082,DB생명보험,,생명보험,9,재보험 CSM상각,2023.2Q,-2378.0,-1173.0
KR0082,DB생명보험,,생명보험,10,재보험 위험조정 변동,2023.2Q,-155.0,-116.0
KR0082,DB생명보험,,생명보험,11,재보험 예실차,2023.2Q,4676.0,1276.0
KR0082,DB생명보험,,생명보험,12,기타 생명장기 재보험손익,2023.2Q,-2597.995678,-2043.887554
KR0082,DB생명보험,,생명보험,13,자동차손익,2023.2Q,0.0,0.0
KR0082,DB생명보험,,생명보험,14,일반손익,2023.2Q,0.0,0.0
KR0082,DB생명보험,,생명보험,15,기타영업수익,2023.2Q,0.0,0.0
KR0082,DB생명보험,,생명보험,16,기타사업비용,2023.2Q,5850.450986,3273.397284
KR0082,DB생명보험,,생명보험,17,투자손익,2023.2Q,84887.297088,26721.446294
KR0082,DB생명보험,,생명보험,18,투자이익,2023.2Q,247652.984525,91517.689712
KR0082,DB생명보험,,생명보험,19,보험금융손익,2023.2Q,-162765.687437,-64796.243418
KR0082,DB생명보험,,생명보험,20,영업이익,2023.2Q,144606.605834,61892.50657
KR0082,DB생명보험,,생명보험,21,영업외손익,2023.2Q,-1835.777079,-370.121072
KR0082,DB생명보험,,생명보험,22,세전이익,2023.2Q,142770.828755,61522.385498
KR0082,DB생명보험,,생명보험,23,법인세,2023.2Q,31495.99776,13872.807113
KR0082,DB생명보험,,생명보험,24,당기순이익,2023.2Q,111274.830995,47649.578385
KR0082,DB생명보험,,생명보험,1,보험손익,2023.3Q,84042.329124,24323.020378
KR0082,DB생명보험,,생명보험,2,생명장기 손익,2023.3Q,93314.701513,27744.941781
KR0082,DB생명보험,,생명보험,3,생명장기 원수손익,2023.3Q,93617.522469,27592.767059
KR0082,DB생명보험,,생명보험,4,원수 CSM상각,2023.3Q,102186.0,34350.0
KR0082,DB생명보험,,생명보험,5,원수 위험조정 변동,2023.3Q,11007.0,5553.0
KR0082,DB생명보험,,생명보험,6,원수 예실차,2023.3Q,-43560.0,-11486.0
KR0082,DB생명보험,,생명보험,7,기타 생명장기 원수손익,2023.3Q,23984.522469,-824.232941
KR0082,DB생명보험,,생명보험,8,생명장기 재보험손익,2023.3Q,-302.820956,152.174722
KR0082,DB생명보험,,생명보험,9,재보험 CSM상각,2023.3Q,-3507.0,-1129.0
KR0082,DB생명보험,,생명보험,10,재보험 위험조정 변동,2023.3Q,-201.0,-46.0
KR0082,DB생명보험,,생명보험,11,재보험 예실차,2023.3Q,6108.0,1432.0
KR0082,DB생명보험,,생명보험,12,기타 생명장기 재보험손익,2023.3Q,-2702.820956,-104.825278
KR0082,DB생명보험,,생명보험,13,자동차손익,2023.3Q,0.0,0.0
KR0082,DB생명보험,,생명보험,14,일반손익,2023.3Q,0.0,0.0
KR0082,DB생명보험,,생명보험,15,기타영업수익,2023.3Q,0.0,0.0
KR0082,DB생명보험,,생명보험,16,기타사업비용,2023.3Q,9272.372389,3421.921403
KR0082,DB생명보험,,생명보험,17,투자손익,2023.3Q,64492.102378,-20395.19471
KR0082,DB생명보험,,생명보험,18,투자이익,2023.3Q,265348.49367,17695.509145
KR0082,DB생명보험,,생명보험,19,보험금융손익,2023.3Q,-200856.391292,-38090.703855
KR0082,DB생명보험,,생명보험,20,영업이익,2023.3Q,148534.431502,3927.825668
KR0082,DB생명보험,,생명보험,21,영업외손익,2023.3Q,-2066.542465,-230.765386
KR0082,DB생명보험,,생명보험,22,세전이익,2023.3Q,146467.889037,3697.060282
KR0082,DB생명보험,,생명보험,23,법인세,2023.3Q,31373.205338,-122.792422
KR0082,DB생명보험,,생명보험,24,당기순이익,2023.3Q,115094.683699,3819.852704
KR0082,DB생명보험,,생명보험,1,보험손익,2023.4Q,90630.610947,6588.281823
KR0082,DB생명보험,,생명보험,2,생명장기 손익,2023.4Q,101041.853051,7727.151538
KR0082,DB생명보험,,생명보험,3,생명장기 원수손익,2023.4Q,92880.544929,-736.97754
KR0082,DB생명보험,,생명보험,4,원수 CSM상각,2023.4Q,134338.0,32152.0
KR0082,DB생명보험,,생명보험,5,원수 위험조정 변동,2023.4Q,15859.0,4852.0
KR0082,DB생명보험,,생명보험,6,원수 예실차,2023.4Q,-57750.0,-14190.0
KR0082,DB생명보험,,생명보험,7,기타 생명장기 원수손익,2023.4Q,433.544929,-23550.97754
KR0082,DB생명보험,,생명보험,8,생명장기 재보험손익,2023.4Q,8161.308122,8464.129078
KR0082,DB생명보험,,생명보험,9,재보험 CSM상각,2023.4Q,-4220.0,-713.0
KR0082,DB생명보험,,생명보험,10,재보험 위험조정 변동,2023.4Q,-148.0,53.0
KR0082,DB생명보험,,생명보험,11,재보험 예실차,2023.4Q,7582.0,1474.0
KR0082,DB생명보험,,생명보험,12,기타 생명장기 재보험손익,2023.4Q,4947.308122,7650.129078
KR0082,DB생명보험,,생명보험,13,자동차손익,2023.4Q,0.0,0.0
KR0082,DB생명보험,,생명보험,14,일반손익,2023.4Q,0.0,0.0
KR0082,DB생명보험,,생명보험,15,기타영업수익,2023.4Q,0.0,0.0
KR0082,DB생명보험,,생명보험,16,기타사업비용,2023.4Q,10411.242104,1138.869715
KR0082,DB생명보험,,생명보험,17,투자손익,2023.4Q,56848.96438,-7643.137998
KR0082,DB생명보험,,생명보험,18,투자이익,2023.4Q,363134.009952,97785.516282
KR0082,DB생명보험,,생명보험,19,보험금융손익,2023.4Q,-306285.045572,-105428.65428
KR0082,DB생명보험,,생명보험,20,영업이익,2023.4Q,147479.575327,-1054.856175
KR0082,DB생명보험,,생명보험,21,영업외손익,2023.4Q,3047.922563,5114.465028
KR0082,DB생명보험,,생명보험,22,세전이익,2023.4Q,150527.49789,4059.608853
KR0082,DB생명보험,,생명보험,23,법인세,2023.4Q,7575.298803,-23797.906535
KR0082,DB생명보험,,생명보험,24,당기순이익,2023.4Q,142952.199087,27857.515388
KR0082,DB생명보험,,생명보험,1,보험손익,2024.1Q,30171.042432,30171.042432
KR0082,DB생명보험,,생명보험,2,생명장기 손익,2024.1Q,32562.042284,32562.042284
KR0082,DB생명보험,,생명보험,3,생명장기 원수손익,2024.1Q,30541.320854,30541.320854
KR0082,DB생명보험,,생명보험,4,원수 CSM상각,2024.1Q,31934.0,31934.0
KR0082,DB생명보험,,생명보험,5,원수 위험조정 변동,2024.1Q,5218.0,5218.0
KR0082,DB생명보험,,생명보험,6,원수 예실차,2024.1Q,-13169.0,-13169.0
KR0082,DB생명보험,,생명보험,7,기타 생명장기 원수손익,2024.1Q,6558.320854,6558.320854
KR0082,DB생명보험,,생명보험,8,생명장기 재보험손익,2024.1Q,2020.72143,2020.72143
KR0082,DB생명보험,,생명보험,9,재보험 CSM상각,2024.1Q,-1321.0,-1321.0
KR0082,DB생명보험,,생명보험,10,재보험 위험조정 변동,2024.1Q,-172.0,-172.0
KR0082,DB생명보험,,생명보험,11,재보험 예실차,2024.1Q,1937.0,1937.0
KR0082,DB생명보험,,생명보험,12,기타 생명장기 재보험손익,2024.1Q,1576.72143,1576.72143
KR0082,DB생명보험,,생명보험,13,자동차손익,2024.1Q,0.0,0.0
KR0082,DB생명보험,,생명보험,14,일반손익,2024.1Q,0.0,0.0
KR0082,DB생명보험,,생명보험,15,기타영업수익,2024.1Q,0.0,0.0
KR0082,DB생명보험,,생명보험,16,기타사업비용,2024.1Q,2390.999852,2390.999852
KR0082,DB생명보험,,생명보험,17,투자손익,2024.1Q,20713.395994,20713.395994
KR0082,DB생명보험,,생명보험,18,투자이익,2024.1Q,88729.354769,88729.354769
KR0082,DB생명보험,,생명보험,19,보험금융손익,2024.1Q,-68015.958775,-68015.958775
KR0082,DB생명보험,,생명보험,20,영업이익,2024.1Q,50884.438426,50884.438426
KR0082,DB생명보험,,생명보험,21,영업외손익,2024.1Q,-1663.455065,-1663.455065
KR0082,DB생명보험,,생명보험,22,세전이익,2024.1Q,49220.983361,49220.983361
KR0082,DB생명보험,,생명보험,23,법인세,2024.1Q,15992.705325,15992.705325
KR0082,DB생명보험,,생명보험,24,당기순이익,2024.1Q,33228.278036,33228.278036
KR0082,DB생명보험,,생명보험,1,보험손익,2024.2Q,57338.94461,27167.902178
KR0082,DB생명보험,,생명보험,2,생명장기 손익,2024.2Q,62287.973162,29725.930878
KR0082,DB생명보험,,생명보험,3,생명장기 원수손익,2024.2Q,59775.178051,29233.857197
KR0082,DB생명보험,,생명보험,4,원수 CSM상각,2024.2Q,64054.0,32120.0
KR0082,DB생명보험,,생명보험,5,원수 위험조정 변동,2024.2Q,10337.0,5119.0
KR0082,DB생명보험,,생명보험,6,원수 예실차,2024.2Q,-13955.0,-786.0
KR0082,DB생명보험,,생명보험,7,기타 생명장기 원수손익,2024.2Q,-660.821949,-7219.142803
KR0082,DB생명보험,,생명보험,8,생명장기 재보험손익,2024.2Q,2512.795111,492.073681
KR0082,DB생명보험,,생명보험,9,재보험 CSM상각,2024.2Q,-2652.0,-1331.0
KR0082,DB생명보험,,생명보험,10,재보험 위험조정 변동,2024.2Q,-278.0,-106.0
KR0082,DB생명보험,,생명보험,11,재보험 예실차,2024.2Q,3298.0,1361.0
KR0082,DB생명보험,,생명보험,12,기타 생명장기 재보험손익,2024.2Q,2144.795111,568.073681
KR0082,DB생명보험,,생명보험,13,자동차손익,2024.2Q,0.0,0.0
KR0082,DB생명보험,,생명보험,14,일반손익,2024.2Q,0.0,0.0
KR0082,DB생명보험,,생명보험,15,기타영업수익,2024.2Q,0.0,0.0
KR0082,DB생명보험,,생명보험,16,기타사업비용,2024.2Q,4949.028552,2558.0287
KR0082,DB생명보험,,생명보험,17,투자손익,2024.2Q,33435.632304,12722.23631
KR0082,DB생명보험,,생명보험,18,투자이익,2024.2Q,169303.245827,80573.891058
KR0082,DB생명보험,,생명보험,19,보험금융손익,2024.2Q,-135867.613523,-67851.654748
KR0082,DB생명보험,,생명보험,20,영업이익,2024.2Q,90774.576914,39890.138488
KR0082,DB생명보험,,생명보험,21,영업외손익,2024.2Q,-3620.914093,-1957.459028
KR0082,DB생명보험,,생명보험,22,세전이익,2024.2Q,87153.662821,37932.67946
KR0082,DB생명보험,,생명보험,23,법인세,2024.2Q,19181.105328,3188.400003
KR0082,DB생명보험,,생명보험,24,당기순이익,2024.2Q,67972.557493,34744.279457
KR0082,DB생명보험,,생명보험,1,보험손익,2024.3Q,74447.526696,17108.582086
KR0082,DB생명보험,,생명보험,2,생명장기 손익,2024.3Q,81541.237009,19253.263847
KR0082,DB생명보험,,생명보험,3,생명장기 원수손익,2024.3Q,78874.772481,19099.59443
KR0082,DB생명보험,,생명보험,4,원수 CSM상각,2024.3Q,96712.0,32658.0
KR0082,DB생명보험,,생명보험,5,원수 위험조정 변동,2024.3Q,14681.0,4344.0
KR0082,DB생명보험,,생명보험,6,원수 예실차,2024.3Q,-20406.0,-6451.0
KR0082,DB생명보험,,생명보험,7,기타 생명장기 원수손익,2024.3Q,-12112.227519,-11451.40557
KR0082,DB생명보험,,생명보험,8,생명장기 재보험손익,2024.3Q,2666.464528,153.669417
KR0082,DB생명보험,,생명보험,9,재보험 CSM상각,2024.3Q,-3581.0,-929.0
KR0082,DB생명보험,,생명보험,10,재보험 위험조정 변동,2024.3Q,-420.0,-142.0
KR0082,DB생명보험,,생명보험,11,재보험 예실차,2024.3Q,6101.0,2803.0
KR0082,DB생명보험,,생명보험,12,기타 생명장기 재보험손익,2024.3Q,566.464528,-1578.330583
KR0082,DB생명보험,,생명보험,13,자동차손익,2024.3Q,0.0,0.0
KR0082,DB생명보험,,생명보험,14,일반손익,2024.3Q,0.0,0.0
KR0082,DB생명보험,,생명보험,15,기타영업수익,2024.3Q,0.0,0.0
KR0082,DB생명보험,,생명보험,16,기타사업비용,2024.3Q,7093.710313,2144.681761
KR0082,DB생명보험,,생명보험,17,투자손익,2024.3Q,62366.547538,28930.915234
KR0082,DB생명보험,,생명보험,18,투자이익,2024.3Q,235844.509574,66541.263747
KR0082,DB생명보험,,생명보험,19,보험금융손익,2024.3Q,-173477.962036,-37610.348513
KR0082,DB생명보험,,생명보험,20,영업이익,2024.3Q,136814.074234,46039.49732
KR0082,DB생명보험,,생명보험,21,영업외손익,2024.3Q,-4044.460361,-423.546268
KR0082,DB생명보험,,생명보험,22,세전이익,2024.3Q,132769.613873,45615.951052
KR0082,DB생명보험,,생명보험,23,법인세,2024.3Q,23256.009987,4074.904659
KR0082,DB생명보험,,생명보험,24,당기순이익,2024.3Q,109513.603886,41541.046393
KR0082,DB생명보험,,생명보험,1,보험손익,2024.4Q,113892.656499,39445.129803
KR0082,DB생명보험,,생명보험,2,생명장기 손익,2024.4Q,124691.513452,43150.276443
KR0082,DB생명보험,,생명보험,3,생명장기 원수손익,2024.4Q,123374.499353,44499.726872
KR0082,DB생명보험,,생명보험,4,원수 CSM상각,2024.4Q,129211.0,32499.0
KR0082,DB생명보험,,생명보험,5,원수 위험조정 변동,2024.4Q,18612.0,3931.0
KR0082,DB생명보험,,생명보험,6,원수 예실차,2024.4Q,-30180.0,-9774.0
KR0082,DB생명보험,,생명보험,7,기타 생명장기 원수손익,2024.4Q,5731.499353,17843.726872
KR0082,DB생명보험,,생명보험,8,생명장기 재보험손익,2024.4Q,1317.014099,-1349.450429
KR0082,DB생명보험,,생명보험,9,재보험 CSM상각,2024.4Q,-4013.0,-432.0
KR0082,DB생명보험,,생명보험,10,재보험 위험조정 변동,2024.4Q,-569.0,-149.0
KR0082,DB생명보험,,생명보험,11,재보험 예실차,2024.4Q,7657.0,1556.0
KR0082,DB생명보험,,생명보험,12,기타 생명장기 재보험손익,2024.4Q,-1757.985901,-2324.450429
KR0082,DB생명보험,,생명보험,13,자동차손익,2024.4Q,0.0,0.0
KR0082,DB생명보험,,생명보험,14,일반손익,2024.4Q,0.0,0.0
KR0082,DB생명보험,,생명보험,15,기타영업수익,2024.4Q,0.0,0.0
KR0082,DB생명보험,,생명보험,16,기타사업비용,2024.4Q,10798.856953,3705.14664
KR0082,DB생명보험,,생명보험,17,투자손익,2024.4Q,45054.355229,-17312.192309
KR0082,DB생명보험,,생명보험,18,투자이익,2024.4Q,258408.443071,22563.933497
KR0082,DB생명보험,,생명보험,19,보험금융손익,2024.4Q,-213354.087842,-39876.125806
KR0082,DB생명보험,,생명보험,20,영업이익,2024.4Q,158947.011728,22132.937494
KR0082,DB생명보험,,생명보험,21,영업외손익,2024.4Q,-3484.240165,560.220196
KR0082,DB생명보험,,생명보험,22,세전이익,2024.4Q,155462.771563,22693.15769
KR0082,DB생명보험,,생명보험,23,법인세,2024.4Q,8645.884934,-14610.125053
KR0082,DB생명보험,,생명보험,24,당기순이익,2024.4Q,146816.886629,37303.282743
KR0082,DB생명보험,,생명보험,1,보험손익,2025.1Q,24501.393233,24501.393233
KR0082,DB생명보험,,생명보험,2,생명장기 손익,2025.1Q,27107.338896,27107.338896
KR0082,DB생명보험,,생명보험,3,생명장기 원수손익,2025.1Q,28374.784039,28374.784039
KR0082,DB생명보험,,생명보험,4,원수 CSM상각,2025.1Q,34392.0,34392.0
KR0082,DB생명보험,,생명보험,5,원수 위험조정 변동,2025.1Q,6376.0,6376.0
KR0082,DB생명보험,,생명보험,6,원수 예실차,2025.1Q,-7186.0,-7186.0
KR0082,DB생명보험,,생명보험,7,기타 생명장기 원수손익,2025.1Q,-5207.215961,-5207.215961
KR0082,DB생명보험,,생명보험,8,생명장기 재보험손익,2025.1Q,-1267.445143,-1267.445143
KR0082,DB생명보험,,생명보험,9,재보험 CSM상각,2025.1Q,-1248.0,-1248.0
KR0082,DB생명보험,,생명보험,10,재보험 위험조정 변동,2025.1Q,-109.0,-109.0
KR0082,DB생명보험,,생명보험,11,재보험 예실차,2025.1Q,623.0,623.0
KR0082,DB생명보험,,생명보험,12,기타 생명장기 재보험손익,2025.1Q,-533.445143,-533.445143
KR0082,DB생명보험,,생명보험,13,자동차손익,2025.1Q,0.0,0.0
KR0082,DB생명보험,,생명보험,14,일반손익,2025.1Q,0.0,0.0
KR0082,DB생명보험,,생명보험,15,기타영업수익,2025.1Q,0.0,0.0
KR0082,DB생명보험,,생명보험,16,기타사업비용,2025.1Q,2605.945663,2605.945663
KR0082,DB생명보험,,생명보험,17,투자손익,2025.1Q,24733.579641,24733.579641
KR0082,DB생명보험,,생명보험,18,투자이익,2025.1Q,101312.654744,101312.654744
KR0082,DB생명보험,,생명보험,19,보험금융손익,2025.1Q,-76579.075103,-76579.075103
KR0082,DB생명보험,,생명보험,20,영업이익,2025.1Q,49234.972874,49234.972874
KR0082,DB생명보험,,생명보험,21,영업외손익,2025.1Q,-2018.765557,-2018.765557
KR0082,DB생명보험,,생명보험,22,세전이익,2025.1Q,47216.207317,47216.207317
KR0082,DB생명보험,,생명보험,23,법인세,2025.1Q,9667.552471,9667.552471
KR0082,DB생명보험,,생명보험,24,당기순이익,2025.1Q,37548.654846,37548.654846
KR0082,DB생명보험,,생명보험,1,보험손익,2025.2Q,53770.940775,29269.547542
KR0082,DB생명보험,,생명보험,2,생명장기 손익,2025.2Q,58902.750656,31795.41176
KR0082,DB생명보험,,생명보험,3,생명장기 원수손익,2025.2Q,60577.479536,32202.695497
KR0082,DB생명보험,,생명보험,4,원수 CSM상각,2025.2Q,69150.0,34758.0
KR0082,DB생명보험,,생명보험,5,원수 위험조정 변동,2025.2Q,11029.0,4653.0
KR0082,DB생명보험,,생명보험,6,원수 예실차,2025.2Q,-11578.0,-4392.0
KR0082,DB생명보험,,생명보험,7,기타 생명장기 원수손익,2025.2Q,-8023.520464,-2816.304503
KR0082,DB생명보험,,생명보험,8,생명장기 재보험손익,2025.2Q,-1674.72888,-407.283737
KR0082,DB생명보험,,생명보험,9,재보험 CSM상각,2025.2Q,-2542.0,-1294.0
KR0082,DB생명보험,,생명보험,10,재보험 위험조정 변동,2025.2Q,-275.0,-166.0
KR0082,DB생명보험,,생명보험,11,재보험 예실차,2025.2Q,1029.0,406.0
KR0082,DB생명보험,,생명보험,12,기타 생명장기 재보험손익,2025.2Q,113.27112,646.716263
KR0082,DB생명보험,,생명보험,13,자동차손익,2025.2Q,0.0,0.0
KR0082,DB생명보험,,생명보험,14,일반손익,2025.2Q,0.0,0.0
KR0082,DB생명보험,,생명보험,15,기타영업수익,2025.2Q,0.0,0.0
KR0082,DB생명보험,,생명보험,16,기타사업비용,2025.2Q,5131.809881,2525.864218
KR0082,DB생명보험,,생명보험,17,투자손익,2025.2Q,67036.715696,42303.136055
KR0082,DB생명보험,,생명보험,18,투자이익,2025.2Q,269077.009364,167764.35462
KR0082,DB생명보험,,생명보험,19,보험금융손익,2025.2Q,-202040.293668,-125461.218565
KR0082,DB생명보험,,생명보험,20,영업이익,2025.2Q,120807.656471,71572.683597
KR0082,DB생명보험,,생명보험,21,영업외손익,2025.2Q,-4105.081359,-2086.315802
KR0082,DB생명보험,,생명보험,22,세전이익,2025.2Q,116702.575112,69486.367795
KR0082,DB생명보험,,생명보험,23,법인세,2025.2Q,23943.377895,14275.825424
KR0082,DB생명보험,,생명보험,24,당기순이익,2025.2Q,92759.197217,55210.542371
KR0082,DB생명보험,,생명보험,1,보험손익,2025.3Q,75125.468264,21354.527489
KR0082,DB생명보험,,생명보험,2,생명장기 손익,2025.3Q,82796.571596,23893.82094
KR0082,DB생명보험,,생명보험,3,생명장기 원수손익,2025.3Q,84005.791762,23428.312226
KR0082,DB생명보험,,생명보험,4,원수 CSM상각,2025.3Q,104243.0,35093.0
KR0082,DB생명보험,,생명보험,5,원수 위험조정 변동,2025.3Q,16915.0,5886.0
KR0082,DB생명보험,,생명보험,6,원수 예실차,2025.3Q,-22210.0,-10632.0
KR0082,DB생명보험,,생명보험,7,기타 생명장기 원수손익,2025.3Q,-14942.208238,-6918.687774
KR0082,DB생명보험,,생명보험,8,생명장기 재보험손익,2025.3Q,-1209.220166,465.508714
KR0082,DB생명보험,,생명보험,9,재보험 CSM상각,2025.3Q,-3763.0,-1221.0
KR0082,DB생명보험,,생명보험,10,재보험 위험조정 변동,2025.3Q,-380.0,-105.0
KR0082,DB생명보험,,생명보험,11,재보험 예실차,2025.3Q,2227.0,1198.0
KR0082,DB생명보험,,생명보험,12,기타 생명장기 재보험손익,2025.3Q,706.779834,593.508714
KR0082,DB생명보험,,생명보험,13,자동차손익,2025.3Q,0.0,0.0
KR0082,DB생명보험,,생명보험,14,일반손익,2025.3Q,0.0,0.0
KR0082,DB생명보험,,생명보험,15,기타영업수익,2025.3Q,0.0,0.0
KR0082,DB생명보험,,생명보험,16,기타사업비용,2025.3Q,7671.103332,2539.293451
KR0082,DB생명보험,,생명보험,17,투자손익,2025.3Q,113415.620896,46378.9052
KR0082,DB생명보험,,생명보험,18,투자이익,2025.3Q,423109.583447,154032.574083
KR0082,DB생명보험,,생명보험,19,보험금융손익,2025.3Q,-309693.962551,-107653.668883
KR0082,DB생명보험,,생명보험,20,영업이익,2025.3Q,188541.08916,67733.432689
KR0082,DB생명보험,,생명보험,21,영업외손익,2025.3Q,-5787.849845,-1682.768486
KR0082,DB생명보험,,생명보험,22,세전이익,2025.3Q,182753.239315,66050.664203
KR0082,DB생명보험,,생명보험,23,법인세,2025.3Q,39136.267848,15192.889953
KR0082,DB생명보험,,생명보험,24,당기순이익,2025.3Q,143616.971467,50857.77425
KR0082,DB생명보험,,생명보험,1,보험손익,2025.4Q,125973.153048,50847.684784
KR0082,DB생명보험,,생명보험,2,생명장기 손익,2025.4Q,137156.458971,54359.887375
KR0082,DB생명보험,,생명보험,3,생명장기 원수손익,2025.4Q,149622.944898,65617.153136
KR0082,DB생명보험,,생명보험,4,원수 CSM상각,2025.4Q,138374.0,34131.0
KR0082,DB생명보험,,생명보험,5,원수 위험조정 변동,2025.4Q,22613.0,5698.0
KR0082,DB생명보험,,생명보험,6,원수 예실차,2025.4Q,-35029.0,-12819.0
KR0082,DB생명보험,,생명보험,7,기타 생명장기 원수손익,2025.4Q,23664.944898,38607.153136
KR0082,DB생명보험,,생명보험,8,생명장기 재보험손익,2025.4Q,-12466.485927,-11257.265761
KR0082,DB생명보험,,생명보험,9,재보험 CSM상각,2025.4Q,-4863.0,-1100.0
KR0082,DB생명보험,,생명보험,10,재보험 위험조정 변동,2025.4Q,-476.0,-96.0
KR0082,DB생명보험,,생명보험,11,재보험 예실차,2025.4Q,2400.0,173.0
KR0082,DB생명보험,,생명보험,12,기타 생명장기 재보험손익,2025.4Q,-9527.485927,-10234.265761
KR0082,DB생명보험,,생명보험,13,자동차손익,2025.4Q,0.0,0.0
KR0082,DB생명보험,,생명보험,14,일반손익,2025.4Q,0.0,0.0
KR0082,DB생명보험,,생명보험,15,기타영업수익,2025.4Q,0.0,0.0
KR0082,DB생명보험,,생명보험,16,기타사업비용,2025.4Q,11183.305923,3512.202591
KR0082,DB생명보험,,생명보험,17,투자손익,2025.4Q,143705.530503,30289.909607
KR0082,DB생명보험,,생명보험,18,투자이익,2025.4Q,597218.745175,174109.161728
KR0082,DB생명보험,,생명보험,19,보험금융손익,2025.4Q,-453513.214672,-143819.252121
KR0082,DB생명보험,,생명보험,20,영업이익,2025.4Q,269678.683551,81137.594391
KR0082,DB생명보험,,생명보험,21,영업외손익,2025.4Q,-8243.97218,-2456.122335
KR0082,DB생명보험,,생명보험,22,세전이익,2025.4Q,261434.711371,78681.472056
KR0082,DB생명보험,,생명보험,23,법인세,2025.4Q,77559.48763,38423.219782
KR0082,DB생명보험,,생명보험,24,당기순이익,2025.4Q,183875.223741,40258.252274
KR0082,DB생명보험,,생명보험,1,보험손익,2026.1Q,20384.35253,20384.35253
KR0082,DB생명보험,,생명보험,2,생명장기 손익,2026.1Q,22809.114593,22809.114593
KR0082,DB생명보험,,생명보험,3,생명장기 원수손익,2026.1Q,21532.92297,21532.92297
KR0082,DB생명보험,,생명보험,4,원수 CSM상각,2026.1Q,33726.0,33726.0
KR0082,DB생명보험,,생명보험,5,원수 위험조정 변동,2026.1Q,6069.0,6069.0
KR0082,DB생명보험,,생명보험,6,원수 예실차,2026.1Q,-15809.0,-15809.0
KR0082,DB생명보험,,생명보험,7,기타 생명장기 원수손익,2026.1Q,-2453.07703,-2453.07703
KR0082,DB생명보험,,생명보험,8,생명장기 재보험손익,2026.1Q,1276.191623,1276.191623
KR0082,DB생명보험,,생명보험,9,재보험 CSM상각,2026.1Q,-1039.0,-1039.0
KR0082,DB생명보험,,생명보험,10,재보험 위험조정 변동,2026.1Q,-27.0,-27.0
KR0082,DB생명보험,,생명보험,11,재보험 예실차,2026.1Q,1708.0,1708.0
KR0082,DB생명보험,,생명보험,12,기타 생명장기 재보험손익,2026.1Q,634.191623,634.191623
KR0082,DB생명보험,,생명보험,13,자동차손익,2026.1Q,0.0,0.0
KR0082,DB생명보험,,생명보험,14,일반손익,2026.1Q,0.0,0.0
KR0082,DB생명보험,,생명보험,15,기타영업수익,2026.1Q,0.0,0.0
KR0082,DB생명보험,,생명보험,16,기타사업비용,2026.1Q,2424.762063,2424.762063
KR0082,DB생명보험,,생명보험,17,투자손익,2026.1Q,48283.015674,48283.015674
KR0082,DB생명보험,,생명보험,18,투자이익,2026.1Q,188272.77454,188272.77454
KR0082,DB생명보험,,생명보험,19,보험금융손익,2026.1Q,-139989.758866,-139989.758866
KR0082,DB생명보험,,생명보험,20,영업이익,2026.1Q,68667.368204,68667.368204
KR0082,DB생명보험,,생명보험,21,영업외손익,2026.1Q,-2440.764009,-2440.764009
KR0082,DB생명보험,,생명보험,22,세전이익,2026.1Q,66226.604195,66226.604195
KR0082,DB생명보험,,생명보험,23,법인세,2026.1Q,11532.959675,11532.959675
KR0082,DB생명보험,,생명보험,24,당기순이익,2026.1Q,54693.64452,54693.64452
KR0082,DB생명보험,,생명보험,1,보험손익,2026.2Q,54425.989547,34041.637017
KR0082,DB생명보험,,생명보험,2,생명장기 손익,2026.2Q,59778.067174,36968.952581
KR0082,DB생명보험,,생명보험,3,생명장기 원수손익,2026.2Q,61495.285191,39962.362221
KR0082,DB생명보험,,생명보험,4,원수 CSM상각,2026.2Q,65360.0,31634.0
KR0082,DB생명보험,,생명보험,5,원수 위험조정 변동,2026.2Q,10581.0,4512.0
KR0082,DB생명보험,,생명보험,6,원수 예실차,2026.2Q,-28938.0,-13129.0
KR0082,DB생명보험,,생명보험,7,기타 생명장기 원수손익,2026.2Q,14492.285191,16945.362221
KR0082,DB생명보험,,생명보험,8,생명장기 재보험손익,2026.2Q,-1717.218017,-2993.40964
KR0082,DB생명보험,,생명보험,9,재보험 CSM상각,2026.2Q,-2043.0,-1004.0
KR0082,DB생명보험,,생명보험,10,재보험 위험조정 변동,2026.2Q,-1.0,26.0
KR0082,DB생명보험,,생명보험,11,재보험 예실차,2026.2Q,4126.0,2418.0
KR0082,DB생명보험,,생명보험,12,기타 생명장기 재보험손익,2026.2Q,-3799.218017,-4433.40964
KR0082,DB생명보험,,생명보험,13,자동차손익,2026.2Q,0.0,0.0
KR0082,DB생명보험,,생명보험,14,일반손익,2026.2Q,0.0,0.0
KR0082,DB생명보험,,생명보험,15,기타영업수익,2026.2Q,0.0,0.0
KR0082,DB생명보험,,생명보험,16,기타사업비용,2026.2Q,5352.077627,2927.315564
KR0082,DB생명보험,,생명보험,17,투자손익,2026.2Q,199141.617002,150858.601328
KR0082,DB생명보험,,생명보험,18,투자이익,2026.2Q,698352.6819,510079.90736
KR0082,DB생명보험,,생명보험,19,보험금융손익,2026.2Q,-499211.064898,-359221.306032
KR0082,DB생명보험,,생명보험,20,영업이익,2026.2Q,253567.606549,184900.238345
KR0082,DB생명보험,,생명보험,21,영업외손익,2026.2Q,-4403.658173,-1962.894164
KR0082,DB생명보험,,생명보험,22,세전이익,2026.2Q,249163.948376,182937.344181
KR0082,DB생명보험,,생명보험,23,법인세,2026.2Q,51078.118005,39545.15833
KR0082,DB생명보험,,생명보험,24,당기순이익,2026.2Q,198085.830371,143392.185851
KR0083,푸본현대생명보험,,생명보험,1,보험손익,2023.1Q,-16542.397553,-16542.397553
KR0083,푸본현대생명보험,,생명보험,2,생명장기 손익,2023.1Q,,
KR0083,푸본현대생명보험,,생명보험,3,생명장기 원수손익,2023.1Q,-16542.397553,-16542.397553
KR0083,푸본현대생명보험,,생명보험,4,원수 CSM상각,2023.1Q,4135.0,4135.0
KR0083,푸본현대생명보험,,생명보험,5,원수 위험조정 변동,2023.1Q,2239.0,2239.0
KR0083,푸본현대생명보험,,생명보험,6,원수 예실차,2023.1Q,-1946.0,-1946.0
KR0083,푸본현대생명보험,,생명보험,7,기타 생명장기 원수손익,2023.1Q,-20970.397553,-20970.397553
KR0083,푸본현대생명보험,,생명보험,8,생명장기 재보험손익,2023.1Q,,
KR0083,푸본현대생명보험,,생명보험,9,재보험 CSM상각,2023.1Q,-593.0,-593.0
KR0083,푸본현대생명보험,,생명보험,10,재보험 위험조정 변동,2023.1Q,-42.0,-42.0
KR0083,푸본현대생명보험,,생명보험,11,재보험 예실차,2023.1Q,233.0,233.0
KR0083,푸본현대생명보험,,생명보험,12,기타 생명장기 재보험손익,2023.1Q,,
KR0083,푸본현대생명보험,,생명보험,13,자동차손익,2023.1Q,0.0,0.0
KR0083,푸본현대생명보험,,생명보험,14,일반손익,2023.1Q,0.0,0.0
KR0083,푸본현대생명보험,,생명보험,15,기타영업수익,2023.1Q,0.0,0.0
KR0083,푸본현대생명보험,,생명보험,16,기타사업비용,2023.1Q,,
KR0083,푸본현대생명보험,,생명보험,17,투자손익,2023.1Q,40277.308021,40277.308021
KR0083,푸본현대생명보험,,생명보험,18,투자이익,2023.1Q,40277.501357,40277.501357
KR0083,푸본현대생명보험,,생명보험,19,보험금융손익,2023.1Q,-0.193336,-0.193336
KR0083,푸본현대생명보험,,생명보험,20,영업이익,2023.1Q,23734.910468,23734.910468
KR0083,푸본현대생명보험,,생명보험,21,영업외손익,2023.1Q,-183.574912,-183.574912
KR0083,푸본현대생명보험,,생명보험,22,세전이익,2023.1Q,23551.335556,23551.335556
KR0083,푸본현대생명보험,,생명보험,23,법인세,2023.1Q,11363.671982,11363.671982
KR0083,푸본현대생명보험,,생명보험,24,당기순이익,2023.1Q,12187.663574,12187.663574
KR0083,푸본현대생명보험,,생명보험,1,보험손익,2023.2Q,-12880.495514,3661.902039
KR0083,푸본현대생명보험,,생명보험,2,생명장기 손익,2023.2Q,,
KR0083,푸본현대생명보험,,생명보험,3,생명장기 원수손익,2023.2Q,-12880.495514,3661.902039
KR0083,푸본현대생명보험,,생명보험,4,원수 CSM상각,2023.2Q,8515.0,4380.0
KR0083,푸본현대생명보험,,생명보험,5,원수 위험조정 변동,2023.2Q,4148.0,1909.0
KR0083,푸본현대생명보험,,생명보험,6,원수 예실차,2023.2Q,-2679.0,-733.0
KR0083,푸본현대생명보험,,생명보험,7,기타 생명장기 원수손익,2023.2Q,-22864.495514,-1894.097961
KR0083,푸본현대생명보험,,생명보험,8,생명장기 재보험손익,2023.2Q,,
KR0083,푸본현대생명보험,,생명보험,9,재보험 CSM상각,2023.2Q,-1162.0,-569.0
KR0083,푸본현대생명보험,,생명보험,10,재보험 위험조정 변동,2023.2Q,-77.0,-35.0
KR0083,푸본현대생명보험,,생명보험,11,재보험 예실차,2023.2Q,319.0,86.0
KR0083,푸본현대생명보험,,생명보험,12,기타 생명장기 재보험손익,2023.2Q,,
KR0083,푸본현대생명보험,,생명보험,13,자동차손익,2023.2Q,0.0,0.0
KR0083,푸본현대생명보험,,생명보험,14,일반손익,2023.2Q,0.0,0.0
KR0083,푸본현대생명보험,,생명보험,15,기타영업수익,2023.2Q,0.0,0.0
KR0083,푸본현대생명보험,,생명보험,16,기타사업비용,2023.2Q,,
KR0083,푸본현대생명보험,,생명보험,17,투자손익,2023.2Q,47346.824272,7069.516251
KR0083,푸본현대생명보험,,생명보험,18,투자이익,2023.2Q,119695.50403,79418.002673
KR0083,푸본현대생명보험,,생명보험,19,보험금융손익,2023.2Q,-72348.679758,-72348.486422
KR0083,푸본현대생명보험,,생명보험,20,영업이익,2023.2Q,34466.328758,10731.41829
KR0083,푸본현대생명보험,,생명보험,21,영업외손익,2023.2Q,-134.061855,49.513057
KR0083,푸본현대생명보험,,생명보험,22,세전이익,2023.2Q,34148.756031,10597.420475
KR0083,푸본현대생명보험,,생명보험,23,법인세,2023.2Q,13413.504081,2049.832099
KR0083,푸본현대생명보험,,생명보험,24,당기순이익,2023.2Q,20735.25195,8547.588376
KR0083,푸본현대생명보험,,생명보험,1,보험손익,2023.3Q,-12122.850294,757.64522
KR0083,푸본현대생명보험,,생명보험,2,생명장기 손익,2023.3Q,-6063.576108,
KR0083,푸본현대생명보험,,생명보험,3,생명장기 원수손익,2023.3Q,-6851.216335,6029.279179
KR0083,푸본현대생명보험,,생명보험,4,원수 CSM상각,2023.3Q,12487.0,3972.0
KR0083,푸본현대생명보험,,생명보험,5,원수 위험조정 변동,2023.3Q,5790.0,1642.0
KR0083,푸본현대생명보험,,생명보험,6,원수 예실차,2023.3Q,-3714.0,-1035.0
KR0083,푸본현대생명보험,,생명보험,7,기타 생명장기 원수손익,2023.3Q,-21414.216335,1450.279179
KR0083,푸본현대생명보험,,생명보험,8,생명장기 재보험손익,2023.3Q,787.640227,
KR0083,푸본현대생명보험,,생명보험,9,재보험 CSM상각,2023.3Q,-2501.0,-1339.0
KR0083,푸본현대생명보험,,생명보험,10,재보험 위험조정 변동,2023.3Q,-106.0,-29.0
KR0083,푸본현대생명보험,,생명보험,11,재보험 예실차,2023.3Q,436.0,117.0
KR0083,푸본현대생명보험,,생명보험,12,기타 생명장기 재보험손익,2023.3Q,2958.640227,
KR0083,푸본현대생명보험,,생명보험,13,자동차손익,2023.3Q,0.0,0.0
KR0083,푸본현대생명보험,,생명보험,14,일반손익,2023.3Q,0.0,0.0
KR0083,푸본현대생명보험,,생명보험,15,기타영업수익,2023.3Q,0.0,0.0
KR0083,푸본현대생명보험,,생명보험,16,기타사업비용,2023.3Q,6059.274186,
KR0083,푸본현대생명보험,,생명보험,17,투자손익,2023.3Q,-24519.359165,-71866.183437
KR0083,푸본현대생명보험,,생명보험,18,투자이익,2023.3Q,192515.730899,72820.226869
KR0083,푸본현대생명보험,,생명보험,19,보험금융손익,2023.3Q,-217035.090064,-144686.410306
KR0083,푸본현대생명보험,,생명보험,20,영업이익,2023.3Q,-36642.209459,-71108.538217
KR0083,푸본현대생명보험,,생명보험,21,영업외손익,2023.3Q,-515.41734,-381.355485
KR0083,푸본현대생명보험,,생명보험,22,세전이익,2023.3Q,-37157.626799,-71306.38283
KR0083,푸본현대생명보험,,생명보험,23,법인세,2023.3Q,-3452.649939,-16866.15402
KR0083,푸본현대생명보험,,생명보험,24,당기순이익,2023.3Q,-33704.97686,-54440.22881
KR0083,푸본현대생명보험,,생명보험,1,보험손익,2023.4Q,-23222.562209,-11099.711915
KR0083,푸본현대생명보험,,생명보험,2,생명장기 손익,2023.4Q,-13741.399407,-7677.823299
KR0083,푸본현대생명보험,,생명보험,3,생명장기 원수손익,2023.4Q,-14862.225516,-8011.009181
KR0083,푸본현대생명보험,,생명보험,4,원수 CSM상각,2023.4Q,15009.0,2522.0
KR0083,푸본현대생명보험,,생명보험,5,원수 위험조정 변동,2023.4Q,7433.0,1643.0
KR0083,푸본현대생명보험,,생명보험,6,원수 예실차,2023.4Q,-4725.0,-1011.0
KR0083,푸본현대생명보험,,생명보험,7,기타 생명장기 원수손익,2023.4Q,-32579.225516,-11165.009181
KR0083,푸본현대생명보험,,생명보험,8,생명장기 재보험손익,2023.4Q,1120.826109,333.185882
KR0083,푸본현대생명보험,,생명보험,9,재보험 CSM상각,2023.4Q,-4403.0,-1902.0
KR0083,푸본현대생명보험,,생명보험,10,재보험 위험조정 변동,2023.4Q,-130.0,-24.0
KR0083,푸본현대생명보험,,생명보험,11,재보험 예실차,2023.4Q,459.0,23.0
KR0083,푸본현대생명보험,,생명보험,12,기타 생명장기 재보험손익,2023.4Q,5194.826109,2236.185882
KR0083,푸본현대생명보험,,생명보험,13,자동차손익,2023.4Q,0.0,0.0
KR0083,푸본현대생명보험,,생명보험,14,일반손익,2023.4Q,0.0,0.0
KR0083,푸본현대생명보험,,생명보험,15,기타영업수익,2023.4Q,0.0,0.0
KR0083,푸본현대생명보험,,생명보험,16,기타사업비용,2023.4Q,9481.162802,3421.888616
KR0083,푸본현대생명보험,,생명보험,17,투자손익,2023.4Q,-109194.024398,-84674.665233
KR0083,푸본현대생명보험,,생명보험,18,투자이익,2023.4Q,179895.043262,-12620.687637
KR0083,푸본현대생명보험,,생명보험,19,보험금융손익,2023.4Q,-289089.06766,-72053.977596
KR0083,푸본현대생명보험,,생명보험,20,영업이익,2023.4Q,-132416.586607,-95774.377148
KR0083,푸본현대생명보험,,생명보험,21,영업외손익,2023.4Q,-513.937712,1.479628
KR0083,푸본현대생명보험,,생명보험,22,세전이익,2023.4Q,-132930.524319,-95772.89752
KR0083,푸본현대생명보험,,생명보험,23,법인세,2023.4Q,-22404.590158,-18951.940219
KR0083,푸본현대생명보험,,생명보험,24,당기순이익,2023.4Q,-110525.934161,-76820.957301
KR0083,푸본현대생명보험,,생명보험,1,보험손익,2024.1Q,-7253.177982,-7253.177982
KR0083,푸본현대생명보험,,생명보험,2,생명장기 손익,2024.1Q,-5023.048873,-5023.048873
KR0083,푸본현대생명보험,,생명보험,3,생명장기 원수손익,2024.1Q,-4558.381664,-4558.381664
KR0083,푸본현대생명보험,,생명보험,4,원수 CSM상각,2024.1Q,5008.0,5008.0
KR0083,푸본현대생명보험,,생명보험,5,원수 위험조정 변동,2024.1Q,1198.0,1198.0
KR0083,푸본현대생명보험,,생명보험,6,원수 예실차,2024.1Q,-493.0,-493.0
KR0083,푸본현대생명보험,,생명보험,7,기타 생명장기 원수손익,2024.1Q,-10271.381664,-10271.381664
KR0083,푸본현대생명보험,,생명보험,8,생명장기 재보험손익,2024.1Q,-464.667209,-464.667209
KR0083,푸본현대생명보험,,생명보험,9,재보험 CSM상각,2024.1Q,-729.0,-729.0
KR0083,푸본현대생명보험,,생명보험,10,재보험 위험조정 변동,2024.1Q,-11.0,-11.0
KR0083,푸본현대생명보험,,생명보험,11,재보험 예실차,2024.1Q,165.0,165.0
KR0083,푸본현대생명보험,,생명보험,12,기타 생명장기 재보험손익,2024.1Q,110.332791,110.332791
KR0083,푸본현대생명보험,,생명보험,13,자동차손익,2024.1Q,0.0,0.0
KR0083,푸본현대생명보험,,생명보험,14,일반손익,2024.1Q,0.0,0.0
KR0083,푸본현대생명보험,,생명보험,15,기타영업수익,2024.1Q,0.0,0.0
KR0083,푸본현대생명보험,,생명보험,16,기타사업비용,2024.1Q,2230.129109,2230.129109
KR0083,푸본현대생명보험,,생명보험,17,투자손익,2024.1Q,42172.415112,42172.415112
KR0083,푸본현대생명보험,,생명보험,18,투자이익,2024.1Q,116500.92231,116500.92231
KR0083,푸본현대생명보험,,생명보험,19,보험금융손익,2024.1Q,-74328.507198,-74328.507198
KR0083,푸본현대생명보험,,생명보험,20,영업이익,2024.1Q,34919.23713,34919.23713
KR0083,푸본현대생명보험,,생명보험,21,영업외손익,2024.1Q,2843.174916,2843.174916
KR0083,푸본현대생명보험,,생명보험,22,세전이익,2024.1Q,37762.412046,37762.412046
KR0083,푸본현대생명보험,,생명보험,23,법인세,2024.1Q,8465.252508,8465.252508
KR0083,푸본현대생명보험,,생명보험,24,당기순이익,2024.1Q,29297.159538,29297.159538
KR0083,푸본현대생명보험,,생명보험,1,보험손익,2024.2Q,-13132.486342,-5879.30836
KR0083,푸본현대생명보험,,생명보험,2,생명장기 손익,2024.2Q,-8345.524781,-3322.475908
KR0083,푸본현대생명보험,,생명보험,3,생명장기 원수손익,2024.2Q,-8215.885177,-3657.503513
KR0083,푸본현대생명보험,,생명보험,4,원수 CSM상각,2024.2Q,10110.0,5102.0
KR0083,푸본현대생명보험,,생명보험,5,원수 위험조정 변동,2024.2Q,2284.0,1086.0
KR0083,푸본현대생명보험,,생명보험,6,원수 예실차,2024.2Q,-587.0,-94.0
KR0083,푸본현대생명보험,,생명보험,7,기타 생명장기 원수손익,2024.2Q,-20022.885177,-9751.503513
KR0083,푸본현대생명보험,,생명보험,8,생명장기 재보험손익,2024.2Q,-129.639604,335.027605
KR0083,푸본현대생명보험,,생명보험,9,재보험 CSM상각,2024.2Q,-1319.0,-590.0
KR0083,푸본현대생명보험,,생명보험,10,재보험 위험조정 변동,2024.2Q,-27.0,-16.0
KR0083,푸본현대생명보험,,생명보험,11,재보험 예실차,2024.2Q,296.0,131.0
KR0083,푸본현대생명보험,,생명보험,12,기타 생명장기 재보험손익,2024.2Q,920.360396,810.027605
KR0083,푸본현대생명보험,,생명보험,13,자동차손익,2024.2Q,0.0,0.0
KR0083,푸본현대생명보험,,생명보험,14,일반손익,2024.2Q,0.0,0.0
KR0083,푸본현대생명보험,,생명보험,15,기타영업수익,2024.2Q,0.0,0.0
KR0083,푸본현대생명보험,,생명보험,16,기타사업비용,2024.2Q,4786.961561,2556.832452
KR0083,푸본현대생명보험,,생명보험,17,투자손익,2024.2Q,45968.030947,3795.615835
KR0083,푸본현대생명보험,,생명보험,18,투자이익,2024.2Q,196678.475754,80177.553444
KR0083,푸본현대생명보험,,생명보험,19,보험금융손익,2024.2Q,-150710.444807,-76381.937609
KR0083,푸본현대생명보험,,생명보험,20,영업이익,2024.2Q,32835.544605,-2083.692525
KR0083,푸본현대생명보험,,생명보험,21,영업외손익,2024.2Q,2696.397281,-146.777635
KR0083,푸본현대생명보험,,생명보험,22,세전이익,2024.2Q,35531.941886,-2230.47016
KR0083,푸본현대생명보험,,생명보험,23,법인세,2024.2Q,8293.622915,-171.629593
KR0083,푸본현대생명보험,,생명보험,24,당기순이익,2024.2Q,27238.318971,-2058.840567
KR0083,푸본현대생명보험,,생명보험,1,보험손익,2024.3Q,-19668.540641,-6536.054299
KR0083,푸본현대생명보험,,생명보험,2,생명장기 손익,2024.3Q,-12787.259487,-4441.734706
KR0083,푸본현대생명보험,,생명보험,3,생명장기 원수손익,2024.3Q,-11531.892067,-3316.00689
KR0083,푸본현대생명보험,,생명보험,4,원수 CSM상각,2024.3Q,15106.0,4996.0
KR0083,푸본현대생명보험,,생명보험,5,원수 위험조정 변동,2024.3Q,3331.0,1047.0
KR0083,푸본현대생명보험,,생명보험,6,원수 예실차,2024.3Q,1382.0,1969.0
KR0083,푸본현대생명보험,,생명보험,7,기타 생명장기 원수손익,2024.3Q,-31350.892067,-11328.00689
KR0083,푸본현대생명보험,,생명보험,8,생명장기 재보험손익,2024.3Q,-1255.36742,-1125.727816
KR0083,푸본현대생명보험,,생명보험,9,재보험 CSM상각,2024.3Q,-1882.0,-563.0
KR0083,푸본현대생명보험,,생명보험,10,재보험 위험조정 변동,2024.3Q,-40.0,-13.0
KR0083,푸본현대생명보험,,생명보험,11,재보험 예실차,2024.3Q,199.0,-97.0
KR0083,푸본현대생명보험,,생명보험,12,기타 생명장기 재보험손익,2024.3Q,467.63258,-452.727816
KR0083,푸본현대생명보험,,생명보험,13,자동차손익,2024.3Q,0.0,0.0
KR0083,푸본현대생명보험,,생명보험,14,일반손익,2024.3Q,0.0,0.0
KR0083,푸본현대생명보험,,생명보험,15,기타영업수익,2024.3Q,0.0,0.0
KR0083,푸본현대생명보험,,생명보험,16,기타사업비용,2024.3Q,6881.281154,2094.319593
KR0083,푸본현대생명보험,,생명보험,17,투자손익,2024.3Q,-67390.784837,-113358.815784
KR0083,푸본현대생명보험,,생명보험,18,투자이익,2024.3Q,156997.835602,-39680.640152
KR0083,푸본현대생명보험,,생명보험,19,보험금융손익,2024.3Q,-224388.620439,-73678.175632
KR0083,푸본현대생명보험,,생명보험,20,영업이익,2024.3Q,-87059.325478,-119894.870083
KR0083,푸본현대생명보험,,생명보험,21,영업외손익,2024.3Q,2545.639527,-150.757754
KR0083,푸본현대생명보험,,생명보험,22,세전이익,2024.3Q,-84513.685951,-120045.627837
KR0083,푸본현대생명보험,,생명보험,23,법인세,2024.3Q,-19776.394227,-28070.017142
KR0083,푸본현대생명보험,,생명보험,24,당기순이익,2024.3Q,-64737.291724,-91975.610695
KR0083,푸본현대생명보험,,생명보험,1,보험손익,2024.4Q,-59816.623118,-40148.082477
KR0083,푸본현대생명보험,,생명보험,2,생명장기 손익,2024.4Q,-48634.783491,-35847.524004
KR0083,푸본현대생명보험,,생명보험,3,생명장기 원수손익,2024.4Q,-46355.950081,-34824.058014
KR0083,푸본현대생명보험,,생명보험,4,원수 CSM상각,2024.4Q,17061.0,1955.0
KR0083,푸본현대생명보험,,생명보험,5,원수 위험조정 변동,2024.4Q,4356.0,1025.0
KR0083,푸본현대생명보험,,생명보험,6,원수 예실차,2024.4Q,1594.0,212.0
KR0083,푸본현대생명보험,,생명보험,7,기타 생명장기 원수손익,2024.4Q,-69366.950081,-38016.058014
KR0083,푸본현대생명보험,,생명보험,8,생명장기 재보험손익,2024.4Q,-2278.83341,-1023.46599
KR0083,푸본현대생명보험,,생명보험,9,재보험 CSM상각,2024.4Q,-2400.0,-518.0
KR0083,푸본현대생명보험,,생명보험,10,재보험 위험조정 변동,2024.4Q,-52.0,-12.0
KR0083,푸본현대생명보험,,생명보험,11,재보험 예실차,2024.4Q,1617.0,1418.0
KR0083,푸본현대생명보험,,생명보험,12,기타 생명장기 재보험손익,2024.4Q,-1443.83341,-1911.46599
KR0083,푸본현대생명보험,,생명보험,13,자동차손익,2024.4Q,0.0,0.0
KR0083,푸본현대생명보험,,생명보험,14,일반손익,2024.4Q,0.0,0.0
KR0083,푸본현대생명보험,,생명보험,15,기타영업수익,2024.4Q,0.0,0.0
KR0083,푸본현대생명보험,,생명보험,16,기타사업비용,2024.4Q,11181.839627,4300.558473
KR0083,푸본현대생명보험,,생명보험,17,투자손익,2024.4Q,14810.751299,82201.536136
KR0083,푸본현대생명보험,,생명보험,18,투자이익,2024.4Q,313334.898943,156337.063341
KR0083,푸본현대생명보험,,생명보험,19,보험금융손익,2024.4Q,-298524.147644,-74135.527205
KR0083,푸본현대생명보험,,생명보험,20,영업이익,2024.4Q,-45005.871819,42053.453659
KR0083,푸본현대생명보험,,생명보험,21,영업외손익,2024.4Q,1133.012397,-1412.62713
KR0083,푸본현대생명보험,,생명보험,22,세전이익,2024.4Q,-43872.859422,40640.826529
KR0083,푸본현대생명보험,,생명보험,23,법인세,2024.4Q,-9828.768399,9947.625828
KR0083,푸본현대생명보험,,생명보험,24,당기순이익,2024.4Q,-34044.091023,30693.200701
KR0083,푸본현대생명보험,,생명보험,1,보험손익,2025.1Q,-3067.402705,-3067.402705
KR0083,푸본현대생명보험,,생명보험,2,생명장기 손익,2025.1Q,-683.370497,-683.370497
KR0083,푸본현대생명보험,,생명보험,3,생명장기 원수손익,2025.1Q,376.662962,376.662962
KR0083,푸본현대생명보험,,생명보험,4,원수 CSM상각,2025.1Q,4468.0,4468.0
KR0083,푸본현대생명보험,,생명보험,5,원수 위험조정 변동,2025.1Q,862.0,862.0
KR0083,푸본현대생명보험,,생명보험,6,원수 예실차,2025.1Q,-1657.0,-1657.0
KR0083,푸본현대생명보험,,생명보험,7,기타 생명장기 원수손익,2025.1Q,-3296.337038,-3296.337038
KR0083,푸본현대생명보험,,생명보험,8,생명장기 재보험손익,2025.1Q,-1060.033459,-1060.033459
KR0083,푸본현대생명보험,,생명보험,9,재보험 CSM상각,2025.1Q,-762.0,-762.0
KR0083,푸본현대생명보험,,생명보험,10,재보험 위험조정 변동,2025.1Q,-28.0,-28.0
KR0083,푸본현대생명보험,,생명보험,11,재보험 예실차,2025.1Q,-692.0,-692.0
KR0083,푸본현대생명보험,,생명보험,12,기타 생명장기 재보험손익,2025.1Q,421.966541,421.966541
KR0083,푸본현대생명보험,,생명보험,13,자동차손익,2025.1Q,0.0,0.0
KR0083,푸본현대생명보험,,생명보험,14,일반손익,2025.1Q,0.0,0.0
KR0083,푸본현대생명보험,,생명보험,15,기타영업수익,2025.1Q,0.0,0.0
KR0083,푸본현대생명보험,,생명보험,16,기타사업비용,2025.1Q,2384.032208,2384.032208
KR0083,푸본현대생명보험,,생명보험,17,투자손익,2025.1Q,-91458.675304,-91458.675304
KR0083,푸본현대생명보험,,생명보험,18,투자이익,2025.1Q,-18741.737509,-18741.737509
KR0083,푸본현대생명보험,,생명보험,19,보험금융손익,2025.1Q,-72716.937795,-72716.937795
KR0083,푸본현대생명보험,,생명보험,20,영업이익,2025.1Q,-94526.078009,-94526.078009
KR0083,푸본현대생명보험,,생명보험,21,영업외손익,2025.1Q,-235.564698,-235.564698
KR0083,푸본현대생명보험,,생명보험,22,세전이익,2025.1Q,-94761.642707,-94761.642707
KR0083,푸본현대생명보험,,생명보험,23,법인세,2025.1Q,-22256.561575,-22256.561575
KR0083,푸본현대생명보험,,생명보험,24,당기순이익,2025.1Q,-72505.081132,-72505.081132
KR0083,푸본현대생명보험,,생명보험,1,보험손익,2025.2Q,1109.144813,4176.547518
KR0083,푸본현대생명보험,,생명보험,2,생명장기 손익,2025.2Q,5657.681564,6341.052061
KR0083,푸본현대생명보험,,생명보험,3,생명장기 원수손익,2025.2Q,7392.661648,7015.998686
KR0083,푸본현대생명보험,,생명보험,4,원수 CSM상각,2025.2Q,9668.0,5200.0
KR0083,푸본현대생명보험,,생명보험,5,원수 위험조정 변동,2025.2Q,1897.0,1035.0
KR0083,푸본현대생명보험,,생명보험,6,원수 예실차,2025.2Q,-2767.0,-1110.0
KR0083,푸본현대생명보험,,생명보험,7,기타 생명장기 원수손익,2025.2Q,-1405.338352,1890.998686
KR0083,푸본현대생명보험,,생명보험,8,생명장기 재보험손익,2025.2Q,-1734.980084,-674.946625
KR0083,푸본현대생명보험,,생명보험,9,재보험 CSM상각,2025.2Q,-1815.0,-1053.0
KR0083,푸본현대생명보험,,생명보험,10,재보험 위험조정 변동,2025.2Q,-61.0,-33.0
KR0083,푸본현대생명보험,,생명보험,11,재보험 예실차,2025.2Q,-1064.0,-372.0
KR0083,푸본현대생명보험,,생명보험,12,기타 생명장기 재보험손익,2025.2Q,1205.019916,783.053375
KR0083,푸본현대생명보험,,생명보험,13,자동차손익,2025.2Q,0.0,0.0
KR0083,푸본현대생명보험,,생명보험,14,일반손익,2025.2Q,0.0,0.0
KR0083,푸본현대생명보험,,생명보험,15,기타영업수익,2025.2Q,0.0,0.0
KR0083,푸본현대생명보험,,생명보험,16,기타사업비용,2025.2Q,4548.536751,2164.504543
KR0083,푸본현대생명보험,,생명보험,17,투자손익,2025.2Q,-116539.393882,-25080.718578
KR0083,푸본현대생명보험,,생명보험,18,투자이익,2025.2Q,31334.061421,50075.79893
KR0083,푸본현대생명보험,,생명보험,19,보험금융손익,2025.2Q,-147873.455303,-75156.517508
KR0083,푸본현대생명보험,,생명보험,20,영업이익,2025.2Q,-115430.249069,-20904.17106
KR0083,푸본현대생명보험,,생명보험,21,영업외손익,2025.2Q,-563.189061,-327.624363
KR0083,푸본현대생명보험,,생명보험,22,세전이익,2025.2Q,-115993.43813,-21231.795423
KR0083,푸본현대생명보험,,생명보험,23,법인세,2025.2Q,-35741.019934,-13484.458359
KR0083,푸본현대생명보험,,생명보험,24,당기순이익,2025.2Q,-80252.418196,-7747.337064
KR0083,푸본현대생명보험,,생명보험,1,보험손익,2025.3Q,2841.375566,1732.230753
KR0083,푸본현대생명보험,,생명보험,2,생명장기 손익,2025.3Q,10035.960048,4378.278484
KR0083,푸본현대생명보험,,생명보험,3,생명장기 원수손익,2025.3Q,11632.709096,4240.047448
KR0083,푸본현대생명보험,,생명보험,4,원수 CSM상각,2025.3Q,15218.0,5550.0
KR0083,푸본현대생명보험,,생명보험,5,원수 위험조정 변동,2025.3Q,2896.0,999.0
KR0083,푸본현대생명보험,,생명보험,6,원수 예실차,2025.3Q,-5710.0,-2943.0
KR0083,푸본현대생명보험,,생명보험,7,기타 생명장기 원수손익,2025.3Q,-771.290904,634.047448
KR0083,푸본현대생명보험,,생명보험,8,생명장기 재보험손익,2025.3Q,-1596.749048,138.231036
KR0083,푸본현대생명보험,,생명보험,9,재보험 CSM상각,2025.3Q,-2764.0,-949.0
KR0083,푸본현대생명보험,,생명보험,10,재보험 위험조정 변동,2025.3Q,-93.0,-32.0
KR0083,푸본현대생명보험,,생명보험,11,재보험 예실차,2025.3Q,-853.0,211.0
KR0083,푸본현대생명보험,,생명보험,12,기타 생명장기 재보험손익,2025.3Q,2113.250952,908.231036
KR0083,푸본현대생명보험,,생명보험,13,자동차손익,2025.3Q,0.0,0.0
KR0083,푸본현대생명보험,,생명보험,14,일반손익,2025.3Q,0.0,0.0
KR0083,푸본현대생명보험,,생명보험,15,기타영업수익,2025.3Q,0.0,0.0
KR0083,푸본현대생명보험,,생명보험,16,기타사업비용,2025.3Q,7194.584482,2646.047731
KR0083,푸본현대생명보험,,생명보험,17,투자손익,2025.3Q,-124816.517181,-8277.123299
KR0083,푸본현대생명보험,,생명보험,18,투자이익,2025.3Q,95602.789346,64268.727925
KR0083,푸본현대생명보험,,생명보험,19,보험금융손익,2025.3Q,-220419.306527,-72545.851224
KR0083,푸본현대생명보험,,생명보험,20,영업이익,2025.3Q,-121975.141615,-6544.892546
KR0083,푸본현대생명보험,,생명보험,21,영업외손익,2025.3Q,-551.477825,11.711236
KR0083,푸본현대생명보험,,생명보험,22,세전이익,2025.3Q,-122526.61944,-6533.18131
KR0083,푸본현대생명보험,,생명보험,23,법인세,2025.3Q,-37648.034598,-1907.014664
KR0083,푸본현대생명보험,,생명보험,24,당기순이익,2025.3Q,-84878.584842,-4626.166646
KR0083,푸본현대생명보험,,생명보험,1,보험손익,2025.4Q,-29072.056293,-31913.431859
KR0083,푸본현대생명보험,,생명보험,2,생명장기 손익,2025.4Q,-18097.162911,-28133.122959
KR0083,푸본현대생명보험,,생명보험,3,생명장기 원수손익,2025.4Q,-17201.182301,-28833.891397
KR0083,푸본현대생명보험,,생명보험,4,원수 CSM상각,2025.4Q,18644.0,3426.0
KR0083,푸본현대생명보험,,생명보험,5,원수 위험조정 변동,2025.4Q,3827.0,931.0
KR0083,푸본현대생명보험,,생명보험,6,원수 예실차,2025.4Q,-5928.0,-218.0
KR0083,푸본현대생명보험,,생명보험,7,기타 생명장기 원수손익,2025.4Q,-33744.182301,-32972.891397
KR0083,푸본현대생명보험,,생명보험,8,생명장기 재보험손익,2025.4Q,-895.98061,700.768438
KR0083,푸본현대생명보험,,생명보험,9,재보험 CSM상각,2025.4Q,-3406.0,-642.0
KR0083,푸본현대생명보험,,생명보험,10,재보험 위험조정 변동,2025.4Q,-120.0,-27.0
KR0083,푸본현대생명보험,,생명보험,11,재보험 예실차,2025.4Q,-646.0,207.0
KR0083,푸본현대생명보험,,생명보험,12,기타 생명장기 재보험손익,2025.4Q,3276.01939,1162.768438
KR0083,푸본현대생명보험,,생명보험,13,자동차손익,2025.4Q,0.0,0.0
KR0083,푸본현대생명보험,,생명보험,14,일반손익,2025.4Q,0.0,0.0
KR0083,푸본현대생명보험,,생명보험,15,기타영업수익,2025.4Q,0.0,0.0
KR0083,푸본현대생명보험,,생명보험,16,기타사업비용,2025.4Q,10974.893382,3780.3089
KR0083,푸본현대생명보험,,생명보험,17,투자손익,2025.4Q,-148769.743373,-23953.226192
KR0083,푸본현대생명보험,,생명보험,18,투자이익,2025.4Q,145236.798417,49634.009071
KR0083,푸본현대생명보험,,생명보험,19,보험금융손익,2025.4Q,-294006.54179,-73587.235263
KR0083,푸본현대생명보험,,생명보험,20,영업이익,2025.4Q,-177841.799666,-55866.658051
KR0083,푸본현대생명보험,,생명보험,21,영업외손익,2025.4Q,-900.085647,-348.607822
KR0083,푸본현대생명보험,,생명보험,22,세전이익,2025.4Q,-178741.885313,-56215.265873
KR0083,푸본현대생명보험,,생명보험,23,법인세,2025.4Q,-60045.284868,-22397.25027
KR0083,푸본현대생명보험,,생명보험,24,당기순이익,2025.4Q,-118696.600445,-33818.015603
KR0083,푸본현대생명보험,,생명보험,1,보험손익,2026.1Q,2753.597791,2753.597791
KR0083,푸본현대생명보험,,생명보험,2,생명장기 손익,2026.1Q,5266.065969,5266.065969
KR0083,푸본현대생명보험,,생명보험,3,생명장기 원수손익,2026.1Q,6366.840628,6366.840628
KR0083,푸본현대생명보험,,생명보험,4,원수 CSM상각,2026.1Q,5710.0,5710.0
KR0083,푸본현대생명보험,,생명보험,5,원수 위험조정 변동,2026.1Q,1357.0,1357.0
KR0083,푸본현대생명보험,,생명보험,6,원수 예실차,2026.1Q,-236.0,-236.0
KR0083,푸본현대생명보험,,생명보험,7,기타 생명장기 원수손익,2026.1Q,-464.159372,-464.159372
KR0083,푸본현대생명보험,,생명보험,8,생명장기 재보험손익,2026.1Q,-1100.774659,-1100.774659
KR0083,푸본현대생명보험,,생명보험,9,재보험 CSM상각,2026.1Q,-1013.0,-1013.0
KR0083,푸본현대생명보험,,생명보험,10,재보험 위험조정 변동,2026.1Q,-31.0,-31.0
KR0083,푸본현대생명보험,,생명보험,11,재보험 예실차,2026.1Q,-33.0,-33.0
KR0083,푸본현대생명보험,,생명보험,12,기타 생명장기 재보험손익,2026.1Q,-23.774659,-23.774659
KR0083,푸본현대생명보험,,생명보험,13,자동차손익,2026.1Q,0.0,0.0
KR0083,푸본현대생명보험,,생명보험,14,일반손익,2026.1Q,0.0,0.0
KR0083,푸본현대생명보험,,생명보험,15,기타영업수익,2026.1Q,0.0,0.0
KR0083,푸본현대생명보험,,생명보험,16,기타사업비용,2026.1Q,2512.468178,2512.468178
KR0083,푸본현대생명보험,,생명보험,17,투자손익,2026.1Q,1095.597922,1095.597922
KR0083,푸본현대생명보험,,생명보험,18,투자이익,2026.1Q,76703.388715,76703.388715
KR0083,푸본현대생명보험,,생명보험,19,보험금융손익,2026.1Q,-75607.790793,-75607.790793
KR0083,푸본현대생명보험,,생명보험,20,영업이익,2026.1Q,3849.195713,3849.195713
KR0083,푸본현대생명보험,,생명보험,21,영업외손익,2026.1Q,-38.938015,-38.938015
KR0083,푸본현대생명보험,,생명보험,22,세전이익,2026.1Q,3810.257698,3810.257698
KR0083,푸본현대생명보험,,생명보험,23,법인세,2026.1Q,669.20113,669.20113
KR0083,푸본현대생명보험,,생명보험,24,당기순이익,2026.1Q,3141.056568,3141.056568
KR0083,푸본현대생명보험,,생명보험,1,보험손익,2026.2Q,-77.136309,-2830.7341
KR0083,푸본현대생명보험,,생명보험,2,생명장기 손익,2026.2Q,5022.41255,-243.653419
KR0083,푸본현대생명보험,,생명보험,3,생명장기 원수손익,2026.2Q,7644.390783,1277.550155
KR0083,푸본현대생명보험,,생명보험,4,원수 CSM상각,2026.2Q,9025.0,3315.0
KR0083,푸본현대생명보험,,생명보험,5,원수 위험조정 변동,2026.2Q,2662.0,1305.0
KR0083,푸본현대생명보험,,생명보험,6,원수 예실차,2026.2Q,1931.0,2167.0
KR0083,푸본현대생명보험,,생명보험,7,기타 생명장기 원수손익,2026.2Q,-5973.609217,-5509.449845
KR0083,푸본현대생명보험,,생명보험,8,생명장기 재보험손익,2026.2Q,-2621.978233,-1521.203574
KR0083,푸본현대생명보험,,생명보험,9,재보험 CSM상각,2026.2Q,-1987.0,-974.0
KR0083,푸본현대생명보험,,생명보험,10,재보험 위험조정 변동,2026.2Q,-71.0,-40.0
KR0083,푸본현대생명보험,,생명보험,11,재보험 예실차,2026.2Q,-335.0,-302.0
KR0083,푸본현대생명보험,,생명보험,12,기타 생명장기 재보험손익,2026.2Q,-228.978233,-205.203574
KR0083,푸본현대생명보험,,생명보험,13,자동차손익,2026.2Q,0.0,0.0
KR0083,푸본현대생명보험,,생명보험,14,일반손익,2026.2Q,0.0,0.0
KR0083,푸본현대생명보험,,생명보험,15,기타영업수익,2026.2Q,0.0,0.0
KR0083,푸본현대생명보험,,생명보험,16,기타사업비용,2026.2Q,5099.548859,2587.080681
KR0083,푸본현대생명보험,,생명보험,17,투자손익,2026.2Q,208238.668925,207143.071003
KR0083,푸본현대생명보험,,생명보험,18,투자이익,2026.2Q,364257.413348,287554.024633
KR0083,푸본현대생명보험,,생명보험,19,보험금융손익,2026.2Q,-156018.744423,-80410.95363
KR0083,푸본현대생명보험,,생명보험,20,영업이익,2026.2Q,208161.532616,204312.336903
KR0083,푸본현대생명보험,,생명보험,21,영업외손익,2026.2Q,2.466773,41.404788
KR0083,푸본현대생명보험,,생명보험,22,세전이익,2026.2Q,208163.999389,204353.741691
KR0083,푸본현대생명보험,,생명보험,23,법인세,2026.2Q,49514.323126,48845.121996
KR0083,푸본현대생명보험,,생명보험,24,당기순이익,2026.2Q,158649.676263,155508.619695
KR0087,동양생명,,생명보험,1,보험손익,2023.1Q,61068.302242,61068.302242
KR0087,동양생명,,생명보험,2,생명장기 손익,2023.1Q,67396.0,67396.0
KR0087,동양생명,,생명보험,3,생명장기 원수손익,2023.1Q,67661.0,67661.0
KR0087,동양생명,,생명보험,4,원수 CSM상각,2023.1Q,64855.0,64855.0
KR0087,동양생명,,생명보험,5,원수 위험조정 변동,2023.1Q,11282.0,11282.0
KR0087,동양생명,,생명보험,6,원수 예실차,2023.1Q,-1777.0,-1777.0
KR0087,동양생명,,생명보험,7,기타 생명장기 원수손익,2023.1Q,-6699.0,-6699.0
KR0087,동양생명,,생명보험,8,생명장기 재보험손익,2023.1Q,-265.319182,-265.319182
KR0087,동양생명,,생명보험,9,재보험 CSM상각,2023.1Q,-616.0,-616.0
KR0087,동양생명,,생명보험,10,재보험 위험조정 변동,2023.1Q,-311.0,-311.0
KR0087,동양생명,,생명보험,11,재보험 예실차,2023.1Q,1051.0,1051.0
KR0087,동양생명,,생명보험,12,기타 생명장기 재보험손익,2023.1Q,-389.319182,-389.319182
KR0087,동양생명,,생명보험,13,자동차손익,2023.1Q,0.0,0.0
KR0087,동양생명,,생명보험,14,일반손익,2023.1Q,0.0,0.0
KR0087,동양생명,,생명보험,15,기타영업수익,2023.1Q,0.0,0.0
KR0087,동양생명,,생명보험,16,기타사업비용,2023.1Q,0.001422,0.001422
KR0087,동양생명,,생명보험,17,투자손익,2023.1Q,135027.659307,135027.659307
KR0087,동양생명,,생명보험,18,투자이익,2023.1Q,440261.382418,440261.382418
KR0087,동양생명,,생명보험,19,보험금융손익,2023.1Q,-305233.723111,-305233.723111
KR0087,동양생명,,생명보험,20,영업이익,2023.1Q,196095.961549,196095.961549
KR0087,동양생명,,생명보험,21,영업외손익,2023.1Q,-233.179632,-233.179632
KR0087,동양생명,,생명보험,22,세전이익,2023.1Q,195862.781917,195862.781917
KR0087,동양생명,,생명보험,23,법인세,2023.1Q,39366.561739,39366.561739
KR0087,동양생명,,생명보험,24,당기순이익,2023.1Q,156496.220178,156496.220178
KR0087,동양생명,,생명보험,1,보험손익,2023.2Q,116208.0,55139.697758
KR0087,동양생명,,생명보험,2,생명장기 손익,2023.2Q,128768.0,61372.0
KR0087,동양생명,,생명보험,3,생명장기 원수손익,2023.2Q,130035.0,62374.0
KR0087,동양생명,,생명보험,4,원수 CSM상각,2023.2Q,127412.0,62557.0
KR0087,동양생명,,생명보험,5,원수 위험조정 변동,2023.2Q,22438.0,11156.0
KR0087,동양생명,,생명보험,6,원수 예실차,2023.2Q,5817.0,7594.0
KR0087,동양생명,,생명보험,7,기타 생명장기 원수손익,2023.2Q,-25632.0,-18933.0
KR0087,동양생명,,생명보험,8,생명장기 재보험손익,2023.2Q,-1267.0,-1001.680818
KR0087,동양생명,,생명보험,9,재보험 CSM상각,2023.2Q,,
KR0087,동양생명,,생명보험,10,재보험 위험조정 변동,2023.2Q,,
KR0087,동양생명,,생명보험,11,재보험 예실차,2023.2Q,,
KR0087,동양생명,,생명보험,12,기타 생명장기 재보험손익,2023.2Q,,
KR0087,동양생명,,생명보험,13,자동차손익,2023.2Q,0.0,0.0
KR0087,동양생명,,생명보험,14,일반손익,2023.2Q,0.0,0.0
KR0087,동양생명,,생명보험,15,기타영업수익,2023.2Q,0.0,0.0
KR0087,동양생명,,생명보험,16,기타사업비용,2023.2Q,12560.0,12559.998578
KR0087,동양생명,,생명보험,17,투자손익,2023.2Q,133169.0,-1858.659307
KR0087,동양생명,,생명보험,18,투자이익,2023.2Q,699587.0,259325.617582
KR0087,동양생명,,생명보험,19,보험금융손익,2023.2Q,-566418.0,-261184.276889
KR0087,동양생명,,생명보험,20,영업이익,2023.2Q,249377.0,53281.038451
KR0087,동양생명,,생명보험,21,영업외손익,2023.2Q,3072.0,3305.179632
KR0087,동양생명,,생명보험,22,세전이익,2023.2Q,252449.0,56586.218083
KR0087,동양생명,,생명보험,23,법인세,2023.2Q,52199.0,12832.438261
KR0087,동양생명,,생명보험,24,당기순이익,2023.2Q,200250.0,43753.779822
KR0087,동양생명,,생명보험,1,보험손익,2023.3Q,183440.046108,67232.046108
KR0087,동양생명,,생명보험,2,생명장기 손익,2023.3Q,203086.204708,74318.204708
KR0087,동양생명,,생명보험,3,생명장기 원수손익,2023.3Q,200372.354965,70337.354965
KR0087,동양생명,,생명보험,4,원수 CSM상각,2023.3Q,194987.0,67575.0
KR0087,동양생명,,생명보험,5,원수 위험조정 변동,2023.3Q,33860.0,11422.0
KR0087,동양생명,,생명보험,6,원수 예실차,2023.3Q,8933.0,3116.0
KR0087,동양생명,,생명보험,7,기타 생명장기 원수손익,2023.3Q,-37407.645035,-11775.645035
KR0087,동양생명,,생명보험,8,생명장기 재보험손익,2023.3Q,2713.849743,3980.849743
KR0087,동양생명,,생명보험,9,재보험 CSM상각,2023.3Q,,
KR0087,동양생명,,생명보험,10,재보험 위험조정 변동,2023.3Q,,
KR0087,동양생명,,생명보험,11,재보험 예실차,2023.3Q,2713.0,
KR0087,동양생명,,생명보험,12,기타 생명장기 재보험손익,2023.3Q,,
KR0087,동양생명,,생명보험,13,자동차손익,2023.3Q,0.0,0.0
KR0087,동양생명,,생명보험,14,일반손익,2023.3Q,0.0,0.0
KR0087,동양생명,,생명보험,15,기타영업수익,2023.3Q,0.0,0.0
KR0087,동양생명,,생명보험,16,기타사업비용,2023.3Q,19646.1586,7086.1586
KR0087,동양생명,,생명보험,17,투자손익,2023.3Q,90694.454788,-42474.545212
KR0087,동양생명,,생명보험,18,투자이익,2023.3Q,845080.678177,145493.678177
KR0087,동양생명,,생명보험,19,보험금융손익,2023.3Q,-754386.223389,-187968.223389
KR0087,동양생명,,생명보험,20,영업이익,2023.3Q,274134.500896,24757.500896
KR0087,동양생명,,생명보험,21,영업외손익,2023.3Q,271.937179,-2800.062821
KR0087,동양생명,,생명보험,22,세전이익,2023.3Q,274406.438075,21957.438075
KR0087,동양생명,,생명보험,23,법인세,2023.3Q,56912.933137,4713.933137
KR0087,동양생명,,생명보험,24,당기순이익,2023.3Q,217493.504938,17243.504938
KR0087,동양생명,,생명보험,1,보험손익,2023.4Q,234128.262211,50688.216103
KR0087,동양생명,,생명보험,2,생명장기 손익,2023.4Q,261530.235888,58444.03118
KR0087,동양생명,,생명보험,3,생명장기 원수손익,2023.4Q,255288.581262,54916.226297
KR0087,동양생명,,생명보험,4,원수 CSM상각,2023.4Q,257715.0,62728.0
KR0087,동양생명,,생명보험,5,원수 위험조정 변동,2023.4Q,45258.0,11398.0
KR0087,동양생명,,생명보험,6,원수 예실차,2023.4Q,17036.0,8103.0
KR0087,동양생명,,생명보험,7,기타 생명장기 원수손익,2023.4Q,-64720.418738,-27312.773703
KR0087,동양생명,,생명보험,8,생명장기 재보험손익,2023.4Q,6241.654626,3527.804883
KR0087,동양생명,,생명보험,9,재보험 CSM상각,2023.4Q,-2185.0,
KR0087,동양생명,,생명보험,10,재보험 위험조정 변동,2023.4Q,1400.0,
KR0087,동양생명,,생명보험,11,재보험 예실차,2023.4Q,-1306.0,-4019.0
KR0087,동양생명,,생명보험,12,기타 생명장기 재보험손익,2023.4Q,8332.654626,
KR0087,동양생명,,생명보험,13,자동차손익,2023.4Q,0.0,0.0
KR0087,동양생명,,생명보험,14,일반손익,2023.4Q,0.0,0.0
KR0087,동양생명,,생명보험,15,기타영업수익,2023.4Q,0.0,0.0
KR0087,동양생명,,생명보험,16,기타사업비용,2023.4Q,27401.973677,7755.815077
KR0087,동양생명,,생명보험,17,투자손익,2023.4Q,125030.941279,34336.486491
KR0087,동양생명,,생명보험,18,투자이익,2023.4Q,1189906.269725,344825.591548
KR0087,동양생명,,생명보험,19,보험금융손익,2023.4Q,-1064875.328446,-310489.105057
KR0087,동양생명,,생명보험,20,영업이익,2023.4Q,359159.20349,85024.702594
KR0087,동양생명,,생명보험,21,영업외손익,2023.4Q,13674.699973,13402.762794
KR0087,동양생명,,생명보험,22,세전이익,2023.4Q,372833.903463,98427.465388
KR0087,동양생명,,생명보험,23,법인세,2023.4Q,77087.84235,20174.909213
KR0087,동양생명,,생명보험,24,당기순이익,2023.4Q,295746.061113,78252.556175
KR0087,동양생명,,생명보험,1,보험손익,2024.1Q,56271.888737,56271.888737
KR0087,동양생명,,생명보험,2,생명장기 손익,2024.1Q,64047.757914,64047.757914
KR0087,동양생명,,생명보험,3,생명장기 원수손익,2024.1Q,60243.280248,60243.280248
KR0087,동양생명,,생명보험,4,원수 CSM상각,2024.1Q,64196.0,64196.0
KR0087,동양생명,,생명보험,5,원수 위험조정 변동,2024.1Q,11527.0,11527.0
KR0087,동양생명,,생명보험,6,원수 예실차,2024.1Q,831.0,831.0
KR0087,동양생명,,생명보험,7,기타 생명장기 원수손익,2024.1Q,-16310.719752,-16310.719752
KR0087,동양생명,,생명보험,8,생명장기 재보험손익,2024.1Q,3804.477666,3804.477666
KR0087,동양생명,,생명보험,9,재보험 CSM상각,2024.1Q,,
KR0087,동양생명,,생명보험,10,재보험 위험조정 변동,2024.1Q,,
KR0087,동양생명,,생명보험,11,재보험 예실차,2024.1Q,3805.0,3805.0
KR0087,동양생명,,생명보험,12,기타 생명장기 재보험손익,2024.1Q,,
KR0087,동양생명,,생명보험,13,자동차손익,2024.1Q,0.0,0.0
KR0087,동양생명,,생명보험,14,일반손익,2024.1Q,0.0,0.0
KR0087,동양생명,,생명보험,15,기타영업수익,2024.1Q,0.0,0.0
KR0087,동양생명,,생명보험,16,기타사업비용,2024.1Q,7775.869177,7775.869177
KR0087,동양생명,,생명보험,17,투자손익,2024.1Q,49235.409915,49235.409915
KR0087,동양생명,,생명보험,18,투자이익,2024.1Q,297209.329725,297209.329725
KR0087,동양생명,,생명보험,19,보험금융손익,2024.1Q,-247973.91981,-247973.91981
KR0087,동양생명,,생명보험,20,영업이익,2024.1Q,105507.298652,105507.298652
KR0087,동양생명,,생명보험,21,영업외손익,2024.1Q,2356.149737,2356.149737
KR0087,동양생명,,생명보험,22,세전이익,2024.1Q,107863.448389,107863.448389
KR0087,동양생명,,생명보험,23,법인세,2024.1Q,19377.970147,19377.970147
KR0087,동양생명,,생명보험,24,당기순이익,2024.1Q,88485.478242,88485.478242
KR0087,동양생명,,생명보험,1,보험손익,2024.2Q,136848.489649,80576.600912
KR0087,동양생명,,생명보험,2,생명장기 손익,2024.2Q,153202.955478,89155.197564
KR0087,동양생명,,생명보험,3,생명장기 원수손익,2024.2Q,148875.337505,88632.057257
KR0087,동양생명,,생명보험,4,원수 CSM상각,2024.2Q,129439.0,65243.0
KR0087,동양생명,,생명보험,5,원수 위험조정 변동,2024.2Q,11829.0,302.0
KR0087,동양생명,,생명보험,6,원수 예실차,2024.2Q,11278.0,10447.0
KR0087,동양생명,,생명보험,7,기타 생명장기 원수손익,2024.2Q,-3670.662495,12640.057257
KR0087,동양생명,,생명보험,8,생명장기 재보험손익,2024.2Q,4327.617973,523.140307
KR0087,동양생명,,생명보험,9,재보험 CSM상각,2024.2Q,,
KR0087,동양생명,,생명보험,10,재보험 위험조정 변동,2024.2Q,,
KR0087,동양생명,,생명보험,11,재보험 예실차,2024.2Q,523.0,-3282.0
KR0087,동양생명,,생명보험,12,기타 생명장기 재보험손익,2024.2Q,,
KR0087,동양생명,,생명보험,13,자동차손익,2024.2Q,0.0,0.0
KR0087,동양생명,,생명보험,14,일반손익,2024.2Q,0.0,0.0
KR0087,동양생명,,생명보험,15,기타영업수익,2024.2Q,0.0,0.0
KR0087,동양생명,,생명보험,16,기타사업비용,2024.2Q,16354.465829,8578.596652
KR0087,동양생명,,생명보험,17,투자손익,2024.2Q,83254.398093,34018.988178
KR0087,동양생명,,생명보험,18,투자이익,2024.2Q,603887.934079,306678.604354
KR0087,동양생명,,생명보험,19,보험금융손익,2024.2Q,-520633.535986,-272659.616176
KR0087,동양생명,,생명보험,20,영업이익,2024.2Q,220102.887742,114595.58909
KR0087,동양생명,,생명보험,21,영업외손익,2024.2Q,-152.31875,-2508.468487
KR0087,동양생명,,생명보험,22,세전이익,2024.2Q,219950.568992,112087.120603
KR0087,동양생명,,생명보험,23,법인세,2024.2Q,44607.765067,25229.79492
KR0087,동양생명,,생명보험,24,당기순이익,2024.2Q,175342.803925,86857.325683
KR0087,동양생명,,생명보험,1,보험손익,2024.3Q,233396.828581,96548.338932
KR0087,동양생명,,생명보험,2,생명장기 손익,2024.3Q,257960.361389,104757.405911
KR0087,동양생명,,생명보험,3,생명장기 원수손익,2024.3Q,254111.623446,105236.285941
KR0087,동양생명,,생명보험,4,원수 CSM상각,2024.3Q,196194.0,66755.0
KR0087,동양생명,,생명보험,5,원수 위험조정 변동,2024.3Q,11840.0,11.0
KR0087,동양생명,,생명보험,6,원수 예실차,2024.3Q,5098.0,-6180.0
KR0087,동양생명,,생명보험,7,기타 생명장기 원수손익,2024.3Q,40979.623446,44650.285941
KR0087,동양생명,,생명보험,8,생명장기 재보험손익,2024.3Q,3848.737943,-478.88003
KR0087,동양생명,,생명보험,9,재보험 CSM상각,2024.3Q,,
KR0087,동양생명,,생명보험,10,재보험 위험조정 변동,2024.3Q,,
KR0087,동양생명,,생명보험,11,재보험 예실차,2024.3Q,-479.0,-1002.0
KR0087,동양생명,,생명보험,12,기타 생명장기 재보험손익,2024.3Q,,
KR0087,동양생명,,생명보험,13,자동차손익,2024.3Q,0.0,0.0
KR0087,동양생명,,생명보험,14,일반손익,2024.3Q,0.0,0.0
KR0087,동양생명,,생명보험,15,기타영업수익,2024.3Q,0.0,0.0
KR0087,동양생명,,생명보험,16,기타사업비용,2024.3Q,24563.532808,8209.066979
KR0087,동양생명,,생명보험,17,투자손익,2024.3Q,104546.935054,21292.536961
KR0087,동양생명,,생명보험,18,투자이익,2024.3Q,825311.443363,221423.509284
KR0087,동양생명,,생명보험,19,보험금융손익,2024.3Q,-720764.508309,-200130.972323
KR0087,동양생명,,생명보험,20,영업이익,2024.3Q,337943.763635,117840.875893
KR0087,동양생명,,생명보험,21,영업외손익,2024.3Q,-3477.501991,-3325.183241
KR0087,동양생명,,생명보험,22,세전이익,2024.3Q,334466.261644,114515.692652
KR0087,동양생명,,생명보험,23,법인세,2024.3Q,68746.080362,24138.315295
KR0087,동양생명,,생명보험,24,당기순이익,2024.3Q,265720.181282,90377.377357
KR0087,동양생명,,생명보험,1,보험손익,2024.4Q,274408.160826,41011.332245
KR0087,동양생명,,생명보험,2,생명장기 손익,2024.4Q,308440.375208,50480.013819
KR0087,동양생명,,생명보험,3,생명장기 원수손익,2024.4Q,302682.649282,48571.025836
KR0087,동양생명,,생명보험,4,원수 CSM상각,2024.4Q,259987.0,63793.0
KR0087,동양생명,,생명보험,5,원수 위험조정 변동,2024.4Q,47227.0,35387.0
KR0087,동양생명,,생명보험,6,원수 예실차,2024.4Q,20691.0,15593.0
KR0087,동양생명,,생명보험,7,기타 생명장기 원수손익,2024.4Q,-25222.0,-66201.623446
KR0087,동양생명,,생명보험,8,생명장기 재보험손익,2024.4Q,5757.725926,1908.987983
KR0087,동양생명,,생명보험,9,재보험 CSM상각,2024.4Q,-1711.0,
KR0087,동양생명,,생명보험,10,재보험 위험조정 변동,2024.4Q,1559.0,
KR0087,동양생명,,생명보험,11,재보험 예실차,2024.4Q,5758.0,6237.0
KR0087,동양생명,,생명보험,12,기타 생명장기 재보험손익,2024.4Q,151.72592600000007,
KR0087,동양생명,,생명보험,13,자동차손익,2024.4Q,0.0,0.0
KR0087,동양생명,,생명보험,14,일반손익,2024.4Q,0.0,0.0
KR0087,동양생명,,생명보험,15,기타영업수익,2024.4Q,0.0,0.0
KR0087,동양생명,,생명보험,16,기타사업비용,2024.4Q,34032.214382,9468.681574
KR0087,동양생명,,생명보험,17,투자손익,2024.4Q,104644.860142,97.925088
KR0087,동양생명,,생명보험,18,투자이익,2024.4Q,1051209.958634,225898.515271
KR0087,동양생명,,생명보험,19,보험금융손익,2024.4Q,-946565.098492,-225800.590183
KR0087,동양생명,,생명보험,20,영업이익,2024.4Q,379053.020968,41109.257333
KR0087,동양생명,,생명보험,21,영업외손익,2024.4Q,2919.941667,6397.443658
KR0087,동양생명,,생명보험,22,세전이익,2024.4Q,381972.962635,47506.700991
KR0087,동양생명,,생명보험,23,법인세,2024.4Q,71814.932737,3068.852375
KR0087,동양생명,,생명보험,24,당기순이익,2024.4Q,310158.029898,44437.848616
KR0087,동양생명,,생명보험,1,보험손익,2025.1Q,4071.067425,4071.067425
KR0087,동양생명,,생명보험,2,생명장기 손익,2025.1Q,12204.625833,12204.625833
KR0087,동양생명,,생명보험,3,생명장기 원수손익,2025.1Q,1572.404053,1572.404053
KR0087,동양생명,,생명보험,4,원수 CSM상각,2025.1Q,62318.0,62318.0
KR0087,동양생명,,생명보험,5,원수 위험조정 변동,2025.1Q,11135.0,11135.0
KR0087,동양생명,,생명보험,6,원수 예실차,2025.1Q,-11385.0,-11385.0
KR0087,동양생명,,생명보험,7,기타 생명장기 원수손익,2025.1Q,-60495.595947,-60495.595947
KR0087,동양생명,,생명보험,8,생명장기 재보험손익,2025.1Q,10632.22178,10632.22178
KR0087,동양생명,,생명보험,9,재보험 CSM상각,2025.1Q,461.0,461.0
KR0087,동양생명,,생명보험,10,재보험 위험조정 변동,2025.1Q,295.0,295.0
KR0087,동양생명,,생명보험,11,재보험 예실차,2025.1Q,3361.0,3361.0
KR0087,동양생명,,생명보험,12,기타 생명장기 재보험손익,2025.1Q,6515.22178,6515.22178
KR0087,동양생명,,생명보험,13,자동차손익,2025.1Q,0.0,0.0
KR0087,동양생명,,생명보험,14,일반손익,2025.1Q,0.0,0.0
KR0087,동양생명,,생명보험,15,기타영업수익,2025.1Q,0.0,0.0
KR0087,동양생명,,생명보험,16,기타사업비용,2025.1Q,8133.558408,8133.558408
KR0087,동양생명,,생명보험,17,투자손익,2025.1Q,55389.596159,55389.596159
KR0087,동양생명,,생명보험,18,투자이익,2025.1Q,322315.575353,322315.575353
KR0087,동양생명,,생명보험,19,보험금융손익,2025.1Q,-266925.979194,-266925.979194
KR0087,동양생명,,생명보험,20,영업이익,2025.1Q,59460.663584,59460.663584
KR0087,동양생명,,생명보험,21,영업외손익,2025.1Q,-5026.845763,-5026.845763
KR0087,동양생명,,생명보험,22,세전이익,2025.1Q,54433.817821,54433.817821
KR0087,동양생명,,생명보험,23,법인세,2025.1Q,7693.991231,7693.991231
KR0087,동양생명,,생명보험,24,당기순이익,2025.1Q,46739.82659,46739.82659
KR0087,동양생명,,생명보험,1,보험손익,2025.2Q,70419.566477,66348.499052
KR0087,동양생명,,생명보험,2,생명장기 손익,2025.2Q,87019.297811,74814.671978
KR0087,동양생명,,생명보험,3,생명장기 원수손익,2025.2Q,77254.280508,75681.876455
KR0087,동양생명,,생명보험,4,원수 CSM상각,2025.2Q,126064.0,63746.0
KR0087,동양생명,,생명보험,5,원수 위험조정 변동,2025.2Q,22144.0,11009.0
KR0087,동양생명,,생명보험,6,원수 예실차,2025.2Q,-10877.0,508.0
KR0087,동양생명,,생명보험,7,기타 생명장기 원수손익,2025.2Q,-60077.0,418.595947
KR0087,동양생명,,생명보험,8,생명장기 재보험손익,2025.2Q,9765.017303,-867.204477
KR0087,동양생명,,생명보험,9,재보험 CSM상각,2025.2Q,-878.0,-1339.0
KR0087,동양생명,,생명보험,10,재보험 위험조정 변동,2025.2Q,-565.0,-860.0
KR0087,동양생명,,생명보험,11,재보험 예실차,2025.2Q,7026.0,3665.0
KR0087,동양생명,,생명보험,12,기타 생명장기 재보험손익,2025.2Q,4182.0,-2333.22178
KR0087,동양생명,,생명보험,13,자동차손익,2025.2Q,0.0,0.0
KR0087,동양생명,,생명보험,14,일반손익,2025.2Q,0.0,0.0
KR0087,동양생명,,생명보험,15,기타영업수익,2025.2Q,0.0,0.0
KR0087,동양생명,,생명보험,16,기타사업비용,2025.2Q,16599.731334,8466.172926
KR0087,동양생명,,생명보험,17,투자손익,2025.2Q,34568.13757,-20821.458589
KR0087,동양생명,,생명보험,18,투자이익,2025.2Q,668719.711043,346404.13569
KR0087,동양생명,,생명보험,19,보험금융손익,2025.2Q,-634151.573473,-367225.594279
KR0087,동양생명,,생명보험,20,영업이익,2025.2Q,104987.704047,45527.040463
KR0087,동양생명,,생명보험,21,영업외손익,2025.2Q,-3945.728152,1081.117611
KR0087,동양생명,,생명보험,22,세전이익,2025.2Q,101041.975895,46608.158074
KR0087,동양생명,,생명보험,23,법인세,2025.2Q,14269.673744,6575.682513
KR0087,동양생명,,생명보험,24,당기순이익,2025.2Q,86772.302151,40032.475561
KR0087,동양생명,,생명보험,1,보험손익,2025.3Q,94982.0,24562.433523
KR0087,동양생명,,생명보험,2,생명장기 손익,2025.3Q,121013.0,33993.702189
KR0087,동양생명,,생명보험,3,생명장기 원수손익,2025.3Q,106689.0,29434.719492
KR0087,동양생명,,생명보험,4,원수 CSM상각,2025.3Q,189861.0,63797.0
KR0087,동양생명,,생명보험,5,원수 위험조정 변동,2025.3Q,32903.0,10759.0
KR0087,동양생명,,생명보험,6,원수 예실차,2025.3Q,-31913.0,-21036.0
KR0087,동양생명,,생명보험,7,기타 생명장기 원수손익,2025.3Q,-84162.0,-24085.0
KR0087,동양생명,,생명보험,8,생명장기 재보험손익,2025.3Q,14324.0,4558.982697
KR0087,동양생명,,생명보험,9,재보험 CSM상각,2025.3Q,-1401.0,-523.0
KR0087,동양생명,,생명보험,10,재보험 위험조정 변동,2025.3Q,-841.0,-276.0
KR0087,동양생명,,생명보험,11,재보험 예실차,2025.3Q,,
KR0087,동양생명,,생명보험,12,기타 생명장기 재보험손익,2025.3Q,16566.0,12384.0
KR0087,동양생명,,생명보험,13,자동차손익,2025.3Q,0.0,0.0
KR0087,동양생명,,생명보험,14,일반손익,2025.3Q,0.0,0.0
KR0087,동양생명,,생명보험,15,기타영업수익,2025.3Q,0.0,0.0
KR0087,동양생명,,생명보험,16,기타사업비용,2025.3Q,26031.0,9431.268666
KR0087,동양생명,,생명보험,17,투자손익,2025.3Q,57137.0,22568.86243
KR0087,동양생명,,생명보험,18,투자이익,2025.3Q,1004641.0,335921.288957
KR0087,동양생명,,생명보험,19,보험금융손익,2025.3Q,-947504.0,-313352.426527
KR0087,동양생명,,생명보험,20,영업이익,2025.3Q,152119.0,47131.295953
KR0087,동양생명,,생명보험,21,영업외손익,2025.3Q,-21403.0,-17457.271848
KR0087,동양생명,,생명보험,22,세전이익,2025.3Q,130716.0,29674.024105
KR0087,동양생명,,생명보험,23,법인세,2025.3Q,17503.0,3233.326256
KR0087,동양생명,,생명보험,24,당기순이익,2025.3Q,113213.0,26440.697849
KR0087,동양생명,,생명보험,1,보험손익,2025.4Q,113771.0,18789.0
KR0087,동양생명,,생명보험,2,생명장기 손익,2025.4Q,148280.0,27267.0
KR0087,동양생명,,생명보험,3,생명장기 원수손익,2025.4Q,130232.0,23543.0
KR0087,동양생명,,생명보험,4,원수 CSM상각,2025.4Q,246751.0,56890.0
KR0087,동양생명,,생명보험,5,원수 위험조정 변동,2025.4Q,43633.0,10730.0
KR0087,동양생명,,생명보험,6,원수 예실차,2025.4Q,-31224.0,689.0
KR0087,동양생명,,생명보험,7,기타 생명장기 원수손익,2025.4Q,-128928.0,-44766.0
KR0087,동양생명,,생명보험,8,생명장기 재보험손익,2025.4Q,18048.0,3724.0
KR0087,동양생명,,생명보험,9,재보험 CSM상각,2025.4Q,-2193.0,-792.0
KR0087,동양생명,,생명보험,10,재보험 위험조정 변동,2025.4Q,-1124.0,-283.0
KR0087,동양생명,,생명보험,11,재보험 예실차,2025.4Q,11692.0,
KR0087,동양생명,,생명보험,12,기타 생명장기 재보험손익,2025.4Q,9673.0,-6893.0
KR0087,동양생명,,생명보험,13,자동차손익,2025.4Q,0.0,0.0
KR0087,동양생명,,생명보험,14,일반손익,2025.4Q,0.0,0.0
KR0087,동양생명,,생명보험,15,기타영업수익,2025.4Q,0.0,0.0
KR0087,동양생명,,생명보험,16,기타사업비용,2025.4Q,34509.0,8478.0
KR0087,동양생명,,생명보험,17,투자손익,2025.4Q,91164.0,34027.0
KR0087,동양생명,,생명보험,18,투자이익,2025.4Q,1374266.0,369625.0
KR0087,동양생명,,생명보험,19,보험금융손익,2025.4Q,-1283102.0,-335598.0
KR0087,동양생명,,생명보험,20,영업이익,2025.4Q,204935.0,52816.0
KR0087,동양생명,,생명보험,21,영업외손익,2025.4Q,-93547.0,-72144.0
KR0087,동양생명,,생명보험,22,세전이익,2025.4Q,111388.0,-19328.0
KR0087,동양생명,,생명보험,23,법인세,2025.4Q,45551.0,28048.0
KR0087,동양생명,,생명보험,24,당기순이익,2025.4Q,65837.0,-47376.0
KR0087,동양생명,,생명보험,1,보험손익,2026.1Q,22385.0,22385.0
KR0087,동양생명,,생명보험,2,생명장기 손익,2026.1Q,30299.0,30299.0
KR0087,동양생명,,생명보험,3,생명장기 원수손익,2026.1Q,28157.0,28157.0
KR0087,동양생명,,생명보험,4,원수 CSM상각,2026.1Q,62114.0,62114.0
KR0087,동양생명,,생명보험,5,원수 위험조정 변동,2026.1Q,10273.0,10273.0
KR0087,동양생명,,생명보험,6,원수 예실차,2026.1Q,-16518.0,-16518.0
KR0087,동양생명,,생명보험,7,기타 생명장기 원수손익,2026.1Q,-27712.0,-27712.0
KR0087,동양생명,,생명보험,8,생명장기 재보험손익,2026.1Q,2142.0,2142.0
KR0087,동양생명,,생명보험,9,재보험 CSM상각,2026.1Q,-806.0,-806.0
KR0087,동양생명,,생명보험,10,재보험 위험조정 변동,2026.1Q,-335.0,-335.0
KR0087,동양생명,,생명보험,11,재보험 예실차,2026.1Q,1722.0,1722.0
KR0087,동양생명,,생명보험,12,기타 생명장기 재보험손익,2026.1Q,1561.0,1561.0
KR0087,동양생명,,생명보험,13,자동차손익,2026.1Q,0.0,0.0
KR0087,동양생명,,생명보험,14,일반손익,2026.1Q,0.0,0.0
KR0087,동양생명,,생명보험,15,기타영업수익,2026.1Q,0.0,0.0
KR0087,동양생명,,생명보험,16,기타사업비용,2026.1Q,7914.0,7914.0
KR0087,동양생명,,생명보험,17,투자손익,2026.1Q,12225.0,12225.0
KR0087,동양생명,,생명보험,18,투자이익,2026.1Q,362551.0,362551.0
KR0087,동양생명,,생명보험,19,보험금융손익,2026.1Q,-350326.0,-350326.0
KR0087,동양생명,,생명보험,20,영업이익,2026.1Q,34610.0,34610.0
KR0087,동양생명,,생명보험,21,영업외손익,2026.1Q,-77.0,-77.0
KR0087,동양생명,,생명보험,22,세전이익,2026.1Q,34533.0,34533.0
KR0087,동양생명,,생명보험,23,법인세,2026.1Q,7841.0,7841.0
KR0087,동양생명,,생명보험,24,당기순이익,2026.1Q,26692.0,26692.0
KR0087,동양생명,,생명보험,1,보험손익,2026.2Q,97012.0,74627.0
KR0087,동양생명,,생명보험,2,생명장기 손익,2026.2Q,113301.0,83002.0
KR0087,동양생명,,생명보험,3,생명장기 원수손익,2026.2Q,109620.0,81463.0
KR0087,동양생명,,생명보험,4,원수 CSM상각,2026.2Q,125511.0,63397.0
KR0087,동양생명,,생명보험,5,원수 위험조정 변동,2026.2Q,20259.0,9986.0
KR0087,동양생명,,생명보험,6,원수 예실차,2026.2Q,-26196.0,-9678.0
KR0087,동양생명,,생명보험,7,기타 생명장기 원수손익,2026.2Q,-9954.0,17758.0
KR0087,동양생명,,생명보험,8,생명장기 재보험손익,2026.2Q,3681.0,1539.0
KR0087,동양생명,,생명보험,9,재보험 CSM상각,2026.2Q,-1468.0,-662.0
KR0087,동양생명,,생명보험,10,재보험 위험조정 변동,2026.2Q,-627.0,-292.0
KR0087,동양생명,,생명보험,11,재보험 예실차,2026.2Q,3525.0,1803.0
KR0087,동양생명,,생명보험,12,기타 생명장기 재보험손익,2026.2Q,2251.0,690.0
KR0087,동양생명,,생명보험,13,자동차손익,2026.2Q,0.0,0.0
KR0087,동양생명,,생명보험,14,일반손익,2026.2Q,0.0,0.0
KR0087,동양생명,,생명보험,15,기타영업수익,2026.2Q,0.0,0.0
KR0087,동양생명,,생명보험,16,기타사업비용,2026.2Q,16289.0,8375.0
KR0087,동양생명,,생명보험,17,투자손익,2026.2Q,26082.0,13857.0
KR0087,동양생명,,생명보험,18,투자이익,2026.2Q,1167784.0,805233.0
KR0087,동양생명,,생명보험,19,보험금융손익,2026.2Q,-1141702.0,-791376.0
KR0087,동양생명,,생명보험,20,영업이익,2026.2Q,123094.0,88484.0
KR0087,동양생명,,생명보험,21,영업외손익,2026.2Q,2671.0,2748.0
KR0087,동양생명,,생명보험,22,세전이익,2026.2Q,125765.0,91232.0
KR0087,동양생명,,생명보험,23,법인세,2026.2Q,29938.0,22097.0
KR0087,동양생명,,생명보험,24,당기순이익,2026.2Q,95827.0,69135.0
KR0094,신한라이프생명보험,,생명보험,1,보험손익,2023.1Q,133713.0,133713.0
KR0094,신한라이프생명보험,,생명보험,2,생명장기 손익,2023.1Q,,
KR0094,신한라이프생명보험,,생명보험,3,생명장기 원수손익,2023.1Q,,
KR0094,신한라이프생명보험,,생명보험,4,원수 CSM상각,2023.1Q,166826.0,166826.0
KR0094,신한라이프생명보험,,생명보험,5,원수 위험조정 변동,2023.1Q,28844.0,28844.0
KR0094,신한라이프생명보험,,생명보험,6,원수 예실차,2023.1Q,90163.0,90163.0
KR0094,신한라이프생명보험,,생명보험,7,기타 생명장기 원수손익,2023.1Q,,
KR0094,신한라이프생명보험,,생명보험,8,생명장기 재보험손익,2023.1Q,,
KR0094,신한라이프생명보험,,생명보험,9,재보험 CSM상각,2023.1Q,-4429.0,-4429.0
KR0094,신한라이프생명보험,,생명보험,10,재보험 위험조정 변동,2023.1Q,-953.0,-953.0
KR0094,신한라이프생명보험,,생명보험,11,재보험 예실차,2023.1Q,5495.0,5495.0
KR0094,신한라이프생명보험,,생명보험,12,기타 생명장기 재보험손익,2023.1Q,,
KR0094,신한라이프생명보험,,생명보험,13,자동차손익,2023.1Q,0.0,0.0
KR0094,신한라이프생명보험,,생명보험,14,일반손익,2023.1Q,0.0,0.0
KR0094,신한라이프생명보험,,생명보험,15,기타영업수익,2023.1Q,0.0,0.0
KR0094,신한라이프생명보험,,생명보험,16,기타사업비용,2023.1Q,,
KR0094,신한라이프생명보험,,생명보험,17,투자손익,2023.1Q,53930.0,53930.0
KR0094,신한라이프생명보험,,생명보험,18,투자이익,2023.1Q,,
KR0094,신한라이프생명보험,,생명보험,19,보험금융손익,2023.1Q,,
KR0094,신한라이프생명보험,,생명보험,20,영업이익,2023.1Q,187643.0,187643.0
KR0094,신한라이프생명보험,,생명보험,21,영업외손익,2023.1Q,-5569.0,-5569.0
KR0094,신한라이프생명보험,,생명보험,22,세전이익,2023.1Q,182074.0,182074.0
KR0094,신한라이프생명보험,,생명보험,23,법인세,2023.1Q,41503.0,41503.0
KR0094,신한라이프생명보험,,생명보험,24,당기순이익,2023.1Q,140571.0,140571.0
KR0094,신한라이프생명보험,,생명보험,1,보험손익,2023.2Q,312509.0,178796.0
KR0094,신한라이프생명보험,,생명보험,2,생명장기 손익,2023.2Q,,
KR0094,신한라이프생명보험,,생명보험,3,생명장기 원수손익,2023.2Q,,
KR0094,신한라이프생명보험,,생명보험,4,원수 CSM상각,2023.2Q,333862.0,167036.0
KR0094,신한라이프생명보험,,생명보험,5,원수 위험조정 변동,2023.2Q,57752.0,28908.0
KR0094,신한라이프생명보험,,생명보험,6,원수 예실차,2023.2Q,96700.0,6537.0
KR0094,신한라이프생명보험,,생명보험,7,기타 생명장기 원수손익,2023.2Q,,
KR0094,신한라이프생명보험,,생명보험,8,생명장기 재보험손익,2023.2Q,,
KR0094,신한라이프생명보험,,생명보험,9,재보험 CSM상각,2023.2Q,-8474.0,-4045.0
KR0094,신한라이프생명보험,,생명보험,10,재보험 위험조정 변동,2023.2Q,-1938.0,-985.0
KR0094,신한라이프생명보험,,생명보험,11,재보험 예실차,2023.2Q,11685.0,6190.0
KR0094,신한라이프생명보험,,생명보험,12,기타 생명장기 재보험손익,2023.2Q,,
KR0094,신한라이프생명보험,,생명보험,13,자동차손익,2023.2Q,0.0,0.0
KR0094,신한라이프생명보험,,생명보험,14,일반손익,2023.2Q,0.0,0.0
KR0094,신한라이프생명보험,,생명보험,15,기타영업수익,2023.2Q,0.0,0.0
KR0094,신한라이프생명보험,,생명보험,16,기타사업비용,2023.2Q,,
KR0094,신한라이프생명보험,,생명보험,17,투자손익,2023.2Q,111915.0,57985.0
KR0094,신한라이프생명보험,,생명보험,18,투자이익,2023.2Q,,
KR0094,신한라이프생명보험,,생명보험,19,보험금융손익,2023.2Q,,
KR0094,신한라이프생명보험,,생명보험,20,영업이익,2023.2Q,424424.0,236781.0
KR0094,신한라이프생명보험,,생명보험,21,영업외손익,2023.2Q,-4422.0,1147.0
KR0094,신한라이프생명보험,,생명보험,22,세전이익,2023.2Q,420002.0,237928.0
KR0094,신한라이프생명보험,,생명보험,23,법인세,2023.2Q,104246.0,62743.0
KR0094,신한라이프생명보험,,생명보험,24,당기순이익,2023.2Q,315756.0,175185.0
KR0094,신한라이프생명보험,,생명보험,1,보험손익,2023.3Q,495356.0,182847.0
KR0094,신한라이프생명보험,,생명보험,2,생명장기 손익,2023.3Q,593049.0,
KR0094,신한라이프생명보험,,생명보험,3,생명장기 원수손익,2023.3Q,615142.0,
KR0094,신한라이프생명보험,,생명보험,4,원수 CSM상각,2023.3Q,517111.0,183249.0
KR0094,신한라이프생명보험,,생명보험,5,원수 위험조정 변동,2023.3Q,87052.0,29300.0
KR0094,신한라이프생명보험,,생명보험,6,원수 예실차,2023.3Q,69302.0,-27398.0
KR0094,신한라이프생명보험,,생명보험,7,기타 생명장기 원수손익,2023.3Q,-58323.0,
KR0094,신한라이프생명보험,,생명보험,8,생명장기 재보험손익,2023.3Q,-22093.0,
KR0094,신한라이프생명보험,,생명보험,9,재보험 CSM상각,2023.3Q,-12486.0,-4012.0
KR0094,신한라이프생명보험,,생명보험,10,재보험 위험조정 변동,2023.3Q,-2888.0,-950.0
KR0094,신한라이프생명보험,,생명보험,11,재보험 예실차,2023.3Q,17802.0,6117.0
KR0094,신한라이프생명보험,,생명보험,12,기타 생명장기 재보험손익,2023.3Q,-24521.0,
KR0094,신한라이프생명보험,,생명보험,13,자동차손익,2023.3Q,0.0,0.0
KR0094,신한라이프생명보험,,생명보험,14,일반손익,2023.3Q,0.0,0.0
KR0094,신한라이프생명보험,,생명보험,15,기타영업수익,2023.3Q,0.0,0.0
KR0094,신한라이프생명보험,,생명보험,16,기타사업비용,2023.3Q,97693.0,
KR0094,신한라이프생명보험,,생명보험,17,투자손익,2023.3Q,97391.0,-14524.0
KR0094,신한라이프생명보험,,생명보험,18,투자이익,2023.3Q,1543591.0,
KR0094,신한라이프생명보험,,생명보험,19,보험금융손익,2023.3Q,-1446200.0,
KR0094,신한라이프생명보험,,생명보험,20,영업이익,2023.3Q,592747.0,168323.0
KR0094,신한라이프생명보험,,생명보험,21,영업외손익,2023.3Q,-16050.0,-11628.0
KR0094,신한라이프생명보험,,생명보험,22,세전이익,2023.3Q,576697.0,156695.0
KR0094,신한라이프생명보험,,생명보험,23,법인세,2023.3Q,146366.0,42120.0
KR0094,신한라이프생명보험,,생명보험,24,당기순이익,2023.3Q,430331.0,114575.0
KR0094,신한라이프생명보험,,생명보험,1,보험손익,2023.4Q,663624.0,168268.0
KR0094,신한라이프생명보험,,생명보험,2,생명장기 손익,2023.4Q,787753.0,194704.0
KR0094,신한라이프생명보험,,생명보험,3,생명장기 원수손익,2023.4Q,819024.0,203882.0
KR0094,신한라이프생명보험,,생명보험,4,원수 CSM상각,2023.4Q,696825.0,179714.0
KR0094,신한라이프생명보험,,생명보험,5,원수 위험조정 변동,2023.4Q,115924.0,28872.0
KR0094,신한라이프생명보험,,생명보험,6,원수 예실차,2023.4Q,31334.0,-37968.0
KR0094,신한라이프생명보험,,생명보험,7,기타 생명장기 원수손익,2023.4Q,-25059.0,33264.0
KR0094,신한라이프생명보험,,생명보험,8,생명장기 재보험손익,2023.4Q,-31271.0,-9178.0
KR0094,신한라이프생명보험,,생명보험,9,재보험 CSM상각,2023.4Q,-15364.0,-2878.0
KR0094,신한라이프생명보험,,생명보험,10,재보험 위험조정 변동,2023.4Q,-3849.0,-961.0
KR0094,신한라이프생명보험,,생명보험,11,재보험 예실차,2023.4Q,23792.0,5990.0
KR0094,신한라이프생명보험,,생명보험,12,기타 생명장기 재보험손익,2023.4Q,-35850.0,-11329.0
KR0094,신한라이프생명보험,,생명보험,13,자동차손익,2023.4Q,0.0,0.0
KR0094,신한라이프생명보험,,생명보험,14,일반손익,2023.4Q,0.0,0.0
KR0094,신한라이프생명보험,,생명보험,15,기타영업수익,2023.4Q,0.0,0.0
KR0094,신한라이프생명보험,,생명보험,16,기타사업비용,2023.4Q,124129.0,26436.0
KR0094,신한라이프생명보험,,생명보험,17,투자손익,2023.4Q,2693.0,-94698.0
KR0094,신한라이프생명보험,,생명보험,18,투자이익,2023.4Q,2139747.0,596156.0
KR0094,신한라이프생명보험,,생명보험,19,보험금융손익,2023.4Q,-2137054.0,-690854.0
KR0094,신한라이프생명보험,,생명보험,20,영업이익,2023.4Q,666317.0,73570.0
KR0094,신한라이프생명보험,,생명보험,21,영업외손익,2023.4Q,-23943.0,-7893.0
KR0094,신한라이프생명보험,,생명보험,22,세전이익,2023.4Q,642374.0,65677.0
KR0094,신한라이프생명보험,,생명보험,23,법인세,2023.4Q,160523.0,14157.0
KR0094,신한라이프생명보험,,생명보험,24,당기순이익,2023.4Q,481851.0,51520.0
KR0094,신한라이프생명보험,,생명보험,1,보험손익,2024.1Q,200332.0,200332.0
KR0094,신한라이프생명보험,,생명보험,2,생명장기 손익,2024.1Q,221769.0,221769.0
KR0094,신한라이프생명보험,,생명보험,3,생명장기 원수손익,2024.1Q,224423.0,224423.0
KR0094,신한라이프생명보험,,생명보험,4,원수 CSM상각,2024.1Q,186875.0,186875.0
KR0094,신한라이프생명보험,,생명보험,5,원수 위험조정 변동,2024.1Q,32659.0,32659.0
KR0094,신한라이프생명보험,,생명보험,6,원수 예실차,2024.1Q,96236.0,96236.0
KR0094,신한라이프생명보험,,생명보험,7,기타 생명장기 원수손익,2024.1Q,-91347.0,-91347.0
KR0094,신한라이프생명보험,,생명보험,8,생명장기 재보험손익,2024.1Q,-2654.0,-2654.0
KR0094,신한라이프생명보험,,생명보험,9,재보험 CSM상각,2024.1Q,-2828.0,-2828.0
KR0094,신한라이프생명보험,,생명보험,10,재보험 위험조정 변동,2024.1Q,-927.0,-927.0
KR0094,신한라이프생명보험,,생명보험,11,재보험 예실차,2024.1Q,-1149.0,-1149.0
KR0094,신한라이프생명보험,,생명보험,12,기타 생명장기 재보험손익,2024.1Q,2250.0,2250.0
KR0094,신한라이프생명보험,,생명보험,13,자동차손익,2024.1Q,0.0,0.0
KR0094,신한라이프생명보험,,생명보험,14,일반손익,2024.1Q,0.0,0.0
KR0094,신한라이프생명보험,,생명보험,15,기타영업수익,2024.1Q,0.0,0.0
KR0094,신한라이프생명보험,,생명보험,16,기타사업비용,2024.1Q,21437.0,21437.0
KR0094,신한라이프생명보험,,생명보험,17,투자손익,2024.1Q,22222.0,22222.0
KR0094,신한라이프생명보험,,생명보험,18,투자이익,2024.1Q,548752.0,548752.0
KR0094,신한라이프생명보험,,생명보험,19,보험금융손익,2024.1Q,-526530.0,-526530.0
KR0094,신한라이프생명보험,,생명보험,20,영업이익,2024.1Q,222554.0,222554.0
KR0094,신한라이프생명보험,,생명보험,21,영업외손익,2024.1Q,-3550.0,-3550.0
KR0094,신한라이프생명보험,,생명보험,22,세전이익,2024.1Q,219004.0,219004.0
KR0094,신한라이프생명보험,,생명보험,23,법인세,2024.1Q,61247.0,61247.0
KR0094,신한라이프생명보험,,생명보험,24,당기순이익,2024.1Q,157757.0,157757.0
KR0094,신한라이프생명보험,,생명보험,1,보험손익,2024.2Q,406045.0,205713.0
KR0094,신한라이프생명보험,,생명보험,2,생명장기 손익,2024.2Q,449487.0,227718.0
KR0094,신한라이프생명보험,,생명보험,3,생명장기 원수손익,2024.2Q,467451.0,243028.0
KR0094,신한라이프생명보험,,생명보험,4,원수 CSM상각,2024.2Q,372167.0,185292.0
KR0094,신한라이프생명보험,,생명보험,5,원수 위험조정 변동,2024.2Q,64287.0,31628.0
KR0094,신한라이프생명보험,,생명보험,6,원수 예실차,2024.2Q,109317.0,13081.0
KR0094,신한라이프생명보험,,생명보험,7,기타 생명장기 원수손익,2024.2Q,-78320.0,13027.0
KR0094,신한라이프생명보험,,생명보험,8,생명장기 재보험손익,2024.2Q,-17964.0,-15310.0
KR0094,신한라이프생명보험,,생명보험,9,재보험 CSM상각,2024.2Q,-7646.0,-4818.0
KR0094,신한라이프생명보험,,생명보험,10,재보험 위험조정 변동,2024.2Q,-1843.0,-916.0
KR0094,신한라이프생명보험,,생명보험,11,재보험 예실차,2024.2Q,-2824.0,-1675.0
KR0094,신한라이프생명보험,,생명보험,12,기타 생명장기 재보험손익,2024.2Q,-5651.0,-7901.0
KR0094,신한라이프생명보험,,생명보험,13,자동차손익,2024.2Q,0.0,0.0
KR0094,신한라이프생명보험,,생명보험,14,일반손익,2024.2Q,0.0,0.0
KR0094,신한라이프생명보험,,생명보험,15,기타영업수익,2024.2Q,0.0,0.0
KR0094,신한라이프생명보험,,생명보험,16,기타사업비용,2024.2Q,43442.0,22005.0
KR0094,신한라이프생명보험,,생명보험,17,투자손익,2024.2Q,42032.0,19810.0
KR0094,신한라이프생명보험,,생명보험,18,투자이익,2024.2Q,1106715.0,557963.0
KR0094,신한라이프생명보험,,생명보험,19,보험금융손익,2024.2Q,-1064683.0,-538153.0
KR0094,신한라이프생명보험,,생명보험,20,영업이익,2024.2Q,448077.0,225523.0
KR0094,신한라이프생명보험,,생명보험,21,영업외손익,2024.2Q,-4301.0,-751.0
KR0094,신한라이프생명보험,,생명보험,22,세전이익,2024.2Q,443776.0,224772.0
KR0094,신한라이프생명보험,,생명보험,23,법인세,2024.2Q,120132.0,58885.0
KR0094,신한라이프생명보험,,생명보험,24,당기순이익,2024.2Q,323644.0,165887.0
KR0094,신한라이프생명보험,,생명보험,1,보험손익,2024.3Q,598060.0,192015.0
KR0094,신한라이프생명보험,,생명보험,2,생명장기 손익,2024.3Q,667878.0,218391.0
KR0094,신한라이프생명보험,,생명보험,3,생명장기 원수손익,2024.3Q,682145.0,214694.0
KR0094,신한라이프생명보험,,생명보험,4,원수 CSM상각,2024.3Q,559288.0,187121.0
KR0094,신한라이프생명보험,,생명보험,5,원수 위험조정 변동,2024.3Q,97065.0,32778.0
KR0094,신한라이프생명보험,,생명보험,6,원수 예실차,2024.3Q,76971.0,-32346.0
KR0094,신한라이프생명보험,,생명보험,7,기타 생명장기 원수손익,2024.3Q,-51179.0,27141.0
KR0094,신한라이프생명보험,,생명보험,8,생명장기 재보험손익,2024.3Q,-14267.0,3697.0
KR0094,신한라이프생명보험,,생명보험,9,재보험 CSM상각,2024.3Q,-10773.0,-3127.0
KR0094,신한라이프생명보험,,생명보험,10,재보험 위험조정 변동,2024.3Q,-2868.0,-1025.0
KR0094,신한라이프생명보험,,생명보험,11,재보험 예실차,2024.3Q,-4715.0,-1891.0
KR0094,신한라이프생명보험,,생명보험,12,기타 생명장기 재보험손익,2024.3Q,4089.0,9740.0
KR0094,신한라이프생명보험,,생명보험,13,자동차손익,2024.3Q,0.0,0.0
KR0094,신한라이프생명보험,,생명보험,14,일반손익,2024.3Q,0.0,0.0
KR0094,신한라이프생명보험,,생명보험,15,기타영업수익,2024.3Q,0.0,0.0
KR0094,신한라이프생명보험,,생명보험,16,기타사업비용,2024.3Q,69818.0,26376.0
KR0094,신한라이프생명보험,,생명보험,17,투자손익,2024.3Q,68020.0,25988.0
KR0094,신한라이프생명보험,,생명보험,18,투자이익,2024.3Q,1418250.0,311535.0
KR0094,신한라이프생명보험,,생명보험,19,보험금융손익,2024.3Q,-1350230.0,-285547.0
KR0094,신한라이프생명보험,,생명보험,20,영업이익,2024.3Q,666080.0,218003.0
KR0094,신한라이프생명보험,,생명보험,21,영업외손익,2024.3Q,-4283.0,18.0
KR0094,신한라이프생명보험,,생명보험,22,세전이익,2024.3Q,661797.0,218021.0
KR0094,신한라이프생명보험,,생명보험,23,법인세,2024.3Q,176176.0,56044.0
KR0094,신한라이프생명보험,,생명보험,24,당기순이익,2024.3Q,485621.0,161977.0
KR0094,신한라이프생명보험,,생명보험,1,보험손익,2024.4Q,658381.0,60321.0
KR0094,신한라이프생명보험,,생명보험,2,생명장기 손익,2024.4Q,773416.0,105538.0
KR0094,신한라이프생명보험,,생명보험,3,생명장기 원수손익,2024.4Q,778296.0,96151.0
KR0094,신한라이프생명보험,,생명보험,4,원수 CSM상각,2024.4Q,732650.0,173362.0
KR0094,신한라이프생명보험,,생명보험,5,원수 위험조정 변동,2024.4Q,129991.0,32926.0
KR0094,신한라이프생명보험,,생명보험,6,원수 예실차,2024.4Q,-11740.0,-88711.0
KR0094,신한라이프생명보험,,생명보험,7,기타 생명장기 원수손익,2024.4Q,-72605.0,-21426.0
KR0094,신한라이프생명보험,,생명보험,8,생명장기 재보험손익,2024.4Q,-4880.0,9387.0
KR0094,신한라이프생명보험,,생명보험,9,재보험 CSM상각,2024.4Q,-11035.0,-262.0
KR0094,신한라이프생명보험,,생명보험,10,재보험 위험조정 변동,2024.4Q,-3921.0,-1053.0
KR0094,신한라이프생명보험,,생명보험,11,재보험 예실차,2024.4Q,7458.0,12173.0
KR0094,신한라이프생명보험,,생명보험,12,기타 생명장기 재보험손익,2024.4Q,2618.0,-1471.0
KR0094,신한라이프생명보험,,생명보험,13,자동차손익,2024.4Q,0.0,0.0
KR0094,신한라이프생명보험,,생명보험,14,일반손익,2024.4Q,0.0,0.0
KR0094,신한라이프생명보험,,생명보험,15,기타영업수익,2024.4Q,0.0,0.0
KR0094,신한라이프생명보험,,생명보험,16,기타사업비용,2024.4Q,115035.0,45217.0
KR0094,신한라이프생명보험,,생명보험,17,투자손익,2024.4Q,80188.0,12168.0
KR0094,신한라이프생명보험,,생명보험,18,투자이익,2024.4Q,1785568.0,367318.0
KR0094,신한라이프생명보험,,생명보험,19,보험금융손익,2024.4Q,-1705380.0,-355150.0
KR0094,신한라이프생명보험,,생명보험,20,영업이익,2024.4Q,738569.0,72489.0
KR0094,신한라이프생명보험,,생명보험,21,영업외손익,2024.4Q,-2961.0,1322.0
KR0094,신한라이프생명보험,,생명보험,22,세전이익,2024.4Q,735608.0,73811.0
KR0094,신한라이프생명보험,,생명보험,23,법인세,2024.4Q,201927.0,25751.0
KR0094,신한라이프생명보험,,생명보험,24,당기순이익,2024.4Q,533681.0,48060.0
KR0094,신한라이프생명보험,,생명보험,1,보험손익,2025.1Q,189026.0,189026.0
KR0094,신한라이프생명보험,,생명보험,2,생명장기 손익,2025.1Q,209179.0,209179.0
KR0094,신한라이프생명보험,,생명보험,3,생명장기 원수손익,2025.1Q,214189.0,214189.0
KR0094,신한라이프생명보험,,생명보험,4,원수 CSM상각,2025.1Q,183598.0,183598.0
KR0094,신한라이프생명보험,,생명보험,5,원수 위험조정 변동,2025.1Q,43757.0,43757.0
KR0094,신한라이프생명보험,,생명보험,6,원수 예실차,2025.1Q,80639.0,80639.0
KR0094,신한라이프생명보험,,생명보험,7,기타 생명장기 원수손익,2025.1Q,-93805.0,-93805.0
KR0094,신한라이프생명보험,,생명보험,8,생명장기 재보험손익,2025.1Q,-5010.0,-5010.0
KR0094,신한라이프생명보험,,생명보험,9,재보험 CSM상각,2025.1Q,-6488.0,-6488.0
KR0094,신한라이프생명보험,,생명보험,10,재보험 위험조정 변동,2025.1Q,-1596.0,-1596.0
KR0094,신한라이프생명보험,,생명보험,11,재보험 예실차,2025.1Q,2112.0,2112.0
KR0094,신한라이프생명보험,,생명보험,12,기타 생명장기 재보험손익,2025.1Q,962.0,962.0
KR0094,신한라이프생명보험,,생명보험,13,자동차손익,2025.1Q,0.0,0.0
KR0094,신한라이프생명보험,,생명보험,14,일반손익,2025.1Q,0.0,0.0
KR0094,신한라이프생명보험,,생명보험,15,기타영업수익,2025.1Q,0.0,0.0
KR0094,신한라이프생명보험,,생명보험,16,기타사업비용,2025.1Q,20153.0,20153.0
KR0094,신한라이프생명보험,,생명보험,17,투자손익,2025.1Q,41220.0,41220.0
KR0094,신한라이프생명보험,,생명보험,18,투자이익,2025.1Q,493267.0,493267.0
KR0094,신한라이프생명보험,,생명보험,19,보험금융손익,2025.1Q,-452047.0,-452047.0
KR0094,신한라이프생명보험,,생명보험,20,영업이익,2025.1Q,230246.0,230246.0
KR0094,신한라이프생명보험,,생명보험,21,영업외손익,2025.1Q,-6961.0,-6961.0
KR0094,신한라이프생명보험,,생명보험,22,세전이익,2025.1Q,223285.0,223285.0
KR0094,신한라이프생명보험,,생명보험,23,법인세,2025.1Q,57653.0,57653.0
KR0094,신한라이프생명보험,,생명보험,24,당기순이익,2025.1Q,165632.0,165632.0
KR0094,신한라이프생명보험,,생명보험,1,보험손익,2025.2Q,375476.0,186450.0
KR0094,신한라이프생명보험,,생명보험,2,생명장기 손익,2025.2Q,417756.0,208577.0
KR0094,신한라이프생명보험,,생명보험,3,생명장기 원수손익,2025.2Q,424340.0,210151.0
KR0094,신한라이프생명보험,,생명보험,4,원수 CSM상각,2025.2Q,364712.0,181114.0
KR0094,신한라이프생명보험,,생명보험,5,원수 위험조정 변동,2025.2Q,88072.0,44315.0
KR0094,신한라이프생명보험,,생명보험,6,원수 예실차,2025.2Q,58241.0,-22398.0
KR0094,신한라이프생명보험,,생명보험,7,기타 생명장기 원수손익,2025.2Q,-86685.0,7120.0
KR0094,신한라이프생명보험,,생명보험,8,생명장기 재보험손익,2025.2Q,-6584.0,-1574.0
KR0094,신한라이프생명보험,,생명보험,9,재보험 CSM상각,2025.2Q,-14039.0,-7551.0
KR0094,신한라이프생명보험,,생명보험,10,재보험 위험조정 변동,2025.2Q,-3182.0,-1586.0
KR0094,신한라이프생명보험,,생명보험,11,재보험 예실차,2025.2Q,30270.0,28158.0
KR0094,신한라이프생명보험,,생명보험,12,기타 생명장기 재보험손익,2025.2Q,-19633.0,-20595.0
KR0094,신한라이프생명보험,,생명보험,13,자동차손익,2025.2Q,0.0,0.0
KR0094,신한라이프생명보험,,생명보험,14,일반손익,2025.2Q,0.0,0.0
KR0094,신한라이프생명보험,,생명보험,15,기타영업수익,2025.2Q,0.0,0.0
KR0094,신한라이프생명보험,,생명보험,16,기타사업비용,2025.2Q,42280.0,22127.0
KR0094,신한라이프생명보험,,생명보험,17,투자손익,2025.2Q,90948.0,49728.0
KR0094,신한라이프생명보험,,생명보험,18,투자이익,2025.2Q,1314292.0,821025.0
KR0094,신한라이프생명보험,,생명보험,19,보험금융손익,2025.2Q,-1223344.0,-771297.0
KR0094,신한라이프생명보험,,생명보험,20,영업이익,2025.2Q,466424.0,236178.0
KR0094,신한라이프생명보험,,생명보험,21,영업외손익,2025.2Q,-10445.0,-3484.0
KR0094,신한라이프생명보험,,생명보험,22,세전이익,2025.2Q,455979.0,232694.0
KR0094,신한라이프생명보험,,생명보험,23,법인세,2025.2Q,110712.0,53059.0
KR0094,신한라이프생명보험,,생명보험,24,당기순이익,2025.2Q,345267.0,179635.0
KR0094,신한라이프생명보험,,생명보험,1,보험손익,2025.3Q,579358.0,203882.0
KR0094,신한라이프생명보험,,생명보험,2,생명장기 손익,2025.3Q,643983.0,226227.0
KR0094,신한라이프생명보험,,생명보험,3,생명장기 원수손익,2025.3Q,644151.0,219811.0
KR0094,신한라이프생명보험,,생명보험,4,원수 CSM상각,2025.3Q,549620.0,184908.0
KR0094,신한라이프생명보험,,생명보험,5,원수 위험조정 변동,2025.3Q,135438.0,47366.0
KR0094,신한라이프생명보험,,생명보험,6,원수 예실차,2025.3Q,-17817.0,-76058.0
KR0094,신한라이프생명보험,,생명보험,7,기타 생명장기 원수손익,2025.3Q,-23090.0,63595.0
KR0094,신한라이프생명보험,,생명보험,8,생명장기 재보험손익,2025.3Q,-168.0,6416.0
KR0094,신한라이프생명보험,,생명보험,9,재보험 CSM상각,2025.3Q,-22962.0,-8923.0
KR0094,신한라이프생명보험,,생명보험,10,재보험 위험조정 변동,2025.3Q,-4835.0,-1653.0
KR0094,신한라이프생명보험,,생명보험,11,재보험 예실차,2025.3Q,57864.0,27594.0
KR0094,신한라이프생명보험,,생명보험,12,기타 생명장기 재보험손익,2025.3Q,-30235.0,-10602.0
KR0094,신한라이프생명보험,,생명보험,13,자동차손익,2025.3Q,0.0,0.0
KR0094,신한라이프생명보험,,생명보험,14,일반손익,2025.3Q,0.0,0.0
KR0094,신한라이프생명보험,,생명보험,15,기타영업수익,2025.3Q,0.0,0.0
KR0094,신한라이프생명보험,,생명보험,16,기타사업비용,2025.3Q,64625.0,22345.0
KR0094,신한라이프생명보험,,생명보험,17,투자손익,2025.3Q,124322.0,33374.0
KR0094,신한라이프생명보험,,생명보험,18,투자이익,2025.3Q,2048698.0,734406.0
KR0094,신한라이프생명보험,,생명보험,19,보험금융손익,2025.3Q,-1924376.0,-701032.0
KR0094,신한라이프생명보험,,생명보험,20,영업이익,2025.3Q,703680.0,237256.0
KR0094,신한라이프생명보험,,생명보험,21,영업외손익,2025.3Q,-11464.0,-1019.0
KR0094,신한라이프생명보험,,생명보험,22,세전이익,2025.3Q,692216.0,236237.0
KR0094,신한라이프생명보험,,생명보험,23,법인세,2025.3Q,172955.0,62243.0
KR0094,신한라이프생명보험,,생명보험,24,당기순이익,2025.3Q,519261.0,173994.0
KR0094,신한라이프생명보험,,생명보험,1,보험손익,2025.4Q,704153.0,124795.0
KR0094,신한라이프생명보험,,생명보험,2,생명장기 손익,2025.4Q,803130.0,159147.0
KR0094,신한라이프생명보험,,생명보험,3,생명장기 원수손익,2025.4Q,789052.0,144901.0
KR0094,신한라이프생명보험,,생명보험,4,원수 CSM상각,2025.4Q,735229.0,185609.0
KR0094,신한라이프생명보험,,생명보험,5,원수 위험조정 변동,2025.4Q,185069.0,49631.0
KR0094,신한라이프생명보험,,생명보험,6,원수 예실차,2025.4Q,-106648.0,-88831.0
KR0094,신한라이프생명보험,,생명보험,7,기타 생명장기 원수손익,2025.4Q,-24598.0,-1508.0
KR0094,신한라이프생명보험,,생명보험,8,생명장기 재보험손익,2025.4Q,14078.0,14246.0
KR0094,신한라이프생명보험,,생명보험,9,재보험 CSM상각,2025.4Q,-32623.0,-9661.0
KR0094,신한라이프생명보험,,생명보험,10,재보험 위험조정 변동,2025.4Q,-6710.0,-1875.0
KR0094,신한라이프생명보험,,생명보험,11,재보험 예실차,2025.4Q,73712.0,15848.0
KR0094,신한라이프생명보험,,생명보험,12,기타 생명장기 재보험손익,2025.4Q,-20301.0,9934.0
KR0094,신한라이프생명보험,,생명보험,13,자동차손익,2025.4Q,0.0,0.0
KR0094,신한라이프생명보험,,생명보험,14,일반손익,2025.4Q,0.0,0.0
KR0094,신한라이프생명보험,,생명보험,15,기타영업수익,2025.4Q,0.0,0.0
KR0094,신한라이프생명보험,,생명보험,16,기타사업비용,2025.4Q,98977.0,34352.0
KR0094,신한라이프생명보험,,생명보험,17,투자손익,2025.4Q,92533.0,-31789.0
KR0094,신한라이프생명보험,,생명보험,18,투자이익,2025.4Q,2867792.0,819094.0
KR0094,신한라이프생명보험,,생명보험,19,보험금융손익,2025.4Q,-2775259.0,-850883.0
KR0094,신한라이프생명보험,,생명보험,20,영업이익,2025.4Q,796686.0,93006.0
KR0094,신한라이프생명보험,,생명보험,21,영업외손익,2025.4Q,-148.0,11316.0
KR0094,신한라이프생명보험,,생명보험,22,세전이익,2025.4Q,796538.0,104322.0
KR0094,신한라이프생명보험,,생명보험,23,법인세,2025.4Q,280622.0,107667.0
KR0094,신한라이프생명보험,,생명보험,24,당기순이익,2025.4Q,515916.0,-3345.0
KR0094,신한라이프생명보험,,생명보험,1,보험손익,2026.1Q,161305.0,161305.0
KR0094,신한라이프생명보험,,생명보험,2,생명장기 손익,2026.1Q,178592.0,178592.0
KR0094,신한라이프생명보험,,생명보험,3,생명장기 원수손익,2026.1Q,173034.0,173034.0
KR0094,신한라이프생명보험,,생명보험,4,원수 CSM상각,2026.1Q,187505.0,187505.0
KR0094,신한라이프생명보험,,생명보험,5,원수 위험조정 변동,2026.1Q,38179.0,38179.0
KR0094,신한라이프생명보험,,생명보험,6,원수 예실차,2026.1Q,70592.0,70592.0
KR0094,신한라이프생명보험,,생명보험,7,기타 생명장기 원수손익,2026.1Q,-123242.0,-123242.0
KR0094,신한라이프생명보험,,생명보험,8,생명장기 재보험손익,2026.1Q,5558.0,5558.0
KR0094,신한라이프생명보험,,생명보험,9,재보험 CSM상각,2026.1Q,-10118.0,-10118.0
KR0094,신한라이프생명보험,,생명보험,10,재보험 위험조정 변동,2026.1Q,-1734.0,-1734.0
KR0094,신한라이프생명보험,,생명보험,11,재보험 예실차,2026.1Q,15586.0,15586.0
KR0094,신한라이프생명보험,,생명보험,12,기타 생명장기 재보험손익,2026.1Q,1824.0,1824.0
KR0094,신한라이프생명보험,,생명보험,13,자동차손익,2026.1Q,0.0,0.0
KR0094,신한라이프생명보험,,생명보험,14,일반손익,2026.1Q,0.0,0.0
KR0094,신한라이프생명보험,,생명보험,15,기타영업수익,2026.1Q,0.0,0.0
KR0094,신한라이프생명보험,,생명보험,16,기타사업비용,2026.1Q,17287.0,17287.0
KR0094,신한라이프생명보험,,생명보험,17,투자손익,2026.1Q,-6378.0,-6378.0
KR0094,신한라이프생명보험,,생명보험,18,투자이익,2026.1Q,822602.0,822602.0
KR0094,신한라이프생명보험,,생명보험,19,보험금융손익,2026.1Q,-828980.0,-828980.0
KR0094,신한라이프생명보험,,생명보험,20,영업이익,2026.1Q,154927.0,154927.0
KR0094,신한라이프생명보험,,생명보험,21,영업외손익,2026.1Q,-4863.0,-4863.0
KR0094,신한라이프생명보험,,생명보험,22,세전이익,2026.1Q,150064.0,150064.0
KR0094,신한라이프생명보험,,생명보험,23,법인세,2026.1Q,38037.0,38037.0
KR0094,신한라이프생명보험,,생명보험,24,당기순이익,2026.1Q,112027.0,112027.0
KR0094,신한라이프생명보험,,생명보험,1,보험손익,2026.2Q,308598.0,147293.0
KR0094,신한라이프생명보험,,생명보험,2,생명장기 손익,2026.2Q,348813.0,170221.0
KR0094,신한라이프생명보험,,생명보험,3,생명장기 원수손익,2026.2Q,329099.0,156065.0
KR0094,신한라이프생명보험,,생명보험,4,원수 CSM상각,2026.2Q,384778.0,197273.0
KR0094,신한라이프생명보험,,생명보험,5,원수 위험조정 변동,2026.2Q,76109.0,37930.0
KR0094,신한라이프생명보험,,생명보험,6,원수 예실차,2026.2Q,21599.0,-48993.0
KR0094,신한라이프생명보험,,생명보험,7,기타 생명장기 원수손익,2026.2Q,-153387.0,-30145.0
KR0094,신한라이프생명보험,,생명보험,8,생명장기 재보험손익,2026.2Q,19714.0,14156.0
KR0094,신한라이프생명보험,,생명보험,9,재보험 CSM상각,2026.2Q,-14972.0,-4854.0
KR0094,신한라이프생명보험,,생명보험,10,재보험 위험조정 변동,2026.2Q,-3695.0,-1961.0
KR0094,신한라이프생명보험,,생명보험,11,재보험 예실차,2026.2Q,24215.0,8629.0
KR0094,신한라이프생명보험,,생명보험,12,기타 생명장기 재보험손익,2026.2Q,14166.0,12342.0
KR0094,신한라이프생명보험,,생명보험,13,자동차손익,2026.2Q,0.0,0.0
KR0094,신한라이프생명보험,,생명보험,14,일반손익,2026.2Q,0.0,0.0
KR0094,신한라이프생명보험,,생명보험,15,기타영업수익,2026.2Q,0.0,0.0
KR0094,신한라이프생명보험,,생명보험,16,기타사업비용,2026.2Q,40215.0,22928.0
KR0094,신한라이프생명보험,,생명보험,17,투자손익,2026.2Q,118227.0,124605.0
KR0094,신한라이프생명보험,,생명보험,18,투자이익,2026.2Q,3336433.0,2513831.0
KR0094,신한라이프생명보험,,생명보험,19,보험금융손익,2026.2Q,-3218206.0,-2389226.0
KR0094,신한라이프생명보험,,생명보험,20,영업이익,2026.2Q,426825.0,271898.0
KR0094,신한라이프생명보험,,생명보험,21,영업외손익,2026.2Q,-13591.0,-8728.0
KR0094,신한라이프생명보험,,생명보험,22,세전이익,2026.2Q,413234.0,263170.0
KR0094,신한라이프생명보험,,생명보험,23,법인세,2026.2Q,109245.0,71208.0
KR0094,신한라이프생명보험,,생명보험,24,당기순이익,2026.2Q,303989.0,191962.0
KR0095,메트라이프생명보험,,생명보험,1,보험손익,2023.4Q,,
KR0095,메트라이프생명보험,,생명보험,2,생명장기 손익,2023.4Q,,
KR0095,메트라이프생명보험,,생명보험,3,생명장기 원수손익,2023.4Q,,
KR0095,메트라이프생명보험,,생명보험,4,원수 CSM상각,2023.4Q,208561.289,
KR0095,메트라이프생명보험,,생명보험,5,원수 위험조정 변동,2023.4Q,,
KR0095,메트라이프생명보험,,생명보험,6,원수 예실차,2023.4Q,,
KR0095,메트라이프생명보험,,생명보험,7,기타 생명장기 원수손익,2023.4Q,,
KR0095,메트라이프생명보험,,생명보험,8,생명장기 재보험손익,2023.4Q,,
KR0095,메트라이프생명보험,,생명보험,9,재보험 CSM상각,2023.4Q,,
KR0095,메트라이프생명보험,,생명보험,10,재보험 위험조정 변동,2023.4Q,,
KR0095,메트라이프생명보험,,생명보험,11,재보험 예실차,2023.4Q,,
KR0095,메트라이프생명보험,,생명보험,12,기타 생명장기 재보험손익,2023.4Q,,
KR0095,메트라이프생명보험,,생명보험,13,자동차손익,2023.4Q,0.0,
KR0095,메트라이프생명보험,,생명보험,14,일반손익,2023.4Q,0.0,
KR0095,메트라이프생명보험,,생명보험,15,기타영업수익,2023.4Q,,
KR0095,메트라이프생명보험,,생명보험,16,기타사업비용,2023.4Q,,
KR0095,메트라이프생명보험,,생명보험,17,투자손익,2023.4Q,,
KR0095,메트라이프생명보험,,생명보험,18,투자이익,2023.4Q,,
KR0095,메트라이프생명보험,,생명보험,19,보험금융손익,2023.4Q,,
KR0095,메트라이프생명보험,,생명보험,20,영업이익,2023.4Q,,
KR0095,메트라이프생명보험,,생명보험,21,영업외손익,2023.4Q,,
KR0095,메트라이프생명보험,,생명보험,22,세전이익,2023.4Q,,
KR0095,메트라이프생명보험,,생명보험,23,법인세,2023.4Q,,
KR0095,메트라이프생명보험,,생명보험,24,당기순이익,2023.4Q,,
KR0095,메트라이프생명보험,,생명보험,1,보험손익,2024.4Q,143894.0,
KR0095,메트라이프생명보험,,생명보험,2,생명장기 손익,2024.4Q,155980.0,
KR0095,메트라이프생명보험,,생명보험,3,생명장기 원수손익,2024.4Q,164512.0,
KR0095,메트라이프생명보험,,생명보험,4,원수 CSM상각,2024.4Q,191235.0,
KR0095,메트라이프생명보험,,생명보험,5,원수 위험조정 변동,2024.4Q,26752.0,
KR0095,메트라이프생명보험,,생명보험,6,원수 예실차,2024.4Q,4797.0,
KR0095,메트라이프생명보험,,생명보험,7,기타 생명장기 원수손익,2024.4Q,-58272.0,
KR0095,메트라이프생명보험,,생명보험,8,생명장기 재보험손익,2024.4Q,-8532.0,
KR0095,메트라이프생명보험,,생명보험,9,재보험 CSM상각,2024.4Q,-6159.0,
KR0095,메트라이프생명보험,,생명보험,10,재보험 위험조정 변동,2024.4Q,-278.0,
KR0095,메트라이프생명보험,,생명보험,11,재보험 예실차,2024.4Q,-2610.0,
KR0095,메트라이프생명보험,,생명보험,12,기타 생명장기 재보험손익,2024.4Q,515.0,
KR0095,메트라이프생명보험,,생명보험,13,자동차손익,2024.4Q,0.0,
KR0095,메트라이프생명보험,,생명보험,14,일반손익,2024.4Q,0.0,
KR0095,메트라이프생명보험,,생명보험,15,기타영업수익,2024.4Q,0.0,
KR0095,메트라이프생명보험,,생명보험,16,기타사업비용,2024.4Q,12086.0,
KR0095,메트라이프생명보험,,생명보험,17,투자손익,2024.4Q,3044.0,
KR0095,메트라이프생명보험,,생명보험,18,투자이익,2024.4Q,1861907.0,
KR0095,메트라이프생명보험,,생명보험,19,보험금융손익,2024.4Q,-1858863.0,
KR0095,메트라이프생명보험,,생명보험,20,영업이익,2024.4Q,146938.0,
KR0095,메트라이프생명보험,,생명보험,21,영업외손익,2024.4Q,181.0,
KR0095,메트라이프생명보험,,생명보험,22,세전이익,2024.4Q,147119.0,
KR0095,메트라이프생명보험,,생명보험,23,법인세,2024.4Q,17287.0,
KR0095,메트라이프생명보험,,생명보험,24,당기순이익,2024.4Q,129832.0,
KR0095,메트라이프생명보험,,생명보험,1,보험손익,2025.4Q,214992.0,
KR0095,메트라이프생명보험,,생명보험,2,생명장기 손익,2025.4Q,227890.0,
KR0095,메트라이프생명보험,,생명보험,3,생명장기 원수손익,2025.4Q,236247.0,
KR0095,메트라이프생명보험,,생명보험,4,원수 CSM상각,2025.4Q,210554.0,
KR0095,메트라이프생명보험,,생명보험,5,원수 위험조정 변동,2025.4Q,33229.0,
KR0095,메트라이프생명보험,,생명보험,6,원수 예실차,2025.4Q,6744.0,
KR0095,메트라이프생명보험,,생명보험,7,기타 생명장기 원수손익,2025.4Q,-14280.0,
KR0095,메트라이프생명보험,,생명보험,8,생명장기 재보험손익,2025.4Q,-8357.0,
KR0095,메트라이프생명보험,,생명보험,9,재보험 CSM상각,2025.4Q,-6668.0,
KR0095,메트라이프생명보험,,생명보험,10,재보험 위험조정 변동,2025.4Q,-546.0,
KR0095,메트라이프생명보험,,생명보험,11,재보험 예실차,2025.4Q,-1152.0,
KR0095,메트라이프생명보험,,생명보험,12,기타 생명장기 재보험손익,2025.4Q,9.0,
KR0095,메트라이프생명보험,,생명보험,13,자동차손익,2025.4Q,0.0,
KR0095,메트라이프생명보험,,생명보험,14,일반손익,2025.4Q,0.0,
KR0095,메트라이프생명보험,,생명보험,15,기타영업수익,2025.4Q,0.0,
KR0095,메트라이프생명보험,,생명보험,16,기타사업비용,2025.4Q,12898.0,
KR0095,메트라이프생명보험,,생명보험,17,투자손익,2025.4Q,-23310.0,
KR0095,메트라이프생명보험,,생명보험,18,투자이익,2025.4Q,3134978.0,
KR0095,메트라이프생명보험,,생명보험,19,보험금융손익,2025.4Q,-3158288.0,
KR0095,메트라이프생명보험,,생명보험,20,영업이익,2025.4Q,191683.0,
KR0095,메트라이프생명보험,,생명보험,21,영업외손익,2025.4Q,-98.0,
KR0095,메트라이프생명보험,,생명보험,22,세전이익,2025.4Q,191584.0,
KR0095,메트라이프생명보험,,생명보험,23,법인세,2025.4Q,56455.0,
KR0095,메트라이프생명보험,,생명보험,24,당기순이익,2025.4Q,135129.0,
KR0097,하나생명보험,,생명보험,1,보험손익,2023.4Q,9657.010426,
KR0097,하나생명보험,,생명보험,2,생명장기 손익,2023.4Q,,
KR0097,하나생명보험,,생명보험,3,생명장기 원수손익,2023.4Q,,
KR0097,하나생명보험,,생명보험,4,원수 CSM상각,2023.4Q,27913.708,
KR0097,하나생명보험,,생명보험,5,원수 위험조정 변동,2023.4Q,2851.628,
KR0097,하나생명보험,,생명보험,6,원수 예실차,2023.4Q,,
KR0097,하나생명보험,,생명보험,7,기타 생명장기 원수손익,2023.4Q,,
KR0097,하나생명보험,,생명보험,8,생명장기 재보험손익,2023.4Q,,
KR0097,하나생명보험,,생명보험,9,재보험 CSM상각,2023.4Q,,
KR0097,하나생명보험,,생명보험,10,재보험 위험조정 변동,2023.4Q,,
KR0097,하나생명보험,,생명보험,11,재보험 예실차,2023.4Q,,
KR0097,하나생명보험,,생명보험,12,기타 생명장기 재보험손익,2023.4Q,,
KR0097,하나생명보험,,생명보험,13,자동차손익,2023.4Q,0.0,
KR0097,하나생명보험,,생명보험,14,일반손익,2023.4Q,0.0,
KR0097,하나생명보험,,생명보험,15,기타영업수익,2023.4Q,0.0,
KR0097,하나생명보험,,생명보험,16,기타사업비용,2023.4Q,14974.279634,
KR0097,하나생명보험,,생명보험,17,투자손익,2023.4Q,,
KR0097,하나생명보험,,생명보험,18,투자이익,2023.4Q,,
KR0097,하나생명보험,,생명보험,19,보험금융손익,2023.4Q,-305673.802631,
KR0097,하나생명보험,,생명보험,20,영업이익,2023.4Q,6044.556314,
KR0097,하나생명보험,,생명보험,21,영업외손익,2023.4Q,-840.198122,
KR0097,하나생명보험,,생명보험,22,세전이익,2023.4Q,5204.358192,
KR0097,하나생명보험,,생명보험,23,법인세,2023.4Q,-192.382147,
KR0097,하나생명보험,,생명보험,24,당기순이익,2023.4Q,5396.740339,
KR0097,하나생명보험,,생명보험,1,보험손익,2024.4Q,18348.798396,
KR0097,하나생명보험,,생명보험,2,생명장기 손익,2024.4Q,31098.234022,
KR0097,하나생명보험,,생명보험,3,생명장기 원수손익,2024.4Q,28358.427,
KR0097,하나생명보험,,생명보험,4,원수 CSM상각,2024.4Q,39857.491,
KR0097,하나생명보험,,생명보험,5,원수 위험조정 변동,2024.4Q,3713.862,
KR0097,하나생명보험,,생명보험,6,원수 예실차,2024.4Q,4054.65,
KR0097,하나생명보험,,생명보험,7,기타 생명장기 원수손익,2024.4Q,-19267.576,
KR0097,하나생명보험,,생명보험,8,생명장기 재보험손익,2024.4Q,2739.807022,
KR0097,하나생명보험,,생명보험,9,재보험 CSM상각,2024.4Q,-2457.679,
KR0097,하나생명보험,,생명보험,10,재보험 위험조정 변동,2024.4Q,-368.378,
KR0097,하나생명보험,,생명보험,11,재보험 예실차,2024.4Q,655.234,
KR0097,하나생명보험,,생명보험,12,기타 생명장기 재보험손익,2024.4Q,4910.630022,
KR0097,하나생명보험,,생명보험,13,자동차손익,2024.4Q,0.0,
KR0097,하나생명보험,,생명보험,14,일반손익,2024.4Q,0.0,
KR0097,하나생명보험,,생명보험,15,기타영업수익,2024.4Q,0.0,
KR0097,하나생명보험,,생명보험,16,기타사업비용,2024.4Q,12749.435944,
KR0097,하나생명보험,,생명보험,17,투자손익,2024.4Q,,
KR0097,하나생명보험,,생명보험,18,투자이익,2024.4Q,,
KR0097,하나생명보험,,생명보험,19,보험금융손익,2024.4Q,-250891.308132,
KR0097,하나생명보험,,생명보험,20,영업이익,2024.4Q,13907.495836,
KR0097,하나생명보험,,생명보험,21,영업외손익,2024.4Q,-347.902591,
KR0097,하나생명보험,,생명보험,22,세전이익,2024.4Q,13559.593245,
KR0097,하나생명보험,,생명보험,23,법인세,2024.4Q,1135.169805,
KR0097,하나생명보험,,생명보험,24,당기순이익,2024.4Q,12424.42344,
KR0097,하나생명보험,,생명보험,1,보험손익,2025.4Q,33699.865917,
KR0097,하나생명보험,,생명보험,2,생명장기 손익,2025.4Q,47916.282013,
KR0097,하나생명보험,,생명보험,3,생명장기 원수손익,2025.4Q,53255.728,
KR0097,하나생명보험,,생명보험,4,원수 CSM상각,2025.4Q,53843.618,
KR0097,하나생명보험,,생명보험,5,원수 위험조정 변동,2025.4Q,1833.232,
KR0097,하나생명보험,,생명보험,6,원수 예실차,2025.4Q,-1916.008,
KR0097,하나생명보험,,생명보험,7,기타 생명장기 원수손익,2025.4Q,-505.114,
KR0097,하나생명보험,,생명보험,8,생명장기 재보험손익,2025.4Q,-5339.445987,
KR0097,하나생명보험,,생명보험,9,재보험 CSM상각,2025.4Q,-3648.535,
KR0097,하나생명보험,,생명보험,10,재보험 위험조정 변동,2025.4Q,-122.675,
KR0097,하나생명보험,,생명보험,11,재보험 예실차,2025.4Q,25.243,
KR0097,하나생명보험,,생명보험,12,기타 생명장기 재보험손익,2025.4Q,-1593.478987,
KR0097,하나생명보험,,생명보험,13,자동차손익,2025.4Q,0.0,
KR0097,하나생명보험,,생명보험,14,일반손익,2025.4Q,0.0,
KR0097,하나생명보험,,생명보험,15,기타영업수익,2025.4Q,0.0,
KR0097,하나생명보험,,생명보험,16,기타사업비용,2025.4Q,14216.416837,
KR0097,하나생명보험,,생명보험,17,투자손익,2025.4Q,821.407415,
KR0097,하나생명보험,,생명보험,18,투자이익,2025.4Q,317891.058866,
KR0097,하나생명보험,,생명보험,19,보험금융손익,2025.4Q,-317069.651451,
KR0097,하나생명보험,,생명보험,20,영업이익,2025.4Q,34521.273332,
KR0097,하나생명보험,,생명보험,21,영업외손익,2025.4Q,-486.621683,
KR0097,하나생명보험,,생명보험,22,세전이익,2025.4Q,34034.651649,
KR0097,하나생명보험,,생명보험,23,법인세,2025.4Q,4342.749993,
KR0097,하나생명보험,,생명보험,24,당기순이익,2025.4Q,29691.901656,
KR0099,KB라이프생명,,생명보험,1,보험손익,2023.1Q,,
KR0099,KB라이프생명,,생명보험,2,생명장기 손익,2023.1Q,65577.0,65577.0
KR0099,KB라이프생명,,생명보험,3,생명장기 원수손익,2023.1Q,67723.0,67723.0
KR0099,KB라이프생명,,생명보험,4,원수 CSM상각,2023.1Q,68345.0,68345.0
KR0099,KB라이프생명,,생명보험,5,원수 위험조정 변동,2023.1Q,7750.0,7750.0
KR0099,KB라이프생명,,생명보험,6,원수 예실차,2023.1Q,15077.0,15077.0
KR0099,KB라이프생명,,생명보험,7,기타 생명장기 원수손익,2023.1Q,-23449.0,-23449.0
KR0099,KB라이프생명,,생명보험,8,생명장기 재보험손익,2023.1Q,-2146.0,-2146.0
KR0099,KB라이프생명,,생명보험,9,재보험 CSM상각,2023.1Q,-1131.0,-1131.0
KR0099,KB라이프생명,,생명보험,10,재보험 위험조정 변동,2023.1Q,-82.0,-82.0
KR0099,KB라이프생명,,생명보험,11,재보험 예실차,2023.1Q,-614.0,-614.0
KR0099,KB라이프생명,,생명보험,12,기타 생명장기 재보험손익,2023.1Q,-319.0,-319.0
KR0099,KB라이프생명,,생명보험,13,자동차손익,2023.1Q,0.0,0.0
KR0099,KB라이프생명,,생명보험,14,일반손익,2023.1Q,0.0,0.0
KR0099,KB라이프생명,,생명보험,15,기타영업수익,2023.1Q,,
KR0099,KB라이프생명,,생명보험,16,기타사업비용,2023.1Q,,
KR0099,KB라이프생명,,생명보험,17,투자손익,2023.1Q,,
KR0099,KB라이프생명,,생명보험,18,투자이익,2023.1Q,,
KR0099,KB라이프생명,,생명보험,19,보험금융손익,2023.1Q,,
KR0099,KB라이프생명,,생명보험,20,영업이익,2023.1Q,,
KR0099,KB라이프생명,,생명보험,21,영업외손익,2023.1Q,,
KR0099,KB라이프생명,,생명보험,22,세전이익,2023.1Q,,
KR0099,KB라이프생명,,생명보험,23,법인세,2023.1Q,,
KR0099,KB라이프생명,,생명보험,24,당기순이익,2023.1Q,,
KR0099,KB라이프생명,,생명보험,1,보험손익,2023.2Q,,
KR0099,KB라이프생명,,생명보험,2,생명장기 손익,2023.2Q,152021.0,86444.0
KR0099,KB라이프생명,,생명보험,3,생명장기 원수손익,2023.2Q,154624.0,86901.0
KR0099,KB라이프생명,,생명보험,4,원수 CSM상각,2023.2Q,139938.0,71593.0
KR0099,KB라이프생명,,생명보험,5,원수 위험조정 변동,2023.2Q,15918.0,8168.0
KR0099,KB라이프생명,,생명보험,6,원수 예실차,2023.2Q,17818.0,2741.0
KR0099,KB라이프생명,,생명보험,7,기타 생명장기 원수손익,2023.2Q,-19050.0,4399.0
KR0099,KB라이프생명,,생명보험,8,생명장기 재보험손익,2023.2Q,-2603.0,-457.0
KR0099,KB라이프생명,,생명보험,9,재보험 CSM상각,2023.2Q,-2248.0,-1117.0
KR0099,KB라이프생명,,생명보험,10,재보험 위험조정 변동,2023.2Q,-157.0,-75.0
KR0099,KB라이프생명,,생명보험,11,재보험 예실차,2023.2Q,-645.0,-31.0
KR0099,KB라이프생명,,생명보험,12,기타 생명장기 재보험손익,2023.2Q,447.0,766.0
KR0099,KB라이프생명,,생명보험,13,자동차손익,2023.2Q,0.0,0.0
KR0099,KB라이프생명,,생명보험,14,일반손익,2023.2Q,0.0,0.0
KR0099,KB라이프생명,,생명보험,15,기타영업수익,2023.2Q,,
KR0099,KB라이프생명,,생명보험,16,기타사업비용,2023.2Q,,
KR0099,KB라이프생명,,생명보험,17,투자손익,2023.2Q,,
KR0099,KB라이프생명,,생명보험,18,투자이익,2023.2Q,,
KR0099,KB라이프생명,,생명보험,19,보험금융손익,2023.2Q,,
KR0099,KB라이프생명,,생명보험,20,영업이익,2023.2Q,,
KR0099,KB라이프생명,,생명보험,21,영업외손익,2023.2Q,,
KR0099,KB라이프생명,,생명보험,22,세전이익,2023.2Q,,
KR0099,KB라이프생명,,생명보험,23,법인세,2023.2Q,,
KR0099,KB라이프생명,,생명보험,24,당기순이익,2023.2Q,,
KR0099,KB라이프생명,,생명보험,1,보험손익,2023.3Q,207078.0,
KR0099,KB라이프생명,,생명보험,2,생명장기 손익,2023.3Q,231267.0,79246.0
KR0099,KB라이프생명,,생명보험,3,생명장기 원수손익,2023.3Q,233988.0,79364.0
KR0099,KB라이프생명,,생명보험,4,원수 CSM상각,2023.3Q,213049.0,73111.0
KR0099,KB라이프생명,,생명보험,5,원수 위험조정 변동,2023.3Q,24345.0,8427.0
KR0099,KB라이프생명,,생명보험,6,원수 예실차,2023.3Q,10424.0,-7394.0
KR0099,KB라이프생명,,생명보험,7,기타 생명장기 원수손익,2023.3Q,-13830.0,5220.0
KR0099,KB라이프생명,,생명보험,8,생명장기 재보험손익,2023.3Q,-2721.0,-118.0
KR0099,KB라이프생명,,생명보험,9,재보험 CSM상각,2023.3Q,-3604.0,-1356.0
KR0099,KB라이프생명,,생명보험,10,재보험 위험조정 변동,2023.3Q,-220.0,-63.0
KR0099,KB라이프생명,,생명보험,11,재보험 예실차,2023.3Q,-256.0,389.0
KR0099,KB라이프생명,,생명보험,12,기타 생명장기 재보험손익,2023.3Q,1359.0,912.0
KR0099,KB라이프생명,,생명보험,13,자동차손익,2023.3Q,0.0,0.0
KR0099,KB라이프생명,,생명보험,14,일반손익,2023.3Q,0.0,0.0
KR0099,KB라이프생명,,생명보험,15,기타영업수익,2023.3Q,0.0,
KR0099,KB라이프생명,,생명보험,16,기타사업비용,2023.3Q,24189.0,
KR0099,KB라이프생명,,생명보험,17,투자손익,2023.3Q,189878.0,
KR0099,KB라이프생명,,생명보험,18,투자이익,2023.3Q,953978.0,
KR0099,KB라이프생명,,생명보험,19,보험금융손익,2023.3Q,-764100.0,
KR0099,KB라이프생명,,생명보험,20,영업이익,2023.3Q,396956.0,
KR0099,KB라이프생명,,생명보험,21,영업외손익,2023.3Q,-704.0,
KR0099,KB라이프생명,,생명보험,22,세전이익,2023.3Q,396252.0,
KR0099,KB라이프생명,,생명보험,23,법인세,2023.3Q,99378.0,
KR0099,KB라이프생명,,생명보험,24,당기순이익,2023.3Q,296874.0,
KR0099,KB라이프생명,,생명보험,1,보험손익,2023.4Q,236601.0,29523.0
KR0099,KB라이프생명,,생명보험,2,생명장기 손익,2023.4Q,268641.0,37374.0
KR0099,KB라이프생명,,생명보험,3,생명장기 원수손익,2023.4Q,271908.0,37920.0
KR0099,KB라이프생명,,생명보험,4,원수 CSM상각,2023.4Q,283905.0,70856.0
KR0099,KB라이프생명,,생명보험,5,원수 위험조정 변동,2023.4Q,32276.0,7931.0
KR0099,KB라이프생명,,생명보험,6,원수 예실차,2023.4Q,-15709.0,-26133.0
KR0099,KB라이프생명,,생명보험,7,기타 생명장기 원수손익,2023.4Q,-28564.0,-14734.0
KR0099,KB라이프생명,,생명보험,8,생명장기 재보험손익,2023.4Q,-3267.0,-546.0
KR0099,KB라이프생명,,생명보험,9,재보험 CSM상각,2023.4Q,-6003.0,-2399.0
KR0099,KB라이프생명,,생명보험,10,재보험 위험조정 변동,2023.4Q,-285.0,-65.0
KR0099,KB라이프생명,,생명보험,11,재보험 예실차,2023.4Q,79.0,335.0
KR0099,KB라이프생명,,생명보험,12,기타 생명장기 재보험손익,2023.4Q,2942.0,1583.0
KR0099,KB라이프생명,,생명보험,13,자동차손익,2023.4Q,0.0,0.0
KR0099,KB라이프생명,,생명보험,14,일반손익,2023.4Q,0.0,0.0
KR0099,KB라이프생명,,생명보험,15,기타영업수익,2023.4Q,0.0,0.0
KR0099,KB라이프생명,,생명보험,16,기타사업비용,2023.4Q,32040.0,7851.0
KR0099,KB라이프생명,,생명보험,17,투자손익,2023.4Q,119185.0,-70693.0
KR0099,KB라이프생명,,생명보험,18,투자이익,2023.4Q,1346452.0,392474.0
KR0099,KB라이프생명,,생명보험,19,보험금융손익,2023.4Q,-1227267.0,-463167.0
KR0099,KB라이프생명,,생명보험,20,영업이익,2023.4Q,355786.0,-41170.0
KR0099,KB라이프생명,,생명보험,21,영업외손익,2023.4Q,-5768.0,-5064.0
KR0099,KB라이프생명,,생명보험,22,세전이익,2023.4Q,350018.0,-46234.0
KR0099,KB라이프생명,,생명보험,23,법인세,2023.4Q,91507.0,-7871.0
KR0099,KB라이프생명,,생명보험,24,당기순이익,2023.4Q,258511.0,-38363.0
KR0099,KB라이프생명,,생명보험,1,보험손익,2024.1Q,80418.0,80418.0
KR0099,KB라이프생명,,생명보험,2,생명장기 손익,2024.1Q,85633.0,85633.0
KR0099,KB라이프생명,,생명보험,3,생명장기 원수손익,2024.1Q,86465.0,86465.0
KR0099,KB라이프생명,,생명보험,4,원수 CSM상각,2024.1Q,71431.0,71431.0
KR0099,KB라이프생명,,생명보험,5,원수 위험조정 변동,2024.1Q,8619.0,8619.0
KR0099,KB라이프생명,,생명보험,6,원수 예실차,2024.1Q,17790.0,17790.0
KR0099,KB라이프생명,,생명보험,7,기타 생명장기 원수손익,2024.1Q,-11375.0,-11375.0
KR0099,KB라이프생명,,생명보험,8,생명장기 재보험손익,2024.1Q,-832.0,-832.0
KR0099,KB라이프생명,,생명보험,9,재보험 CSM상각,2024.1Q,-395.0,-395.0
KR0099,KB라이프생명,,생명보험,10,재보험 위험조정 변동,2024.1Q,-74.0,-74.0
KR0099,KB라이프생명,,생명보험,11,재보험 예실차,2024.1Q,-339.0,-339.0
KR0099,KB라이프생명,,생명보험,12,기타 생명장기 재보험손익,2024.1Q,-24.0,-24.0
KR0099,KB라이프생명,,생명보험,13,자동차손익,2024.1Q,0.0,0.0
KR0099,KB라이프생명,,생명보험,14,일반손익,2024.1Q,0.0,0.0
KR0099,KB라이프생명,,생명보험,15,기타영업수익,2024.1Q,0.0,0.0
KR0099,KB라이프생명,,생명보험,16,기타사업비용,2024.1Q,4079.0,4079.0
KR0099,KB라이프생명,,생명보험,17,투자손익,2024.1Q,63343.0,63343.0
KR0099,KB라이프생명,,생명보험,18,투자이익,2024.1Q,356555.0,356555.0
KR0099,KB라이프생명,,생명보험,19,보험금융손익,2024.1Q,-293212.0,-293212.0
KR0099,KB라이프생명,,생명보험,20,영업이익,2024.1Q,143761.0,143761.0
KR0099,KB라이프생명,,생명보험,21,영업외손익,2024.1Q,392.0,392.0
KR0099,KB라이프생명,,생명보험,22,세전이익,2024.1Q,144153.0,144153.0
KR0099,KB라이프생명,,생명보험,23,법인세,2024.1Q,38796.0,38796.0
KR0099,KB라이프생명,,생명보험,24,당기순이익,2024.1Q,105357.0,105357.0
KR0099,KB라이프생명,,생명보험,1,보험손익,2024.2Q,159757.0,79339.0
KR0099,KB라이프생명,,생명보험,2,생명장기 손익,2024.2Q,167973.0,82340.0
KR0099,KB라이프생명,,생명보험,3,생명장기 원수손익,2024.2Q,169227.0,82762.0
KR0099,KB라이프생명,,생명보험,4,원수 CSM상각,2024.2Q,143582.0,72151.0
KR0099,KB라이프생명,,생명보험,5,원수 위험조정 변동,2024.2Q,17171.0,8552.0
KR0099,KB라이프생명,,생명보험,6,원수 예실차,2024.2Q,33239.0,15449.0
KR0099,KB라이프생명,,생명보험,7,기타 생명장기 원수손익,2024.2Q,-24765.0,-13390.0
KR0099,KB라이프생명,,생명보험,8,생명장기 재보험손익,2024.2Q,-1254.0,-422.0
KR0099,KB라이프생명,,생명보험,9,재보험 CSM상각,2024.2Q,-1460.0,-1065.0
KR0099,KB라이프생명,,생명보험,10,재보험 위험조정 변동,2024.2Q,-146.0,-72.0
KR0099,KB라이프생명,,생명보험,11,재보험 예실차,2024.2Q,1142.0,1481.0
KR0099,KB라이프생명,,생명보험,12,기타 생명장기 재보험손익,2024.2Q,-790.0,-766.0
KR0099,KB라이프생명,,생명보험,13,자동차손익,2024.2Q,0.0,0.0
KR0099,KB라이프생명,,생명보험,14,일반손익,2024.2Q,0.0,0.0
KR0099,KB라이프생명,,생명보험,15,기타영업수익,2024.2Q,0.0,0.0
KR0099,KB라이프생명,,생명보험,16,기타사업비용,2024.2Q,8216.0,4137.0
KR0099,KB라이프생명,,생명보험,17,투자손익,2024.2Q,126713.0,63370.0
KR0099,KB라이프생명,,생명보험,18,투자이익,2024.2Q,806850.0,450295.0
KR0099,KB라이프생명,,생명보험,19,보험금융손익,2024.2Q,-680137.0,-386925.0
KR0099,KB라이프생명,,생명보험,20,영업이익,2024.2Q,286470.0,142709.0
KR0099,KB라이프생명,,생명보험,21,영업외손익,2024.2Q,-362.0,-754.0
KR0099,KB라이프생명,,생명보험,22,세전이익,2024.2Q,286108.0,141955.0
KR0099,KB라이프생명,,생명보험,23,법인세,2024.2Q,74113.0,35317.0
KR0099,KB라이프생명,,생명보험,24,당기순이익,2024.2Q,211995.0,106638.0
KR0099,KB라이프생명,,생명보험,1,보험손익,2024.3Q,236457.0,76700.0
KR0099,KB라이프생명,,생명보험,2,생명장기 손익,2024.3Q,251130.0,83157.0
KR0099,KB라이프생명,,생명보험,3,생명장기 원수손익,2024.3Q,253543.0,84316.0
KR0099,KB라이프생명,,생명보험,4,원수 CSM상각,2024.3Q,216151.0,72569.0
KR0099,KB라이프생명,,생명보험,5,원수 위험조정 변동,2024.3Q,25995.0,8824.0
KR0099,KB라이프생명,,생명보험,6,원수 예실차,2024.3Q,30115.0,-3124.0
KR0099,KB라이프생명,,생명보험,7,기타 생명장기 원수손익,2024.3Q,-18718.0,6047.0
KR0099,KB라이프생명,,생명보험,8,생명장기 재보험손익,2024.3Q,-2413.0,-1159.0
KR0099,KB라이프생명,,생명보험,9,재보험 CSM상각,2024.3Q,-2559.0,-1099.0
KR0099,KB라이프생명,,생명보험,10,재보험 위험조정 변동,2024.3Q,-215.0,-69.0
KR0099,KB라이프생명,,생명보험,11,재보험 예실차,2024.3Q,1409.0,267.0
KR0099,KB라이프생명,,생명보험,12,기타 생명장기 재보험손익,2024.3Q,-1048.0,-258.0
KR0099,KB라이프생명,,생명보험,13,자동차손익,2024.3Q,0.0,0.0
KR0099,KB라이프생명,,생명보험,14,일반손익,2024.3Q,0.0,0.0
KR0099,KB라이프생명,,생명보험,15,기타영업수익,2024.3Q,0.0,0.0
KR0099,KB라이프생명,,생명보험,16,기타사업비용,2024.3Q,14673.0,6457.0
KR0099,KB라이프생명,,생명보험,17,투자손익,2024.3Q,153712.0,26999.0
KR0099,KB라이프생명,,생명보험,18,투자이익,2024.3Q,988802.0,181952.0
KR0099,KB라이프생명,,생명보험,19,보험금융손익,2024.3Q,-835090.0,-154953.0
KR0099,KB라이프생명,,생명보험,20,영업이익,2024.3Q,390169.0,103699.0
KR0099,KB라이프생명,,생명보험,21,영업외손익,2024.3Q,-362.0,0.0
KR0099,KB라이프생명,,생명보험,22,세전이익,2024.3Q,389807.0,103699.0
KR0099,KB라이프생명,,생명보험,23,법인세,2024.3Q,94371.0,20258.0
KR0099,KB라이프생명,,생명보험,24,당기순이익,2024.3Q,295436.0,83441.0
KR0099,KB라이프생명,,생명보험,1,보험손익,2024.4Q,313810.0,77353.0
KR0099,KB라이프생명,,생명보험,2,생명장기 손익,2024.4Q,336533.0,85403.0
KR0099,KB라이프생명,,생명보험,3,생명장기 원수손익,2024.4Q,340543.0,87000.0
KR0099,KB라이프생명,,생명보험,4,원수 CSM상각,2024.4Q,293081.0,76930.0
KR0099,KB라이프생명,,생명보험,5,원수 위험조정 변동,2024.4Q,34846.0,8851.0
KR0099,KB라이프생명,,생명보험,6,원수 예실차,2024.4Q,14248.0,-15867.0
KR0099,KB라이프생명,,생명보험,7,기타 생명장기 원수손익,2024.4Q,-1632.0,17086.0
KR0099,KB라이프생명,,생명보험,8,생명장기 재보험손익,2024.4Q,-4010.0,-1597.0
KR0099,KB라이프생명,,생명보험,9,재보험 CSM상각,2024.4Q,-3439.0,-880.0
KR0099,KB라이프생명,,생명보험,10,재보험 위험조정 변동,2024.4Q,-284.0,-69.0
KR0099,KB라이프생명,,생명보험,11,재보험 예실차,2024.4Q,2909.0,1500.0
KR0099,KB라이프생명,,생명보험,12,기타 생명장기 재보험손익,2024.4Q,-3196.0,-2148.0
KR0099,KB라이프생명,,생명보험,13,자동차손익,2024.4Q,0.0,0.0
KR0099,KB라이프생명,,생명보험,14,일반손익,2024.4Q,0.0,0.0
KR0099,KB라이프생명,,생명보험,15,기타영업수익,2024.4Q,0.0,0.0
KR0099,KB라이프생명,,생명보험,16,기타사업비용,2024.4Q,22723.0,8050.0
KR0099,KB라이프생명,,생명보험,17,투자손익,2024.4Q,87610.0,-66102.0
KR0099,KB라이프생명,,생명보험,18,투자이익,2024.4Q,1186139.0,197337.0
KR0099,KB라이프생명,,생명보험,19,보험금융손익,2024.4Q,-1098529.0,-263439.0
KR0099,KB라이프생명,,생명보험,20,영업이익,2024.4Q,401420.0,11251.0
KR0099,KB라이프생명,,생명보험,21,영업외손익,2024.4Q,-3515.0,-3153.0
KR0099,KB라이프생명,,생명보험,22,세전이익,2024.4Q,397905.0,8098.0
KR0099,KB라이프생명,,생명보험,23,법인세,2024.4Q,98027.0,3656.0
KR0099,KB라이프생명,,생명보험,24,당기순이익,2024.4Q,299878.0,4442.0
KR0099,KB라이프생명,,생명보험,1,보험손익,2025.1Q,77253.0,77253.0
KR0099,KB라이프생명,,생명보험,2,생명장기 손익,2025.1Q,82192.0,82192.0
KR0099,KB라이프생명,,생명보험,3,생명장기 원수손익,2025.1Q,79123.0,79123.0
KR0099,KB라이프생명,,생명보험,4,원수 CSM상각,2025.1Q,72371.0,72371.0
KR0099,KB라이프생명,,생명보험,5,원수 위험조정 변동,2025.1Q,9330.0,9330.0
KR0099,KB라이프생명,,생명보험,6,원수 예실차,2025.1Q,20876.0,20876.0
KR0099,KB라이프생명,,생명보험,7,기타 생명장기 원수손익,2025.1Q,-23454.0,-23454.0
KR0099,KB라이프생명,,생명보험,8,생명장기 재보험손익,2025.1Q,3069.0,3069.0
KR0099,KB라이프생명,,생명보험,9,재보험 CSM상각,2025.1Q,-1602.0,-1602.0
KR0099,KB라이프생명,,생명보험,10,재보험 위험조정 변동,2025.1Q,-128.0,-128.0
KR0099,KB라이프생명,,생명보험,11,재보험 예실차,2025.1Q,-281.0,-281.0
KR0099,KB라이프생명,,생명보험,12,기타 생명장기 재보험손익,2025.1Q,5080.0,5080.0
KR0099,KB라이프생명,,생명보험,13,자동차손익,2025.1Q,0.0,0.0
KR0099,KB라이프생명,,생명보험,14,일반손익,2025.1Q,0.0,0.0
KR0099,KB라이프생명,,생명보험,15,기타영업수익,2025.1Q,0.0,0.0
KR0099,KB라이프생명,,생명보험,16,기타사업비용,2025.1Q,4940.0,4940.0
KR0099,KB라이프생명,,생명보험,17,투자손익,2025.1Q,43008.0,43008.0
KR0099,KB라이프생명,,생명보험,18,투자이익,2025.1Q,373775.0,373775.0
KR0099,KB라이프생명,,생명보험,19,보험금융손익,2025.1Q,-330767.0,-330767.0
KR0099,KB라이프생명,,생명보험,20,영업이익,2025.1Q,120261.0,120261.0
KR0099,KB라이프생명,,생명보험,21,영업외손익,2025.1Q,503.0,503.0
KR0099,KB라이프생명,,생명보험,22,세전이익,2025.1Q,120764.0,120764.0
KR0099,KB라이프생명,,생명보험,23,법인세,2025.1Q,30449.0,30449.0
KR0099,KB라이프생명,,생명보험,24,당기순이익,2025.1Q,90315.0,90315.0
KR0099,KB라이프생명,,생명보험,1,보험손익,2025.2Q,151727.0,74474.0
KR0099,KB라이프생명,,생명보험,2,생명장기 손익,2025.2Q,163240.0,81048.0
KR0099,KB라이프생명,,생명보험,3,생명장기 원수손익,2025.2Q,162064.0,82941.0
KR0099,KB라이프생명,,생명보험,4,원수 CSM상각,2025.2Q,144975.0,72604.0
KR0099,KB라이프생명,,생명보험,5,원수 위험조정 변동,2025.2Q,18023.0,8693.0
KR0099,KB라이프생명,,생명보험,6,원수 예실차,2025.2Q,19411.0,-1465.0
KR0099,KB라이프생명,,생명보험,7,기타 생명장기 원수손익,2025.2Q,-20345.0,3109.0
KR0099,KB라이프생명,,생명보험,8,생명장기 재보험손익,2025.2Q,1176.0,-1893.0
KR0099,KB라이프생명,,생명보험,9,재보험 CSM상각,2025.2Q,-3184.0,-1582.0
KR0099,KB라이프생명,,생명보험,10,재보험 위험조정 변동,2025.2Q,-260.0,-132.0
KR0099,KB라이프생명,,생명보험,11,재보험 예실차,2025.2Q,-305.0,-24.0
KR0099,KB라이프생명,,생명보험,12,기타 생명장기 재보험손익,2025.2Q,4925.0,-155.0
KR0099,KB라이프생명,,생명보험,13,자동차손익,2025.2Q,0.0,0.0
KR0099,KB라이프생명,,생명보험,14,일반손익,2025.2Q,0.0,0.0
KR0099,KB라이프생명,,생명보험,15,기타영업수익,2025.2Q,0.0,0.0
KR0099,KB라이프생명,,생명보험,16,기타사업비용,2025.2Q,11513.0,6573.0
KR0099,KB라이프생명,,생명보험,17,투자손익,2025.2Q,109808.0,66800.0
KR0099,KB라이프생명,,생명보험,18,투자이익,2025.2Q,904380.0,530605.0
KR0099,KB라이프생명,,생명보험,19,보험금융손익,2025.2Q,-794572.0,-463805.0
KR0099,KB라이프생명,,생명보험,20,영업이익,2025.2Q,261535.0,141274.0
KR0099,KB라이프생명,,생명보험,21,영업외손익,2025.2Q,-423.0,-926.0
KR0099,KB라이프생명,,생명보험,22,세전이익,2025.2Q,261112.0,140348.0
KR0099,KB라이프생명,,생명보험,23,법인세,2025.2Q,60957.0,30508.0
KR0099,KB라이프생명,,생명보험,24,당기순이익,2025.2Q,200155.0,109840.0
KR0099,KB라이프생명,,생명보험,1,보험손익,2025.3Q,215817.0,64090.0
KR0099,KB라이프생명,,생명보험,2,생명장기 손익,2025.3Q,234948.0,71708.0
KR0099,KB라이프생명,,생명보험,3,생명장기 원수손익,2025.3Q,235355.0,73291.0
KR0099,KB라이프생명,,생명보험,4,원수 CSM상각,2025.3Q,219854.0,74879.0
KR0099,KB라이프생명,,생명보험,5,원수 위험조정 변동,2025.3Q,27224.0,9201.0
KR0099,KB라이프생명,,생명보험,6,원수 예실차,2025.3Q,2916.0,-16495.0
KR0099,KB라이프생명,,생명보험,7,기타 생명장기 원수손익,2025.3Q,-14639.0,5706.0
KR0099,KB라이프생명,,생명보험,8,생명장기 재보험손익,2025.3Q,-407.0,-1583.0
KR0099,KB라이프생명,,생명보험,9,재보험 CSM상각,2025.3Q,-4628.0,-1444.0
KR0099,KB라이프생명,,생명보험,10,재보험 위험조정 변동,2025.3Q,-391.0,-131.0
KR0099,KB라이프생명,,생명보험,11,재보험 예실차,2025.3Q,573.0,878.0
KR0099,KB라이프생명,,생명보험,12,기타 생명장기 재보험손익,2025.3Q,4039.0,-886.0
KR0099,KB라이프생명,,생명보험,13,자동차손익,2025.3Q,0.0,0.0
KR0099,KB라이프생명,,생명보험,14,일반손익,2025.3Q,0.0,0.0
KR0099,KB라이프생명,,생명보험,15,기타영업수익,2025.3Q,0.0,0.0
KR0099,KB라이프생명,,생명보험,16,기타사업비용,2025.3Q,19128.0,7615.0
KR0099,KB라이프생명,,생명보험,17,투자손익,2025.3Q,145213.0,35405.0
KR0099,KB라이프생명,,생명보험,18,투자이익,2025.3Q,1403882.0,499502.0
KR0099,KB라이프생명,,생명보험,19,보험금융손익,2025.3Q,-1258669.0,-464097.0
KR0099,KB라이프생명,,생명보험,20,영업이익,2025.3Q,361030.0,99495.0
KR0099,KB라이프생명,,생명보험,21,영업외손익,2025.3Q,-557.0,-134.0
KR0099,KB라이프생명,,생명보험,22,세전이익,2025.3Q,360473.0,99361.0
KR0099,KB라이프생명,,생명보험,23,법인세,2025.3Q,93221.0,32264.0
KR0099,KB라이프생명,,생명보험,24,당기순이익,2025.3Q,267252.0,67097.0
KR0099,KB라이프생명,,생명보험,1,보험손익,2025.4Q,261885.0,46068.0
KR0099,KB라이프생명,,생명보험,2,생명장기 손익,2025.4Q,289313.0,54365.0
KR0099,KB라이프생명,,생명보험,3,생명장기 원수손익,2025.4Q,291407.0,56052.0
KR0099,KB라이프생명,,생명보험,4,원수 CSM상각,2025.4Q,297606.0,77752.0
KR0099,KB라이프생명,,생명보험,5,원수 위험조정 변동,2025.4Q,36542.0,9318.0
KR0099,KB라이프생명,,생명보험,6,원수 예실차,2025.4Q,-17108.0,-20024.0
KR0099,KB라이프생명,,생명보험,7,기타 생명장기 원수손익,2025.4Q,-25633.0,-10994.0
KR0099,KB라이프생명,,생명보험,8,생명장기 재보험손익,2025.4Q,-2094.0,-1687.0
KR0099,KB라이프생명,,생명보험,9,재보험 CSM상각,2025.4Q,-6180.0,-1552.0
KR0099,KB라이프생명,,생명보험,10,재보험 위험조정 변동,2025.4Q,-527.0,-136.0
KR0099,KB라이프생명,,생명보험,11,재보험 예실차,2025.4Q,135.0,-438.0
KR0099,KB라이프생명,,생명보험,12,기타 생명장기 재보험손익,2025.4Q,4478.0,439.0
KR0099,KB라이프생명,,생명보험,13,자동차손익,2025.4Q,0.0,0.0
KR0099,KB라이프생명,,생명보험,14,일반손익,2025.4Q,0.0,0.0
KR0099,KB라이프생명,,생명보험,15,기타영업수익,2025.4Q,0.0,0.0
KR0099,KB라이프생명,,생명보험,16,기타사업비용,2025.4Q,27428.0,8300.0
KR0099,KB라이프생명,,생명보험,17,투자손익,2025.4Q,151829.0,6616.0
KR0099,KB라이프생명,,생명보험,18,투자이익,2025.4Q,1979066.0,575184.0
KR0099,KB라이프생명,,생명보험,19,보험금융손익,2025.4Q,-1827237.0,-568568.0
KR0099,KB라이프생명,,생명보험,20,영업이익,2025.4Q,413714.0,52684.0
KR0099,KB라이프생명,,생명보험,21,영업외손익,2025.4Q,4478.0,5035.0
KR0099,KB라이프생명,,생명보험,22,세전이익,2025.4Q,418192.0,57719.0
KR0099,KB라이프생명,,생명보험,23,법인세,2025.4Q,152304.0,59083.0
KR0099,KB라이프생명,,생명보험,24,당기순이익,2025.4Q,265888.0,-1364.0
KR0099,KB라이프생명,,생명보험,1,보험손익,2026.1Q,66193.0,66193.0
KR0099,KB라이프생명,,생명보험,2,생명장기 손익,2026.1Q,71953.0,71953.0
KR0099,KB라이프생명,,생명보험,3,생명장기 원수손익,2026.1Q,73011.0,73011.0
KR0099,KB라이프생명,,생명보험,4,원수 CSM상각,2026.1Q,81861.0,81861.0
KR0099,KB라이프생명,,생명보험,5,원수 위험조정 변동,2026.1Q,11303.0,11303.0
KR0099,KB라이프생명,,생명보험,6,원수 예실차,2026.1Q,7327.0,7327.0
KR0099,KB라이프생명,,생명보험,7,기타 생명장기 원수손익,2026.1Q,-27480.0,-27480.0
KR0099,KB라이프생명,,생명보험,8,생명장기 재보험손익,2026.1Q,-1058.0,-1058.0
KR0099,KB라이프생명,,생명보험,9,재보험 CSM상각,2026.1Q,-1508.0,-1508.0
KR0099,KB라이프생명,,생명보험,10,재보험 위험조정 변동,2026.1Q,-137.0,-137.0
KR0099,KB라이프생명,,생명보험,11,재보험 예실차,2026.1Q,176.0,176.0
KR0099,KB라이프생명,,생명보험,12,기타 생명장기 재보험손익,2026.1Q,411.0,411.0
KR0099,KB라이프생명,,생명보험,13,자동차손익,2026.1Q,0.0,0.0
KR0099,KB라이프생명,,생명보험,14,일반손익,2026.1Q,0.0,0.0
KR0099,KB라이프생명,,생명보험,15,기타영업수익,2026.1Q,0.0,0.0
KR0099,KB라이프생명,,생명보험,16,기타사업비용,2026.1Q,5760.0,5760.0
KR0099,KB라이프생명,,생명보험,17,투자손익,2026.1Q,22704.0,22704.0
KR0099,KB라이프생명,,생명보험,18,투자이익,2026.1Q,606567.0,606567.0
KR0099,KB라이프생명,,생명보험,19,보험금융손익,2026.1Q,-583863.0,-583863.0
KR0099,KB라이프생명,,생명보험,20,영업이익,2026.1Q,88897.0,88897.0
KR0099,KB라이프생명,,생명보험,21,영업외손익,2026.1Q,447.0,447.0
KR0099,KB라이프생명,,생명보험,22,세전이익,2026.1Q,89344.0,89344.0
KR0099,KB라이프생명,,생명보험,23,법인세,2026.1Q,5655.0,5655.0
KR0099,KB라이프생명,,생명보험,24,당기순이익,2026.1Q,83689.0,83689.0
KR0099,KB라이프생명,,생명보험,1,보험손익,2026.2Q,127617.0,61424.0
KR0099,KB라이프생명,,생명보험,2,생명장기 손익,2026.2Q,141091.0,69138.0
KR0099,KB라이프생명,,생명보험,3,생명장기 원수손익,2026.2Q,141120.0,68109.0
KR0099,KB라이프생명,,생명보험,4,원수 CSM상각,2026.2Q,170646.0,88785.0
KR0099,KB라이프생명,,생명보험,5,원수 위험조정 변동,2026.2Q,22137.0,10834.0
KR0099,KB라이프생명,,생명보험,6,원수 예실차,2026.2Q,-12114.0,-19441.0
KR0099,KB라이프생명,,생명보험,7,기타 생명장기 원수손익,2026.2Q,-39549.0,-12069.0
KR0099,KB라이프생명,,생명보험,8,생명장기 재보험손익,2026.2Q,-29.0,1029.0
KR0099,KB라이프생명,,생명보험,9,재보험 CSM상각,2026.2Q,-3131.0,-1623.0
KR0099,KB라이프생명,,생명보험,10,재보험 위험조정 변동,2026.2Q,-273.0,-136.0
KR0099,KB라이프생명,,생명보험,11,재보험 예실차,2026.2Q,1949.0,1773.0
KR0099,KB라이프생명,,생명보험,12,기타 생명장기 재보험손익,2026.2Q,1426.0,1015.0
KR0099,KB라이프생명,,생명보험,13,자동차손익,2026.2Q,0.0,0.0
KR0099,KB라이프생명,,생명보험,14,일반손익,2026.2Q,0.0,0.0
KR0099,KB라이프생명,,생명보험,15,기타영업수익,2026.2Q,0.0,0.0
KR0099,KB라이프생명,,생명보험,16,기타사업비용,2026.2Q,13474.0,7714.0
KR0099,KB라이프생명,,생명보험,17,투자손익,2026.2Q,61442.0,38738.0
KR0099,KB라이프생명,,생명보험,18,투자이익,2026.2Q,2498607.0,1892040.0
KR0099,KB라이프생명,,생명보험,19,보험금융손익,2026.2Q,-2437165.0,-1853302.0
KR0099,KB라이프생명,,생명보험,20,영업이익,2026.2Q,189059.0,100162.0
KR0099,KB라이프생명,,생명보험,21,영업외손익,2026.2Q,1951.0,1504.0
KR0099,KB라이프생명,,생명보험,22,세전이익,2026.2Q,191010.0,101666.0
KR0099,KB라이프생명,,생명보험,23,법인세,2026.2Q,32876.0,27221.0
KR0099,KB라이프생명,,생명보험,24,당기순이익,2026.2Q,158134.0,74445.0
KR0100,처브라이프생명보험,,생명보험,1,보험손익,2023.4Q,-3364.953202,
KR0100,처브라이프생명보험,,생명보험,2,생명장기 손익,2023.4Q,5114.0,
KR0100,처브라이프생명보험,,생명보험,3,생명장기 원수손익,2023.4Q,6084.0,
KR0100,처브라이프생명보험,,생명보험,4,원수 CSM상각,2023.4Q,9988.0,
KR0100,처브라이프생명보험,,생명보험,5,원수 위험조정 변동,2023.4Q,2345.0,
KR0100,처브라이프생명보험,,생명보험,6,원수 예실차,2023.4Q,-1942.0,
KR0100,처브라이프생명보험,,생명보험,7,기타 생명장기 원수손익,2023.4Q,-4307.0,
KR0100,처브라이프생명보험,,생명보험,8,생명장기 재보험손익,2023.4Q,-970.0,
KR0100,처브라이프생명보험,,생명보험,9,재보험 CSM상각,2023.4Q,-1029.0,
KR0100,처브라이프생명보험,,생명보험,10,재보험 위험조정 변동,2023.4Q,-140.0,
KR0100,처브라이프생명보험,,생명보험,11,재보험 예실차,2023.4Q,-448.0,
KR0100,처브라이프생명보험,,생명보험,12,기타 생명장기 재보험손익,2023.4Q,647.0,
KR0100,처브라이프생명보험,,생명보험,13,자동차손익,2023.4Q,0.0,
KR0100,처브라이프생명보험,,생명보험,14,일반손익,2023.4Q,0.0,
KR0100,처브라이프생명보험,,생명보험,15,기타영업수익,2023.4Q,266.01363,
KR0100,처브라이프생명보험,,생명보험,16,기타사업비용,2023.4Q,8744.966832,
KR0100,처브라이프생명보험,,생명보험,17,투자손익,2023.4Q,15180.881452,
KR0100,처브라이프생명보험,,생명보험,18,투자이익,2023.4Q,,
KR0100,처브라이프생명보험,,생명보험,19,보험금융손익,2023.4Q,,
KR0100,처브라이프생명보험,,생명보험,20,영업이익,2023.4Q,11815.92825,
KR0100,처브라이프생명보험,,생명보험,21,영업외손익,2023.4Q,4.915796,
KR0100,처브라이프생명보험,,생명보험,22,세전이익,2023.4Q,11820.844046,
KR0100,처브라이프생명보험,,생명보험,23,법인세,2023.4Q,-5949.343715,
KR0100,처브라이프생명보험,,생명보험,24,당기순이익,2023.4Q,17770.187761,
KR0100,처브라이프생명보험,,생명보험,1,보험손익,2024.4Q,-6905.359346,
KR0100,처브라이프생명보험,,생명보험,2,생명장기 손익,2024.4Q,2785.0,
KR0100,처브라이프생명보험,,생명보험,3,생명장기 원수손익,2024.4Q,3718.0,
KR0100,처브라이프생명보험,,생명보험,4,원수 CSM상각,2024.4Q,7441.0,
KR0100,처브라이프생명보험,,생명보험,5,원수 위험조정 변동,2024.4Q,1714.0,
KR0100,처브라이프생명보험,,생명보험,6,원수 예실차,2024.4Q,-99.0,
KR0100,처브라이프생명보험,,생명보험,7,기타 생명장기 원수손익,2024.4Q,-5338.0,
KR0100,처브라이프생명보험,,생명보험,8,생명장기 재보험손익,2024.4Q,-933.0,
KR0100,처브라이프생명보험,,생명보험,9,재보험 CSM상각,2024.4Q,-1077.0,
KR0100,처브라이프생명보험,,생명보험,10,재보험 위험조정 변동,2024.4Q,-140.0,
KR0100,처브라이프생명보험,,생명보험,11,재보험 예실차,2024.4Q,-1609.0,
KR0100,처브라이프생명보험,,생명보험,12,기타 생명장기 재보험손익,2024.4Q,1893.0,
KR0100,처브라이프생명보험,,생명보험,13,자동차손익,2024.4Q,0.0,
KR0100,처브라이프생명보험,,생명보험,14,일반손익,2024.4Q,0.0,
KR0100,처브라이프생명보험,,생명보험,15,기타영업수익,2024.4Q,28.099517,
KR0100,처브라이프생명보험,,생명보험,16,기타사업비용,2024.4Q,9718.458863,
KR0100,처브라이프생명보험,,생명보험,17,투자손익,2024.4Q,19596.540547,
KR0100,처브라이프생명보험,,생명보험,18,투자이익,2024.4Q,,
KR0100,처브라이프생명보험,,생명보험,19,보험금융손익,2024.4Q,,
KR0100,처브라이프생명보험,,생명보험,20,영업이익,2024.4Q,12691.181201,
KR0100,처브라이프생명보험,,생명보험,21,영업외손익,2024.4Q,6.559006,
KR0100,처브라이프생명보험,,생명보험,22,세전이익,2024.4Q,12697.740207,
KR0100,처브라이프생명보험,,생명보험,23,법인세,2024.4Q,2776.125586,
KR0100,처브라이프생명보험,,생명보험,24,당기순이익,2024.4Q,9921.614621,
KR0100,처브라이프생명보험,,생명보험,1,보험손익,2025.4Q,-10510.466182,
KR0100,처브라이프생명보험,,생명보험,2,생명장기 손익,2025.4Q,-3704.0,
KR0100,처브라이프생명보험,,생명보험,3,생명장기 원수손익,2025.4Q,-2784.0,
KR0100,처브라이프생명보험,,생명보험,4,원수 CSM상각,2025.4Q,6122.0,
KR0100,처브라이프생명보험,,생명보험,5,원수 위험조정 변동,2025.4Q,1176.0,
KR0100,처브라이프생명보험,,생명보험,6,원수 예실차,2025.4Q,-1136.0,
KR0100,처브라이프생명보험,,생명보험,7,기타 생명장기 원수손익,2025.4Q,-8946.0,
KR0100,처브라이프생명보험,,생명보험,8,생명장기 재보험손익,2025.4Q,-920.0,
KR0100,처브라이프생명보험,,생명보험,9,재보험 CSM상각,2025.4Q,-1282.0,
KR0100,처브라이프생명보험,,생명보험,10,재보험 위험조정 변동,2025.4Q,-112.0,
KR0100,처브라이프생명보험,,생명보험,11,재보험 예실차,2025.4Q,-343.0,
KR0100,처브라이프생명보험,,생명보험,12,기타 생명장기 재보험손익,2025.4Q,817.0,
KR0100,처브라이프생명보험,,생명보험,13,자동차손익,2025.4Q,0.0,
KR0100,처브라이프생명보험,,생명보험,14,일반손익,2025.4Q,0.0,
KR0100,처브라이프생명보험,,생명보험,15,기타영업수익,2025.4Q,27.501551,
KR0100,처브라이프생명보험,,생명보험,16,기타사업비용,2025.4Q,6833.967733,
KR0100,처브라이프생명보험,,생명보험,17,투자손익,2025.4Q,26162.864659,
KR0100,처브라이프생명보험,,생명보험,18,투자이익,2025.4Q,,
KR0100,처브라이프생명보험,,생명보험,19,보험금융손익,2025.4Q,,
KR0100,처브라이프생명보험,,생명보험,20,영업이익,2025.4Q,15652.398477,
KR0100,처브라이프생명보험,,생명보험,21,영업외손익,2025.4Q,-52.869401,
KR0100,처브라이프생명보험,,생명보험,22,세전이익,2025.4Q,15599.529076,
KR0100,처브라이프생명보험,,생명보험,23,법인세,2025.4Q,3209.060475,
KR0100,처브라이프생명보험,,생명보험,24,당기순이익,2025.4Q,12390.468601,
KR0104,농협생명보험,,생명보험,1,보험손익,2023.1Q,,
KR0104,농협생명보험,,생명보험,2,생명장기 손익,2023.1Q,,
KR0104,농협생명보험,,생명보험,3,생명장기 원수손익,2023.1Q,,
KR0104,농협생명보험,,생명보험,4,원수 CSM상각,2023.1Q,97959.0,97959.0
KR0104,농협생명보험,,생명보험,5,원수 위험조정 변동,2023.1Q,18577.0,18577.0
KR0104,농협생명보험,,생명보험,6,원수 예실차,2023.1Q,-5726.0,-5726.0
KR0104,농협생명보험,,생명보험,7,기타 생명장기 원수손익,2023.1Q,,
KR0104,농협생명보험,,생명보험,8,생명장기 재보험손익,2023.1Q,,
KR0104,농협생명보험,,생명보험,9,재보험 CSM상각,2023.1Q,-85.0,-85.0
KR0104,농협생명보험,,생명보험,10,재보험 위험조정 변동,2023.1Q,-71.0,-71.0
KR0104,농협생명보험,,생명보험,11,재보험 예실차,2023.1Q,738.0,738.0
KR0104,농협생명보험,,생명보험,12,기타 생명장기 재보험손익,2023.1Q,,
KR0104,농협생명보험,,생명보험,13,자동차손익,2023.1Q,0.0,0.0
KR0104,농협생명보험,,생명보험,14,일반손익,2023.1Q,0.0,0.0
KR0104,농협생명보험,,생명보험,15,기타영업수익,2023.1Q,,
KR0104,농협생명보험,,생명보험,16,기타사업비용,2023.1Q,,
KR0104,농협생명보험,,생명보험,17,투자손익,2023.1Q,,
KR0104,농협생명보험,,생명보험,18,투자이익,2023.1Q,,
KR0104,농협생명보험,,생명보험,19,보험금융손익,2023.1Q,,
KR0104,농협생명보험,,생명보험,20,영업이익,2023.1Q,,
KR0104,농협생명보험,,생명보험,21,영업외손익,2023.1Q,,
KR0104,농협생명보험,,생명보험,22,세전이익,2023.1Q,,
KR0104,농협생명보험,,생명보험,23,법인세,2023.1Q,,
KR0104,농협생명보험,,생명보험,24,당기순이익,2023.1Q,,
KR0104,농협생명보험,,생명보험,1,보험손익,2023.2Q,,
KR0104,농협생명보험,,생명보험,2,생명장기 손익,2023.2Q,,
KR0104,농협생명보험,,생명보험,3,생명장기 원수손익,2023.2Q,,
KR0104,농협생명보험,,생명보험,4,원수 CSM상각,2023.2Q,198142.0,100183.0
KR0104,농협생명보험,,생명보험,5,원수 위험조정 변동,2023.2Q,25933.0,7356.0
KR0104,농협생명보험,,생명보험,6,원수 예실차,2023.2Q,-1374.0,4352.0
KR0104,농협생명보험,,생명보험,7,기타 생명장기 원수손익,2023.2Q,,
KR0104,농협생명보험,,생명보험,8,생명장기 재보험손익,2023.2Q,,
KR0104,농협생명보험,,생명보험,9,재보험 CSM상각,2023.2Q,-743.0,-658.0
KR0104,농협생명보험,,생명보험,10,재보험 위험조정 변동,2023.2Q,-164.0,-93.0
KR0104,농협생명보험,,생명보험,11,재보험 예실차,2023.2Q,-1262.0,-2000.0
KR0104,농협생명보험,,생명보험,12,기타 생명장기 재보험손익,2023.2Q,,
KR0104,농협생명보험,,생명보험,13,자동차손익,2023.2Q,0.0,0.0
KR0104,농협생명보험,,생명보험,14,일반손익,2023.2Q,0.0,0.0
KR0104,농협생명보험,,생명보험,15,기타영업수익,2023.2Q,,
KR0104,농협생명보험,,생명보험,16,기타사업비용,2023.2Q,,
KR0104,농협생명보험,,생명보험,17,투자손익,2023.2Q,,
KR0104,농협생명보험,,생명보험,18,투자이익,2023.2Q,,
KR0104,농협생명보험,,생명보험,19,보험금융손익,2023.2Q,,
KR0104,농협생명보험,,생명보험,20,영업이익,2023.2Q,,
KR0104,농협생명보험,,생명보험,21,영업외손익,2023.2Q,,
KR0104,농협생명보험,,생명보험,22,세전이익,2023.2Q,,
KR0104,농협생명보험,,생명보험,23,법인세,2023.2Q,,
KR0104,농협생명보험,,생명보험,24,당기순이익,2023.2Q,,
KR0104,농협생명보험,,생명보험,1,보험손익,2023.3Q,276594.0,
KR0104,농협생명보험,,생명보험,2,생명장기 손익,2023.3Q,310508.0,
KR0104,농협생명보험,,생명보험,3,생명장기 원수손익,2023.3Q,312688.0,
KR0104,농협생명보험,,생명보험,4,원수 CSM상각,2023.3Q,298727.0,100585.0
KR0104,농협생명보험,,생명보험,5,원수 위험조정 변동,2023.3Q,36207.0,10274.0
KR0104,농협생명보험,,생명보험,6,원수 예실차,2023.3Q,-3426.0,-2052.0
KR0104,농협생명보험,,생명보험,7,기타 생명장기 원수손익,2023.3Q,-18820.0,
KR0104,농협생명보험,,생명보험,8,생명장기 재보험손익,2023.3Q,-2180.0,
KR0104,농협생명보험,,생명보험,9,재보험 CSM상각,2023.3Q,-2096.0,-1353.0
KR0104,농협생명보험,,생명보험,10,재보험 위험조정 변동,2023.3Q,-236.0,-72.0
KR0104,농협생명보험,,생명보험,11,재보험 예실차,2023.3Q,-2718.0,-1456.0
KR0104,농협생명보험,,생명보험,12,기타 생명장기 재보험손익,2023.3Q,2870.0,
KR0104,농협생명보험,,생명보험,13,자동차손익,2023.3Q,0.0,0.0
KR0104,농협생명보험,,생명보험,14,일반손익,2023.3Q,0.0,0.0
KR0104,농협생명보험,,생명보험,15,기타영업수익,2023.3Q,0.0,
KR0104,농협생명보험,,생명보험,16,기타사업비용,2023.3Q,33914.0,
KR0104,농협생명보험,,생명보험,17,투자손익,2023.3Q,-40273.0,
KR0104,농협생명보험,,생명보험,18,투자이익,2023.3Q,1076805.0,
KR0104,농협생명보험,,생명보험,19,보험금융손익,2023.3Q,-1117078.0,
KR0104,농협생명보험,,생명보험,20,영업이익,2023.3Q,236321.0,
KR0104,농협생명보험,,생명보험,21,영업외손익,2023.3Q,-65493.0,
KR0104,농협생명보험,,생명보험,22,세전이익,2023.3Q,170828.0,
KR0104,농협생명보험,,생명보험,23,법인세,2023.3Q,35052.0,
KR0104,농협생명보험,,생명보험,24,당기순이익,2023.3Q,135776.0,
KR0104,농협생명보험,,생명보험,1,보험손익,2023.4Q,331041.488735,54447.488735
KR0104,농협생명보험,,생명보험,2,생명장기 손익,2023.4Q,380127.273367,69619.273367
KR0104,농협생명보험,,생명보험,3,생명장기 원수손익,2023.4Q,385194.753425,72506.753425
KR0104,농협생명보험,,생명보험,4,원수 CSM상각,2023.4Q,398346.0,99619.0
KR0104,농협생명보험,,생명보험,5,원수 위험조정 변동,2023.4Q,46102.0,9895.0
KR0104,농협생명보험,,생명보험,6,원수 예실차,2023.4Q,-18229.0,-14803.0
KR0104,농협생명보험,,생명보험,7,기타 생명장기 원수손익,2023.4Q,-41024.246575,-22204.246575
KR0104,농협생명보험,,생명보험,8,생명장기 재보험손익,2023.4Q,-5067.480058,-2887.480058
KR0104,농협생명보험,,생명보험,9,재보험 CSM상각,2023.4Q,-3641.0,-1545.0
KR0104,농협생명보험,,생명보험,10,재보험 위험조정 변동,2023.4Q,-288.0,-52.0
KR0104,농협생명보험,,생명보험,11,재보험 예실차,2023.4Q,-3850.0,-1132.0
KR0104,농협생명보험,,생명보험,12,기타 생명장기 재보험손익,2023.4Q,2711.519942,-158.480058
KR0104,농협생명보험,,생명보험,13,자동차손익,2023.4Q,0.0,0.0
KR0104,농협생명보험,,생명보험,14,일반손익,2023.4Q,0.0,0.0
KR0104,농협생명보험,,생명보험,15,기타영업수익,2023.4Q,0.0,0.0
KR0104,농협생명보험,,생명보험,16,기타사업비용,2023.4Q,49085.784632,15171.784632
KR0104,농협생명보험,,생명보험,17,투자손익,2023.4Q,-22406.342166,17866.657834
KR0104,농협생명보험,,생명보험,18,투자이익,2023.4Q,1495887.927994,419082.927994
KR0104,농협생명보험,,생명보험,19,보험금융손익,2023.4Q,-1518294.27016,-401216.27016
KR0104,농협생명보험,,생명보험,20,영업이익,2023.4Q,308635.146569,72314.146569
KR0104,농협생명보험,,생명보험,21,영업외손익,2023.4Q,-86802.107537,-21309.107537
KR0104,농협생명보험,,생명보험,22,세전이익,2023.4Q,221833.039032,51005.039032
KR0104,농협생명보험,,생명보험,23,법인세,2023.4Q,40126.314198,5074.314198
KR0104,농협생명보험,,생명보험,24,당기순이익,2023.4Q,181706.724834,45930.724834
KR0104,농협생명보험,,생명보험,1,보험손익,2024.1Q,136585.977928,136585.977928
KR0104,농협생명보험,,생명보험,2,생명장기 손익,2024.1Q,147205.477294,147205.477294
KR0104,농협생명보험,,생명보험,3,생명장기 원수손익,2024.1Q,150118.974027,150118.974027
KR0104,농협생명보험,,생명보험,4,원수 CSM상각,2024.1Q,106877.0,106877.0
KR0104,농협생명보험,,생명보험,5,원수 위험조정 변동,2024.1Q,12347.0,12347.0
KR0104,농협생명보험,,생명보험,6,원수 예실차,2024.1Q,37056.0,37056.0
KR0104,농협생명보험,,생명보험,7,기타 생명장기 원수손익,2024.1Q,-6161.025973,-6161.025973
KR0104,농협생명보험,,생명보험,8,생명장기 재보험손익,2024.1Q,-2913.496733,-2913.496733
KR0104,농협생명보험,,생명보험,9,재보험 CSM상각,2024.1Q,-1274.0,-1274.0
KR0104,농협생명보험,,생명보험,10,재보험 위험조정 변동,2024.1Q,-62.0,-62.0
KR0104,농협생명보험,,생명보험,11,재보험 예실차,2024.1Q,2076.0,2076.0
KR0104,농협생명보험,,생명보험,12,기타 생명장기 재보험손익,2024.1Q,-3653.496733,-3653.496733
KR0104,농협생명보험,,생명보험,13,자동차손익,2024.1Q,0.0,0.0
KR0104,농협생명보험,,생명보험,14,일반손익,2024.1Q,0.0,0.0
KR0104,농협생명보험,,생명보험,15,기타영업수익,2024.1Q,0.0,0.0
KR0104,농협생명보험,,생명보험,16,기타사업비용,2024.1Q,10619.499366,10619.499366
KR0104,농협생명보험,,생명보험,17,투자손익,2024.1Q,2519.581216,2519.581216
KR0104,농협생명보험,,생명보험,18,투자이익,2024.1Q,364057.818968,364057.818968
KR0104,농협생명보험,,생명보험,19,보험금융손익,2024.1Q,-361538.237752,-361538.237752
KR0104,농협생명보험,,생명보험,20,영업이익,2024.1Q,139105.559144,139105.559144
KR0104,농협생명보험,,생명보험,21,영업외손익,2024.1Q,-40251.964123,-40251.964123
KR0104,농협생명보험,,생명보험,22,세전이익,2024.1Q,98853.595021,98853.595021
KR0104,농협생명보험,,생명보험,23,법인세,2024.1Q,20419.081551,20419.081551
KR0104,농협생명보험,,생명보험,24,당기순이익,2024.1Q,78434.51347,78434.51347
KR0104,농협생명보험,,생명보험,1,보험손익,2024.2Q,281528.35426,144942.376332
KR0104,농협생명보험,,생명보험,2,생명장기 손익,2024.2Q,305538.098395,158332.621101
KR0104,농협생명보험,,생명보험,3,생명장기 원수손익,2024.2Q,306889.594256,156770.620229
KR0104,농협생명보험,,생명보험,4,원수 CSM상각,2024.2Q,211111.0,104234.0
KR0104,농협생명보험,,생명보험,5,원수 위험조정 변동,2024.2Q,22980.0,10633.0
KR0104,농협생명보험,,생명보험,6,원수 예실차,2024.2Q,84784.0,47728.0
KR0104,농협생명보험,,생명보험,7,기타 생명장기 원수손익,2024.2Q,-11985.405744,-5824.379771
KR0104,농협생명보험,,생명보험,8,생명장기 재보험손익,2024.2Q,-1351.495861,1562.000872
KR0104,농협생명보험,,생명보험,9,재보험 CSM상각,2024.2Q,-1985.0,-711.0
KR0104,농협생명보험,,생명보험,10,재보험 위험조정 변동,2024.2Q,-133.0,-71.0
KR0104,농협생명보험,,생명보험,11,재보험 예실차,2024.2Q,3533.0,1457.0
KR0104,농협생명보험,,생명보험,12,기타 생명장기 재보험손익,2024.2Q,-2766.495861,887.000872
KR0104,농협생명보험,,생명보험,13,자동차손익,2024.2Q,0.0,0.0
KR0104,농협생명보험,,생명보험,14,일반손익,2024.2Q,0.0,0.0
KR0104,농협생명보험,,생명보험,15,기타영업수익,2024.2Q,0.0,0.0
KR0104,농협생명보험,,생명보험,16,기타사업비용,2024.2Q,24009.744135,13390.244769
KR0104,농협생명보험,,생명보험,17,투자손익,2024.2Q,12890.882481,10371.301265
KR0104,농협생명보험,,생명보험,18,투자이익,2024.2Q,754228.642375,390170.823407
KR0104,농협생명보험,,생명보험,19,보험금융손익,2024.2Q,-741337.759894,-379799.522142
KR0104,농협생명보험,,생명보험,20,영업이익,2024.2Q,294419.236741,155313.677597
KR0104,농협생명보험,,생명보험,21,영업외손익,2024.2Q,-80313.224299,-40061.260176
KR0104,농협생명보험,,생명보험,22,세전이익,2024.2Q,214106.012442,115252.417421
KR0104,농협생명보험,,생명보험,23,법인세,2024.2Q,50201.749072,29782.667521
KR0104,농협생명보험,,생명보험,24,당기순이익,2024.2Q,163904.26337,85469.7499
KR0104,농협생명보험,,생명보험,1,보험손익,2024.3Q,416667.414859,135139.060599
KR0104,농협생명보험,,생명보험,2,생명장기 손익,2024.3Q,455850.282435,150312.18404
KR0104,농협생명보험,,생명보험,3,생명장기 원수손익,2024.3Q,457913.663544,151024.069288
KR0104,농협생명보험,,생명보험,4,원수 CSM상각,2024.3Q,317151.0,106040.0
KR0104,농협생명보험,,생명보험,5,원수 위험조정 변동,2024.3Q,36290.0,13310.0
KR0104,농협생명보험,,생명보험,6,원수 예실차,2024.3Q,117025.0,32241.0
KR0104,농협생명보험,,생명보험,7,기타 생명장기 원수손익,2024.3Q,-12552.336456,-566.930712
KR0104,농협생명보험,,생명보험,8,생명장기 재보험손익,2024.3Q,-2063.381109,-711.885248
KR0104,농협생명보험,,생명보험,9,재보험 CSM상각,2024.3Q,-2549.0,-564.0
KR0104,농협생명보험,,생명보험,10,재보험 위험조정 변동,2024.3Q,-191.0,-58.0
KR0104,농협생명보험,,생명보험,11,재보험 예실차,2024.3Q,3663.0,130.0
KR0104,농협생명보험,,생명보험,12,기타 생명장기 재보험손익,2024.3Q,-2986.381109,-219.885248
KR0104,농협생명보험,,생명보험,13,자동차손익,2024.3Q,0.0,0.0
KR0104,농협생명보험,,생명보험,14,일반손익,2024.3Q,0.0,0.0
KR0104,농협생명보험,,생명보험,15,기타영업수익,2024.3Q,0.0,0.0
KR0104,농협생명보험,,생명보험,16,기타사업비용,2024.3Q,39182.867576,15173.123441
KR0104,농협생명보험,,생명보험,17,투자손익,2024.3Q,28896.050062,16005.167581
KR0104,농협생명보험,,생명보험,18,투자이익,2024.3Q,1135993.036099,381764.393724
KR0104,농협생명보험,,생명보험,19,보험금융손익,2024.3Q,-1107096.986037,-365759.226143
KR0104,농협생명보험,,생명보험,20,영업이익,2024.3Q,445563.464921,151144.22818
KR0104,농협생명보험,,생명보험,21,영업외손익,2024.3Q,-122983.890716,-42670.666417
KR0104,농협생명보험,,생명보험,22,세전이익,2024.3Q,322579.574205,108473.561763
KR0104,농협생명보험,,생명보험,23,법인세,2024.3Q,74736.549102,24534.80003
KR0104,농협생명보험,,생명보험,24,당기순이익,2024.3Q,247843.025103,83938.761733
KR0104,농협생명보험,,생명보험,1,보험손익,2024.4Q,521457.538429,104790.12357
KR0104,농협생명보험,,생명보험,2,생명장기 손익,2024.4Q,578172.562165,122322.27973
KR0104,농협생명보험,,생명보험,3,생명장기 원수손익,2024.4Q,579237.791615,121324.128071
KR0104,농협생명보험,,생명보험,4,원수 CSM상각,2024.4Q,420176.0,103025.0
KR0104,농협생명보험,,생명보험,5,원수 위험조정 변동,2024.4Q,48321.0,12031.0
KR0104,농협생명보험,,생명보험,6,원수 예실차,2024.4Q,143445.0,26420.0
KR0104,농협생명보험,,생명보험,7,기타 생명장기 원수손익,2024.4Q,-32704.208385,-20151.871929
KR0104,농협생명보험,,생명보험,8,생명장기 재보험손익,2024.4Q,-1065.22945,998.151659
KR0104,농협생명보험,,생명보험,9,재보험 CSM상각,2024.4Q,-3040.0,-491.0
KR0104,농협생명보험,,생명보험,10,재보험 위험조정 변동,2024.4Q,-244.0,-53.0
KR0104,농협생명보험,,생명보험,11,재보험 예실차,2024.4Q,3867.0,204.0
KR0104,농협생명보험,,생명보험,12,기타 생명장기 재보험손익,2024.4Q,-1648.22945,1338.151659
KR0104,농협생명보험,,생명보험,13,자동차손익,2024.4Q,0.0,0.0
KR0104,농협생명보험,,생명보험,14,일반손익,2024.4Q,0.0,0.0
KR0104,농협생명보험,,생명보험,15,기타영업수익,2024.4Q,0.0,0.0
KR0104,농협생명보험,,생명보험,16,기타사업비용,2024.4Q,56715.023736,17532.15616
KR0104,농협생명보험,,생명보험,17,투자손익,2024.4Q,-44190.785782,-73086.835844
KR0104,농협생명보험,,생명보험,18,투자이익,2024.4Q,1421934.45323,285941.417131
KR0104,농협생명보험,,생명보험,19,보험금융손익,2024.4Q,-1466125.239012,-359028.252975
KR0104,농협생명보험,,생명보험,20,영업이익,2024.4Q,477266.752647,31703.287726
KR0104,농협생명보험,,생명보험,21,영업외손익,2024.4Q,-162353.746322,-39369.855606
KR0104,농협생명보험,,생명보험,22,세전이익,2024.4Q,314913.006325,-7666.56788
KR0104,농협생명보험,,생명보험,23,법인세,2024.4Q,68858.590674,-5877.958428
KR0104,농협생명보험,,생명보험,24,당기순이익,2024.4Q,246054.415651,-1788.609452
KR0104,농협생명보험,,생명보험,1,보험손익,2025.1Q,99772.587336,99772.587336
KR0104,농협생명보험,,생명보험,2,생명장기 손익,2025.1Q,110438.657756,110438.657756
KR0104,농협생명보험,,생명보험,3,생명장기 원수손익,2025.1Q,113568.260048,113568.260048
KR0104,농협생명보험,,생명보험,4,원수 CSM상각,2025.1Q,102582.0,102582.0
KR0104,농협생명보험,,생명보험,5,원수 위험조정 변동,2025.1Q,10937.0,10937.0
KR0104,농협생명보험,,생명보험,6,원수 예실차,2025.1Q,17363.0,17363.0
KR0104,농협생명보험,,생명보험,7,기타 생명장기 원수손익,2025.1Q,-17313.739952,-17313.739952
KR0104,농협생명보험,,생명보험,8,생명장기 재보험손익,2025.1Q,-3129.602292,-3129.602292
KR0104,농협생명보험,,생명보험,9,재보험 CSM상각,2025.1Q,-619.0,-619.0
KR0104,농협생명보험,,생명보험,10,재보험 위험조정 변동,2025.1Q,-66.0,-66.0
KR0104,농협생명보험,,생명보험,11,재보험 예실차,2025.1Q,-281.0,-281.0
KR0104,농협생명보험,,생명보험,12,기타 생명장기 재보험손익,2025.1Q,-2163.602292,-2163.602292
KR0104,농협생명보험,,생명보험,13,자동차손익,2025.1Q,0.0,0.0
KR0104,농협생명보험,,생명보험,14,일반손익,2025.1Q,0.0,0.0
KR0104,농협생명보험,,생명보험,15,기타영업수익,2025.1Q,0.0,0.0
KR0104,농협생명보험,,생명보험,16,기타사업비용,2025.1Q,10666.07042,10666.07042
KR0104,농협생명보험,,생명보험,17,투자손익,2025.1Q,14964.9724,14964.9724
KR0104,농협생명보험,,생명보험,18,투자이익,2025.1Q,377185.66906,377185.66906
KR0104,농협생명보험,,생명보험,19,보험금융손익,2025.1Q,-362220.69666,-362220.69666
KR0104,농협생명보험,,생명보험,20,영업이익,2025.1Q,114737.559736,114737.559736
KR0104,농협생명보험,,생명보험,21,영업외손익,2025.1Q,-32225.472435,-32225.472435
KR0104,농협생명보험,,생명보험,22,세전이익,2025.1Q,82512.087301,82512.087301
KR0104,농협생명보험,,생명보험,23,법인세,2025.1Q,17368.536402,17368.536402
KR0104,농협생명보험,,생명보험,24,당기순이익,2025.1Q,65143.550899,65143.550899
KR0104,농협생명보험,,생명보험,1,보험손익,2025.2Q,200201.24031,100428.652974
KR0104,농협생명보험,,생명보험,2,생명장기 손익,2025.2Q,224320.495064,113881.837308
KR0104,농협생명보험,,생명보험,3,생명장기 원수손익,2025.2Q,227891.408759,114323.148711
KR0104,농협생명보험,,생명보험,4,원수 CSM상각,2025.2Q,204412.0,101830.0
KR0104,농협생명보험,,생명보험,5,원수 위험조정 변동,2025.2Q,21874.0,10937.0
KR0104,농협생명보험,,생명보험,6,원수 예실차,2025.2Q,44454.0,27091.0
KR0104,농협생명보험,,생명보험,7,기타 생명장기 원수손익,2025.2Q,-42848.591241,-25534.851289
KR0104,농협생명보험,,생명보험,8,생명장기 재보험손익,2025.2Q,-3570.913695,-441.311403
KR0104,농협생명보험,,생명보험,9,재보험 CSM상각,2025.2Q,-1097.0,-478.0
KR0104,농협생명보험,,생명보험,10,재보험 위험조정 변동,2025.2Q,-142.0,-76.0
KR0104,농협생명보험,,생명보험,11,재보험 예실차,2025.2Q,-1381.0,-1100.0
KR0104,농협생명보험,,생명보험,12,기타 생명장기 재보험손익,2025.2Q,-950.913695,1212.688597
KR0104,농협생명보험,,생명보험,13,자동차손익,2025.2Q,0.0,0.0
KR0104,농협생명보험,,생명보험,14,일반손익,2025.2Q,0.0,0.0
KR0104,농협생명보험,,생명보험,15,기타영업수익,2025.2Q,0.0,0.0
KR0104,농협생명보험,,생명보험,16,기타사업비용,2025.2Q,24119.254754,13453.184334
KR0104,농협생명보험,,생명보험,17,투자손익,2025.2Q,63512.91171,48547.93931
KR0104,농협생명보험,,생명보험,18,투자이익,2025.2Q,805403.392289,428217.723229
KR0104,농협생명보험,,생명보험,19,보험금융손익,2025.2Q,-741890.480579,-379669.783919
KR0104,농협생명보험,,생명보험,20,영업이익,2025.2Q,263714.15202,148976.592284
KR0104,농협생명보험,,생명보험,21,영업외손익,2025.2Q,-65756.586758,-33531.114323
KR0104,농협생명보험,,생명보험,22,세전이익,2025.2Q,197957.565262,115445.477961
KR0104,농협생명보험,,생명보험,23,법인세,2025.2Q,43241.338586,25872.802184
KR0104,농협생명보험,,생명보험,24,당기순이익,2025.2Q,154716.226676,89572.675777
KR0104,농협생명보험,,생명보험,1,보험손익,2025.3Q,306169.987221,105968.746911
KR0104,농협생명보험,,생명보험,2,생명장기 손익,2025.3Q,343905.19192,119584.696856
KR0104,농협생명보험,,생명보험,3,생명장기 원수손익,2025.3Q,346084.251601,118192.842842
KR0104,농협생명보험,,생명보험,4,원수 CSM상각,2025.3Q,306175.0,101763.0
KR0104,농협생명보험,,생명보험,5,원수 위험조정 변동,2025.3Q,32327.0,10453.0
KR0104,농협생명보험,,생명보험,6,원수 예실차,2025.3Q,54423.0,9969.0
KR0104,농협생명보험,,생명보험,7,기타 생명장기 원수손익,2025.3Q,-46840.748399,-3992.157158
KR0104,농협생명보험,,생명보험,8,생명장기 재보험손익,2025.3Q,-2179.059681,1391.854014
KR0104,농협생명보험,,생명보험,9,재보험 CSM상각,2025.3Q,-1563.0,-466.0
KR0104,농협생명보험,,생명보험,10,재보험 위험조정 변동,2025.3Q,-208.0,-66.0
KR0104,농협생명보험,,생명보험,11,재보험 예실차,2025.3Q,90.0,1471.0
KR0104,농협생명보험,,생명보험,12,기타 생명장기 재보험손익,2025.3Q,-498.059681,452.854014
KR0104,농협생명보험,,생명보험,13,자동차손익,2025.3Q,0.0,0.0
KR0104,농협생명보험,,생명보험,14,일반손익,2025.3Q,0.0,0.0
KR0104,농협생명보험,,생명보험,15,기타영업수익,2025.3Q,0.0,0.0
KR0104,농협생명보험,,생명보험,16,기타사업비용,2025.3Q,37735.204699,13615.949945
KR0104,농협생명보험,,생명보험,17,투자손익,2025.3Q,65243.891632,1730.979922
KR0104,농협생명보험,,생명보험,18,투자이익,2025.3Q,1191833.113875,386429.721586
KR0104,농협생명보험,,생명보험,19,보험금융손익,2025.3Q,-1126589.222243,-384698.741664
KR0104,농협생명보험,,생명보험,20,영업이익,2025.3Q,371413.878853,107699.726833
KR0104,농협생명보험,,생명보험,21,영업외손익,2025.3Q,-99791.905271,-34035.318513
KR0104,농협생명보험,,생명보험,22,세전이익,2025.3Q,271621.973582,73664.40832
KR0104,농협생명보험,,생명보험,23,법인세,2025.3Q,60759.825611,17518.487025
KR0104,농협생명보험,,생명보험,24,당기순이익,2025.3Q,210862.147971,56145.921295
KR0104,농협생명보험,,생명보험,1,보험손익,2025.4Q,389177.046593,83007.059372
KR0104,농협생명보험,,생명보험,2,생명장기 손익,2025.4Q,441925.784382,98020.592462
KR0104,농협생명보험,,생명보험,3,생명장기 원수손익,2025.4Q,442577.973851,96493.72225
KR0104,농협생명보험,,생명보험,4,원수 CSM상각,2025.4Q,401662.0,95487.0
KR0104,농협생명보험,,생명보험,5,원수 위험조정 변동,2025.4Q,42623.0,10296.0
KR0104,농협생명보험,,생명보험,6,원수 예실차,2025.4Q,61554.0,7131.0
KR0104,농협생명보험,,생명보험,7,기타 생명장기 원수손익,2025.4Q,-63261.026149,-16420.27775
KR0104,농협생명보험,,생명보험,8,생명장기 재보험손익,2025.4Q,-652.189469,1526.870212
KR0104,농협생명보험,,생명보험,9,재보험 CSM상각,2025.4Q,-2009.0,-446.0
KR0104,농협생명보험,,생명보험,10,재보험 위험조정 변동,2025.4Q,-263.0,-55.0
KR0104,농협생명보험,,생명보험,11,재보험 예실차,2025.4Q,534.0,444.0
KR0104,농협생명보험,,생명보험,12,기타 생명장기 재보험손익,2025.4Q,1085.810531,1583.870212
KR0104,농협생명보험,,생명보험,13,자동차손익,2025.4Q,0.0,0.0
KR0104,농협생명보험,,생명보험,14,일반손익,2025.4Q,0.0,0.0
KR0104,농협생명보험,,생명보험,15,기타영업수익,2025.4Q,0.0,0.0
KR0104,농협생명보험,,생명보험,16,기타사업비용,2025.4Q,52748.737789,15013.53309
KR0104,농협생명보험,,생명보험,17,투자손익,2025.4Q,64906.601041,-337.290591
KR0104,농협생명보험,,생명보험,18,투자이익,2025.4Q,1561878.12397,370045.010095
KR0104,농협생명보험,,생명보험,19,보험금융손익,2025.4Q,-1496971.522929,-370382.300686
KR0104,농협생명보험,,생명보험,20,영업이익,2025.4Q,454083.647634,82669.768781
KR0104,농협생명보험,,생명보험,21,영업외손익,2025.4Q,-130129.808601,-30337.90333
KR0104,농협생명보험,,생명보험,22,세전이익,2025.4Q,323953.839033,52331.865451
KR0104,농협생명보험,,생명보험,23,법인세,2025.4Q,108405.294994,47645.469383
KR0104,농협생명보험,,생명보험,24,당기순이익,2025.4Q,215548.544039,4686.396068
KR0104,농협생명보험,,생명보험,1,보험손익,2026.1Q,73479.519912,73479.519912
KR0104,농협생명보험,,생명보험,2,생명장기 손익,2026.1Q,85655.769538,85655.769538
KR0104,농협생명보험,,생명보험,3,생명장기 원수손익,2026.1Q,86450.896243,86450.896243
KR0104,농협생명보험,,생명보험,4,원수 CSM상각,2026.1Q,99322.0,99322.0
KR0104,농협생명보험,,생명보험,5,원수 위험조정 변동,2026.1Q,10094.0,10094.0
KR0104,농협생명보험,,생명보험,6,원수 예실차,2026.1Q,-12475.0,-12475.0
KR0104,농협생명보험,,생명보험,7,기타 생명장기 원수손익,2026.1Q,-10490.103757,-10490.103757
KR0104,농협생명보험,,생명보험,8,생명장기 재보험손익,2026.1Q,-795.126705,-795.126705
KR0104,농협생명보험,,생명보험,9,재보험 CSM상각,2026.1Q,-38.0,-38.0
KR0104,농협생명보험,,생명보험,10,재보험 위험조정 변동,2026.1Q,-88.0,-88.0
KR0104,농협생명보험,,생명보험,11,재보험 예실차,2026.1Q,805.0,805.0
KR0104,농협생명보험,,생명보험,12,기타 생명장기 재보험손익,2026.1Q,-1474.126705,-1474.126705
KR0104,농협생명보험,,생명보험,13,자동차손익,2026.1Q,0.0,0.0
KR0104,농협생명보험,,생명보험,14,일반손익,2026.1Q,0.0,0.0
KR0104,농협생명보험,,생명보험,15,기타영업수익,2026.1Q,0.0,0.0
KR0104,농협생명보험,,생명보험,16,기타사업비용,2026.1Q,12176.249626,12176.249626
KR0104,농협생명보험,,생명보험,17,투자손익,2026.1Q,-11813.872174,-11813.872174
KR0104,농협생명보험,,생명보험,18,투자이익,2026.1Q,380017.506182,380017.506182
KR0104,농협생명보험,,생명보험,19,보험금융손익,2026.1Q,-391831.378356,-391831.378356
KR0104,농협생명보험,,생명보험,20,영업이익,2026.1Q,61665.647738,61665.647738
KR0104,농협생명보험,,생명보험,21,영업외손익,2026.1Q,-27007.374652,-27007.374652
KR0104,농협생명보험,,생명보험,22,세전이익,2026.1Q,34658.273086,34658.273086
KR0104,농협생명보험,,생명보험,23,법인세,2026.1Q,7442.85012,7442.85012
KR0104,농협생명보험,,생명보험,24,당기순이익,2026.1Q,27215.422966,27215.422966
KR0104,농협생명보험,,생명보험,1,보험손익,2026.2Q,116306.935197,42827.415285
KR0104,농협생명보험,,생명보험,2,생명장기 손익,2026.2Q,142540.786604,56885.017066
KR0104,농협생명보험,,생명보험,3,생명장기 원수손익,2026.2Q,139012.168929,52561.272686
KR0104,농협생명보험,,생명보험,4,원수 CSM상각,2026.2Q,203509.0,104187.0
KR0104,농협생명보험,,생명보험,5,원수 위험조정 변동,2026.2Q,20488.0,10394.0
KR0104,농협생명보험,,생명보험,6,원수 예실차,2026.2Q,-23346.0,-10871.0
KR0104,농협생명보험,,생명보험,7,기타 생명장기 원수손익,2026.2Q,-61638.831071,-51148.727314
KR0104,농협생명보험,,생명보험,8,생명장기 재보험손익,2026.2Q,3528.617675,4323.74438
KR0104,농협생명보험,,생명보험,9,재보험 CSM상각,2026.2Q,-264.0,-226.0
KR0104,농협생명보험,,생명보험,10,재보험 위험조정 변동,2026.2Q,-172.0,-84.0
KR0104,농협생명보험,,생명보험,11,재보험 예실차,2026.2Q,1278.0,473.0
KR0104,농협생명보험,,생명보험,12,기타 생명장기 재보험손익,2026.2Q,2686.617675,4160.74438
KR0104,농협생명보험,,생명보험,13,자동차손익,2026.2Q,0.0,0.0
KR0104,농협생명보험,,생명보험,14,일반손익,2026.2Q,0.0,0.0
KR0104,농협생명보험,,생명보험,15,기타영업수익,2026.2Q,0.0,0.0
KR0104,농협생명보험,,생명보험,16,기타사업비용,2026.2Q,26233.851407,14057.601781
KR0104,농협생명보험,,생명보험,17,투자손익,2026.2Q,-4323.068031,7490.804143
KR0104,농협생명보험,,생명보험,18,투자이익,2026.2Q,777037.698845,397020.192663
KR0104,농협생명보험,,생명보험,19,보험금융손익,2026.2Q,-781360.766876,-389529.38852
KR0104,농협생명보험,,생명보험,20,영업이익,2026.2Q,111983.867166,50318.219428
KR0104,농협생명보험,,생명보험,21,영업외손익,2026.2Q,-53395.713366,-26388.338714
KR0104,농협생명보험,,생명보험,22,세전이익,2026.2Q,58588.1538,23929.880714
KR0104,농협생명보험,,생명보험,23,법인세,2026.2Q,23532.94927,16090.09915
KR0104,농협생명보험,,생명보험,24,당기순이익,2026.2Q,35055.20453,7839.781564
KR0150,서울보증보험,,손해보험,1,보험손익,2025.1Q,2709.513001,2709.513001
KR0150,서울보증보험,,손해보험,2,생명장기 손익,2025.1Q,,
KR0150,서울보증보험,,손해보험,3,생명장기 원수손익,2025.1Q,,
KR0150,서울보증보험,,손해보험,4,원수 CSM상각,2025.1Q,,
KR0150,서울보증보험,,손해보험,5,원수 위험조정 변동,2025.1Q,,
KR0150,서울보증보험,,손해보험,6,원수 예실차,2025.1Q,,
KR0150,서울보증보험,,손해보험,7,기타 생명장기 원수손익,2025.1Q,,
KR0150,서울보증보험,,손해보험,8,생명장기 재보험손익,2025.1Q,,
KR0150,서울보증보험,,손해보험,9,재보험 CSM상각,2025.1Q,,
KR0150,서울보증보험,,손해보험,10,재보험 위험조정 변동,2025.1Q,,
KR0150,서울보증보험,,손해보험,11,재보험 예실차,2025.1Q,,
KR0150,서울보증보험,,손해보험,12,기타 생명장기 재보험손익,2025.1Q,,
KR0150,서울보증보험,,손해보험,13,자동차손익,2025.1Q,,
KR0150,서울보증보험,,손해보험,14,일반손익,2025.1Q,,
KR0150,서울보증보험,,손해보험,15,기타영업수익,2025.1Q,0.0,0.0
KR0150,서울보증보험,,손해보험,16,기타사업비용,2025.1Q,11967.49207,11967.49207
KR0150,서울보증보험,,손해보험,17,투자손익,2025.1Q,23669.916449,23669.916449
KR0150,서울보증보험,,손해보험,18,투자이익,2025.1Q,50359.610163,50359.610163
KR0150,서울보증보험,,손해보험,19,보험금융손익,2025.1Q,-26689.693714,-26689.693714
KR0150,서울보증보험,,손해보험,20,영업이익,2025.1Q,26379.42945,26379.42945
KR0150,서울보증보험,,손해보험,21,영업외손익,2025.1Q,-1113.520484,-1113.520484
KR0150,서울보증보험,,손해보험,22,세전이익,2025.1Q,25265.908966,25265.908966
KR0150,서울보증보험,,손해보험,23,법인세,2025.1Q,6194.373513,6194.373513
KR0150,서울보증보험,,손해보험,24,당기순이익,2025.1Q,19071.535453,19071.535453
KR0150,서울보증보험,,손해보험,1,보험손익,2025.2Q,45779.845188,43070.332187
KR0150,서울보증보험,,손해보험,2,생명장기 손익,2025.2Q,,
KR0150,서울보증보험,,손해보험,3,생명장기 원수손익,2025.2Q,,
KR0150,서울보증보험,,손해보험,4,원수 CSM상각,2025.2Q,,
KR0150,서울보증보험,,손해보험,5,원수 위험조정 변동,2025.2Q,,
KR0150,서울보증보험,,손해보험,6,원수 예실차,2025.2Q,,
KR0150,서울보증보험,,손해보험,7,기타 생명장기 원수손익,2025.2Q,,
KR0150,서울보증보험,,손해보험,8,생명장기 재보험손익,2025.2Q,,
KR0150,서울보증보험,,손해보험,9,재보험 CSM상각,2025.2Q,,
KR0150,서울보증보험,,손해보험,10,재보험 위험조정 변동,2025.2Q,,
KR0150,서울보증보험,,손해보험,11,재보험 예실차,2025.2Q,,
KR0150,서울보증보험,,손해보험,12,기타 생명장기 재보험손익,2025.2Q,,
KR0150,서울보증보험,,손해보험,13,자동차손익,2025.2Q,,
KR0150,서울보증보험,,손해보험,14,일반손익,2025.2Q,,
KR0150,서울보증보험,,손해보험,15,기타영업수익,2025.2Q,0.0,0.0
KR0150,서울보증보험,,손해보험,16,기타사업비용,2025.2Q,23260.723288,11293.231218
KR0150,서울보증보험,,손해보험,17,투자손익,2025.2Q,64829.383686,41159.467237
KR0150,서울보증보험,,손해보험,18,투자이익,2025.2Q,-52504.79746,-102864.407623
KR0150,서울보증보험,,손해보험,19,보험금융손익,2025.2Q,117334.181146,144023.87486
KR0150,서울보증보험,,손해보험,20,영업이익,2025.2Q,110609.228874,84229.799424
KR0150,서울보증보험,,손해보험,21,영업외손익,2025.2Q,-423.987673,689.532811
KR0150,서울보증보험,,손해보험,22,세전이익,2025.2Q,110185.241201,84919.332235
KR0150,서울보증보험,,손해보험,23,법인세,2025.2Q,25911.286071,19716.912558
KR0150,서울보증보험,,손해보험,24,당기순이익,2025.2Q,84273.95513,65202.419677
KR0150,서울보증보험,,손해보험,1,보험손익,2025.3Q,101122.270579,55342.425391
KR0150,서울보증보험,,손해보험,2,생명장기 손익,2025.3Q,,
KR0150,서울보증보험,,손해보험,3,생명장기 원수손익,2025.3Q,,
KR0150,서울보증보험,,손해보험,4,원수 CSM상각,2025.3Q,,
KR0150,서울보증보험,,손해보험,5,원수 위험조정 변동,2025.3Q,,
KR0150,서울보증보험,,손해보험,6,원수 예실차,2025.3Q,,
KR0150,서울보증보험,,손해보험,7,기타 생명장기 원수손익,2025.3Q,,
KR0150,서울보증보험,,손해보험,8,생명장기 재보험손익,2025.3Q,,
KR0150,서울보증보험,,손해보험,9,재보험 CSM상각,2025.3Q,,
KR0150,서울보증보험,,손해보험,10,재보험 위험조정 변동,2025.3Q,,
KR0150,서울보증보험,,손해보험,11,재보험 예실차,2025.3Q,,
KR0150,서울보증보험,,손해보험,12,기타 생명장기 재보험손익,2025.3Q,,
KR0150,서울보증보험,,손해보험,13,자동차손익,2025.3Q,,
KR0150,서울보증보험,,손해보험,14,일반손익,2025.3Q,,
KR0150,서울보증보험,,손해보험,15,기타영업수익,2025.3Q,0.0,0.0
KR0150,서울보증보험,,손해보험,16,기타사업비용,2025.3Q,29783.072812,6522.349524
KR0150,서울보증보험,,손해보험,17,투자손익,2025.3Q,89541.721841,24712.338155
KR0150,서울보증보험,,손해보험,18,투자이익,2025.3Q,-78308.545382,-25803.747922
KR0150,서울보증보험,,손해보험,19,보험금융손익,2025.3Q,167850.267223,50516.086077
KR0150,서울보증보험,,손해보험,20,영업이익,2025.3Q,190663.99242,80054.763546
KR0150,서울보증보험,,손해보험,21,영업외손익,2025.3Q,-54.036939,369.950734
KR0150,서울보증보험,,손해보험,22,세전이익,2025.3Q,190609.955481,80424.71428
KR0150,서울보증보험,,손해보험,23,법인세,2025.3Q,45048.897481,19137.61141
KR0150,서울보증보험,,손해보험,24,당기순이익,2025.3Q,145561.058,61287.10287
KR0150,서울보증보험,,손해보험,1,보험손익,2025.4Q,251088.13241,149965.861831
KR0150,서울보증보험,,손해보험,2,생명장기 손익,2025.4Q,,
KR0150,서울보증보험,,손해보험,3,생명장기 원수손익,2025.4Q,,
KR0150,서울보증보험,,손해보험,4,원수 CSM상각,2025.4Q,,
KR0150,서울보증보험,,손해보험,5,원수 위험조정 변동,2025.4Q,,
KR0150,서울보증보험,,손해보험,6,원수 예실차,2025.4Q,,
KR0150,서울보증보험,,손해보험,7,기타 생명장기 원수손익,2025.4Q,,
KR0150,서울보증보험,,손해보험,8,생명장기 재보험손익,2025.4Q,,
KR0150,서울보증보험,,손해보험,9,재보험 CSM상각,2025.4Q,,
KR0150,서울보증보험,,손해보험,10,재보험 위험조정 변동,2025.4Q,,
KR0150,서울보증보험,,손해보험,11,재보험 예실차,2025.4Q,,
KR0150,서울보증보험,,손해보험,12,기타 생명장기 재보험손익,2025.4Q,,
KR0150,서울보증보험,,손해보험,13,자동차손익,2025.4Q,,
KR0150,서울보증보험,,손해보험,14,일반손익,2025.4Q,,
KR0150,서울보증보험,,손해보험,15,기타영업수익,2025.4Q,0.0,0.0
KR0150,서울보증보험,,손해보험,16,기타사업비용,2025.4Q,12969.341727,-16813.731085
KR0150,서울보증보험,,손해보험,17,투자손익,2025.4Q,120241.925485,30700.203644
KR0150,서울보증보험,,손해보험,18,투자이익,2025.4Q,-96152.903798,-17844.358416
KR0150,서울보증보험,,손해보험,19,보험금융손익,2025.4Q,216394.829283,48544.56206
KR0150,서울보증보험,,손해보험,20,영업이익,2025.4Q,371330.057895,180666.065475
KR0150,서울보증보험,,손해보험,21,영업외손익,2025.4Q,-1977.102115,-1923.065176
KR0150,서울보증보험,,손해보험,22,세전이익,2025.4Q,369352.95578,178743.000299
KR0150,서울보증보험,,손해보험,23,법인세,2025.4Q,105108.707125,60059.809644
KR0150,서울보증보험,,손해보험,24,당기순이익,2025.4Q,264244.248655,118683.190655
KR0150,서울보증보험,,손해보험,1,보험손익,2026.1Q,62503.982901,62503.982901
KR0150,서울보증보험,,손해보험,2,생명장기 손익,2026.1Q,,
KR0150,서울보증보험,,손해보험,3,생명장기 원수손익,2026.1Q,,
KR0150,서울보증보험,,손해보험,4,원수 CSM상각,2026.1Q,,
KR0150,서울보증보험,,손해보험,5,원수 위험조정 변동,2026.1Q,,
KR0150,서울보증보험,,손해보험,6,원수 예실차,2026.1Q,,
KR0150,서울보증보험,,손해보험,7,기타 생명장기 원수손익,2026.1Q,,
KR0150,서울보증보험,,손해보험,8,생명장기 재보험손익,2026.1Q,,
KR0150,서울보증보험,,손해보험,9,재보험 CSM상각,2026.1Q,,
KR0150,서울보증보험,,손해보험,10,재보험 위험조정 변동,2026.1Q,,
KR0150,서울보증보험,,손해보험,11,재보험 예실차,2026.1Q,,
KR0150,서울보증보험,,손해보험,12,기타 생명장기 재보험손익,2026.1Q,,
KR0150,서울보증보험,,손해보험,13,자동차손익,2026.1Q,,
KR0150,서울보증보험,,손해보험,14,일반손익,2026.1Q,,
KR0150,서울보증보험,,손해보험,15,기타영업수익,2026.1Q,0.0,0.0
KR0150,서울보증보험,,손해보험,16,기타사업비용,2026.1Q,8606.671162,8606.671162
KR0150,서울보증보험,,손해보험,17,투자손익,2026.1Q,29859.884065,29859.884065
KR0150,서울보증보험,,손해보험,18,투자이익,2026.1Q,-39069.970694,-39069.970694
KR0150,서울보증보험,,손해보험,19,보험금융손익,2026.1Q,68929.854759,68929.854759
KR0150,서울보증보험,,손해보험,20,영업이익,2026.1Q,92363.866966,92363.866966
KR0150,서울보증보험,,손해보험,21,영업외손익,2026.1Q,-7722.906063,-7722.906063
KR0150,서울보증보험,,손해보험,22,세전이익,2026.1Q,84640.960903,84640.960903
KR0150,서울보증보험,,손해보험,23,법인세,2026.1Q,27766.901606,27766.901606
KR0150,서울보증보험,,손해보험,24,당기순이익,2026.1Q,56874.059297,56874.059297
KR0150,서울보증보험,,손해보험,1,보험손익,2026.2Q,113549.258166,51045.275265
KR0150,서울보증보험,,손해보험,2,생명장기 손익,2026.2Q,,
KR0150,서울보증보험,,손해보험,3,생명장기 원수손익,2026.2Q,,
KR0150,서울보증보험,,손해보험,4,원수 CSM상각,2026.2Q,,
KR0150,서울보증보험,,손해보험,5,원수 위험조정 변동,2026.2Q,,
KR0150,서울보증보험,,손해보험,6,원수 예실차,2026.2Q,,
KR0150,서울보증보험,,손해보험,7,기타 생명장기 원수손익,2026.2Q,,
KR0150,서울보증보험,,손해보험,8,생명장기 재보험손익,2026.2Q,,
KR0150,서울보증보험,,손해보험,9,재보험 CSM상각,2026.2Q,,
KR0150,서울보증보험,,손해보험,10,재보험 위험조정 변동,2026.2Q,,
KR0150,서울보증보험,,손해보험,11,재보험 예실차,2026.2Q,,
KR0150,서울보증보험,,손해보험,12,기타 생명장기 재보험손익,2026.2Q,,
KR0150,서울보증보험,,손해보험,13,자동차손익,2026.2Q,,
KR0150,서울보증보험,,손해보험,14,일반손익,2026.2Q,,
KR0150,서울보증보험,,손해보험,15,기타영업수익,2026.2Q,0.0,0.0
KR0150,서울보증보험,,손해보험,16,기타사업비용,2026.2Q,16228.840576,7622.169414
KR0150,서울보증보험,,손해보험,17,투자손익,2026.2Q,65562.954957,35703.070892
KR0150,서울보증보험,,손해보험,18,투자이익,2026.2Q,122417.647859,161487.618553
KR0150,서울보증보험,,손해보험,19,보험금융손익,2026.2Q,-56854.692902,-125784.547661
KR0150,서울보증보험,,손해보험,20,영업이익,2026.2Q,179112.213123,86748.346157
KR0150,서울보증보험,,손해보험,21,영업외손익,2026.2Q,-7987.928668,-265.022605
KR0150,서울보증보험,,손해보험,22,세전이익,2026.2Q,171124.284455,86483.323552
KR0150,서울보증보험,,손해보험,23,법인세,2026.2Q,48769.228887,21002.327281
KR0150,서울보증보험,,손해보험,24,당기순이익,2026.2Q,122355.055568,65480.996271
KR1000,코리안리재보험,,손해보험,1,보험손익,2023.1Q,,
KR1000,코리안리재보험,,손해보험,2,생명장기 손익,2023.1Q,13988.0,13988.0
KR1000,코리안리재보험,,손해보험,3,생명장기 원수손익,2023.1Q,31464.0,31464.0
KR1000,코리안리재보험,,손해보험,4,원수 CSM상각,2023.1Q,30515.0,30515.0
KR1000,코리안리재보험,,손해보험,5,원수 위험조정 변동,2023.1Q,4359.0,4359.0
KR1000,코리안리재보험,,손해보험,6,원수 예실차,2023.1Q,-77464.0,-77464.0
KR1000,코리안리재보험,,손해보험,7,기타 생명장기 원수손익,2023.1Q,74054.0,74054.0
KR1000,코리안리재보험,,손해보험,8,생명장기 재보험손익,2023.1Q,-17476.0,-17476.0
KR1000,코리안리재보험,,손해보험,9,재보험 CSM상각,2023.1Q,-1264.0,-1264.0
KR1000,코리안리재보험,,손해보험,10,재보험 위험조정 변동,2023.1Q,-168.0,-168.0
KR1000,코리안리재보험,,손해보험,11,재보험 예실차,2023.1Q,-4395.0,-4395.0
KR1000,코리안리재보험,,손해보험,12,기타 생명장기 재보험손익,2023.1Q,-11649.0,-11649.0
KR1000,코리안리재보험,,손해보험,13,자동차손익,2023.1Q,,
KR1000,코리안리재보험,,손해보험,14,일반손익,2023.1Q,75953.0,75953.0
KR1000,코리안리재보험,,손해보험,15,기타영업수익,2023.1Q,,
KR1000,코리안리재보험,,손해보험,16,기타사업비용,2023.1Q,,
KR1000,코리안리재보험,,손해보험,17,투자손익,2023.1Q,,
KR1000,코리안리재보험,,손해보험,18,투자이익,2023.1Q,,
KR1000,코리안리재보험,,손해보험,19,보험금융손익,2023.1Q,,
KR1000,코리안리재보험,,손해보험,20,영업이익,2023.1Q,,
KR1000,코리안리재보험,,손해보험,21,영업외손익,2023.1Q,,
KR1000,코리안리재보험,,손해보험,22,세전이익,2023.1Q,,
KR1000,코리안리재보험,,손해보험,23,법인세,2023.1Q,,
KR1000,코리안리재보험,,손해보험,24,당기순이익,2023.1Q,,
KR1000,코리안리재보험,,손해보험,2-1,장기재보험 손익,2023.1Q,28345.0,28345.0
KR1000,코리안리재보험,,손해보험,3-1,장기재보험 수재손익,2023.1Q,32312.0,32312.0
KR1000,코리안리재보험,,손해보험,4-1,수재 CSM상각,2023.1Q,11107.0,11107.0
KR1000,코리안리재보험,,손해보험,5-1,수재 위험조정 변동,2023.1Q,1936.0,1936.0
KR1000,코리안리재보험,,손해보험,6-1,수재 예실차,2023.1Q,-169172.0,-169172.0
KR1000,코리안리재보험,,손해보험,7-1,기타 장기재보험 수재손익,2023.1Q,188441.0,188441.0
KR1000,코리안리재보험,,손해보험,8-1,장기재보험 출재손익,2023.1Q,-3967.0,-3967.0
KR1000,코리안리재보험,,손해보험,9-1,출재 CSM상각,2023.1Q,-1379.0,-1379.0
KR1000,코리안리재보험,,손해보험,10-1,출재 위험조정 변동,2023.1Q,-80.0,-80.0
KR1000,코리안리재보험,,손해보험,11-1,출재 예실차,2023.1Q,1571.0,1571.0
KR1000,코리안리재보험,,손해보험,12-1,기타 장기재보험 출재손익,2023.1Q,-4079.0,-4079.0
KR1000,코리안리재보험,,손해보험,1,보험손익,2023.2Q,,
KR1000,코리안리재보험,,손해보험,2,생명장기 손익,2023.2Q,36611.0,22623.0
KR1000,코리안리재보험,,손해보험,3,생명장기 원수손익,2023.2Q,48481.0,17017.0
KR1000,코리안리재보험,,손해보험,4,원수 CSM상각,2023.2Q,50150.0,19635.0
KR1000,코리안리재보험,,손해보험,5,원수 위험조정 변동,2023.2Q,8835.0,4476.0
KR1000,코리안리재보험,,손해보험,6,원수 예실차,2023.2Q,-155418.0,-77954.0
KR1000,코리안리재보험,,손해보험,7,기타 생명장기 원수손익,2023.2Q,144914.0,70860.0
KR1000,코리안리재보험,,손해보험,8,생명장기 재보험손익,2023.2Q,-11870.0,5606.0
KR1000,코리안리재보험,,손해보험,9,재보험 CSM상각,2023.2Q,-2360.0,-1096.0
KR1000,코리안리재보험,,손해보험,10,재보험 위험조정 변동,2023.2Q,-316.0,-148.0
KR1000,코리안리재보험,,손해보험,11,재보험 예실차,2023.2Q,23110.0,27505.0
KR1000,코리안리재보험,,손해보험,12,기타 생명장기 재보험손익,2023.2Q,-32304.0,-20655.0
KR1000,코리안리재보험,,손해보험,13,자동차손익,2023.2Q,,
KR1000,코리안리재보험,,손해보험,14,일반손익,2023.2Q,192135.0,116182.0
KR1000,코리안리재보험,,손해보험,15,기타영업수익,2023.2Q,,
KR1000,코리안리재보험,,손해보험,16,기타사업비용,2023.2Q,,
KR1000,코리안리재보험,,손해보험,17,투자손익,2023.2Q,,
KR1000,코리안리재보험,,손해보험,18,투자이익,2023.2Q,,
KR1000,코리안리재보험,,손해보험,19,보험금융손익,2023.2Q,,
KR1000,코리안리재보험,,손해보험,20,영업이익,2023.2Q,,
KR1000,코리안리재보험,,손해보험,21,영업외손익,2023.2Q,,
KR1000,코리안리재보험,,손해보험,22,세전이익,2023.2Q,,
KR1000,코리안리재보험,,손해보험,23,법인세,2023.2Q,,
KR1000,코리안리재보험,,손해보험,24,당기순이익,2023.2Q,,
KR1000,코리안리재보험,,손해보험,2-1,장기재보험 손익,2023.2Q,33099.0,4754.0
KR1000,코리안리재보험,,손해보험,3-1,장기재보험 수재손익,2023.2Q,34072.0,1760.0
KR1000,코리안리재보험,,손해보험,4-1,수재 CSM상각,2023.2Q,20462.0,9355.0
KR1000,코리안리재보험,,손해보험,5-1,수재 위험조정 변동,2023.2Q,3712.0,1776.0
KR1000,코리안리재보험,,손해보험,6-1,수재 예실차,2023.2Q,-308335.0,-139163.0
KR1000,코리안리재보험,,손해보험,7-1,기타 장기재보험 수재손익,2023.2Q,318233.0,129792.0
KR1000,코리안리재보험,,손해보험,8-1,장기재보험 출재손익,2023.2Q,-973.0,2994.0
KR1000,코리안리재보험,,손해보험,9-1,출재 CSM상각,2023.2Q,-2412.0,-1033.0
KR1000,코리안리재보험,,손해보험,10-1,출재 위험조정 변동,2023.2Q,-152.0,-72.0
KR1000,코리안리재보험,,손해보험,11-1,출재 예실차,2023.2Q,4473.0,2902.0
KR1000,코리안리재보험,,손해보험,12-1,기타 장기재보험 출재손익,2023.2Q,-2882.0,1197.0
KR1000,코리안리재보험,,손해보험,1,보험손익,2023.3Q,194858.506221,
KR1000,코리안리재보험,,손해보험,2,생명장기 손익,2023.3Q,79024.0,42413.0
KR1000,코리안리재보험,,손해보험,3,생명장기 원수손익,2023.3Q,83526.0,35045.0
KR1000,코리안리재보험,,손해보험,4,원수 CSM상각,2023.3Q,63815.0,13665.0
KR1000,코리안리재보험,,손해보험,5,원수 위험조정 변동,2023.3Q,12679.0,3844.0
KR1000,코리안리재보험,,손해보험,6,원수 예실차,2023.3Q,-197266.0,-41848.0
KR1000,코리안리재보험,,손해보험,7,기타 생명장기 원수손익,2023.3Q,204298.0,59384.0
KR1000,코리안리재보험,,손해보험,8,생명장기 재보험손익,2023.3Q,-4502.0,7368.0
KR1000,코리안리재보험,,손해보험,9,재보험 CSM상각,2023.3Q,4791.0,7151.0
KR1000,코리안리재보험,,손해보험,10,재보험 위험조정 변동,2023.3Q,-570.0,-254.0
KR1000,코리안리재보험,,손해보험,11,재보험 예실차,2023.3Q,27675.0,4565.0
KR1000,코리안리재보험,,손해보험,12,기타 생명장기 재보험손익,2023.3Q,-36398.0,-4094.0
KR1000,코리안리재보험,,손해보험,13,자동차손익,2023.3Q,,
KR1000,코리안리재보험,,손해보험,14,일반손익,2023.3Q,132288.0,-59847.0
KR1000,코리안리재보험,,손해보험,15,기타영업수익,2023.3Q,0.0,
KR1000,코리안리재보험,,손해보험,16,기타사업비용,2023.3Q,72748.829368,
KR1000,코리안리재보험,,손해보험,17,투자손익,2023.3Q,183692.948135,
KR1000,코리안리재보험,,손해보험,18,투자이익,2023.3Q,344885.857014,
KR1000,코리안리재보험,,손해보험,19,보험금융손익,2023.3Q,-161192.908879,
KR1000,코리안리재보험,,손해보험,20,영업이익,2023.3Q,378551.454356,
KR1000,코리안리재보험,,손해보험,21,영업외손익,2023.3Q,-364.861931,
KR1000,코리안리재보험,,손해보험,22,세전이익,2023.3Q,378186.592425,
KR1000,코리안리재보험,,손해보험,23,법인세,2023.3Q,85242.919832,
KR1000,코리안리재보험,,손해보험,24,당기순이익,2023.3Q,292943.672593,
KR1000,코리안리재보험,,손해보험,2-1,장기재보험 손익,2023.3Q,56295.0,23196.0
KR1000,코리안리재보험,,손해보험,3-1,장기재보험 수재손익,2023.3Q,68826.0,34754.0
KR1000,코리안리재보험,,손해보험,4-1,수재 CSM상각,2023.3Q,28496.0,8034.0
KR1000,코리안리재보험,,손해보험,5-1,수재 위험조정 변동,2023.3Q,4807.0,1095.0
KR1000,코리안리재보험,,손해보험,6-1,수재 예실차,2023.3Q,-414023.0,-105688.0
KR1000,코리안리재보험,,손해보험,7-1,기타 장기재보험 수재손익,2023.3Q,449546.0,131313.0
KR1000,코리안리재보험,,손해보험,8-1,장기재보험 출재손익,2023.3Q,-12531.0,-11558.0
KR1000,코리안리재보험,,손해보험,9-1,출재 CSM상각,2023.3Q,-3219.0,-807.0
KR1000,코리안리재보험,,손해보험,10-1,출재 위험조정 변동,2023.3Q,-236.0,-84.0
KR1000,코리안리재보험,,손해보험,11-1,출재 예실차,2023.3Q,15373.0,10900.0
KR1000,코리안리재보험,,손해보험,12-1,기타 장기재보험 출재손익,2023.3Q,-24449.0,-21567.0
KR1000,코리안리재보험,,손해보험,1,보험손익,2023.4Q,209200.464579,14341.958358
KR1000,코리안리재보험,,손해보험,2,생명장기 손익,2023.4Q,77732.0,-1292.0
KR1000,코리안리재보험,,손해보험,3,생명장기 원수손익,2023.4Q,83438.0,-88.0
KR1000,코리안리재보험,,손해보험,4,원수 CSM상각,2023.4Q,77002.0,13187.0
KR1000,코리안리재보험,,손해보험,5,원수 위험조정 변동,2023.4Q,15747.0,3068.0
KR1000,코리안리재보험,,손해보험,6,원수 예실차,2023.4Q,-316998.0,-119732.0
KR1000,코리안리재보험,,손해보험,7,기타 생명장기 원수손익,2023.4Q,307687.0,103389.0
KR1000,코리안리재보험,,손해보험,8,생명장기 재보험손익,2023.4Q,-5706.0,-1204.0
KR1000,코리안리재보험,,손해보험,9,재보험 CSM상각,2023.4Q,1033.0,-3758.0
KR1000,코리안리재보험,,손해보험,10,재보험 위험조정 변동,2023.4Q,-812.0,-242.0
KR1000,코리안리재보험,,손해보험,11,재보험 예실차,2023.4Q,13178.0,-14497.0
KR1000,코리안리재보험,,손해보험,12,기타 생명장기 재보험손익,2023.4Q,-19105.0,17293.0
KR1000,코리안리재보험,,손해보험,13,자동차손익,2023.4Q,,
KR1000,코리안리재보험,,손해보험,14,일반손익,2023.4Q,158917.0,26629.0
KR1000,코리안리재보험,,손해보험,15,기타영업수익,2023.4Q,0.0,0.0
KR1000,코리안리재보험,,손해보험,16,기타사업비용,2023.4Q,93929.090812,21180.261444
KR1000,코리안리재보험,,손해보험,17,투자손익,2023.4Q,156011.854544,-27681.093591
KR1000,코리안리재보험,,손해보험,18,투자이익,2023.4Q,289115.169681,-55770.687333
KR1000,코리안리재보험,,손해보험,19,보험금융손익,2023.4Q,-133103.315137,28089.593742
KR1000,코리안리재보험,,손해보험,20,영업이익,2023.4Q,365212.319123,-13339.135233
KR1000,코리안리재보험,,손해보험,21,영업외손익,2023.4Q,-1973.697612,-1608.835681
KR1000,코리안리재보험,,손해보험,22,세전이익,2023.4Q,363238.621511,-14947.970914
KR1000,코리안리재보험,,손해보험,23,법인세,2023.4Q,75752.609968,-9490.309864
KR1000,코리안리재보험,,손해보험,24,당기순이익,2023.4Q,287486.011543,-5457.66105
KR1000,코리안리재보험,,손해보험,2-1,장기재보험 손익,2023.4Q,66481.0,10186.0
KR1000,코리안리재보험,,손해보험,3-1,장기재보험 수재손익,2023.4Q,84348.0,15522.0
KR1000,코리안리재보험,,손해보험,4-1,수재 CSM상각,2023.4Q,31250.0,2754.0
KR1000,코리안리재보험,,손해보험,5-1,수재 위험조정 변동,2023.4Q,7723.0,2916.0
KR1000,코리안리재보험,,손해보험,6-1,수재 예실차,2023.4Q,-509874.0,-95851.0
KR1000,코리안리재보험,,손해보험,7-1,기타 장기재보험 수재손익,2023.4Q,555249.0,105703.0
KR1000,코리안리재보험,,손해보험,8-1,장기재보험 출재손익,2023.4Q,-17867.0,-5336.0
KR1000,코리안리재보험,,손해보험,9-1,출재 CSM상각,2023.4Q,-4083.0,-864.0
KR1000,코리안리재보험,,손해보험,10-1,출재 위험조정 변동,2023.4Q,-313.0,-77.0
KR1000,코리안리재보험,,손해보험,11-1,출재 예실차,2023.4Q,12491.0,-2882.0
KR1000,코리안리재보험,,손해보험,12-1,기타 장기재보험 출재손익,2023.4Q,-25962.0,-1513.0
KR1000,코리안리재보험,,손해보험,1,보험손익,2024.1Q,49801.338981,49801.338981
KR1000,코리안리재보험,,손해보험,2,생명장기 손익,2024.1Q,-31052.0,-31052.0
KR1000,코리안리재보험,,손해보험,3,생명장기 원수손익,2024.1Q,-28424.0,-28424.0
KR1000,코리안리재보험,,손해보험,4,원수 CSM상각,2024.1Q,8703.0,8703.0
KR1000,코리안리재보험,,손해보험,5,원수 위험조정 변동,2024.1Q,4169.0,4169.0
KR1000,코리안리재보험,,손해보험,6,원수 예실차,2024.1Q,-62048.0,-62048.0
KR1000,코리안리재보험,,손해보험,7,기타 생명장기 원수손익,2024.1Q,20752.0,20752.0
KR1000,코리안리재보험,,손해보험,8,생명장기 재보험손익,2024.1Q,-2628.0,-2628.0
KR1000,코리안리재보험,,손해보험,9,재보험 CSM상각,2024.1Q,2561.0,2561.0
KR1000,코리안리재보험,,손해보험,10,재보험 위험조정 변동,2024.1Q,-251.0,-251.0
KR1000,코리안리재보험,,손해보험,11,재보험 예실차,2024.1Q,-6088.0,-6088.0
KR1000,코리안리재보험,,손해보험,12,기타 생명장기 재보험손익,2024.1Q,1150.0,1150.0
KR1000,코리안리재보험,,손해보험,13,자동차손익,2024.1Q,,
KR1000,코리안리재보험,,손해보험,14,일반손익,2024.1Q,97911.0,97911.0
KR1000,코리안리재보험,,손해보험,15,기타영업수익,2024.1Q,0.0,0.0
KR1000,코리안리재보험,,손해보험,16,기타사업비용,2024.1Q,25742.846049,25742.846049
KR1000,코리안리재보험,,손해보험,17,투자손익,2024.1Q,30936.870611,30936.870611
KR1000,코리안리재보험,,손해보험,18,투자이익,2024.1Q,142484.47568,142484.47568
KR1000,코리안리재보험,,손해보험,19,보험금융손익,2024.1Q,-111547.605069,-111547.605069
KR1000,코리안리재보험,,손해보험,20,영업이익,2024.1Q,80738.209592,80738.209592
KR1000,코리안리재보험,,손해보험,21,영업외손익,2024.1Q,-562.789111,-562.789111
KR1000,코리안리재보험,,손해보험,22,세전이익,2024.1Q,80175.420481,80175.420481
KR1000,코리안리재보험,,손해보험,23,법인세,2024.1Q,16692.136496,16692.136496
KR1000,코리안리재보험,,손해보험,24,당기순이익,2024.1Q,63483.283985,63483.283985
KR1000,코리안리재보험,,손해보험,2-1,장기재보험 손익,2024.1Q,8688.0,8688.0
KR1000,코리안리재보험,,손해보험,3-1,장기재보험 수재손익,2024.1Q,43167.0,43167.0
KR1000,코리안리재보험,,손해보험,4-1,수재 CSM상각,2024.1Q,7612.0,7612.0
KR1000,코리안리재보험,,손해보험,5-1,수재 위험조정 변동,2024.1Q,4305.0,4305.0
KR1000,코리안리재보험,,손해보험,6-1,수재 예실차,2024.1Q,-112160.0,-112160.0
KR1000,코리안리재보험,,손해보험,7-1,기타 장기재보험 수재손익,2024.1Q,143410.0,143410.0
KR1000,코리안리재보험,,손해보험,8-1,장기재보험 출재손익,2024.1Q,-34479.0,-34479.0
KR1000,코리안리재보험,,손해보험,9-1,출재 CSM상각,2024.1Q,-1070.0,-1070.0
KR1000,코리안리재보험,,손해보험,10-1,출재 위험조정 변동,2024.1Q,-4.0,-4.0
KR1000,코리안리재보험,,손해보험,11-1,출재 예실차,2024.1Q,9809.0,9809.0
KR1000,코리안리재보험,,손해보험,12-1,기타 장기재보험 출재손익,2024.1Q,-43214.0,-43214.0
KR1000,코리안리재보험,,손해보험,1,보험손익,2024.2Q,92357.434192,42556.095211
KR1000,코리안리재보험,,손해보험,2,생명장기 손익,2024.2Q,-75588.0,-44536.0
KR1000,코리안리재보험,,손해보험,3,생명장기 원수손익,2024.2Q,-84712.0,-56288.0
KR1000,코리안리재보험,,손해보험,4,원수 CSM상각,2024.2Q,17674.0,8971.0
KR1000,코리안리재보험,,손해보험,5,원수 위험조정 변동,2024.2Q,8745.0,4576.0
KR1000,코리안리재보험,,손해보험,6,원수 예실차,2024.2Q,-216006.0,-153958.0
KR1000,코리안리재보험,,손해보험,7,기타 생명장기 원수손익,2024.2Q,104875.0,84123.0
KR1000,코리안리재보험,,손해보험,8,생명장기 재보험손익,2024.2Q,9124.0,11752.0
KR1000,코리안리재보험,,손해보험,9,재보험 CSM상각,2024.2Q,4614.0,2053.0
KR1000,코리안리재보험,,손해보험,10,재보험 위험조정 변동,2024.2Q,-530.0,-279.0
KR1000,코리안리재보험,,손해보험,11,재보험 예실차,2024.2Q,15937.0,22025.0
KR1000,코리안리재보험,,손해보험,12,기타 생명장기 재보험손익,2024.2Q,-10897.0,-12047.0
KR1000,코리안리재보험,,손해보험,13,자동차손익,2024.2Q,,
KR1000,코리안리재보험,,손해보험,14,일반손익,2024.2Q,196614.0,98703.0
KR1000,코리안리재보험,,손해보험,15,기타영업수익,2024.2Q,0.0,0.0
KR1000,코리안리재보험,,손해보험,16,기타사업비용,2024.2Q,47684.147976,21941.301927
KR1000,코리안리재보험,,손해보험,17,투자손익,2024.2Q,110489.908279,79553.037668
KR1000,코리안리재보험,,손해보험,18,투자이익,2024.2Q,330118.669389,187634.193709
KR1000,코리안리재보험,,손해보험,19,보험금융손익,2024.2Q,-219628.76111,-108081.156041
KR1000,코리안리재보험,,손해보험,20,영업이익,2024.2Q,202847.342471,122109.132879
KR1000,코리안리재보험,,손해보험,21,영업외손익,2024.2Q,-1139.155959,-576.366848
KR1000,코리안리재보험,,손해보험,22,세전이익,2024.2Q,201708.186512,121532.766031
KR1000,코리안리재보험,,손해보험,23,법인세,2024.2Q,46285.081918,29592.945422
KR1000,코리안리재보험,,손해보험,24,당기순이익,2024.2Q,155423.104594,91939.820609
KR1000,코리안리재보험,,손해보험,2-1,장기재보험 손익,2024.2Q,19015.0,10327.0
KR1000,코리안리재보험,,손해보험,3-1,장기재보험 수재손익,2024.2Q,33175.0,-9992.0
KR1000,코리안리재보험,,손해보험,4-1,수재 CSM상각,2024.2Q,16177.0,8565.0
KR1000,코리안리재보험,,손해보험,5-1,수재 위험조정 변동,2024.2Q,4791.0,486.0
KR1000,코리안리재보험,,손해보험,6-1,수재 예실차,2024.2Q,-243300.0,-131140.0
KR1000,코리안리재보험,,손해보험,7-1,기타 장기재보험 수재손익,2024.2Q,255507.0,112097.0
KR1000,코리안리재보험,,손해보험,8-1,장기재보험 출재손익,2024.2Q,-14160.0,20319.0
KR1000,코리안리재보험,,손해보험,9-1,출재 CSM상각,2024.2Q,-3848.0,-2778.0
KR1000,코리안리재보험,,손해보험,10-1,출재 위험조정 변동,2024.2Q,-52.0,-48.0
KR1000,코리안리재보험,,손해보험,11-1,출재 예실차,2024.2Q,27909.0,18100.0
KR1000,코리안리재보험,,손해보험,12-1,기타 장기재보험 출재손익,2024.2Q,-38169.0,5045.0
KR1000,코리안리재보험,,손해보험,1,보험손익,2024.3Q,141508.924399,49151.490207
KR1000,코리안리재보험,,손해보험,2,생명장기 손익,2024.3Q,-79997.0,-4409.0
KR1000,코리안리재보험,,손해보험,3,생명장기 원수손익,2024.3Q,-91703.0,-6991.0
KR1000,코리안리재보험,,손해보험,4,원수 CSM상각,2024.3Q,26434.0,8760.0
KR1000,코리안리재보험,,손해보험,5,원수 위험조정 변동,2024.3Q,12289.0,3544.0
KR1000,코리안리재보험,,손해보험,6,원수 예실차,2024.3Q,-312879.0,-96873.0
KR1000,코리안리재보험,,손해보험,7,기타 생명장기 원수손익,2024.3Q,182453.0,77578.0
KR1000,코리안리재보험,,손해보험,8,생명장기 재보험손익,2024.3Q,11706.0,2582.0
KR1000,코리안리재보험,,손해보험,9,재보험 CSM상각,2024.3Q,6960.0,2346.0
KR1000,코리안리재보험,,손해보험,10,재보험 위험조정 변동,2024.3Q,-793.0,-263.0
KR1000,코리안리재보험,,손해보험,11,재보험 예실차,2024.3Q,16456.0,519.0
KR1000,코리안리재보험,,손해보험,12,기타 생명장기 재보험손익,2024.3Q,-10917.0,-20.0
KR1000,코리안리재보험,,손해보험,13,자동차손익,2024.3Q,,
KR1000,코리안리재보험,,손해보험,14,일반손익,2024.3Q,275964.0,79350.0
KR1000,코리안리재보험,,손해보험,15,기타영업수익,2024.3Q,0.0,0.0
KR1000,코리안리재보험,,손해보험,16,기타사업비용,2024.3Q,76276.619749,28592.471773
KR1000,코리안리재보험,,손해보험,17,투자손익,2024.3Q,141495.587474,31005.679195
KR1000,코리안리재보험,,손해보험,18,투자이익,2024.3Q,309964.310552,-20154.358837
KR1000,코리안리재보험,,손해보험,19,보험금융손익,2024.3Q,-168468.723078,51160.038032
KR1000,코리안리재보험,,손해보험,20,영업이익,2024.3Q,283004.511873,80157.169402
KR1000,코리안리재보험,,손해보험,21,영업외손익,2024.3Q,-511.018321,628.137638
KR1000,코리안리재보험,,손해보험,22,세전이익,2024.3Q,282493.493552,80785.30704
KR1000,코리안리재보험,,손해보험,23,법인세,2024.3Q,60067.394873,13782.312955
KR1000,코리안리재보험,,손해보험,24,당기순이익,2024.3Q,222426.098679,67002.994085
KR1000,코리안리재보험,,손해보험,2-1,장기재보험 손익,2024.3Q,21818.0,2803.0
KR1000,코리안리재보험,,손해보험,3-1,장기재보험 수재손익,2024.3Q,41752.0,8577.0
KR1000,코리안리재보험,,손해보험,4-1,수재 CSM상각,2024.3Q,24746.0,8569.0
KR1000,코리안리재보험,,손해보험,5-1,수재 위험조정 변동,2024.3Q,6869.0,2078.0
KR1000,코리안리재보험,,손해보험,6-1,수재 예실차,2024.3Q,-356713.0,-113413.0
KR1000,코리안리재보험,,손해보험,7-1,기타 장기재보험 수재손익,2024.3Q,366850.0,111343.0
KR1000,코리안리재보험,,손해보험,8-1,장기재보험 출재손익,2024.3Q,-19934.0,-5774.0
KR1000,코리안리재보험,,손해보험,9-1,출재 CSM상각,2024.3Q,-6512.0,-2664.0
KR1000,코리안리재보험,,손해보험,10-1,출재 위험조정 변동,2024.3Q,-93.0,-41.0
KR1000,코리안리재보험,,손해보험,11-1,출재 예실차,2024.3Q,27596.0,-313.0
KR1000,코리안리재보험,,손해보험,12-1,기타 장기재보험 출재손익,2024.3Q,-40925.0,-2756.0
KR1000,코리안리재보험,,손해보험,1,보험손익,2024.4Q,198221.788394,56712.863995
KR1000,코리안리재보험,,손해보험,2,생명장기 손익,2024.4Q,-60123.0,19874.0
KR1000,코리안리재보험,,손해보험,3,생명장기 원수손익,2024.4Q,-78790.0,12913.0
KR1000,코리안리재보험,,손해보험,4,원수 CSM상각,2024.4Q,38102.0,11668.0
KR1000,코리안리재보험,,손해보험,5,원수 위험조정 변동,2024.4Q,16020.0,3731.0
KR1000,코리안리재보험,,손해보험,6,원수 예실차,2024.4Q,-194995.0,117884.0
KR1000,코리안리재보험,,손해보험,7,기타 생명장기 원수손익,2024.4Q,62083.0,-120370.0
KR1000,코리안리재보험,,손해보험,8,생명장기 재보험손익,2024.4Q,18667.0,6961.0
KR1000,코리안리재보험,,손해보험,9,재보험 CSM상각,2024.4Q,11236.0,4276.0
KR1000,코리안리재보험,,손해보험,10,재보험 위험조정 변동,2024.4Q,-1049.0,-256.0
KR1000,코리안리재보험,,손해보험,11,재보험 예실차,2024.4Q,830.0,-15626.0
KR1000,코리안리재보험,,손해보험,12,기타 생명장기 재보험손익,2024.4Q,7650.0,18567.0
KR1000,코리안리재보험,,손해보험,13,자동차손익,2024.4Q,,
KR1000,코리안리재보험,,손해보험,14,일반손익,2024.4Q,341672.0,65708.0
KR1000,코리안리재보험,,손해보험,15,기타영업수익,2024.4Q,0.0,0.0
KR1000,코리안리재보험,,손해보험,16,기타사업비용,2024.4Q,99124.613268,22847.993519
KR1000,코리안리재보험,,손해보험,17,투자손익,2024.4Q,201274.218482,59778.631008
KR1000,코리안리재보험,,손해보험,18,투자이익,2024.4Q,650307.391076,340343.080524
KR1000,코리안리재보험,,손해보험,19,보험금융손익,2024.4Q,-449033.172594,-280564.449516
KR1000,코리안리재보험,,손해보험,20,영업이익,2024.4Q,399496.006876,116491.495003
KR1000,코리안리재보험,,손해보험,21,영업외손익,2024.4Q,-40770.72663,-40259.708309
KR1000,코리안리재보험,,손해보험,22,세전이익,2024.4Q,358725.280246,76231.786694
KR1000,코리안리재보험,,손해보험,23,법인세,2024.4Q,72852.000676,12784.605803
KR1000,코리안리재보험,,손해보험,24,당기순이익,2024.4Q,285873.27957,63447.180891
KR1000,코리안리재보험,,손해보험,2-1,장기재보험 손익,2024.4Q,15798.0,-6020.0
KR1000,코리안리재보험,,손해보험,3-1,장기재보험 수재손익,2024.4Q,41184.0,-568.0
KR1000,코리안리재보험,,손해보험,4-1,수재 CSM상각,2024.4Q,33740.0,8994.0
KR1000,코리안리재보험,,손해보험,5-1,수재 위험조정 변동,2024.4Q,8690.0,1821.0
KR1000,코리안리재보험,,손해보험,6-1,수재 예실차,2024.4Q,-76090.0,280623.0
KR1000,코리안리재보험,,손해보험,7-1,기타 장기재보험 수재손익,2024.4Q,74844.0,-292006.0
KR1000,코리안리재보험,,손해보험,8-1,장기재보험 출재손익,2024.4Q,-25386.0,-5452.0
KR1000,코리안리재보험,,손해보험,9-1,출재 CSM상각,2024.4Q,-8756.0,-2244.0
KR1000,코리안리재보험,,손해보험,10-1,출재 위험조정 변동,2024.4Q,-122.0,-29.0
KR1000,코리안리재보험,,손해보험,11-1,출재 예실차,2024.4Q,13022.0,-14574.0
KR1000,코리안리재보험,,손해보험,12-1,기타 장기재보험 출재손익,2024.4Q,-29530.0,11395.0
KR1000,코리안리재보험,,손해보험,1,보험손익,2025.1Q,70580.635996,70580.635996
KR1000,코리안리재보험,,손해보험,2,생명장기 손익,2025.1Q,11768.0,11768.0
KR1000,코리안리재보험,,손해보험,3,생명장기 원수손익,2025.1Q,11625.0,11625.0
KR1000,코리안리재보험,,손해보험,4,원수 CSM상각,2025.1Q,10212.0,10212.0
KR1000,코리안리재보험,,손해보험,5,원수 위험조정 변동,2025.1Q,4530.0,4530.0
KR1000,코리안리재보험,,손해보험,6,원수 예실차,2025.1Q,8667.0,8667.0
KR1000,코리안리재보험,,손해보험,7,기타 생명장기 원수손익,2025.1Q,-11784.0,-11784.0
KR1000,코리안리재보험,,손해보험,8,생명장기 재보험손익,2025.1Q,143.0,143.0
KR1000,코리안리재보험,,손해보험,9,재보험 CSM상각,2025.1Q,2949.0,2949.0
KR1000,코리안리재보험,,손해보험,10,재보험 위험조정 변동,2025.1Q,-194.0,-194.0
KR1000,코리안리재보험,,손해보험,11,재보험 예실차,2025.1Q,7480.0,7480.0
KR1000,코리안리재보험,,손해보험,12,기타 생명장기 재보험손익,2025.1Q,-10092.0,-10092.0
KR1000,코리안리재보험,,손해보험,13,자동차손익,2025.1Q,,
KR1000,코리안리재보험,,손해보험,14,일반손익,2025.1Q,86333.0,86333.0
KR1000,코리안리재보험,,손해보험,15,기타영업수익,2025.1Q,0.0,0.0
KR1000,코리안리재보험,,손해보험,16,기타사업비용,2025.1Q,23981.515327,23981.515327
KR1000,코리안리재보험,,손해보험,17,투자손익,2025.1Q,46939.858352,46939.858352
KR1000,코리안리재보험,,손해보험,18,투자이익,2025.1Q,127585.576787,127585.576787
KR1000,코리안리재보험,,손해보험,19,보험금융손익,2025.1Q,-80645.718435,-80645.718435
KR1000,코리안리재보험,,손해보험,20,영업이익,2025.1Q,117520.494348,117520.494348
KR1000,코리안리재보험,,손해보험,21,영업외손익,2025.1Q,-2461.750426,-2461.750426
KR1000,코리안리재보험,,손해보험,22,세전이익,2025.1Q,115058.743922,115058.743922
KR1000,코리안리재보험,,손해보험,23,법인세,2025.1Q,24504.187775,24504.187775
KR1000,코리안리재보험,,손해보험,24,당기순이익,2025.1Q,90554.556147,90554.556147
KR1000,코리안리재보험,,손해보험,2-1,장기재보험 손익,2025.1Q,-3539.0,-3539.0
KR1000,코리안리재보험,,손해보험,3-1,장기재보험 수재손익,2025.1Q,-25368.0,-25368.0
KR1000,코리안리재보험,,손해보험,4-1,수재 CSM상각,2025.1Q,8177.0,8177.0
KR1000,코리안리재보험,,손해보험,5-1,수재 위험조정 변동,2025.1Q,3208.0,3208.0
KR1000,코리안리재보험,,손해보험,6-1,수재 예실차,2025.1Q,15779.0,15779.0
KR1000,코리안리재보험,,손해보험,7-1,기타 장기재보험 수재손익,2025.1Q,-52532.0,-52532.0
KR1000,코리안리재보험,,손해보험,8-1,장기재보험 출재손익,2025.1Q,21829.0,21829.0
KR1000,코리안리재보험,,손해보험,9-1,출재 CSM상각,2025.1Q,-1763.0,-1763.0
KR1000,코리안리재보험,,손해보험,10-1,출재 위험조정 변동,2025.1Q,-49.0,-49.0
KR1000,코리안리재보험,,손해보험,11-1,출재 예실차,2025.1Q,273.0,273.0
KR1000,코리안리재보험,,손해보험,12-1,기타 장기재보험 출재손익,2025.1Q,23368.0,23368.0
KR1000,코리안리재보험,,손해보험,1,보험손익,2025.2Q,159686.803902,89106.167906
KR1000,코리안리재보험,,손해보험,2,생명장기 손익,2025.2Q,61871.0,50103.0
KR1000,코리안리재보험,,손해보험,3,생명장기 원수손익,2025.2Q,62688.0,51063.0
KR1000,코리안리재보험,,손해보험,4,원수 CSM상각,2025.2Q,20330.0,10118.0
KR1000,코리안리재보험,,손해보험,5,원수 위험조정 변동,2025.2Q,8435.0,3905.0
KR1000,코리안리재보험,,손해보험,6,원수 예실차,2025.2Q,-44982.0,-53649.0
KR1000,코리안리재보험,,손해보험,7,기타 생명장기 원수손익,2025.2Q,78905.0,90689.0
KR1000,코리안리재보험,,손해보험,8,생명장기 재보험손익,2025.2Q,-817.0,-960.0
KR1000,코리안리재보험,,손해보험,9,재보험 CSM상각,2025.2Q,5502.0,2553.0
KR1000,코리안리재보험,,손해보험,10,재보험 위험조정 변동,2025.2Q,-350.0,-156.0
KR1000,코리안리재보험,,손해보험,11,재보험 예실차,2025.2Q,13600.0,6120.0
KR1000,코리안리재보험,,손해보험,12,기타 생명장기 재보험손익,2025.2Q,-19569.0,-9477.0
KR1000,코리안리재보험,,손해보험,13,자동차손익,2025.2Q,,
KR1000,코리안리재보험,,손해보험,14,일반손익,2025.2Q,145033.0,58700.0
KR1000,코리안리재보험,,손해보험,15,기타영업수익,2025.2Q,0.0,0.0
KR1000,코리안리재보험,,손해보험,16,기타사업비용,2025.2Q,49939.464271,25957.948944
KR1000,코리안리재보험,,손해보험,17,투자손익,2025.2Q,93733.064769,46793.206417
KR1000,코리안리재보험,,손해보험,18,투자이익,2025.2Q,78132.38705,-49453.189737
KR1000,코리안리재보험,,손해보험,19,보험금융손익,2025.2Q,15600.677719,96246.396154
KR1000,코리안리재보험,,손해보험,20,영업이익,2025.2Q,253419.868671,135899.374323
KR1000,코리안리재보험,,손해보험,21,영업외손익,2025.2Q,-2735.952117,-274.201691
KR1000,코리안리재보험,,손해보험,22,세전이익,2025.2Q,250683.916554,135625.172632
KR1000,코리안리재보험,,손해보험,23,법인세,2025.2Q,55153.97664,30649.788865
KR1000,코리안리재보험,,손해보험,24,당기순이익,2025.2Q,195529.939914,104975.383767
KR1000,코리안리재보험,,손해보험,2-1,장기재보험 손익,2025.2Q,2721.0,6260.0
KR1000,코리안리재보험,,손해보험,3-1,장기재보험 수재손익,2025.2Q,-15376.0,9992.0
KR1000,코리안리재보험,,손해보험,4-1,수재 CSM상각,2025.2Q,16529.0,8352.0
KR1000,코리안리재보험,,손해보험,5-1,수재 위험조정 변동,2025.2Q,6289.0,3081.0
KR1000,코리안리재보험,,손해보험,6-1,수재 예실차,2025.2Q,10431.0,-5348.0
KR1000,코리안리재보험,,손해보험,7-1,기타 장기재보험 수재손익,2025.2Q,-48625.0,3907.0
KR1000,코리안리재보험,,손해보험,8-1,장기재보험 출재손익,2025.2Q,18097.0,-3732.0
KR1000,코리안리재보험,,손해보험,9-1,출재 CSM상각,2025.2Q,-3653.0,-1890.0
KR1000,코리안리재보험,,손해보험,10-1,출재 위험조정 변동,2025.2Q,-88.0,-39.0
KR1000,코리안리재보험,,손해보험,11-1,출재 예실차,2025.2Q,-397.0,-670.0
KR1000,코리안리재보험,,손해보험,12-1,기타 장기재보험 출재손익,2025.2Q,22235.0,-1133.0
KR1000,코리안리재보험,,손해보험,1,보험손익,2025.3Q,236751.14187,77064.337968
KR1000,코리안리재보험,,손해보험,2,생명장기 손익,2025.3Q,57811.0,-4060.0
KR1000,코리안리재보험,,손해보험,3,생명장기 원수손익,2025.3Q,55175.0,-7513.0
KR1000,코리안리재보험,,손해보험,4,원수 CSM상각,2025.3Q,30582.0,10252.0
KR1000,코리안리재보험,,손해보험,5,원수 위험조정 변동,2025.3Q,12094.0,3659.0
KR1000,코리안리재보험,,손해보험,6,원수 예실차,2025.3Q,-75697.0,-30715.0
KR1000,코리안리재보험,,손해보험,7,기타 생명장기 원수손익,2025.3Q,88196.0,9291.0
KR1000,코리안리재보험,,손해보험,8,생명장기 재보험손익,2025.3Q,2636.0,3453.0
KR1000,코리안리재보험,,손해보험,9,재보험 CSM상각,2025.3Q,7841.0,2339.0
KR1000,코리안리재보험,,손해보험,10,재보험 위험조정 변동,2025.3Q,-500.0,-150.0
KR1000,코리안리재보험,,손해보험,11,재보험 예실차,2025.3Q,17017.0,3417.0
KR1000,코리안리재보험,,손해보험,12,기타 생명장기 재보험손익,2025.3Q,-21722.0,-2153.0
KR1000,코리안리재보험,,손해보험,13,자동차손익,2025.3Q,,
KR1000,코리안리재보험,,손해보험,14,일반손익,2025.3Q,272378.0,127345.0
KR1000,코리안리재보험,,손해보험,15,기타영업수익,2025.3Q,0.0,0.0
KR1000,코리안리재보험,,손해보험,16,기타사업비용,2025.3Q,79379.345194,29439.880923
KR1000,코리안리재보험,,손해보험,17,투자손익,2025.3Q,161436.409546,67703.344777
KR1000,코리안리재보험,,손해보험,18,투자이익,2025.3Q,290686.648002,212554.260952
KR1000,코리안리재보험,,손해보험,19,보험금융손익,2025.3Q,-129250.238456,-144850.916175
KR1000,코리안리재보험,,손해보험,20,영업이익,2025.3Q,398187.551416,144767.682745
KR1000,코리안리재보험,,손해보험,21,영업외손익,2025.3Q,-4930.118568,-2194.166451
KR1000,코리안리재보험,,손해보험,22,세전이익,2025.3Q,393257.432848,142573.516294
KR1000,코리안리재보험,,손해보험,23,법인세,2025.3Q,123553.641975,68399.665335
KR1000,코리안리재보험,,손해보험,24,당기순이익,2025.3Q,269703.790873,74173.850959
KR1000,코리안리재보험,,손해보험,2-1,장기재보험 손익,2025.3Q,-14059.0,-16780.0
KR1000,코리안리재보험,,손해보험,3-1,장기재보험 수재손익,2025.3Q,-29152.0,-13776.0
KR1000,코리안리재보험,,손해보험,4-1,수재 CSM상각,2025.3Q,24514.0,7985.0
KR1000,코리안리재보험,,손해보험,5-1,수재 위험조정 변동,2025.3Q,9150.0,2861.0
KR1000,코리안리재보험,,손해보험,6-1,수재 예실차,2025.3Q,-16487.0,-26918.0
KR1000,코리안리재보험,,손해보험,7-1,기타 장기재보험 수재손익,2025.3Q,-46329.0,2296.0
KR1000,코리안리재보험,,손해보험,8-1,장기재보험 출재손익,2025.3Q,15093.0,-3004.0
KR1000,코리안리재보험,,손해보험,9-1,출재 CSM상각,2025.3Q,-5269.0,-1616.0
KR1000,코리안리재보험,,손해보험,10-1,출재 위험조정 변동,2025.3Q,-107.0,-19.0
KR1000,코리안리재보험,,손해보험,11-1,출재 예실차,2025.3Q,8866.0,9263.0
KR1000,코리안리재보험,,손해보험,12-1,기타 장기재보험 출재손익,2025.3Q,11603.0,-10632.0
KR1000,코리안리재보험,,손해보험,1,보험손익,2025.4Q,223754.155145,-12996.986725
KR1000,코리안리재보험,,손해보험,2,생명장기 손익,2025.4Q,-7621.0,-65432.0
KR1000,코리안리재보험,,손해보험,3,생명장기 원수손익,2025.4Q,-10703.0,-65878.0
KR1000,코리안리재보험,,손해보험,4,원수 CSM상각,2025.4Q,41154.0,10572.0
KR1000,코리안리재보험,,손해보험,5,원수 위험조정 변동,2025.4Q,15851.0,3757.0
KR1000,코리안리재보험,,손해보험,6,원수 예실차,2025.4Q,-175243.0,-99546.0
KR1000,코리안리재보험,,손해보험,7,기타 생명장기 원수손익,2025.4Q,107535.0,19339.0
KR1000,코리안리재보험,,손해보험,8,생명장기 재보험손익,2025.4Q,3082.0,446.0
KR1000,코리안리재보험,,손해보험,9,재보험 CSM상각,2025.4Q,8893.0,1052.0
KR1000,코리안리재보험,,손해보험,10,재보험 위험조정 변동,2025.4Q,-651.0,-151.0
KR1000,코리안리재보험,,손해보험,11,재보험 예실차,2025.4Q,19868.0,2851.0
KR1000,코리안리재보험,,손해보험,12,기타 생명장기 재보험손익,2025.4Q,-25028.0,-3306.0
KR1000,코리안리재보험,,손해보험,13,자동차손익,2025.4Q,,
KR1000,코리안리재보험,,손해보험,14,일반손익,2025.4Q,272426.0,48.0
KR1000,코리안리재보험,,손해보험,15,기타영업수익,2025.4Q,0.0,0.0
KR1000,코리안리재보험,,손해보험,16,기타사업비용,2025.4Q,94514.206745,15134.861551
KR1000,코리안리재보험,,손해보험,17,투자손익,2025.4Q,239577.250005,78140.840459
KR1000,코리안리재보험,,손해보험,18,투자이익,2025.4Q,499306.201796,208619.553794
KR1000,코리안리재보험,,손해보험,19,보험금융손익,2025.4Q,-259728.951791,-130478.713335
KR1000,코리안리재보험,,손해보험,20,영업이익,2025.4Q,463331.40515,65143.853734
KR1000,코리안리재보험,,손해보험,21,영업외손익,2025.4Q,-8653.4136,-3723.295032
KR1000,코리안리재보험,,손해보험,22,세전이익,2025.4Q,454677.99155,61420.558702
KR1000,코리안리재보험,,손해보험,23,법인세,2025.4Q,138096.955176,14543.313201
KR1000,코리안리재보험,,손해보험,24,당기순이익,2025.4Q,316581.036374,46877.245501
KR1000,코리안리재보험,,손해보험,2-1,장기재보험 손익,2025.4Q,53464.0,67523.0
KR1000,코리안리재보험,,손해보험,3-1,장기재보험 수재손익,2025.4Q,39055.0,68207.0
KR1000,코리안리재보험,,손해보험,4-1,수재 CSM상각,2025.4Q,32210.0,7696.0
KR1000,코리안리재보험,,손해보험,5-1,수재 위험조정 변동,2025.4Q,12110.0,2960.0
KR1000,코리안리재보험,,손해보험,6-1,수재 예실차,2025.4Q,-6839.0,9648.0
KR1000,코리안리재보험,,손해보험,7-1,기타 장기재보험 수재손익,2025.4Q,1574.0,47903.0
KR1000,코리안리재보험,,손해보험,8-1,장기재보험 출재손익,2025.4Q,14409.0,-684.0
KR1000,코리안리재보험,,손해보험,9-1,출재 CSM상각,2025.4Q,-7084.0,-1815.0
KR1000,코리안리재보험,,손해보험,10-1,출재 위험조정 변동,2025.4Q,-127.0,-20.0
KR1000,코리안리재보험,,손해보험,11-1,출재 예실차,2025.4Q,27063.0,18197.0
KR1000,코리안리재보험,,손해보험,12-1,기타 장기재보험 출재손익,2025.4Q,-5443.0,-17046.0
KR1000,코리안리재보험,,손해보험,1,보험손익,2026.1Q,177720.403527,177720.403527
KR1000,코리안리재보험,,손해보험,2,생명장기 손익,2026.1Q,11236.0,11236.0
KR1000,코리안리재보험,,손해보험,3,생명장기 원수손익,2026.1Q,19025.0,19025.0
KR1000,코리안리재보험,,손해보험,4,원수 CSM상각,2026.1Q,11467.0,11467.0
KR1000,코리안리재보험,,손해보험,5,원수 위험조정 변동,2026.1Q,4375.0,4375.0
KR1000,코리안리재보험,,손해보험,6,원수 예실차,2026.1Q,5090.0,5090.0
KR1000,코리안리재보험,,손해보험,7,기타 생명장기 원수손익,2026.1Q,-1907.0,-1907.0
KR1000,코리안리재보험,,손해보험,8,생명장기 재보험손익,2026.1Q,-7789.0,-7789.0
KR1000,코리안리재보험,,손해보험,9,재보험 CSM상각,2026.1Q,301.0,301.0
KR1000,코리안리재보험,,손해보험,10,재보험 위험조정 변동,2026.1Q,-169.0,-169.0
KR1000,코리안리재보험,,손해보험,11,재보험 예실차,2026.1Q,3896.0,3896.0
KR1000,코리안리재보험,,손해보험,12,기타 생명장기 재보험손익,2026.1Q,-11817.0,-11817.0
KR1000,코리안리재보험,,손해보험,13,자동차손익,2026.1Q,,
KR1000,코리안리재보험,,손해보험,14,일반손익,2026.1Q,191877.0,191877.0
KR1000,코리안리재보험,,손해보험,15,기타영업수익,2026.1Q,0.0,0.0
KR1000,코리안리재보험,,손해보험,16,기타사업비용,2026.1Q,26848.45276,26848.45276
KR1000,코리안리재보험,,손해보험,17,투자손익,2026.1Q,106737.686144,106737.686144
KR1000,코리안리재보험,,손해보험,18,투자이익,2026.1Q,313325.253034,313325.253034
KR1000,코리안리재보험,,손해보험,19,보험금융손익,2026.1Q,-206587.56689,-206587.56689
KR1000,코리안리재보험,,손해보험,20,영업이익,2026.1Q,284458.089671,284458.089671
KR1000,코리안리재보험,,손해보험,21,영업외손익,2026.1Q,-772.168074,-772.168074
KR1000,코리안리재보험,,손해보험,22,세전이익,2026.1Q,283685.921597,283685.921597
KR1000,코리안리재보험,,손해보험,23,법인세,2026.1Q,74182.978133,74182.978133
KR1000,코리안리재보험,,손해보험,24,당기순이익,2026.1Q,209502.943464,209502.943464
KR1000,코리안리재보험,,손해보험,2-1,장기재보험 손익,2026.1Q,1456.0,1456.0
KR1000,코리안리재보험,,손해보험,3-1,장기재보험 수재손익,2026.1Q,3634.0,3634.0
KR1000,코리안리재보험,,손해보험,4-1,수재 CSM상각,2026.1Q,8084.0,8084.0
KR1000,코리안리재보험,,손해보험,5-1,수재 위험조정 변동,2026.1Q,2718.0,2718.0
KR1000,코리안리재보험,,손해보험,6-1,수재 예실차,2026.1Q,-41149.0,-41149.0
KR1000,코리안리재보험,,손해보험,7-1,기타 장기재보험 수재손익,2026.1Q,33981.0,33981.0
KR1000,코리안리재보험,,손해보험,8-1,장기재보험 출재손익,2026.1Q,-2178.0,-2178.0
KR1000,코리안리재보험,,손해보험,9-1,출재 CSM상각,2026.1Q,-1917.0,-1917.0
KR1000,코리안리재보험,,손해보험,10-1,출재 위험조정 변동,2026.1Q,-17.0,-17.0
KR1000,코리안리재보험,,손해보험,11-1,출재 예실차,2026.1Q,-287.0,-287.0
KR1000,코리안리재보험,,손해보험,12-1,기타 장기재보험 출재손익,2026.1Q,43.0,43.0
KR1000,코리안리재보험,,손해보험,1,보험손익,2026.2Q,161518.347336,-16202.056191
KR1000,코리안리재보험,,손해보험,2,생명장기 손익,2026.2Q,4616.0,-6620.0
KR1000,코리안리재보험,,손해보험,3,생명장기 원수손익,2026.2Q,-17876.0,-36901.0
KR1000,코리안리재보험,,손해보험,4,원수 CSM상각,2026.2Q,24146.0,12679.0
KR1000,코리안리재보험,,손해보험,5,원수 위험조정 변동,2026.2Q,8464.0,4089.0
KR1000,코리안리재보험,,손해보험,6,원수 예실차,2026.2Q,-34756.0,-39846.0
KR1000,코리안리재보험,,손해보험,7,기타 생명장기 원수손익,2026.2Q,-15730.0,-13823.0
KR1000,코리안리재보험,,손해보험,8,생명장기 재보험손익,2026.2Q,22492.0,30281.0
KR1000,코리안리재보험,,손해보험,9,재보험 CSM상각,2026.2Q,6.0,-295.0
KR1000,코리안리재보험,,손해보험,10,재보험 위험조정 변동,2026.2Q,-534.0,-365.0
KR1000,코리안리재보험,,손해보험,11,재보험 예실차,2026.2Q,-50897.0,-54793.0
KR1000,코리안리재보험,,손해보험,12,기타 생명장기 재보험손익,2026.2Q,73917.0,85734.0
KR1000,코리안리재보험,,손해보험,13,자동차손익,2026.2Q,,
KR1000,코리안리재보험,,손해보험,14,일반손익,2026.2Q,189170.0,-2707.0
KR1000,코리안리재보험,,손해보험,15,기타영업수익,2026.2Q,0.0,0.0
KR1000,코리안리재보험,,손해보험,16,기타사업비용,2026.2Q,46571.518773,19723.066013
KR1000,코리안리재보험,,손해보험,17,투자손익,2026.2Q,304415.163297,197677.477153
KR1000,코리안리재보험,,손해보험,18,투자이익,2026.2Q,644906.890034,331581.637
KR1000,코리안리재보험,,손해보험,19,보험금융손익,2026.2Q,-340491.726737,-133904.159847
KR1000,코리안리재보험,,손해보험,20,영업이익,2026.2Q,465933.510633,181475.420962
KR1000,코리안리재보험,,손해보험,21,영업외손익,2026.2Q,-1081.215002,-309.046928
KR1000,코리안리재보험,,손해보험,22,세전이익,2026.2Q,464852.295631,181166.374034
KR1000,코리안리재보험,,손해보험,23,법인세,2026.2Q,117565.549572,43382.571439
KR1000,코리안리재보험,,손해보험,24,당기순이익,2026.2Q,347286.746059,137783.802595
KR1000,코리안리재보험,,손해보험,2-1,장기재보험 손익,2026.2Q,14304.0,12848.0
KR1000,코리안리재보험,,손해보험,3-1,장기재보험 수재손익,2026.2Q,20682.0,17048.0
KR1000,코리안리재보험,,손해보험,4-1,수재 CSM상각,2026.2Q,17084.0,9000.0
KR1000,코리안리재보험,,손해보험,5-1,수재 위험조정 변동,2026.2Q,5430.0,2712.0
KR1000,코리안리재보험,,손해보험,6-1,수재 예실차,2026.2Q,-37269.0,3880.0
KR1000,코리안리재보험,,손해보험,7-1,기타 장기재보험 수재손익,2026.2Q,35437.0,1456.0
KR1000,코리안리재보험,,손해보험,8-1,장기재보험 출재손익,2026.2Q,-6378.0,-4200.0
KR1000,코리안리재보험,,손해보험,9-1,출재 CSM상각,2026.2Q,-4204.0,-2287.0
KR1000,코리안리재보험,,손해보험,10-1,출재 위험조정 변동,2026.2Q,-35.0,-18.0
KR1000,코리안리재보험,,손해보험,11-1,출재 예실차,2026.2Q,-998.0,-711.0
KR1000,코리안리재보험,,손해보험,12-1,기타 장기재보험 출재손익,2026.2Q,-1141.0,-1184.0
KR1010,교보라이프플래닛생명보험,,생명보험,1,보험손익,2024.4Q,-26015.543184,
KR1010,교보라이프플래닛생명보험,,생명보험,2,생명장기 손익,2024.4Q,-26015.543184,
KR1010,교보라이프플래닛생명보험,,생명보험,3,생명장기 원수손익,2024.4Q,-17846.322598,
KR1010,교보라이프플래닛생명보험,,생명보험,4,원수 CSM상각,2024.4Q,2155.876493,
KR1010,교보라이프플래닛생명보험,,생명보험,5,원수 위험조정 변동,2024.4Q,1270.782698,
KR1010,교보라이프플래닛생명보험,,생명보험,6,원수 예실차,2024.4Q,6266.011685999998,
KR1010,교보라이프플래닛생명보험,,생명보험,7,기타 생명장기 원수손익,2024.4Q,-27538.993474999996,
KR1010,교보라이프플래닛생명보험,,생명보험,8,생명장기 재보험손익,2024.4Q,-1907.799346,
KR1010,교보라이프플래닛생명보험,,생명보험,9,재보험 CSM상각,2024.4Q,933.705442,
KR1010,교보라이프플래닛생명보험,,생명보험,10,재보험 위험조정 변동,2024.4Q,192.724826,
KR1010,교보라이프플래닛생명보험,,생명보험,11,재보험 예실차,2024.4Q,,
KR1010,교보라이프플래닛생명보험,,생명보험,12,기타 생명장기 재보험손익,2024.4Q,-3034.2296140000003,
KR1010,교보라이프플래닛생명보험,,생명보험,13,자동차손익,2024.4Q,0.0,
KR1010,교보라이프플래닛생명보험,,생명보험,14,일반손익,2024.4Q,0.0,
KR1010,교보라이프플래닛생명보험,,생명보험,15,기타영업수익,2024.4Q,0.0,
KR1010,교보라이프플래닛생명보험,,생명보험,16,기타사업비용,2024.4Q,6261.42124,
KR1010,교보라이프플래닛생명보험,,생명보험,17,투자손익,2024.4Q,723.361924,
KR1010,교보라이프플래닛생명보험,,생명보험,18,투자이익,2024.4Q,22504.809618999996,
KR1010,교보라이프플래닛생명보험,,생명보험,19,보험금융손익,2024.4Q,-21826.901404999997,
KR1010,교보라이프플래닛생명보험,,생명보험,20,영업이익,2024.4Q,-25292.18126,
KR1010,교보라이프플래닛생명보험,,생명보험,21,영업외손익,2024.4Q,-289.772032,
KR1010,교보라이프플래닛생명보험,,생명보험,22,세전이익,2024.4Q,-25581.953292,
KR1010,교보라이프플래닛생명보험,,생명보험,23,법인세,2024.4Q,453.216443,
KR1010,교보라이프플래닛생명보험,,생명보험,24,당기순이익,2024.4Q,-26035.169735,
KR1010,교보라이프플래닛생명보험,,생명보험,1,보험손익,2025.4Q,-21460.463431,
KR1010,교보라이프플래닛생명보험,,생명보험,2,생명장기 손익,2025.4Q,-16447.634191,
KR1010,교보라이프플래닛생명보험,,생명보험,3,생명장기 원수손익,2025.4Q,-16223.757,
KR1010,교보라이프플래닛생명보험,,생명보험,4,원수 CSM상각,2025.4Q,1769.993335,
KR1010,교보라이프플래닛생명보험,,생명보험,5,원수 위험조정 변동,2025.4Q,,
KR1010,교보라이프플래닛생명보험,,생명보험,6,원수 예실차,2025.4Q,,
KR1010,교보라이프플래닛생명보험,,생명보험,7,기타 생명장기 원수손익,2025.4Q,,
KR1010,교보라이프플래닛생명보험,,생명보험,8,생명장기 재보험손익,2025.4Q,-223.877191,
KR1010,교보라이프플래닛생명보험,,생명보험,9,재보험 CSM상각,2025.4Q,,
KR1010,교보라이프플래닛생명보험,,생명보험,10,재보험 위험조정 변동,2025.4Q,,
KR1010,교보라이프플래닛생명보험,,생명보험,11,재보험 예실차,2025.4Q,,
KR1010,교보라이프플래닛생명보험,,생명보험,12,기타 생명장기 재보험손익,2025.4Q,,
KR1010,교보라이프플래닛생명보험,,생명보험,13,자동차손익,2025.4Q,0.0,
KR1010,교보라이프플래닛생명보험,,생명보험,14,일반손익,2025.4Q,0.0,
KR1010,교보라이프플래닛생명보험,,생명보험,15,기타영업수익,2025.4Q,0.0,
KR1010,교보라이프플래닛생명보험,,생명보험,16,기타사업비용,2025.4Q,5012.82924,
KR1010,교보라이프플래닛생명보험,,생명보험,17,투자손익,2025.4Q,1136.725353,
KR1010,교보라이프플래닛생명보험,,생명보험,18,투자이익,2025.4Q,21300.264084,
KR1010,교보라이프플래닛생명보험,,생명보험,19,보험금융손익,2025.4Q,-20163.538731,
KR1010,교보라이프플래닛생명보험,,생명보험,20,영업이익,2025.4Q,-20323.738078,
KR1010,교보라이프플래닛생명보험,,생명보험,21,영업외손익,2025.4Q,209.300142,
KR1010,교보라이프플래닛생명보험,,생명보험,22,세전이익,2025.4Q,-20114.437936,
KR1010,교보라이프플래닛생명보험,,생명보험,23,법인세,2025.4Q,0.0,
KR1010,교보라이프플래닛생명보험,,생명보험,24,당기순이익,2025.4Q,-20114.437936,
KR1011,IBK연금보험,,생명보험,1,보험손익,2023.4Q,23526.965041,
KR1011,IBK연금보험,,생명보험,2,생명장기 손익,2023.4Q,24523.813,
KR1011,IBK연금보험,,생명보험,3,생명장기 원수손익,2023.4Q,24523.813,
KR1011,IBK연금보험,,생명보험,4,원수 CSM상각,2023.4Q,26151.758,
KR1011,IBK연금보험,,생명보험,5,원수 위험조정 변동,2023.4Q,3078.527,
KR1011,IBK연금보험,,생명보험,6,원수 예실차,2023.4Q,-6745.186,
KR1011,IBK연금보험,,생명보험,7,기타 생명장기 원수손익,2023.4Q,2038.714,
KR1011,IBK연금보험,,생명보험,8,생명장기 재보험손익,2023.4Q,0.0,
KR1011,IBK연금보험,,생명보험,9,재보험 CSM상각,2023.4Q,0.0,
KR1011,IBK연금보험,,생명보험,10,재보험 위험조정 변동,2023.4Q,0.0,
KR1011,IBK연금보험,,생명보험,11,재보험 예실차,2023.4Q,0.0,
KR1011,IBK연금보험,,생명보험,12,기타 생명장기 재보험손익,2023.4Q,0.0,
KR1011,IBK연금보험,,생명보험,13,자동차손익,2023.4Q,0.0,
KR1011,IBK연금보험,,생명보험,14,일반손익,2023.4Q,0.0,
KR1011,IBK연금보험,,생명보험,15,기타영업수익,2023.4Q,0.0,
KR1011,IBK연금보험,,생명보험,16,기타사업비용,2023.4Q,996.847762,
KR1011,IBK연금보험,,생명보험,17,투자손익,2023.4Q,-57963.054347,
KR1011,IBK연금보험,,생명보험,18,투자이익,2023.4Q,217551.774034,
KR1011,IBK연금보험,,생명보험,19,보험금융손익,2023.4Q,-275514.828381,
KR1011,IBK연금보험,,생명보험,20,영업이익,2023.4Q,-34436.089306,
KR1011,IBK연금보험,,생명보험,21,영업외손익,2023.4Q,-13.297021,
KR1011,IBK연금보험,,생명보험,22,세전이익,2023.4Q,-34449.386327,
KR1011,IBK연금보험,,생명보험,23,법인세,2023.4Q,-8469.331322,
KR1011,IBK연금보험,,생명보험,24,당기순이익,2023.4Q,-25980.055005,
KR1011,IBK연금보험,,생명보험,1,보험손익,2024.4Q,23647.37329,
KR1011,IBK연금보험,,생명보험,2,생명장기 손익,2024.4Q,27402.597,
KR1011,IBK연금보험,,생명보험,3,생명장기 원수손익,2024.4Q,27402.597,
KR1011,IBK연금보험,,생명보험,4,원수 CSM상각,2024.4Q,35111.633,
KR1011,IBK연금보험,,생명보험,5,원수 위험조정 변동,2024.4Q,2162.61,
KR1011,IBK연금보험,,생명보험,6,원수 예실차,2024.4Q,-5855.725,
KR1011,IBK연금보험,,생명보험,7,기타 생명장기 원수손익,2024.4Q,-4015.921,
KR1011,IBK연금보험,,생명보험,8,생명장기 재보험손익,2024.4Q,0.0,
KR1011,IBK연금보험,,생명보험,9,재보험 CSM상각,2024.4Q,0.0,
KR1011,IBK연금보험,,생명보험,10,재보험 위험조정 변동,2024.4Q,0.0,
KR1011,IBK연금보험,,생명보험,11,재보험 예실차,2024.4Q,0.0,
KR1011,IBK연금보험,,생명보험,12,기타 생명장기 재보험손익,2024.4Q,0.0,
KR1011,IBK연금보험,,생명보험,13,자동차손익,2024.4Q,0.0,
KR1011,IBK연금보험,,생명보험,14,일반손익,2024.4Q,0.0,
KR1011,IBK연금보험,,생명보험,15,기타영업수익,2024.4Q,0.0,
KR1011,IBK연금보험,,생명보험,16,기타사업비용,2024.4Q,3755.223659,
KR1011,IBK연금보험,,생명보험,17,투자손익,2024.4Q,13499.714369,
KR1011,IBK연금보험,,생명보험,18,투자이익,2024.4Q,285619.046182,
KR1011,IBK연금보험,,생명보험,19,보험금융손익,2024.4Q,-272119.331813,
KR1011,IBK연금보험,,생명보험,20,영업이익,2024.4Q,37147.087659,
KR1011,IBK연금보험,,생명보험,21,영업외손익,2024.4Q,-19.965981,
KR1011,IBK연금보험,,생명보험,22,세전이익,2024.4Q,37127.121678,
KR1011,IBK연금보험,,생명보험,23,법인세,2024.4Q,8235.299164,
KR1011,IBK연금보험,,생명보험,24,당기순이익,2024.4Q,28891.822514,
KR1011,IBK연금보험,,생명보험,1,보험손익,2025.4Q,44952.882312,
KR1011,IBK연금보험,,생명보험,2,생명장기 손익,2025.4Q,50472.844,
KR1011,IBK연금보험,,생명보험,3,생명장기 원수손익,2025.4Q,50472.844,
KR1011,IBK연금보험,,생명보험,4,원수 CSM상각,2025.4Q,44027.788,
KR1011,IBK연금보험,,생명보험,5,원수 위험조정 변동,2025.4Q,2878.019,
KR1011,IBK연금보험,,생명보험,6,원수 예실차,2025.4Q,2508.072,
KR1011,IBK연금보험,,생명보험,7,기타 생명장기 원수손익,2025.4Q,1058.965,
KR1011,IBK연금보험,,생명보험,8,생명장기 재보험손익,2025.4Q,0.0,
KR1011,IBK연금보험,,생명보험,9,재보험 CSM상각,2025.4Q,0.0,
KR1011,IBK연금보험,,생명보험,10,재보험 위험조정 변동,2025.4Q,0.0,
KR1011,IBK연금보험,,생명보험,11,재보험 예실차,2025.4Q,0.0,
KR1011,IBK연금보험,,생명보험,12,기타 생명장기 재보험손익,2025.4Q,0.0,
KR1011,IBK연금보험,,생명보험,13,자동차손익,2025.4Q,0.0,
KR1011,IBK연금보험,,생명보험,14,일반손익,2025.4Q,0.0,
KR1011,IBK연금보험,,생명보험,15,기타영업수익,2025.4Q,0.0,
KR1011,IBK연금보험,,생명보험,16,기타사업비용,2025.4Q,5519.961464,
KR1011,IBK연금보험,,생명보험,17,투자손익,2025.4Q,-28465.521878,
KR1011,IBK연금보험,,생명보험,18,투자이익,2025.4Q,277124.121486,
KR1011,IBK연금보험,,생명보험,19,보험금융손익,2025.4Q,-305589.643364,
KR1011,IBK연금보험,,생명보험,20,영업이익,2025.4Q,16487.360434,
KR1011,IBK연금보험,,생명보험,21,영업외손익,2025.4Q,-2.683329,
KR1011,IBK연금보험,,생명보험,22,세전이익,2025.4Q,16484.677105,
KR1011,IBK연금보험,,생명보험,23,법인세,2025.4Q,5290.964316,
KR1011,IBK연금보험,,생명보험,24,당기순이익,2025.4Q,11193.712789,
