{
  "_meta": {
    "purpose": "F17 net-income decomposition (손보)",
    "unit": "억원"
  },
  "companies": [
    {
      "company": "삼성화재해상보험",
      "kr": "KR0008",
      "tier1": {
        "보험손익": 14830.34088528,
        "투자손익": 11761.08913616,
        "보험금융수익": 2324.79113442,
        "보험금융비용": 15457.62706264,
        "재보험금융수익": 1330.93397814,
        "재보험금융비용": 809.18985913,
        "기타영업수익": 167.27913766,
        "기타사업비용": 2066.07230622,
        "영업이익": 26591.43002144,
        "영업외": 1241.6689631,
        "세전이익": 27833.09898454,
        "법인세": 7630.22766199,
        "당기순이익": 20202.87132255,
        "_ni_label": "연결당기순이익",
        "_unit": 1.0,
        "_caption": "註6) 제76기 정기주주총회 승인전 재무제표이며, 향후 정기주주총회에서 "
      },
      "tier1_fy": "FY2025",
      "tier1_rcept": "20260312001399",
      "tier2_lob": {
        "장기": {
          "보험수익": 100246.2,
          "보험서비스비용": 83595.4,
          "보험손익": 16650.8,
          "csm_상각": 16207.8,
          "ra_변동": 1980.4
        },
        "자동차": {
          "보험수익": 55650.8,
          "보험서비스비용": 56871.1,
          "보험손익": -1220.3,
          "csm_상각": 0.0,
          "ra_변동": 0.0
        },
        "일반": {
          "보험수익": 30502.8,
          "보험서비스비용": 24586.2,
          "보험손익": 5916.6,
          "csm_상각": 0.0,
          "ra_변동": 0.0
        }
      },
      "tier2_fy": "FY2025",
      "tier2_rcept": "20260312001399",
      "lob_status": "ok (LOB합 21347 vs Tier1 보험손익 14830)",
      "fy": "FY2025",
      "status": "ok"
    },
    {
      "company": "현대해상",
      "kr": "KR0009",
      "tier1": {
        "보험손익": 10431.02677049,
        "투자손익": 4581.20831968,
        "보험금융수익": null,
        "보험금융비용": null,
        "재보험금융수익": null,
        "재보험금융비용": null,
        "기타영업수익": null,
        "기타사업비용": null,
        "영업이익": 14260.80551752,
        "영업외": null,
        "세전이익": 13805.54615708,
        "법인세": 3372.58853456,
        "당기순이익": 10432.95762252,
        "_ni_label": "당기순이익",
        "_unit": 1.0,
        "_caption": "(2) 손익 현황"
      },
      "tier1_fy": "FY2025",
      "tier1_rcept": "20260312001448",
      "tier2_lob": {
        "장기": {
          "보험수익": 80683.7,
          "보험서비스비용": 76586.7,
          "보험손익": 4097.1,
          "csm_상각": null,
          "ra_변동": null
        },
        "자동차": {
          "보험수익": 38996.3,
          "보험서비스비용": 39673.3,
          "보험손익": -677.0,
          "csm_상각": null,
          "ra_변동": null
        },
        "일반": {
          "보험수익": 21768.2,
          "보험서비스비용": 15155.2,
          "보험손익": 6613.1,
          "csm_상각": null,
          "ra_변동": null
        }
      },
      "tier2_fy": "FY2025",
      "tier2_rcept": "20260312001448",
      "lob_status": "ok (LOB합 10033 vs Tier1 보험손익 10431)",
      "fy": "FY2025",
      "status": "ok"
    },
    {
      "company": "DB손해보험",
      "kr": "KR0011",
      "tier1": {
        "보험손익": 11453.95,
        "투자손익": 12385.55,
        "보험금융수익": 1269.73,
        "보험금융비용": 12363.79,
        "재보험금융수익": null,
        "재보험금융비용": null,
        "기타영업수익": null,
        "기타사업비용": 2117.36,
        "영업이익": 23839.5,
        "영업외": 147.94999999999993,
        "세전이익": 24635.58,
        "법인세": 6729.77,
        "당기순이익": 17905.81,
        "_ni_label": "당기순이익(손실)",
        "_unit": 1000000.0,
        "_caption": "주1) Δ는 부(-)의 수치임주2) 제59기 정기주주총회 승인전 재무제표"
      },
      "tier1_fy": "FY2025",
      "tier1_rcept": "20260312001222",
      "tier2_lob": {
        "장기": {
          "보험수익": 89249.1,
          "보험서비스비용": 76992.4,
          "보험손익": 12256.8,
          "csm_상각": null,
          "ra_변동": null
        },
        "자동차": {
          "보험수익": 26777.2,
          "보험서비스비용": 19966.7,
          "보험손익": 6810.5,
          "csm_상각": null,
          "ra_변동": null
        },
        "일반": {
          "보험수익": 40860.9,
          "보험서비스비용": 40887.0,
          "보험손익": -26.1,
          "csm_상각": null,
          "ra_변동": null
        }
      },
      "tier2_fy": "FY2025",
      "tier2_rcept": "20260312001222",
      "lob_status": "ok (LOB합 19041 vs Tier1 보험손익 11454)",
      "fy": "FY2025",
      "status": "ok"
    },
    {
      "company": "KB손해보험",
      "kr": "KR0010",
      "tier1": {
        "보험손익": 6266.95,
        "투자손익": 5282.81,
        "보험금융수익": 593.6,
        "보험금융비용": 7784.44,
        "재보험금융수익": 1160.89,
        "재보험금융비용": 531.02,
        "기타영업수익": null,
        "기타사업비용": 3882.89,
        "영업이익": 11549.76,
        "영업외": -142.17,
        "세전이익": 11407.59,
        "법인세": 3596.82,
        "당기순이익": 7810.77,
        "_ni_label": "당기순이익",
        "_unit": 1000000.0,
        "_caption": "43. 재무정보 요약 공시당기 영업이익은 11,411억원입니다. 영업이익"
      },
      "tier1_fy": "FY2025",
      "tier1_rcept": "20260313001064",
      "tier2_lob": {
        "장기": {
          "보험손익": 7901.4,
          "보험수익": null,
          "보험서비스비용": null,
          "csm_상각": null
        },
        "자동차": {
          "보험손익": -1076.9,
          "보험수익": null,
          "보험서비스비용": null,
          "csm_상각": null
        },
        "일반": {
          "보험손익": 38.9,
          "보험수익": null,
          "보험서비스비용": null,
          "csm_상각": null,
          "_includes_overseas": -105.6
        },
        "_basis": "DART_note_total_service_result"
      },
      "tier2_fy": "FY2025",
      "tier2_rcept": "20260313001064",
      "lob_status": "ok (LOB합 6863 vs Tier1 보험손익 6267)",
      "fy": "FY2025",
      "status": "ok"
    },
    {
      "company": "메리츠화재해상보험",
      "kr": "KR0001",
      "tier1": {
        "보험손익": 14269.95,
        "투자손익": 8595.25,
        "보험금융수익": null,
        "보험금융비용": null,
        "재보험금융수익": null,
        "재보험금융비용": null,
        "기타영업수익": null,
        "기타사업비용": null,
        "영업이익": 22865.2,
        "영업외": null,
        "세전이익": 23099.96,
        "법인세": null,
        "당기순이익": 16928.67,
        "_ni_label": "[연결당기순이익]",
        "_unit": 1000000.0,
        "_caption": "2. 요약연결손익계산서"
      },
      "tier1_fy": "FY2025",
      "tier1_rcept": "20260331003916",
      "tier2_lob": {
        "일반": {
          "보험손익": 396.6,
          "보험수익": null,
          "보험서비스비용": null,
          "csm_상각": null
        },
        "자동차": {
          "보험손익": -495.7,
          "보험수익": null,
          "보험서비스비용": null,
          "csm_상각": null
        },
        "장기": {
          "보험손익": 15780.3,
          "보험수익": null,
          "보험서비스비용": null,
          "csm_상각": null
        },
        "_basis": "DART_regulatory_lob_disclosure"
      },
      "tier2_fy": "FY2025",
      "tier2_rcept": "20260331003916",
      "lob_status": "ok (LOB합 15681 vs Tier1 보험손익 14270)",
      "fy": "FY2025",
      "status": "ok"
    },
    {
      "company": "한화손해보험",
      "kr": "KR0002",
      "tier1": {
        "보험손익": 2610.77769,
        "투자손익": 2273.84306,
        "보험금융수익": 5.85503,
        "보험금융비용": 4439.02869,
        "재보험금융수익": 174.42419,
        "재보험금융비용": 46.55671,
        "기타영업수익": null,
        "기타사업비용": 1230.46885,
        "영업이익": 4884.62075,
        "영업외": -48.74179,
        "세전이익": 4835.87896,
        "법인세": 1225.28739,
        "당기순이익": 3610.59157,
        "_ni_label": "Ⅶ.당기순이익(손실)",
        "_unit": 1000.0,
        "_caption": "(2) 당기말 현재 비연결구조화기업의 규모 및 비연결구조화기업에 대한 연"
      },
      "tier1_fy": "FY2025",
      "tier1_rcept": "20260310003000",
      "tier2_lob": {
        "장기": {
          "보험수익": 39606.3,
          "보험서비스비용": 35435.4,
          "보험손익": 4170.9,
          "csm_상각": 4230.5,
          "ra_변동": 806.3
        },
        "자동차": {
          "보험수익": 8497.1,
          "보험서비스비용": 9463.2,
          "보험손익": -966.0,
          "csm_상각": 0.0,
          "ra_변동": 0.0
        },
        "일반": {
          "보험수익": 10860.2,
          "보험서비스비용": 11594.9,
          "보험손익": -734.7,
          "csm_상각": 0.0,
          "ra_변동": 0.0
        }
      },
      "tier2_fy": "FY2025",
      "tier2_rcept": "20260310003000",
      "lob_status": "ok (LOB합 2470 vs Tier1 보험손익 2611)",
      "fy": "FY2025",
      "status": "ok"
    },
    {
      "company": "롯데손해보험",
      "kr": "KR0003",
      "tier1": {
        "보험손익": 270.11,
        "투자손익": 377.25,